,En_#_Peaks,α_HOMO_Med,α_HOMO_#_Peaks,β_HOMO_1_Med,β_HOMO_Med,α_gap_Med,label
0,2.0,0.03733118735,6.0,-0.18621572255,-0.1400678306,0.12120776550000001,1
1,0.0,0.03881143485,2.0,-0.3165662645,-0.2903524955,0.07537991860000001,0
2,1.0,0.033810310950000005,5.0,-0.18966582415,-0.14473618794999998,0.11711819735000001,1
3,0.0,0.04467462875,1.0,-0.30206094065,-0.28359285155,0.064802089,0
4,2.0,0.0548120391,4.0,-0.19181430835000002,-0.17185114155,0.09550348935,1
5,0.0,0.05364924505,2.0,-0.1351884516,-0.12006072135,0.09026479010000002,1
6,0.0,0.03744004675,3.0,-0.30998498145,-0.2975671148,0.08920784490000001,0
7,0.0,0.0471971276,1.0,-0.29756529190000003,-0.2539625844,0.07053474735000001,0
8,0.0,0.024066646,3.0,-0.20259792215,-0.1488713672,0.1220802763,1
9,2.0,0.03911169825,4.0,-0.19138455135,-0.1571017723,0.10855137209999999,1
10,1.0,0.04570928745,5.0,-0.19815529585,-0.12123530115,0.11150545125,1
11,0.0,0.03309235345,3.0,-0.27823444225,-0.2563414282,0.08017202095,0
12,0.0,0.035351185150000006,3.0,-0.3159510993,-0.26672122375,0.08951062475000002,0
13,1.0,0.06975171899999999,3.0,-0.1951955783,-0.18472551905,0.06930168055,1
14,2.0,0.05702668485,2.0,-0.2095532509,-0.1966496117,0.08788384845,1
15,0.0,-0.0110860128,5.0,-0.16779768725,-0.0679421535,0.1415556144,0
16,0.0,0.02933422025,3.0,-0.3119080285,-0.29217020755,0.09065146745,0
17,0.0,-0.010544645799999999,1.0,-0.17285494385,-0.15483313705,0.131944233,0
18,0.0,-0.0113143964,1.0,-0.17127135685,-0.15475206775,0.13057613075,0
19,2.0,0.0330076701,6.0,-0.19318812489999998,-0.14368164914999998,0.1160448783,1
20,0.0,0.048031546849999995,3.0,-0.30644353635,-0.2870916037,0.0628259367,0
21,0.0,0.02955876515,2.0,-0.2861665102,-0.24149459275000001,0.08257317824999999,0
22,0.0,0.0409697597,4.0,-0.29291622505000003,-0.26873029375,0.07082772509999999,0
23,0.0,0.00588184185,1.0,-0.20802403660000002,-0.17309648090000002,0.1306354274,0
24,0.0,0.030192623949999997,3.0,-0.2776915577,-0.26344481369999995,0.10052712479999998,0
25,0.0,-0.0118865437,1.0,-0.20640113775000002,-0.1794331804,0.1526069322,0
26,1.0,0.0289447068,5.0,-0.19962163815,-0.1392501989,0.11575143595000001,1
27,2.0,0.05998577475,4.0,-0.1908735432,-0.1730703001,0.08616166335,1
28,1.0,0.040545559450000004,3.0,-0.30860228965000003,-0.2535705312,0.0616351666,0
29,0.0,0.0438416625,3.0,-0.31526191615,-0.2946453723,0.06494233905,0
30,2.0,0.0601687543,4.0,-0.12195180659999999,-0.10733687745,0.08498187985000001,1
31,0.0,0.024453786249999998,2.0,-0.19996489905,-0.14390262915000002,0.09800533040000001,1
32,0.0,0.03843159505,2.0,-0.27454315985,-0.248257431,0.07541086364999999,0
33,0.0,0.0023215670999999997,4.0,-0.21253223385,-0.15921443600000001,0.12641800145,0
34,1.0,0.0475534089,3.0,-0.2007801051,-0.18206319785,0.09140306995,1
35,1.0,0.03753520705,3.0,-0.19131754304999998,-0.15325112215,0.10278044835,1
36,2.0,0.045363860049999996,4.0,-0.18002571309999998,-0.16398749769999998,0.1024606264,1
37,2.0,0.06063178884999999,4.0,-0.21323617779999998,-0.17961231854999998,0.08337151720000001,1
38,0.0,0.03310561175,4.0,-0.3002886899,-0.26910000695,0.09421227695,0
39,0.0,0.0037221028,1.0,-0.26115239084999997,-0.22438273344999998,0.10604302615000001,0
40,1.0,0.0349286468,3.0,-0.18996460464999998,-0.1542011648,0.10789318645000001,1
41,0.0,0.02346024995,2.0,-0.19471881270000002,-0.1574111802,0.1261690928,1
42,0.0,0.0261307354,2.0,-0.19258402060000002,-0.13829506025,0.1076704055,1
43,0.0,0.033657379599999995,1.0,-0.31521744345,-0.27226838924999996,0.0862942362,0
44,0.0,0.0392129021,2.0,-0.1917772223,-0.1551437276,0.1027765182,1
45,0.0,0.05368019065,2.0,-0.2484175526,-0.21859906215000002,0.07619511944999999,1
46,1.0,0.04210209445,3.0,-0.2289018817,-0.1633590995,0.11211830045000001,1
47,1.0,0.054923716649999996,3.0,-0.1907748122,-0.12237760705,0.0951320359,1
48,1.0,0.045931988,3.0,-0.18383683844999998,-0.1174884279,0.09646290745,1
49,0.0,0.046582613349999996,3.0,-0.26949578995,-0.2480741607,0.07906266095,0
50,1.0,0.0579715514,3.0,-0.20337072574999998,-0.14168376929999998,0.07493456960000001,1
51,1.0,0.0435536975,5.0,-0.18178766045,-0.1162124034,0.09793940110000002,1
52,1.0,0.0320010174,3.0,-0.19210281775,-0.12359202820000001,0.1211573214,1
53,0.0,0.0388843105,3.0,-0.32271161165,-0.27826366665,0.0834971563,0
54,1.0,0.0414023422,3.0,-0.18515107315,-0.11946186389999999,0.107876365,1
55,0.0,-0.00686131755,1.0,-0.22356184175,-0.16267958635000002,0.13235013675,0
56,0.0,0.043929707900000003,1.0,-0.1922480774,-0.12807815085,0.10307782135,1
57,1.0,0.08136302085,4.0,-0.17472183365,-0.0787906739,0.06751384195000001,1
58,0.0,0.054844434750000004,4.0,-0.2098431079,-0.09805000405,0.0973379577,1
59,1.0,0.07619609605,3.0,-0.20674314635000002,-0.08621736285,0.07129393455,1
60,1.0,0.07612703515,2.0,-0.21849607,-0.079124792,0.0691935711,1
61,0.0,0.01806055905,1.0,-0.2216637667,-0.15640462815,0.11299044494999999,0
62,0.0,0.051857936300000004,2.0,-0.2030000834,-0.09567620165,0.09538380925,1
63,0.0,0.0575276584,2.0,-0.20384874925000002,-0.0943488592,0.08533217675000002,1
64,2.0,0.060649849549999996,2.0,-0.2314122394,-0.10135580505,0.08338471675,1
65,0.0,0.038104571749999996,3.0,-0.2733161247,-0.2501477329,0.08111283675,0
66,0.0,0.016650248399999998,1.0,-0.23550823399999998,-0.16437131189999998,0.1146258012,0
67,0.0,0.06518539025,3.0,-0.24594381440000002,-0.24187224315,0.056018295,1
68,3.0,0.06283871134999999,4.0,-0.16006124215,-0.13766168764999998,0.0761541295,1
69,0.0,0.016437752450000002,1.0,-0.21195999745,-0.153793385,0.1194292924,0
70,0.0,0.03803604555,2.0,-0.3033308346,-0.26670601110000003,0.085025337,0
71,0.0,0.04463996415,4.0,-0.3144800876,-0.30464484059999997,0.0640693939,0
72,0.0,0.041865068350000006,2.0,-0.28529796529999996,-0.2349948824,0.0834234422,0
73,1.0,0.0296358128,3.0,-0.209942305,-0.15096551965,0.10839012125,1
74,0.0,0.02208304535,2.0,-0.1977566483,-0.15261294715,0.10252331385,1
75,0.0,0.00033936329999999996,1.0,-0.22302690725,-0.16642133250000002,0.1321583388,0
76,1.0,0.03366361185,3.0,-0.21972547185000002,-0.1642790704,0.0866158832,1
77,0.0,0.037583076800000004,2.0,-0.1470682579,-0.1330563315,0.09975079245,1
78,0.0,0.0063117013,1.0,-0.222548309,-0.16564638655,0.12350515610000001,0
79,0.0,0.04451822855,3.0,-0.2782284235,-0.26636583615,0.0752309437,0
80,1.0,0.04973944995,3.0,-0.1940137462,-0.18337150905,0.09356044875,1
81,0.0,0.04203739085,3.0,-0.3011689785,-0.28122956615,0.0808954846,0
82,1.0,0.0316718124,5.0,-0.1869395632,-0.13940464805000002,0.0971726365,1
83,0.0,0.0149293402,4.0,-0.195940637,-0.14120477095,0.13147885355,1
84,2.0,0.048829156799999995,4.0,-0.2027884974,-0.18353575735,0.08914084394999999,1
85,0.0,0.03346699035,1.0,-0.2017994528,-0.16872084355,0.10176626345,1
86,0.0,0.03938700245,3.0,-0.28263052785,-0.2257204208,0.08547819055,0
87,0.0,0.02774949055,2.0,-0.21908089795000002,-0.1571451915,0.09890212465,1
88,1.0,0.01514053885,3.0,-0.2177662117,-0.159148208,0.11823183835000001,1
89,0.0,0.038093266449999996,4.0,-0.26185551765,-0.248872535,0.0839088512,0
90,1.0,0.0315810356,3.0,-0.27695968584999997,-0.2225830359,0.09511489155000001,1
91,0.0,0.0470766251,4.0,-0.2923308636,-0.2613288052,0.08608578174999999,0
92,0.0,0.04491301335,1.0,-0.2847232603,-0.2558729099,0.0663285897,0
93,0.0,0.01631798735,2.0,-0.20049418915,-0.14444271255000002,0.10389928514999999,1
94,0.0,0.0440479597,2.0,-0.20378390005,-0.1939145867,0.091306389,1
95,0.0,0.014410588450000001,2.0,-0.2084819778,-0.1539619973,0.10849401735,1
96,0.0,0.0241777738,4.0,-0.26073809724999997,-0.24402036,0.09486742355,0
97,3.0,0.0386501951,5.0,-0.17864245265,-0.10234728209999999,0.0970820071,1
98,0.0,0.0278409187,4.0,-0.19519242765,-0.1491944989,0.11043787194999999,1
99,1.0,0.028866734050000002,4.0,-0.2540057978,-0.2267836268,0.09654957215000001,0
100,0.0,0.0420971276,3.0,-0.2857720031,-0.25017516640000004,0.0732251278,0
101,0.0,0.03776778435,3.0,-0.25772209515,-0.23562408485,0.08321903559999999,0
102,1.0,0.03232822205,5.0,-0.19434937385,-0.14212494085,0.10092155089999999,1
103,2.0,-0.06745166575,4.0,-0.17240456729999998,-0.07724742279999999,0.1305638062,1
104,2.0,0.0349802632,2.0,-0.15092659385,-0.1363171634,0.1024430933,1
105,0.0,0.03197363625,1.0,-0.31547187085,-0.29035250344999997,0.09113885934999999,0
106,1.0,0.0620357209,4.0,-0.18715222245000002,-0.17908900945,0.0772000933,1
107,0.0,0.0594290261,2.0,-0.303232364,-0.285281028,0.0698526827,0
108,0.0,0.03448882585,1.0,-0.2999550181,-0.26800938035,0.08955576105000002,0
109,1.0,0.034076232,3.0,-0.22207848255,-0.15815390055,0.0911313781,1
110,0.0,0.0372244328,1.0,-0.27944413285,-0.22706546655,0.08420879775000001,0
111,0.0,0.03253257255,3.0,-0.28562946845000003,-0.25572678835,0.0977798218,0
112,1.0,0.05879924885,3.0,-0.20259463565000002,-0.14816512705,0.07318300729999999,1
113,0.0,0.038253585,3.0,-0.2961222628,-0.2697440841,0.08465468815,0
114,1.0,0.0428425523,3.0,-0.2315023433,-0.20953360865,0.09391098410000001,1
115,0.0,0.0326806397,4.0,-0.19503513405,-0.14600075425,0.1078001418,1
116,2.0,0.05037834965,2.0,-0.1811412386,-0.16418356369999998,0.09018012355,1
117,1.0,0.02718889535,5.0,-0.19684457835000002,-0.1515219354,0.10531928004999999,1
118,0.0,0.03437103455,2.0,-0.1926262308,-0.16637961639999999,0.10606372979999999,1
119,0.0,0.0383583486,4.0,-0.28664048394999997,-0.25848067295,0.08423919839999999,0
120,0.0,0.03954341995,3.0,-0.2826556815,-0.2227111886,0.0763897711,0
121,1.0,0.07227507955,3.0,-0.2744715698,-0.26592033525000003,0.068734238,1
122,0.0,0.036897242100000005,3.0,-0.30412004515,-0.27624930579999996,0.08285051369999999,0
123,0.0,0.03341202965,2.0,-0.2252764471,-0.12758551765,0.10965555815,1
124,0.0,0.0259623435,4.0,-0.1703809884,-0.14351767059999998,0.10743288545,1
125,3.0,0.06089963005,4.0,-0.17351534175,-0.1333345222,0.07464545215,1
126,3.0,0.043649456350000004,3.0,-0.1632540179,-0.0911390149,0.1012726488,1
127,2.0,0.05158427785,6.0,-0.23844241475,-0.0848388732,0.10386628044999999,1
128,1.0,0.032856877199999995,3.0,-0.20014733025,-0.16262002935,0.10880137595,1
129,1.0,0.055049621800000004,3.0,-0.2212080984,-0.09584675135000001,0.09392999369999999,1
130,0.0,0.011528967349999999,4.0,-0.2149450524,-0.14920835440000002,0.1157248346,1
131,1.0,0.04696286345,3.0,-0.26204280805,-0.23097669245,0.0979145202,1
132,0.0,-0.0121271303,1.0,-0.1531182748,-0.14463246894999998,0.15672350899999998,0
133,0.0,0.0189259411,2.0,-0.1679582172,-0.13673055475,0.12129521019999999,0
134,2.0,0.061860180900000006,4.0,-0.20475768924999999,-0.1871111412,0.06789507225,1
135,2.0,0.05832048305,4.0,-0.17388953564999998,-0.12442407429999999,0.0766594871,1
136,0.0,0.0387621255,1.0,-0.33327975295,-0.28781609269999997,0.08648797815,0
137,1.0,0.03736617405,3.0,-0.21450652995000002,-0.15639594504999998,0.09945579460000001,1
138,1.0,0.026086957850000002,3.0,-0.1975428292,-0.15166400155,0.10852546410000001,1
139,0.0,0.032845488,1.0,-0.2876840951,-0.2651008299,0.0948991384,0
140,1.0,0.0595429924,1.0,-0.1871259885,-0.12714636545000002,0.08116076645,1
141,0.0,0.02611353485,3.0,-0.35492282985,-0.3514747396,0.10075038830000001,0
142,0.0,0.017046416850000003,3.0,-0.35595584020000004,-0.30040907215,0.1090707248,0
143,2.0,0.040261168449999996,4.0,-0.1953533544,-0.1762490472,0.10301203125000001,1
144,2.0,0.04441966335,4.0,-0.20547852395,-0.17920657680000002,0.10448907585,1
145,2.0,0.045606538249999995,2.0,-0.17756416845,-0.15853511074999999,0.10444232210000001,1
146,1.0,0.0257588357,3.0,-0.1849578034,-0.1506559019,0.11367842195,1
147,0.0,0.0297518022,1.0,-0.29504146555,-0.28739046205,0.0727685981,0
148,1.0,0.023681003800000003,3.0,-0.19832291825,-0.18989254235,0.1179470997,1
149,0.0,0.013872664600000001,2.0,-0.19582274514999998,-0.16470158405000002,0.12550258695,1
150,0.0,0.018582244650000003,1.0,-0.1840633632,-0.1762214054,0.1079200789,0
151,0.0,0.03104163005,4.0,-0.29310562665,-0.2656450735,0.08632621005,0
152,3.0,0.0469880241,5.0,-0.15076198055,-0.1355913163,0.0988976791,1
153,0.0,0.037695363999999995,4.0,-0.306313455,-0.26852379865,0.08211170045,0
154,2.0,0.03789251835,4.0,-0.1797180126,-0.133038033,0.08574415804999999,1
155,0.0,0.03149384825,3.0,-0.1571175359,-0.08316058155,0.11715238235,0
156,1.0,0.01545872865,5.0,-0.2312567138,-0.1623029125,0.13322776050000001,1
157,0.0,0.03337793135,3.0,-0.2979436846,-0.28859179020000003,0.0884389703,0
158,0.0,0.0440764904,4.0,-0.27611777335,-0.235190878,0.08087753154999999,0
159,0.0,0.0300835242,1.0,-0.33631311405,-0.31325935265,0.09385628815,0
160,0.0,0.03168418015,3.0,-0.31692386945,-0.2963968923,0.08467479230000001,0
161,0.0,0.04240586415,2.0,-0.3029612102,-0.29837281635,0.08715365585000001,1
162,1.0,0.06097214735,3.0,-0.18631238125,-0.16616900085,0.08731222024999999,1
163,0.0,0.03696972755,3.0,-0.30562668964999995,-0.2964899529,0.0694744931,0
164,0.0,0.027100497,1.0,-0.17861892810000002,-0.13992713475000002,0.11078939530000001,1
165,0.0,0.0157889086,2.0,-0.20402506255,-0.1495508399,0.12338206439999999,1
166,0.0,0.026984006550000002,3.0,-0.34474958489999996,-0.3092138323,0.099887151,0
167,2.0,0.03710355535,4.0,-0.17889434110000002,-0.12244719665,0.09148767505,1
168,0.0,-0.03778314125,1.0,-0.17934096265,-0.1545432682,0.1723231536,0
169,0.0,0.032672677750000004,4.0,-0.30518479995000003,-0.29196740475,0.0882111639,0
170,0.0,0.03540580385,2.0,-0.19659286939999998,-0.16073844355,0.10455975534999999,1
171,0.0,-0.0307003228,1.0,-0.18220993165,-0.1435455489,0.17642032985,0
172,1.0,0.04027927975,3.0,-0.26106661924999996,-0.2007723592,0.1106385553,1
173,0.0,0.0407878625,3.0,-0.27912244305,-0.22880881805,0.06968930935,0
174,0.0,0.03678216245,1.0,-0.29846822770000003,-0.28659213355,0.0686308766,0
175,1.0,0.03490665655,3.0,-0.2040056938,-0.19234322745,0.09367742785000001,1
176,0.0,-0.0468485946,1.0,-0.19258148915,-0.17240424755,0.1876342159,0
177,1.0,0.03682225395,3.0,-0.20209412525,-0.1675852651,0.10359123315,1
178,2.0,0.07975056990000001,3.0,-0.20578947190000002,-0.1908016515,0.0408503389,0
179,0.0,0.0126315492,4.0,-0.17871998890000002,-0.15992263725,0.1111007201,1
180,0.0,0.0326976342,3.0,-0.33764218705,-0.2657352045,0.08748049785,0
181,0.0,0.03675791365,3.0,-0.30560029475,-0.26016577139999997,0.08372082889999999,0
182,0.0,0.03758237255,3.0,-0.26608595025000004,-0.26390335249999997,0.06751739820000002,0
183,1.0,0.041910992800000005,3.0,-0.24807712525000003,-0.22351766220000002,0.09839720885,1
184,2.0,0.03896933525,4.0,-0.13423286075000002,-0.12502970245,0.1007366836,1
185,0.0,-0.017265275400000002,1.0,-0.1874565903,-0.1710444666,0.1259029327,0
186,0.0,0.0357916873,1.0,-0.30524944295,-0.26956322214999995,0.08197421335,0
187,1.0,0.0474385337,3.0,-0.14193812355000002,-0.12681598405,0.07601874985000001,1
188,0.0,-0.0494272825,1.0,-0.2288994851,-0.21578428049999998,0.16409065235,0
189,0.0,0.026673177,4.0,-0.2890765841,-0.25298624285000004,0.09264355675,0
190,0.0,-0.00310918115,4.0,-0.22937987264999998,-0.1654830092,0.154937912,0
191,0.0,0.04820218335,1.0,-0.31467872445,-0.30679830090000004,0.06358219815,0
192,2.0,0.0547268148,2.0,-0.19865789704999998,-0.18079313785,0.0891356401,1
193,0.0,0.03667169325,3.0,-0.2925729669,-0.2659864315,0.07245173464999999,0
194,2.0,0.0618599444,4.0,-0.26124344624999996,-0.2360677354,0.0749947203,1
195,0.0,-0.04418838785,4.0,-0.2440941538,-0.16928240719999998,0.16255355910000002,0
196,2.0,0.0522740972,4.0,-0.23322923645,-0.20886945750000002,0.08869991990000001,0
197,0.0,0.02808742535,2.0,-0.1982775635,-0.16286382630000001,0.10601819595,1
198,0.0,0.0164232247,2.0,-0.19538344645,-0.18252811055,0.118541067,1
199,0.0,0.0307670784,3.0,-0.3040897603,-0.29068024635,0.08715611395,0
200,0.0,0.040526361250000004,3.0,-0.29117554064999995,-0.28400624335,0.08916774579999999,0
201,0.0,0.024477371050000002,2.0,-0.19057345180000002,-0.16783116295,0.1080025912,1
202,1.0,0.0380643694,3.0,-0.20627055725,-0.17190926195,0.0932130845,1
203,0.0,0.038001007249999996,5.0,-0.29281220875,-0.2347630031,0.08935536465,0
204,0.0,0.0409990853,1.0,-0.30380069665,-0.27836461405,0.08108993365,0
205,0.0,0.02411803555,4.0,-0.2069178944,-0.1438372618,0.11124748395,1
206,0.0,0.0344312322,1.0,-0.29808927144999997,-0.26159087464999997,0.0800701698,0
207,0.0,0.02212004125,2.0,-0.22174957515,-0.16419013585,0.12285893895,1
208,2.0,0.05614011615,4.0,-0.20265191925,-0.1307908991,0.0912481711,1
209,0.0,0.049024849999999995,2.0,-0.23364412845,-0.2245922722,0.0883690085,0
210,2.0,0.0428153394,4.0,-0.1797951183,-0.1689618325,0.10158267805,1
211,0.0,0.04323735845,1.0,-0.27186933035000005,-0.23282820745,0.07208255605,0
212,0.0,0.040873958599999996,1.0,-0.31176521975,-0.2704713811,0.08478563765000001,0
213,0.0,0.025006141000000003,2.0,-0.17734843945,-0.16534453165000002,0.10854171974999999,1
214,0.0,0.0227426389,5.0,-0.30737789314999997,-0.29580082770000005,0.09609226645,0
215,0.0,0.0241860565,2.0,-0.1925016678,-0.17771639285000002,0.12544182535,1
216,0.0,0.03396857165,1.0,-0.28901959495,-0.2435935646,0.08310565045,0
217,1.0,0.07077200955,4.0,-0.23537708159999998,-0.1944545835,0.0792717443,1
218,0.0,0.041153152400000004,1.0,-0.31362579055,-0.27582637610000005,0.07338179675,0
219,0.0,0.0393331231,3.0,-0.29380007735,-0.271998643,0.07505688164999999,0
220,0.0,0.04101909315,3.0,-0.3000063295,-0.29575655349999996,0.07154837594999999,0
221,1.0,0.04305402915,3.0,-0.2165756165,-0.2016027306,0.10556805150000001,1
222,2.0,0.05810830065,3.0,-0.217410386,-0.09903185435,0.0927262327,1
223,0.0,0.0378596534,1.0,-0.2964512518,-0.27971420715,0.09301100500000001,0
224,0.0,0.0388105478,3.0,-0.2937681416,-0.25207886255,0.08011418035,0
225,2.0,0.06396179055000001,6.0,-0.1847610899,-0.0734025868,0.08105327585,1
226,0.0,0.0250135358,3.0,-0.34752189025,-0.2915205079,0.09313728804999999,0
227,0.0,0.027800008299999998,3.0,-0.34806292745,-0.32822953239999997,0.08535390499999998,0
228,2.0,0.0510006181,4.0,-0.1914274454,-0.1682729258,0.09038706825000001,1
229,0.0,0.0458879852,1.0,-0.30789065304999996,-0.28878953144999997,0.0779015377,0
230,1.0,-0.07768446005,2.0,-0.21651481095,-0.01997894705,0.1827069414,1
231,0.0,0.0301191855,3.0,-0.340490269,-0.2792173188,0.08643023729999999,0
232,0.0,0.0453848488,3.0,-0.30739763995,-0.29413334950000003,0.076916819,0
233,2.0,0.0525648335,4.0,-0.1776112267,-0.1192342147,0.08927598885,1
234,0.0,0.03836405085,2.0,-0.3185947182,-0.2882932679,0.09667938314999999,0
235,1.0,0.03261552005,3.0,-0.198401001,-0.1617637986,0.09901539055,1
236,2.0,0.06232867175,4.0,-0.2090384937,-0.18129302175,0.0723560616,1
237,2.0,0.04587785905,4.0,-0.18287245785,-0.15067237104999998,0.08975214955,1
238,1.0,0.037497764249999996,3.0,-0.19854042044999998,-0.17293382075,0.10147436974999999,1
239,0.0,0.023213716,4.0,-0.19627251865,-0.1572693459,0.1196877649,1
240,2.0,0.057910154000000005,4.0,-0.24240648245000002,-0.2123051063,0.073895824,1
241,0.0,0.0299882923,3.0,-0.3038485984,-0.29194817284999997,0.0909924044,0
242,1.0,0.0427435219,3.0,-0.22731363335,-0.205408555,0.0962102618,1
243,0.0,0.03559490655,3.0,-0.29600618105,-0.25537117740000004,0.08593184675,0
244,0.0,0.03479128345,4.0,-0.26920497565,-0.2516964517,0.08319017595,0
245,1.0,0.03546037205,3.0,-0.17952312085,-0.15904743085,0.1096392858,1
246,0.0,0.0261984375,3.0,-0.31104474410000005,-0.2833377799,0.10252370395000002,0
247,1.0,0.037704469000000004,5.0,-0.1894976954,-0.14884559065,0.11260437435,1
248,1.0,0.0328893703,5.0,-0.2264948913,-0.1540198826,0.11924768255,1
249,1.0,0.054868711099999995,3.0,-0.21557154795,-0.17546232875,0.08573871194999999,1
250,0.0,0.02895386435,3.0,-0.29525448165,-0.25575160885,0.08612901515,0
251,0.0,0.0312888392,3.0,-0.2968459159,-0.2763680935,0.09829832895,0
252,2.0,0.04854653755,4.0,-0.20508931245,-0.16193935935,0.08607654854999999,1
253,1.0,0.0636738238,3.0,-0.1887388994,-0.11398064765,0.07682738645000001,1
254,2.0,0.06681608459999999,2.0,-0.18515317905,-0.16729536115,0.07131008815,1
255,0.0,0.04244554665,4.0,-0.1606968407,-0.097743173,0.0976889341,1
256,0.0,0.02342252575,3.0,-0.34572877020000004,-0.30743078645,0.08986550085,0
257,0.0,0.03485690395,3.0,-0.28434651759999996,-0.24153451965,0.08586122189999999,0
258,2.0,0.0702397523,2.0,-0.1248911504,-0.07251635014999999,0.07385179850000001,1
259,1.0,0.06864365254999999,5.0,-0.11667812359999999,-0.08615521775,0.07963314205,1
260,1.0,0.0494379305,3.0,-0.1544976617,-0.1025972933,0.0964897326,1
261,0.0,0.0613378605,3.0,-0.2328549316,-0.22236364765,0.07550360765,0
262,0.0,0.035302472700000004,2.0,-0.28235759245000003,-0.25791360485000003,0.08633514119999999,0
263,2.0,0.0516626894,2.0,-0.15713244435,-0.1128378699,0.08808150114999999,1
264,0.0,0.04606908175,2.0,-0.18533742790000002,-0.11418430425000001,0.0923409429,1
265,1.0,0.040806765499999995,3.0,-0.160573307,-0.113717819,0.0974061559,1
266,1.0,0.0355987848,3.0,-0.2066580982,-0.1577972778,0.09823592245000001,1
267,0.0,0.04424611305,1.0,-0.2986168062,-0.25563102935000004,0.06556797619999999,0
268,0.0,0.04763943095,3.0,-0.28035784885000004,-0.25377347969999997,0.06773819265,0
269,1.0,0.07167072495,3.0,-0.11814693130000001,-0.09128945905,0.0727235473,1
270,0.0,0.04205853825,2.0,-0.1261280789,-0.1014695321,0.10180157585,1
271,0.0,0.0301595297,3.0,-0.30101397205,-0.2473153313,0.08675566955,0
272,1.0,0.07508376559999999,5.0,-0.13943429135,-0.09666949445,0.0667840415,1
273,1.0,0.051936284299999996,3.0,-0.15330222599999999,-0.0901625676,0.08229399265000001,1
274,0.0,0.0409689271,3.0,-0.2878836801,-0.2641728317,0.07705116605,0
275,1.0,0.048980462249999995,3.0,-0.15852361605,-0.09953562895000001,0.08845004039999999,1
276,0.0,0.03890730755,2.0,-0.28665158865,-0.27439937495,0.07820992175000001,0
277,3.0,0.0816583269,3.0,-0.13449383525,-0.0841416245,0.05661228939999999,1
278,0.0,-0.0281025193,3.0,-0.17378558745,-0.15255605960000002,0.1622697106,1
279,0.0,0.0354389806,4.0,-0.2417154286,-0.1346427502,0.0998132064,1
280,0.0,0.0509324446,1.0,-0.283489562,-0.22516088295,0.06084858124999999,0
281,0.0,0.035710285950000004,2.0,-0.3375749233,-0.3048902682,0.08286715285000001,0
282,0.0,-0.0193869615,4.0,-0.2335012202,-0.1754211078,0.17260650495000002,0
283,1.0,0.0502706824,5.0,-0.19717186275,-0.13210996679999998,0.0902026853,1
284,0.0,0.032369600250000005,3.0,-0.34265137005,-0.30285042975,0.08777204605,0
285,0.0,0.0353174678,1.0,-0.20223380870000002,-0.13098789865,0.11456175369999999,1
286,0.0,0.0370481701,4.0,-0.1899383768,-0.12790025495000001,0.1126508399,1
287,0.0,0.0146127629,1.0,-0.2193119766,-0.17169433935,0.10410288259999999,0
288,1.0,0.043328177499999995,3.0,-0.19925000715000002,-0.1244747672,0.09931533050000001,1
289,0.0,0.008691842799999999,3.0,-0.20154885145,-0.1446423005,0.11432249155,0
290,1.0,0.0499702692,3.0,-0.2143737961,-0.1546865074,0.08183769540000001,1
291,0.0,0.02798010235,3.0,-0.2781156457,-0.26708324235,0.10123985389999998,0
292,0.0,0.04687160015,3.0,-0.2620889518,-0.2593446275,0.07925834215,0
293,1.0,0.045754036750000004,5.0,-0.2110656188,-0.13827387905,0.10025355495,1
294,0.0,0.0366234126,4.0,-0.2885009364,-0.225979547,0.0759094075,0
295,0.0,0.0329026615,1.0,-0.18747610590000002,-0.11260864875000001,0.11641724704999999,1
296,1.0,0.0502484143,3.0,-0.22261217075,-0.17456593450000002,0.09941525925,1
297,1.0,0.06513038709999999,3.0,-0.2127847246,-0.1968482909,0.07789705089999999,1
298,2.0,0.07402756515,3.0,-0.23563567465,-0.21428982070000002,0.0621152114,1
299,0.0,-0.05652567455,1.0,-0.24300807915,-0.21461481059999998,0.18301867665,0
300,1.0,0.0386611772,3.0,-0.2047010232,-0.08480348005,0.110718915,1
301,0.0,0.0019442992,4.0,-0.2130031188,-0.15714217875,0.12142889095,0
302,0.0,0.0391109918,3.0,-0.31575460369999997,-0.2612992389,0.0804040122,0
303,2.0,0.0429235277,4.0,-0.1821044996,-0.10853536515000001,0.10390644965000001,1
304,2.0,0.035300652050000006,4.0,-0.18861671635,-0.1161343468,0.1133860252,1
305,0.0,-0.0501707877,1.0,-0.2202914678,-0.10938979115,0.18104444455000002,0
306,0.0,0.04368955035,4.0,-0.31876654595,-0.30976527109999996,0.06952804845,0
307,0.0,0.036998579850000005,3.0,-0.3295776182,-0.27777564180000003,0.07820855735000001,0
308,0.0,0.03008897165,3.0,-0.3232557371,-0.28809147245,0.08218337175000001,0
309,1.0,0.03291005275,3.0,-0.19400919945,-0.13621128215,0.11779849555,1
310,0.0,0.040556676900000005,1.0,-0.3219414303,-0.30452154249999996,0.0744987967,0
311,2.0,0.0341809959,4.0,-0.1871703112,-0.11736912045,0.11973944135,1
312,0.0,0.039985683499999994,2.0,-0.2983397643,-0.24730972255,0.08585535670000001,0
313,0.0,0.03105270105,2.0,-0.26525784245,-0.25388438680000003,0.08901255824999998,0
314,1.0,0.06372941074999999,3.0,-0.22671637405,-0.1751254734,0.0768298483,1
315,0.0,0.026677039950000002,3.0,-0.3331701455,-0.2904028535,0.09960011429999999,0
316,0.0,0.03310383885,3.0,-0.3026567226,-0.27202218005,0.08463578640000001,0
317,2.0,0.056744289249999996,4.0,-0.21445074954999999,-0.1645910786,0.0864718381,1
318,0.0,-0.0440553566,1.0,-0.22825541195,-0.20348991505000003,0.17143959515,0
319,0.0,0.043039296049999995,4.0,-0.2780037733,-0.273787534,0.07119003685,0
320,0.0,0.0325529002,4.0,-0.30584209240000004,-0.25053882660000004,0.0886529219,0
321,0.0,0.029496576400000002,3.0,-0.3365890226,-0.28864067535000004,0.09695595465000001,0
322,2.0,0.03756714485,4.0,-0.19144742935,-0.1228838682,0.09738465395,1
323,0.0,0.04277891855,3.0,-0.28794542474999996,-0.24145752944999999,0.08108475070000001,0
324,0.0,0.0404044211,1.0,-0.28206563785,-0.2545017854,0.08131313770000001,0
325,1.0,0.056735456249999996,3.0,-0.19937014790000002,-0.1323872175,0.08349846805,1
326,2.0,0.0659726952,4.0,-0.19428136715,-0.15573695955,0.07450349475000001,1
327,2.0,0.06837421435,4.0,-0.20298289915,-0.1699799274,0.0732901623,1
328,2.0,0.06611711840000001,4.0,-0.16533729190000002,-0.14129036215000002,0.08881923645,1
329,1.0,0.04392729585,3.0,-0.21594463695,-0.16919631359999998,0.0955447016,1
330,0.0,0.0343453069,3.0,-0.27904855255,-0.24503068275,0.08307314045,0
331,0.0,0.0433493247,4.0,-0.14732619675,-0.1059180755,0.0992087747,1
332,0.0,0.02595748035,1.0,-0.2227869029,-0.11921151405,0.1012345483,1
333,0.0,0.02858663705,3.0,-0.31319242655,-0.28938946455000003,0.09773192445,0
334,0.0,0.030121507800000002,3.0,-0.31307412609999996,-0.2820402968,0.08369234075000001,0
335,3.0,0.07736721245,4.0,-0.15791234945,-0.05681909115,0.0654662634,1
336,2.0,0.06717205585,4.0,-0.20085154035,-0.0723226595,0.07452544355000001,1
337,0.0,0.037354008349999995,1.0,-0.3169275885,-0.28366578815,0.08825389075000001,0
338,3.0,0.0818052019,5.0,-0.1634540812,-0.0613124905,0.062498042549999994,1
339,1.0,0.06008334505,5.0,-0.18524776939999998,-0.08113477555,0.08239708015000001,1
340,1.0,0.07199730855,4.0,-0.2119259222,-0.08611172385,0.07396432695,1
341,2.0,0.07649816100000001,2.0,-0.174549556,-0.0640826231,0.0705248128,1
342,3.0,0.062120962200000004,3.0,-0.21759387954999998,-0.09501298124999999,0.0494038916,1
343,0.0,0.03752732,3.0,-0.13783490510000002,-0.10846869349999999,0.10728029295,1
344,2.0,0.069008315,4.0,-0.15133145555,-0.0739411828,0.06184439554999999,1
345,0.0,0.0352519435,1.0,-0.25104884155,-0.20395140855,0.08446780025,1
346,1.0,0.05712245225,1.0,-0.21119769300000002,-0.1014488721,0.07501918085,1
347,3.0,0.07503253655,5.0,-0.16801343335,-0.0987385143,0.0406912121,1
348,2.0,0.061432410150000005,2.0,-0.2167367616,-0.10040846615,0.08039073505,1
349,2.0,0.056707765849999994,4.0,-0.1908021439,-0.0885763094,0.0824784598,1
350,0.0,0.02277848225,3.0,-0.32492719005000004,-0.27584283119999997,0.09984808465,0
351,1.0,0.07148634984999999,3.0,-0.21909512365,-0.1006933388,0.06780443394999999,1
352,0.0,0.03869826365,4.0,-0.3390282371,-0.21059510435,0.0687149715,1
353,0.0,0.030702914050000002,1.0,-0.2948463782,-0.28190401815,0.07991232475,0
354,0.0,0.04205711965,1.0,-0.28510927075000003,-0.22585245375000002,0.07037815795,0
355,2.0,0.06162739785,2.0,-0.22305494685,-0.09174945845,0.0795769529,1
356,1.0,0.08411742524999999,3.0,-0.21418794084999998,-0.07708925855,0.05661949110000001,1
357,0.0,0.038896017150000003,4.0,-0.26279473985,-0.16697089245,0.06491641545,1
358,0.0,0.03376387185,3.0,-0.33720372615,-0.32740332575,0.08109597539999999,0
359,2.0,0.06192287765,2.0,-0.21066757885,-0.08319946145,0.0771631081,1
360,0.0,0.0251294738,4.0,-0.3293600894,-0.28921273105,0.0901171385,0
361,1.0,0.062505566,3.0,-0.20869881335,-0.0998616709,0.07015499985,1
362,2.0,0.07421517764999999,2.0,-0.2287199341,-0.0890308001,0.06571062450000001,1
363,2.0,0.07430703664999999,4.0,-0.1772252669,-0.07572373785,0.059397778500000005,1
364,0.0,0.0367579069,4.0,-0.13605977035,-0.1065611729,0.10240366555000001,1
365,0.0,0.03610502224999999,3.0,-0.27030002785,-0.2692566394,0.07447743705000001,0
366,0.0,0.04004406935,4.0,-0.1419296525,-0.09228733524999999,0.10806104155000001,1
367,0.0,0.0456043145,2.0,-0.13996308559999998,-0.1007031531,0.09590731885,1
368,0.0,0.020751777,3.0,-0.2006465747,-0.14137366140000002,0.1167243067,1
369,0.0,0.0465162706,2.0,-0.20259759784999998,-0.15476175835,0.061512906049999996,1
370,0.0,0.055915190749999996,2.0,-0.2253449546,-0.1136094735,0.0738892685,1
371,1.0,0.043344536850000004,3.0,-0.23987001154999998,-0.12641052265,0.10365573289999999,1
372,1.0,0.06098842285,3.0,-0.25782644644999997,-0.16645267075,0.06498404240000001,1
373,0.0,0.02516059,3.0,-0.35041872485000003,-0.32300749009999996,0.09978607235,0
374,0.0,0.03551765855,3.0,-0.30420987725,-0.3022673044,0.07117363365,0
375,1.0,0.05942663065,3.0,-0.21489260695,-0.1055343044,0.0591721791,1
376,0.0,0.0369793776,4.0,-0.29377120265,-0.26680665979999996,0.08597800095,0
377,1.0,0.0548559446,3.0,-0.22336743175,-0.1148234596,0.07865621105000001,1
378,0.0,0.0458482583,3.0,-0.29176229695,-0.28159202355,0.062369188199999995,0
379,0.0,0.038554006,2.0,-0.3033598352,-0.2787278257,0.08416313685,0
380,0.0,0.0472564065,4.0,-0.23086493045,-0.1253523771,0.0850280964,1
381,0.0,0.031825016149999996,4.0,-0.28061421255,-0.27658709925,0.09103631580000002,0
382,2.0,0.07248933835,4.0,-0.18179119524999998,-0.0813820424,0.06371907805000002,1
383,1.0,0.06563435484999999,4.0,-0.19962107810000002,-0.0974368221,0.07719783184999998,1
384,0.0,0.0384718118,3.0,-0.2518224739,-0.2344923324,0.07318929689999999,0
385,0.0,-0.008704792999999999,1.0,-0.20316884675000002,-0.1839448223,0.15379271705000003,1
386,0.0,0.034198344199999994,3.0,-0.1326359414,-0.10215303210000001,0.09422188279999999,1
387,2.0,0.02040735945,3.0,-0.13158225375,0.00652726895,0.11104650465000002,1
388,0.0,0.037433107199999996,2.0,-0.2860422615,-0.27238283585,0.0798175566,0
389,0.0,0.0267719066,3.0,-0.29101891074999997,-0.28418925385000005,0.0868858745,0
390,0.0,0.030682555,3.0,-0.32610484554999997,-0.3106137834,0.08992636375,0
391,2.0,0.0781697658,2.0,-0.1710888156,-0.10702057975,0.04929925030000001,1
392,1.0,0.03957739195,1.0,-0.19785570019999998,-0.1297569556,0.09142761395,1
393,0.0,0.04642464685,2.0,-0.15706403335000002,-0.10194045895,0.09024285455,1
394,0.0,0.04024984355,3.0,-0.3257524162,-0.25290619005000003,0.0754023778,0
395,2.0,0.06697852345000001,2.0,-0.14946534875,-0.08139154274999999,0.07485511739999999,1
396,0.0,0.03730109405,3.0,-0.3113039447,-0.24655237385,0.07798136365,0
397,0.0,0.05651956185,3.0,-0.2705311248,-0.23184059975,0.05536911095,0
398,0.0,0.030106762250000002,3.0,-0.28509378495000004,-0.25427494685,0.08374174995,0
399,2.0,0.0491124043,4.0,-0.20413805419999997,-0.09795563625,0.0984242972,1
400,0.0,0.04563914015,3.0,-0.2891495229,-0.28345732690000003,0.087623921,0
401,0.0,-0.010676374950000001,2.0,-0.22870739665,-0.1882946442,0.14900271795,0
402,0.0,0.03350460945,1.0,-0.29261258065,-0.25762987495,0.0841868742,0
403,1.0,0.0574255501,3.0,-0.18560472975,-0.08478561814999999,0.0768720095,1
404,0.0,0.040546690100000005,1.0,-0.2425479317,-0.1729193192,0.07100559255,1
405,0.0,0.04697722525,1.0,-0.2411004498,-0.16731409330000002,0.0639307452,1
406,0.0,0.0391608895,3.0,-0.28837845125,-0.181216432,0.07364362785,1
407,0.0,0.042882031099999995,1.0,-0.21249034935,-0.1833627362,0.06321787775000001,1
408,2.0,0.0709922256,4.0,-0.2399240347,-0.07393156005,0.06655104905,1
409,0.0,0.058999485899999995,2.0,-0.1672802217,-0.05788722345,0.08055905890000001,1
410,1.0,0.0560018449,3.0,-0.20349790569999998,-0.117764003,0.07192612514999999,1
411,0.0,0.035141967600000004,3.0,-0.30100109615000004,-0.2951570718,0.0805052508,0
412,0.0,0.033610207749999996,3.0,-0.30785326975,-0.27005597545,0.07894449540000001,0
413,0.0,0.0447616172,2.0,-0.20734383295,-0.0923251566,0.09382765555,1
414,1.0,0.05400995375,3.0,-0.22330418105,-0.1056046707,0.08497944839999999,1
415,0.0,0.041546988699999995,1.0,-0.3201000793,-0.2885711015,0.07122327540000001,0
416,0.0,0.04987169045,4.0,-0.25121675525,-0.2050464855,0.059622190500000005,1
417,0.0,0.03707058255,3.0,-0.28645583565,-0.26338399980000005,0.07463938625000001,0
418,0.0,0.01801624805,4.0,-0.3114150378,-0.29519260615,0.11618202465,0
419,0.0,0.0382590917,3.0,-0.2947035557,-0.27520394574999996,0.07990688805,0
420,1.0,0.052033719699999995,3.0,-0.2566641571,-0.12611067435,0.08794898985,1
421,0.0,0.034727315499999994,1.0,-0.30941109725,-0.29584753480000003,0.08574537245,0
422,0.0,0.02401934625,4.0,-0.198044301,-0.14868911335,0.11132746395000001,1
423,0.0,0.035154526049999996,3.0,-0.28319399089999997,-0.2797377182,0.08325911835,0
424,0.0,0.04132962905,2.0,-0.27377466424999997,-0.2668611467,0.069874783,0
425,2.0,0.0502803124,2.0,-0.18445008795,-0.16304126559999998,0.07155514085,1
426,0.0,0.02453149755,3.0,-0.314792515,-0.28935342885000004,0.10461200714999999,0
427,2.0,0.0578589008,4.0,-0.21639876155,-0.19024958050000002,0.08130008035000003,1
428,0.0,0.0408485137,3.0,-0.34569211335,-0.29916623035,0.0843502596,0
429,0.0,0.05835343855,3.0,-0.23514813899999998,-0.22322725535,0.0702766849,1
430,1.0,0.0432642168,3.0,-0.23195346044999998,-0.1663980584,0.08151374460000001,1
431,0.0,0.02842617755,3.0,-0.3469593231,-0.3456214847,0.082906394,0
432,1.0,0.0318654742,3.0,-0.21880141790000002,-0.15551918645,0.09343089305,1
433,0.0,-0.04216833755,1.0,-0.2251514589,-0.21172939,0.16492855585,0
434,1.0,0.054170584199999997,1.0,-0.2311458643,-0.19305051105,0.0879799537,1
435,0.0,0.00999478505,2.0,-0.22565456195,-0.1789372561,0.14099656715,1
436,2.0,0.0612568458,2.0,-0.1762893831,-0.1442754007,0.08126823559999999,1
437,2.0,0.060843797,2.0,-0.17890562495,-0.1668410837,0.08152616744999999,1
438,0.0,0.0283310649,3.0,-0.29336108345,-0.28231758490000003,0.07910266905,0
439,0.0,0.027747088,2.0,-0.1924090355,-0.14843039889999998,0.09035781295,1
440,0.0,0.02442624295,4.0,-0.1981218626,-0.1530365809,0.10808539205,1
441,0.0,0.05309784675,3.0,-0.29914450255,-0.2952444114,0.0585078488,0
442,1.0,0.052106181200000004,3.0,-0.18290492975,-0.17361472095000002,0.07682328539999998,1
443,0.0,0.0282033605,2.0,-0.19275123005,-0.1465819563,0.0948905865,1
444,0.0,0.03896783425,4.0,-0.3136937811,-0.26295381785000005,0.08083147065,0
445,1.0,0.050510792400000004,3.0,-0.27057290475,-0.2082127136,0.059880894850000005,0
446,0.0,0.0434797084,3.0,-0.31086891445,-0.29354149805,0.0687795685,0
447,0.0,0.0365322249,2.0,-0.1940324304,-0.1665204056,0.10180631994999999,1
448,0.0,0.0452264656,2.0,-0.2989934905,-0.2717707512,0.06353585849999999,0
449,0.0,0.0258610913,1.0,-0.24547127535,-0.19513897735000002,0.08487042765,0
450,2.0,0.05482068725,4.0,-0.18910454385,-0.1722671867,0.0691627956,1
451,0.0,0.05034076385,1.0,-0.27738223805,-0.26166716975000004,0.05889247895,0
452,0.0,0.037658256249999994,3.0,-0.28329450624999997,-0.2606146888,0.08086860879999999,0
453,2.0,0.06383609380000001,6.0,-0.17990859139999998,-0.1178108773,0.0817281456,1
454,0.0,0.03354360795,3.0,-0.29876158245,-0.26104075515,0.08678582165000001,0
455,1.0,0.0624382859,4.0,-0.17990736694999998,-0.11196262305,0.080464694,1
456,0.0,0.0295994667,3.0,-0.30339163665,-0.28790780095,0.08944377905,0
457,0.0,0.04166788945,3.0,-0.2858378734,-0.26813032655,0.07325784875000001,0
458,0.0,0.04442778945,1.0,-0.2785193461,-0.27317230155,0.06346050040000001,0
459,1.0,0.03590757905,3.0,-0.27942968690000003,-0.21354688675,0.0960598271,1
460,0.0,0.029765216900000002,3.0,-0.30386221615,-0.25661874365000004,0.09277112665000001,0
461,0.0,0.02890590745,3.0,-0.33724745025,-0.28224832720000004,0.09885656979999999,0
462,0.0,0.03841643905,3.0,-0.32358323505,-0.3042689965,0.08558271109999999,0
463,0.0,-0.0008268436,4.0,-0.21413042585,-0.16968542295,0.13395141205,1
464,0.0,0.03235863755,3.0,-0.2743519917,-0.26090039914999996,0.0867028549,0
465,0.0,0.033094031999999995,3.0,-0.33451457835,-0.3293910243,0.08936405945,0
466,0.0,0.048842044949999996,3.0,-0.25294337735,-0.240770126,0.0674794143,0
467,0.0,0.031031619099999998,3.0,-0.28186645050000003,-0.25547565305,0.09342093644999999,0
468,0.0,0.0372364578,3.0,-0.2964056767,-0.2761181552,0.0649098638,0
469,0.0,0.0394877222,1.0,-0.29040975785,-0.27109243235,0.07738920055000001,0
470,0.0,0.0388723859,3.0,-0.30778842575,-0.27951595165,0.0777653507,0
471,1.0,0.073280538,3.0,-0.22534549185000002,-0.2112748124,0.0673753983,1
472,1.0,0.021358553850000003,3.0,-0.20043443049999998,-0.15576253834999998,0.11671285405000001,1
473,0.0,0.04163123935,3.0,-0.324168985,-0.25210666835,0.0676048638,0
474,0.0,0.04187950965,1.0,-0.22945896435,-0.18853233825,0.0779332895,0
475,0.0,0.0416310074,1.0,-0.3159905697,-0.2766163047,0.07294787829999999,0
476,1.0,0.0282586508,5.0,-0.1941613551,-0.14795454105,0.10328422579999999,1
477,3.0,0.05719679415,3.0,-0.17397494205,-0.1615338054,0.058248270850000006,1
478,1.0,0.0527727603,3.0,-0.2213682366,-0.19713662669999998,0.07953634885,0
479,0.0,0.0372369796,2.0,-0.2427853774,-0.2206571553,0.09941705945,1
480,1.0,0.05098040175,5.0,-0.2250188596,-0.2069322432,0.0858772586,1
481,0.0,0.0461376525,3.0,-0.2915293028,-0.25045056975,0.0757023487,0
482,0.0,0.01924647655,3.0,-0.3429579292,-0.3211568373,0.10759405985,0
483,1.0,0.037376046100000004,3.0,-0.23276077164999998,-0.17873085095000002,0.09907596615,1
484,0.0,0.03346207035,2.0,-0.22814185625,-0.15447915265,0.09549942089999999,1
485,0.0,0.01533555785,3.0,-0.31944430805,-0.30676754284999996,0.10966254125,0
486,0.0,0.06380298179999999,3.0,-0.26490253295,-0.24424303465,0.06899721165,0
487,2.0,0.0662899626,6.0,-0.164471427,-0.1170430615,0.07813162185,1
488,2.0,0.06980079245000001,4.0,-0.1609389145,-0.14656469615,0.0699219267,1
489,0.0,0.0363653692,3.0,-0.2766174367,-0.23879408255,0.07518649399999999,0
490,0.0,0.036563682050000004,3.0,-0.31246421975,-0.24377401225,0.07387142329999999,0
491,0.0,0.028379036599999997,5.0,-0.27911001185,-0.25133292035,0.0943054528,0
492,1.0,0.04982286775,3.0,-0.15490293535,-0.1465850462,0.0756512094,1
493,0.0,0.01605618065,2.0,-0.19954825674999999,-0.16143866704999998,0.11615255775,0
494,0.0,0.0379917351,3.0,-0.2997375283,-0.276659644,0.07766709885,0
495,0.0,0.0278944195,4.0,-0.29112342395,-0.2845609163,0.10129510595000002,0
496,1.0,0.052657900300000005,3.0,-0.28594979125,-0.2667233114,0.05587401795000001,0
497,0.0,-0.023668815699999998,1.0,-0.24481766784999998,-0.17626574044999999,0.15767153620000002,0
498,0.0,0.03372449675,3.0,-0.29674904,-0.27587961625,0.07976610425,0
499,0.0,0.0212742078,3.0,-0.3349098574,-0.28648229705,0.1026243453,0
500,0.0,0.04651901345,3.0,-0.33083772720000004,-0.3215039957,0.07499481275,0
501,0.0,0.0359247076,2.0,-0.3038265129,-0.3006125513,0.08646647619999999,0
502,1.0,0.0336812371,5.0,-0.2072032775,-0.14979327445,0.07509996300000002,1
503,0.0,0.00598104635,4.0,-0.22778792095,-0.1754192553,0.12312220939999999,1
504,2.0,0.05157280115,2.0,-0.17650051875,-0.1656972302,0.07761639265,1
505,0.0,0.027554052449999998,4.0,-0.31236797615,-0.24021302435,0.09813216115000001,0
506,0.0,0.0357801593,3.0,-0.2708671622,-0.2569452262,0.056690615750000006,1
507,0.0,0.03870225175,3.0,-0.26825319045,-0.2529518582,0.08381194750000001,0
508,1.0,0.05743932095,3.0,-0.18708868979999999,-0.14385788665,0.06872789850000001,1
509,0.0,-0.0110882676,1.0,-0.18296187525000002,-0.14197138285,0.14950461095,0
510,0.0,0.04529045255,3.0,-0.27257716590000003,-0.2637279178,0.07528205169999999,0
511,0.0,0.042493598,3.0,-0.34972210355,-0.3458300199,0.0543963539,1
512,0.0,0.036610444150000004,4.0,-0.3073634355,-0.30201629519999995,0.05883110125,1
513,0.0,0.03189455065,3.0,-0.3040481181,-0.29371460645,0.08545592605,0
514,2.0,0.0430363749,4.0,-0.172179325,-0.14998779639999998,0.07147020825,1
515,0.0,0.03107004215,3.0,-0.31030497344999997,-0.293394164,0.0909917556,0
516,2.0,0.06617711295,4.0,-0.22896182145,-0.08590575254999999,0.07852445829999999,1
517,0.0,0.06084851605,3.0,-0.32448131854999995,-0.19037859415000002,0.054166137850000004,0
518,2.0,0.042005393599999996,4.0,-0.21776408635,-0.20458128479999999,0.09341681185,1
519,0.0,0.04070189785,3.0,-0.3311848433,-0.3096826574,0.08070619679999999,0
520,1.0,0.0453095606,3.0,-0.20778520579999998,-0.13433701845,0.09453082445,1
521,1.0,0.0649098778,3.0,-0.19729866515,-0.1400458355,0.07853060615,1
522,0.0,-0.0100547971,1.0,-0.22569033235,-0.16635941295,0.15005527289999998,0
523,0.0,0.043405088849999995,3.0,-0.30113876705,-0.27744770725,0.0746947868,0
524,0.0,0.031089028999999997,3.0,-0.30248182815,-0.25396683055,0.0870411827,0
525,1.0,0.04342455445,3.0,-0.24095514615000002,-0.22138731875,0.09098438585,1
526,0.0,0.0142546579,4.0,-0.22364175575,-0.16676693305,0.1062542514,1
527,0.0,0.012538512299999999,2.0,-0.21791295685,-0.1644977238,0.12561072634999998,1
528,1.0,0.028220792199999997,3.0,-0.21755645375,-0.16026702874999998,0.0949349827,1
529,1.0,0.02807991745,3.0,-0.23644196569999998,-0.1772059947,0.10024181069999999,1
530,0.0,0.0488468959,1.0,-0.30385600214999997,-0.28550106635,0.06596850225,0
531,1.0,0.05110499285,3.0,-0.2941414606,-0.25417102485,0.056810870449999995,0
532,1.0,0.0527077908,3.0,-0.21019227499999998,-0.2034919993,0.06442476259999999,1
533,0.0,0.0433614615,2.0,-0.18931311039999998,-0.1783153112,0.07734119685,1
534,0.0,0.04602423725,2.0,-0.1924118829,-0.17476384150000002,0.06679134419999999,1
535,0.0,0.0330826621,1.0,-0.34075969145,-0.32487411635,0.09172393300000001,0
536,1.0,0.04467642185,3.0,-0.1984739291,-0.18596125014999998,0.07449269575,1
537,1.0,0.027485945249999998,3.0,-0.19195026885,-0.14372417415,0.1106935005,1
538,3.0,0.0599982019,5.0,-0.17445993389999997,-0.13345415875,0.08061171880000001,1
539,0.0,0.0381692172,2.0,-0.29121070525000003,-0.27662003925,0.0869369125,0
540,0.0,0.03824314295,3.0,-0.31984723395,-0.29353650330000003,0.076398912,0
541,2.0,0.044465625300000006,4.0,-0.20554102585,-0.18087176500000002,0.08464699259999998,1
542,0.0,0.02923337375,1.0,-0.18758081375000002,-0.13700199035,0.0846146875,1
543,0.0,0.032986733,1.0,-0.3314992589,-0.28976704085,0.07976214590000001,0
544,0.0,0.0414150257,4.0,-0.32932441925,-0.30315584630000003,0.0630705562,1
545,0.0,0.02458475435,2.0,-0.20656606475,-0.19566547495,0.10174161379999999,1
546,0.0,0.0344002744,3.0,-0.32199967385,-0.27967348765,0.08957601075,0
547,1.0,0.04729233335,3.0,-0.2132835079,-0.20402597230000002,0.0810400295,1
548,1.0,0.0422715276,3.0,-0.19562995695,-0.18142831955,0.0865543871,1
549,0.0,0.04283754175,3.0,-0.2891931985,-0.27956432445,0.0793542593,0
550,0.0,0.041367664,3.0,-0.30597423695,-0.26488553145000004,0.08101781585,0
551,1.0,0.03963921645,3.0,-0.24133008425000002,-0.19183095035,0.08684825285000002,1
552,0.0,0.01588732665,2.0,-0.1988738441,-0.1393440982,0.1032745333,1
553,0.0,0.0324937048,2.0,-0.22140167695000001,-0.16292638710000001,0.086852479,1
554,0.0,0.04488181595,1.0,-0.2994974139,-0.26824140825,0.07310992235000001,0
555,0.0,0.0323602783,2.0,-0.1842694266,-0.14670449145,0.10472887580000001,1
556,0.0,0.0401859642,3.0,-0.3087783088,-0.2242489433,0.08803858895,0
557,0.0,0.01259346685,4.0,-0.2179093681,-0.17215226915,0.12079854695,1
558,0.0,0.0452780374,3.0,-0.3065870779,-0.2266444217,0.07482775445,0
559,0.0,0.04257216975,3.0,-0.2814165817,-0.26802078695,0.0693053024,0
560,0.0,0.0414318517,3.0,-0.2963023573,-0.26908639315000005,0.07188944,0
561,2.0,0.0540861729,2.0,-0.1781958018,-0.1366167437,0.08324136879999999,1
562,0.0,0.02927710205,3.0,-0.19275229885,-0.1435613551,0.10217270804999999,1
563,1.0,0.0392005802,5.0,-0.2065254354,-0.15747541674999999,0.0887192271,1
564,0.0,0.03163563015,2.0,-0.2972210247,-0.2874144086,0.0922443542,0
565,2.0,0.0479474728,4.0,-0.18867336615000002,-0.1713286268,0.08232150605,1
566,2.0,0.0303409257,2.0,-0.21104124940000002,-0.17716933694999998,0.09510499675,1
567,0.0,0.031726111,3.0,-0.32888402585,-0.3173669571,0.0858384532,0
568,2.0,0.06037911175,2.0,-0.1847903916,-0.1528932034,0.0647653892,1
569,0.0,0.039517570099999996,5.0,-0.2739494381,-0.24827651709999998,0.08396837865000001,0
570,0.0,0.0163592077,4.0,-0.21644019775,-0.1699441149,0.10875754505,1
571,0.0,0.045775601,4.0,-0.32800912434999996,-0.32245136085000004,0.06023741155000001,1
572,0.0,0.02785810125,4.0,-0.30697030925,-0.28055679860000005,0.0992134871,0
573,0.0,0.034231073949999996,2.0,-0.26996944604999995,-0.2439708903,0.08952217465000001,0
574,2.0,0.0542442718,2.0,-0.24414457039999998,-0.2157768467,0.09083167995,1
575,0.0,0.019250543000000002,2.0,-0.17710476965,-0.154236666,0.12045570195,0
576,2.0,0.056228970200000006,4.0,-0.17963614290000002,-0.14213766055,0.08213838135000001,1
577,0.0,0.03447754045,1.0,-0.30720699985,-0.2901956717,0.08054808894999999,0
578,0.0,0.044308379800000006,3.0,-0.30418393325000004,-0.29061447325,0.07696567005,0
579,0.0,0.03593984125,4.0,-0.2677640958,-0.25516112615,0.08131555530000001,0
580,0.0,0.04941817795,1.0,-0.33152898655,-0.2865185302,0.064789967,0
581,2.0,0.06016069295,4.0,-0.16061702649999998,-0.12551983995,0.07105153145,1
582,0.0,0.02247098245,4.0,-0.20283562975000002,-0.14505318265,0.1082182368,1
583,1.0,0.0501022628,4.0,-0.2980539828,-0.25234952850000003,0.05455653705,0
584,1.0,0.06691426119999999,2.0,-0.21020779039999998,-0.1739100588,0.07663866050000001,1
585,0.0,0.04931786635,5.0,-0.30929700615,-0.28569320644999996,0.05320997375,0
586,0.0,0.00348657445,3.0,-0.21171324475,-0.058868778600000005,0.1371004979,0
587,1.0,0.06801534275,3.0,-0.1825626072,-0.1428492517,0.0632990925,1
588,0.0,0.0246797693,1.0,-0.18213611559999998,-0.1639576008,0.11661437565000002,0
589,0.0,0.04836099115,2.0,-0.290622663,-0.2580189767,0.0686268658,0
590,1.0,0.04669056465,3.0,-0.19733066785,-0.14177696795,0.08952647024999999,1
591,0.0,0.0192538349,2.0,-0.2213463947,-0.17425026625,0.1205912468,1
592,0.0,0.02130689075,2.0,-0.17479108885,-0.11609431265,0.11509806185000002,1
593,0.0,0.025758022499999998,2.0,-0.19726682525,-0.1346440707,0.1136218239,1
594,0.0,0.03807305315,3.0,-0.29585711714999996,-0.27071175775,0.0931290504,0
595,0.0,0.0015392560000000001,1.0,-0.1794031135,-0.14003264259999998,0.13276860229999998,0
596,1.0,0.039708762849999996,3.0,-0.1953653305,-0.12070648825,0.09553168984999999,1
597,1.0,0.028322273000000002,3.0,-0.22056738565,-0.1267751449,0.10575401320000001,1
598,0.0,0.0433506419,3.0,-0.28231568555,-0.25485390085000004,0.0725513954,0
599,0.0,0.0510589457,3.0,-0.3103971739,-0.3060147766,0.056665227400000004,0
600,1.0,0.047570318099999995,5.0,-0.22615685354999998,-0.20084195929999998,0.0880254422,0
601,0.0,0.039019185299999995,4.0,-0.2973873438,-0.253327336,0.0678103807,0
602,2.0,0.05083300675,2.0,-0.17466932675,-0.1283901526,0.08472350149999999,1
603,0.0,0.0213672757,2.0,-0.2025245451,-0.14616007060000002,0.11151573315000002,1
604,0.0,0.0437583389,2.0,-0.28145474039999996,-0.21803085665,0.06941923529999999,0
605,1.0,0.03138561825,3.0,-0.19021558770000002,-0.14428537619999998,0.09782703439999998,1
606,0.0,0.028102314250000003,2.0,-0.18892215615000002,-0.13912654084999998,0.1006244604,1
607,0.0,0.0332470671,1.0,-0.30308165285,-0.24233697455,0.09139116635,0
608,1.0,0.0267786665,3.0,-0.19533262765,-0.14891424679999998,0.09989659845000001,1
609,0.0,0.0226688531,3.0,-0.30693536330000004,-0.26165589415,0.10266245269999999,0
610,2.0,0.0662669613,2.0,-0.18323306725,-0.17310906855000002,0.07252154885,1
611,0.0,0.036977440050000004,4.0,-0.281484991,-0.2553145281,0.091954922,0
612,2.0,0.0482736745,4.0,-0.18103994545000002,-0.1593800991,0.08715583619999999,1
613,0.0,0.0324159542,3.0,-0.30143051255,-0.2743959828,0.0871939136,0
614,1.0,0.0342159114,3.0,-0.1992351372,-0.13514204865,0.11033186889999999,1
615,1.0,0.03255543125,3.0,-0.21161109560000002,-0.19694995895,0.11513268485,1
616,0.0,0.0092787316,1.0,-0.21986346055,-0.1415731754,0.12709021734999998,0
617,0.0,0.04838094515,2.0,-0.2956963642,-0.24966227235,0.07403957505,0
618,2.0,0.04767090905,4.0,-0.24737033365,-0.2323245099,0.09192905945,1
619,2.0,0.0367773176,4.0,-0.2071052872,-0.20178846875,0.1111887491,1
620,1.0,0.0524938037,3.0,-0.23468227074999998,-0.18477652225000002,0.0911430163,1
621,0.0,0.028828123599999998,4.0,-0.19687188984999998,-0.1902600333,0.11705294555,1
622,0.0,0.03506870145,1.0,-0.28084933055,-0.2689569908,0.08759880040000001,0
623,0.0,0.04035152605,1.0,-0.33364769765,-0.27318101405,0.07842569590000001,0
624,2.0,0.061633519750000004,4.0,-0.19246211045,-0.13192262100000002,0.06420180805,1
625,0.0,0.019813523399999998,2.0,-0.210199574,-0.1516773955,0.11530569685,1
626,2.0,0.0582532805,4.0,-0.16970139625,-0.1560770256,0.07424649889999999,1
627,2.0,0.03878851285,2.0,-0.1785486743,-0.15934672085,0.08248211859999999,1
628,0.0,0.040436577700000004,3.0,-0.29490256400000003,-0.28876969525,0.08429017285000001,0
629,0.0,0.0078173395,2.0,-0.21828872975,-0.15774469400000002,0.12934772515,1
630,0.0,0.0396201183,4.0,-0.28941628415,-0.2439198135,0.07919658719999999,0
631,0.0,0.0301589339,1.0,-0.3020693917,-0.2891272442,0.0949716146,0
632,2.0,0.07027113505,4.0,-0.23460938555,-0.1034970202,0.06958225935000001,1
633,1.0,0.039077608449999995,3.0,-0.185550826,-0.15134739385,0.10168300105,1
634,0.0,0.03750958085,2.0,-0.27708666854999997,-0.2579761396,0.08301596815000001,0
635,0.0,0.037654172250000006,3.0,-0.3086228632,-0.28566500715,0.0836876573,0
636,0.0,0.03989561965,3.0,-0.31247536919999996,-0.28679376354999997,0.07737715615,0
637,1.0,0.03717928505,3.0,-0.1869710238,-0.15393064439999998,0.09942026685000001,1
638,1.0,0.0330924903,3.0,-0.17759221995,-0.1586222411,0.09925533289999999,1
639,0.0,0.03790512455,3.0,-0.3016668461,-0.28883704104999997,0.08400588925,0
640,0.0,0.0312916216,4.0,-0.32229956955,-0.3116211096,0.09249851865,0
641,0.0,0.0490119731,2.0,-0.31075609579999997,-0.295413748,0.07163735095,0
642,2.0,0.049904439,4.0,-0.16777593829999998,-0.1147397505,0.09046144465,1
643,0.0,0.033638729000000006,3.0,-0.3074243229,-0.2477387308,0.09050075729999998,0
644,0.0,0.03237618115,3.0,-0.2803075149,-0.2584552932,0.08746267340000001,0
645,0.0,0.0397373226,2.0,-0.3197898815,-0.28278997125,0.07776951045000001,0
646,2.0,0.0669130003,4.0,-0.23464270004999999,-0.1844850274,0.06922662995000001,1
647,3.0,0.06814018250000001,5.0,-0.2161534491,-0.17864276775,0.0723817907,1
648,2.0,0.05419039935,4.0,-0.18372855440000002,-0.08507564165,0.08365925615000001,1
649,1.0,0.05296411825,3.0,-0.217680719,-0.09587982854999999,0.09186459885,1
650,2.0,0.0541972576,4.0,-0.2086476023,-0.10027713095,0.093114109,1
651,2.0,0.0277653712,4.0,-0.19600803255,-0.14933795565000002,0.1051544242,1
652,1.0,0.044613258700000005,3.0,-0.21165716575,-0.16691432585,0.08317602760000001,1
653,0.0,0.04013438355,2.0,-0.34853123695,-0.3306451827,0.07579513755,0
654,0.0,0.0371836913,3.0,-0.30053394525,-0.27638981445,0.08802759704999999,0
655,2.0,0.05874719945,4.0,-0.166930668,-0.1446195695,0.08457032234999999,1
656,0.0,0.01917901415,4.0,-0.21242535075000002,-0.14591763345,0.10155347179999999,1
657,0.0,0.03266181245,3.0,-0.3343624251,-0.32126875200000005,0.0938605003,0
658,0.0,0.020469080350000002,4.0,-0.2437477732,-0.17198635369999998,0.11132197980000001,1
659,1.0,0.05327679645,3.0,-0.29721845315,-0.2863282823,0.0621923782,0
660,0.0,0.0169730808,2.0,-0.186436571,-0.14684156115000002,0.10515944755,1
661,2.0,0.0523841444,4.0,-0.18856230915,-0.13346383695,0.07721330394999999,1
662,0.0,0.0417272869,4.0,-0.3167147031,-0.2925701719,0.0632741426,1
663,0.0,0.0223001023,2.0,-0.21423962055,-0.151743662,0.1062275134,1
664,2.0,0.061045227050000005,2.0,-0.22238995220000002,-0.2092621219,0.06870539725,1
665,0.0,0.0369592381,4.0,-0.27790250225,-0.25662748165000004,0.08601673285,0
666,0.0,0.03840246345,2.0,-0.25520192794999996,-0.2358365504,0.07900912005,0
667,2.0,0.0627799107,4.0,-0.21468282135,-0.18264211315,0.0726530409,1
668,0.0,0.0221684581,2.0,-0.20099979745000002,-0.14619562335,0.10916757465000002,1
669,0.0,0.04084023345,3.0,-0.2700761853,-0.2639144785,0.07905089345,0
670,0.0,0.0560740735,1.0,-0.3081534868,-0.27319098575,0.0677639679,0
671,0.0,0.025211338399999998,2.0,-0.23243414210000002,-0.18272677815,0.11438990369999998,1
672,0.0,0.04896845015,3.0,-0.25164440125,-0.2472109047,0.08075333795,0
673,0.0,0.03258928245,3.0,-0.2832438378,-0.25991710160000003,0.09097258760000002,0
674,0.0,0.042545459699999996,2.0,-0.28657050024999997,-0.26704950790000004,0.07402775380000001,0
675,0.0,-0.030975138949999998,2.0,-0.25816856455000003,-0.19904373715,0.17382189155,1
676,0.0,0.0093123614,2.0,-0.21349396185000002,-0.15092703065,0.12550555749999998,1
677,0.0,0.0410044755,3.0,-0.2868236973,-0.2479350182,0.08254564875,0
678,0.0,0.043238842400000005,3.0,-0.28892436115,-0.2547782547,0.07583546895,0
679,1.0,0.05406657115,3.0,-0.19363712025000002,-0.1840594921,0.06331502359999999,1
680,0.0,0.03349801995,4.0,-0.31388328985,-0.22252528845000002,0.0815936536,0
681,1.0,0.0300996762,3.0,-0.19868258895,-0.15551356035,0.102671837,1
682,2.0,0.05160155645,2.0,-0.19138286815,-0.17111704215,0.0854632974,1
683,0.0,0.040740653,3.0,-0.27314785465,-0.2581718343,0.0796673312,0
684,0.0,0.0128018717,1.0,-0.1710221769,-0.13482783365,0.1290539371,0
685,0.0,0.037309887,3.0,-0.30309367315,-0.25443669879999997,0.0798258386,0
686,2.0,0.05288039095,4.0,-0.19381689600000002,-0.14869004689999998,0.08408629814999999,1
687,2.0,0.05326709745,4.0,-0.209356286,-0.1858367333,0.08603643735000001,1
688,0.0,0.038123817899999995,1.0,-0.2950222641,-0.28182040740000003,0.07686912209999999,0
689,0.0,0.009162896149999999,2.0,-0.21698124000000002,-0.1700031317,0.12053333029999999,1
690,0.0,0.02578856405,1.0,-0.21427761455,-0.1564215897,0.0799061385,1
691,0.0,0.008522748100000001,1.0,-0.2077320302,-0.14532999395,0.1270117043,0
692,0.0,0.0321992748,4.0,-0.29414554125000003,-0.24153178865000002,0.0919773433,0
693,0.0,-0.0261903505,1.0,-0.19292864194999998,-0.15348355175,0.1709808186,0
694,0.0,0.03646747375,4.0,-0.25718662335,-0.24898121655,0.0814439295,0
695,1.0,0.0323426771,3.0,-0.24064868925,-0.18928046515,0.10722854374999999,1
696,0.0,0.02141193835,4.0,-0.22752809755,-0.1683986227,0.1074972994,1
697,1.0,0.0330504955,3.0,-0.2096626114,-0.15886543825,0.09542698075,1
698,2.0,0.06555697020000001,4.0,-0.16629242335,-0.14643123055,0.05486045505,1
699,0.0,0.0408170724,4.0,-0.3039333808,-0.28521107415,0.0591445968,1
700,0.0,0.01074599815,1.0,-0.21973951385,-0.18275621944999998,0.12491357355,0
701,0.0,0.04468079505,2.0,-0.19887775754999998,-0.1540206114,0.09216695795000002,1
702,1.0,0.06753663635,3.0,-0.22802618889999998,-0.21658743845,0.05644421745,1
703,0.0,0.0407059565,3.0,-0.2655738568,-0.2491990506,0.07826806929999999,0
704,0.0,0.02804006195,2.0,-0.22669645515,-0.17155996810000002,0.1028697194,1
705,0.0,0.039943881050000005,4.0,-0.22064035325,-0.15359887365,0.08273693875,1
706,3.0,0.0436509981,3.0,-0.16674746164999998,-0.0918564478,0.0602467429,1
707,2.0,0.04074940825,4.0,-0.168296895,-0.16428060325,0.07559894035,1
708,0.0,0.01379357895,2.0,-0.2196700612,-0.14465609024999998,0.11531391340000001,0
709,0.0,0.0125276903,2.0,-0.21257357965,-0.16689923625,0.11302462745,1
710,2.0,0.06127193055,4.0,-0.18954670335,-0.181002544,0.06602924715,1
711,2.0,0.061812935,4.0,-0.15305828105000002,-0.12541639495,0.073766376,1
712,1.0,0.038524686,3.0,-0.22394718665000002,-0.16482333635,0.0771187855,1
713,0.0,-0.0075527844,1.0,-0.19506538155,-0.1782717749,0.14104044235,0
714,0.0,-0.02671019575,1.0,-0.1959461535,-0.1822034609,0.14891076735,0
715,0.0,0.0212970163,4.0,-0.2877914035,-0.19852959195,0.09722207005,0
716,1.0,0.0401692315,3.0,-0.23274264975,-0.1722341779,0.095887613,1
717,0.0,0.03944504595,3.0,-0.27213852725,-0.2667393844,0.087512352,0
718,2.0,0.058528140199999995,4.0,-0.2036891592,-0.16443649505000002,0.08628632165,1
719,0.0,0.05370188565,2.0,-0.25341829855000003,-0.2197232446,0.08055573875000001,1
720,0.0,0.0629066912,1.0,-0.25185928975000005,-0.22557725335,0.0732121775,1
721,1.0,0.040592933799999995,3.0,-0.22446759324999999,-0.20081206285,0.08512374175000001,1
722,2.0,0.0483034781,2.0,-0.22985668064999998,-0.1967298052,0.08383545130000002,1
723,1.0,0.0572702724,3.0,-0.18598202585,-0.17709042944999998,0.06997196154999999,1
724,1.0,0.034472076500000004,3.0,-0.2123039778,-0.17696620670000002,0.0895415106,1
725,0.0,0.03656371565,1.0,-0.27941366595,-0.2719577047,0.07164377955,0
726,0.0,0.01711697995,2.0,-0.2120709886,-0.18318750375,0.1260359064,1
727,0.0,0.0269927519,1.0,-0.2920535677,-0.28268166895,0.08548744585,0
728,0.0,0.03440926515,2.0,-0.1947241086,-0.16891834514999998,0.09402952409999998,1
729,1.0,0.0332001975,3.0,-0.2005804537,-0.16426629385000002,0.09442326200000001,1
730,0.0,0.0353228557,3.0,-0.3120874996,-0.20528094785,0.07362150335,0
731,1.0,0.05449327215,3.0,-0.1931275074,-0.12592868855,0.07222429635,1
732,1.0,0.05660411385,3.0,-0.20625826819999998,-0.1470823319,0.0844485054,1
733,1.0,0.053853507499999995,3.0,-0.26879329555,-0.12888651880000002,0.0939143797,1
734,0.0,-0.013195820149999999,5.0,-0.20987497295000002,-0.18457176765,0.14514353680000003,0
735,0.0,0.0458133778,4.0,-0.2607887049,-0.25996057029999997,0.053604897,0
736,0.0,0.0235748484,1.0,-0.2109120431,-0.1411051777,0.11584602290000001,0
737,1.0,0.044497503,3.0,-0.2772767533,-0.1346456773,0.1047043121,1
738,0.0,0.0468206454,4.0,-0.20960495735,-0.16119346655,0.0960677049,1
739,0.0,0.01771075085,1.0,-0.22319882484999998,-0.14239523685,0.11250466090000001,0
740,0.0,-0.0140911406,1.0,-0.17892576015,-0.143852147,0.15411806405,0
741,0.0,0.0379109905,3.0,-0.2900748965,-0.2809501098,0.0545950113,0
742,2.0,0.0632815261,4.0,-0.20508276905,-0.17135715350000003,0.07148882435000001,1
743,0.0,0.04292885195,1.0,-0.2891849626,-0.28877504265,0.0552241728,0
744,2.0,0.0642068004,4.0,-0.20294062865,-0.17665970425,0.07614371950000001,1
745,0.0,0.0485564138,2.0,-0.14131002905,-0.1281618153,0.0845647628,1
746,0.0,0.0443407911,2.0,-0.1416545802,-0.13201274975,0.08232238435,1
747,2.0,0.05909299985,2.0,-0.19673247389999998,-0.16700858875000002,0.05903853359999999,1
748,0.0,0.041440454200000004,4.0,-0.30998650045,-0.23805010095,0.06828038289999999,1
749,0.0,0.0290098284,2.0,-0.19206441349999998,-0.1446310479,0.09585524545,1
750,1.0,0.031780943049999996,3.0,-0.221419455,-0.16163632049999999,0.08831652979999999,1
751,0.0,0.02851958425,2.0,-0.21092590685,-0.19564911470000002,0.0942915716,1
752,0.0,0.034834314000000005,3.0,-0.34246272585000004,-0.30759858305,0.08311111445,1
753,1.0,0.030643351450000002,3.0,-0.23215159075000003,-0.16871050085,0.10464536860000001,1
754,0.0,0.03601585905,3.0,-0.32595417390000003,-0.31575068345,0.08994512290000001,0
755,0.0,0.03297160085,3.0,-0.32209963645,-0.20591573125,0.08985491285,0
756,0.0,0.0389141316,3.0,-0.3269149127,-0.310461966,0.07981812135,0
757,0.0,0.029973810150000002,4.0,-0.31299973275,-0.2898412413,0.090279505,0
758,0.0,0.024553182399999998,2.0,-0.22204466815,-0.20683127034999998,0.1075786326,1
759,0.0,0.0441050174,3.0,-0.32705367245,-0.30802297025,0.07016047175,0
760,0.0,0.03035231125,3.0,-0.30788957125,-0.2648669001,0.07639893,0
761,0.0,0.03537248945,3.0,-0.31418436235,-0.22720600755,0.07232107585,0
762,0.0,0.02517934485,1.0,-0.3087574587,-0.2962579473,0.09666496055,0
763,1.0,0.03453370125,5.0,-0.21038461515,-0.19655050229999999,0.10560444645,1
764,1.0,0.026948989200000002,5.0,-0.22664615905000002,-0.17389319260000002,0.10842698355,1
765,2.0,0.04567366355,2.0,-0.212085336,-0.1822210016,0.09334859925,1
766,2.0,0.0580076323,2.0,-0.1895219066,-0.15166899735,0.07626597130000001,1
767,0.0,0.027599393399999998,3.0,-0.3262211093,-0.2439735398,0.0903253831,0
768,2.0,0.05931172545,4.0,-0.21733282225,-0.21137866184999998,0.06844182530000001,1
769,2.0,0.0631271394,4.0,-0.16987465825,-0.1597593103,0.061661728500000026,1
770,2.0,0.060131531349999996,2.0,-0.20434169885,-0.1834244085,0.06017157029999999,1
771,0.0,0.0396502866,4.0,-0.27195235684999997,-0.27099371925,0.06882599485,1
772,0.0,0.0406013537,3.0,-0.24983562539999998,-0.24145005075,0.07165605415,0
773,0.0,0.04383620915,3.0,-0.29856141950000004,-0.28018613565,0.07071708375,0
774,1.0,0.0360967343,3.0,-0.20574868275,-0.17093875074999998,0.09768305965,1
775,0.0,0.030162599249999998,2.0,-0.2140343581,-0.1765382079,0.10686507195,1
776,1.0,0.054606369099999996,3.0,-0.22912643030000002,-0.21556800865,0.07833612350000001,1
777,0.0,0.0373087953,4.0,-0.28354500495,-0.27183957415,0.06363073125,0
778,0.0,0.0284471734,1.0,-0.30285653665,-0.28771279115,0.1007026035,0
779,0.0,-0.00588467455,1.0,-0.1786871171,-0.14204721425,0.1486669219,0
780,0.0,0.04562024195,3.0,-0.30636348,-0.1739702778,0.09120663475,0
781,0.0,0.0093559599,1.0,-0.218358761,-0.1664139563,0.12053284980000001,0
782,0.0,0.03195673295,1.0,-0.18215089,-0.15218999865,0.1031981899,1
783,0.0,0.03165480135,3.0,-0.3614454502,-0.32601318455,0.0915454577,0
784,2.0,0.054618936699999995,4.0,-0.21543021865,-0.1919492565,0.07640355485,1
785,0.0,0.0161192188,1.0,-0.20861860705000002,-0.198132125,0.12195001350000001,0
786,0.0,0.038650033,4.0,-0.30120893395,-0.2831000818,0.0767067243,0
787,0.0,0.0415335524,3.0,-0.2953232789,-0.27047929475,0.08196767685,0
788,1.0,0.060598658900000005,1.0,-0.2162597325,-0.1812513535,0.0872022525,1
789,2.0,0.0626802572,4.0,-0.19572487989999998,-0.15898966385000002,0.07317015065,1
790,1.0,0.05171812225,3.0,-0.20343189765,-0.19024279454999998,0.0861457568,1
791,1.0,0.03486813255,3.0,-0.19515516955,-0.14657807525,0.09919118795,1
792,1.0,0.051633602,3.0,-0.17788535995,-0.13691854405,0.0920888856,1
793,0.0,0.0419355148,2.0,-0.2838645272,-0.25928446115000003,0.07502896425,0
794,0.0,0.04610894755,3.0,-0.30028400359999996,-0.23871425315,0.0789106025,0
795,0.0,0.0510056818,3.0,-0.2590445833,-0.25049768805,0.061299422400000005,0
796,0.0,0.00347531,3.0,-0.18051217175,-0.1399904676,0.13429276675000001,0
797,0.0,0.0378516963,4.0,-0.33109278924999996,-0.29950087189999997,0.0889729252,0
798,2.0,0.02585481235,4.0,-0.2034078366,-0.1636975151,0.11432340415,1
799,0.0,0.04500961125,1.0,-0.2957103092,-0.26710709730000004,0.07143086005,0
800,0.0,0.00997921765,2.0,-0.19375027350000001,-0.16217697814999998,0.1314534302,0
801,0.0,0.024008396549999998,2.0,-0.194906889,-0.15081890055,0.1209117821,1
802,2.0,0.0629819466,2.0,-0.2000992882,-0.16091582675,0.0744269663,1
803,2.0,0.050887757199999994,4.0,-0.16805232344999999,-0.1488658865,0.09254467704999998,1
804,1.0,0.04907668945,5.0,-0.18306809364999999,-0.16467723815,0.09423813284999999,1
805,1.0,0.05031226775,5.0,-0.2348034088,-0.1500609937,0.09288466549999999,1
806,0.0,0.0436891031,3.0,-0.28246665905,-0.26916148975,0.07238999555,0
807,1.0,0.05176103105,3.0,-0.2078860866,-0.1881265607,0.08815559205000001,1
808,0.0,0.03513022005,3.0,-0.31682831089999997,-0.31010752880000003,0.0851066119,0
809,0.0,0.033737225100000004,4.0,-0.28011303185,-0.2712357619,0.08338006025,0
810,0.0,0.03666064725,3.0,-0.31337689150000003,-0.2428857433,0.08107400265,0
811,1.0,0.04111805955,3.0,-0.1994950719,-0.1633902196,0.09713333075,1
812,1.0,0.03608377825,3.0,-0.242704794,-0.18179740095,0.08152744095,1
813,0.0,-0.0468407988,1.0,-0.22419590405,-0.2123653245,0.15268354644999999,0
814,0.0,0.0341598877,3.0,-0.31662029855,-0.25629157305,0.08747118165000001,0
815,0.0,0.0203247881,4.0,-0.2090695117,-0.15004425254999998,0.10638434935000002,1
816,1.0,0.0517342924,3.0,-0.20236638725,-0.18514049265,0.07559187355,1
817,0.0,0.0427599068,1.0,-0.29442864685000003,-0.27010658590000003,0.0753313183,0
818,0.0,0.0354984407,3.0,-0.28834936925,-0.2596565666,0.0905245607,0
819,0.0,0.032349199800000006,3.0,-0.3132985213,-0.2822081088,0.08294828635000001,0
820,0.0,0.02957506335,3.0,-0.29601461355,-0.25176430225,0.0855655981,0
821,2.0,0.056766307,2.0,-0.19320786855,-0.1276320301,0.09096266885000001,1
822,1.0,0.040587263799999995,5.0,-0.2238926704,-0.15720688215,0.09338658665,1
823,0.0,0.040834101149999996,2.0,-0.2245284018,-0.1901162374,0.10108498604999999,1
824,2.0,0.049808543100000005,4.0,-0.22106422145,-0.09260291595,0.0840731249,1
825,0.0,-0.01398273005,1.0,-0.18126738335,-0.16564918525,0.12940233005000001,0
826,0.0,0.04272030715,4.0,-0.266260147,-0.26158780835,0.0772840198,0
827,0.0,0.0293181416,2.0,-0.21016721045,-0.1210966902,0.1149913224,1
828,2.0,0.07584261745000001,2.0,-0.25601634409999996,-0.23355770855000002,0.060753926749999985,1
829,0.0,0.024993095200000003,3.0,-0.2788722037,-0.26503196205,0.08897060470000001,0
830,1.0,0.061953871849999995,1.0,-0.2156561227,-0.16766779380000002,0.072561771,1
831,0.0,0.035173103750000004,2.0,-0.21430423739999999,-0.1228450349,0.10716538850000001,1
832,2.0,0.0586861773,4.0,-0.1705197526,-0.12935641645,0.08051432605,1
833,0.0,0.03042262875,4.0,-0.3006645982,-0.2774847241,0.08672877905000001,0
834,0.0,0.02886585695,4.0,-0.29335454065,-0.26701842909999995,0.0861355971,0
835,1.0,0.0504897354,3.0,-0.20530048210000001,-0.10295579085,0.0762516867,1
836,0.0,0.033424498,3.0,-0.3053632194,-0.28952429440000005,0.0899992443,0
837,1.0,0.0480043057,3.0,-0.18683132754999998,-0.17842712589999998,0.07620646025000001,1
838,0.0,0.031589919849999995,3.0,-0.34743819675,-0.28488367085,0.09576312719999999,0
839,0.0,0.04205778795,3.0,-0.2975984508,-0.28116350570000004,0.07328959615,0
840,0.0,0.0494829173,2.0,-0.33178713025,-0.2391742895,0.060143533250000006,1
841,0.0,0.021919805,2.0,-0.2129831641,-0.15503395425,0.1089879765,1
842,1.0,0.05473549035,3.0,-0.2180624625,-0.1986541571,0.0743156908,1
843,0.0,0.0263446594,4.0,-0.2175357368,-0.16087465265,0.10096915725,1
844,0.0,0.04519559915,3.0,-0.2895842127,-0.2769782301,0.0783322412,0
845,0.0,0.0196378129,4.0,-0.19796889265,-0.1457170714,0.11008426100000002,1
846,0.0,0.00528049205,4.0,-0.2145917346,-0.1556162911,0.1406279232,1
847,2.0,0.0530973591,4.0,-0.19759754195,-0.13383352315,0.09827203870000001,1
848,0.0,0.03262995885,3.0,-0.33871325695,-0.3073284611,0.0955678575,0
849,0.0,0.021854131800000003,3.0,-0.3351464648,-0.29910109875,0.10359915455000002,0
850,1.0,0.053928115949999994,3.0,-0.20474768455,-0.19526713345000002,0.0869283223,1
851,0.0,0.02815473775,3.0,-0.2850505041,-0.2511351041,0.08108013280000001,0
852,0.0,0.0088775304,1.0,-0.17854213835,-0.1466686611,0.13397476765,0
853,0.0,0.01132638675,2.0,-0.2094001398,-0.16785140939999998,0.12259059825,1
854,0.0,0.02622973185,3.0,-0.31501155815000004,-0.2981470518,0.10453754909999999,0
855,0.0,0.047926081999999995,1.0,-0.331844257,-0.29829783475,0.068891068,1
856,1.0,0.02670523175,3.0,-0.1972631928,-0.15081293750000002,0.09722015295,1
857,0.0,0.0280284151,3.0,-0.30703249255,-0.28818720035,0.09630349564999999,0
858,1.0,0.041367655200000006,3.0,-0.2408815743,-0.18369147014999998,0.09266635359999999,1
859,2.0,0.03400480105,2.0,-0.20611247985,-0.1987158693,0.0887308192,1
860,0.0,0.0251295993,3.0,-0.30879810220000004,-0.28650571695000004,0.09185354995,0
861,0.0,0.01876124375,1.0,-0.19557893485,-0.17603715135,0.11118653079999999,0
862,1.0,0.037673393750000006,3.0,-0.20208723315,-0.18830308645,0.08886699540000001,1
863,0.0,0.03915025515,3.0,-0.28284150895000004,-0.26600242545,0.07856601760000001,0
864,1.0,0.042409134599999995,3.0,-0.18916388595,-0.15519619680000002,0.08716298465,1
865,0.0,0.0411740971,3.0,-0.2772603439,-0.2679581502,0.0712557727,0
866,0.0,0.034927498700000004,3.0,-0.30289904300000003,-0.27433333169999996,0.08412994805,0
867,0.0,0.0233627091,2.0,-0.1897192333,-0.16073297185000002,0.10625091040000001,1
868,0.0,0.030551982999999998,2.0,-0.2123875607,-0.16011805015,0.10398836265,1
869,1.0,0.0573450816,3.0,-0.21999096089999998,-0.09959467690000001,0.08076721065,1
870,1.0,0.01856038995,3.0,-0.22406383275,-0.15887399985,0.1181717905,1
871,0.0,0.030634512500000002,4.0,-0.30815408035,-0.2603008579,0.09325801195,0
872,0.0,0.006458846250000001,2.0,-0.2234821756,-0.15576386669999998,0.1391609627,1
873,0.0,0.02025359995,1.0,-0.203720844,-0.17216106905,0.0992431083,0
874,0.0,0.01718442425,2.0,-0.1823115032,-0.15507393790000001,0.12890119085,1
875,2.0,0.06516372225,3.0,-0.19909190995,-0.18430032195,0.0702935337,1
876,0.0,0.04845352605,2.0,-0.27391248105,-0.24820536445,0.07016393744999999,0
877,1.0,0.0536752325,3.0,-0.1990077134,-0.1874879205,0.07859860794999998,1
878,0.0,0.00706075855,4.0,-0.19359994949999998,-0.1523570293,0.13025595489999997,0
879,0.0,0.00254594935,4.0,-0.19350518039999998,-0.1541875519,0.1276996153,0
880,0.0,0.02659933745,2.0,-0.20740664645,-0.1458487968,0.11113666585,1
881,0.0,0.05784793555,1.0,-0.2725648177,-0.25865872935,0.06672786365,0
882,0.0,0.02487338745,2.0,-0.19185187464999998,-0.15928859704999998,0.1177308222,1
883,0.0,0.039213521249999994,4.0,-0.251304281,-0.2304367557,0.07167814959999999,0
884,2.0,0.0512062516,4.0,-0.22578705524999998,-0.10699352555,0.09332641265,1
885,1.0,0.0409730544,3.0,-0.23669282725000002,-0.11471193055000001,0.10467263625,1
886,0.0,0.0282055513,3.0,-0.31815956744999996,-0.2827022927,0.09383031524999999,0
887,0.0,0.01860733045,2.0,-0.2188056492,-0.16179025565,0.11811175264999998,1
888,0.0,0.0418849976,1.0,-0.29869203525,-0.2612628881,0.0712672294,1
889,2.0,0.0392037895,4.0,-0.1639151833,-0.15545971079999998,0.08120519145,1
890,0.0,0.051497469350000005,4.0,-0.28994879195,-0.20559885395,0.07853344474999999,0
891,0.0,0.0098501325,1.0,-0.20931562325,-0.15472377874999999,0.13096395855,0
892,2.0,0.06696537934999999,3.0,-0.20683028295,-0.19588399415,0.07917744139999999,1
893,1.0,0.0564206768,3.0,-0.27524533515,-0.25602384725000005,0.08074962859999998,1
894,0.0,0.0456352733,3.0,-0.29618277915,-0.278496155,0.06090776685,0
895,0.0,0.049852148299999996,3.0,-0.29824386950000004,-0.2504182545,0.06877344925000001,0
896,0.0,0.044201475399999995,3.0,-0.2760587803,-0.25806044485,0.07312586770000001,0
897,1.0,0.03098416995,3.0,-0.22862955270000002,-0.20109709679999999,0.1211656741,1
898,1.0,0.026327656550000002,3.0,-0.21709738695,-0.20720292215,0.10934081365000001,1
899,0.0,0.034682879099999994,4.0,-0.30322887369999996,-0.2598241497,0.08342316485,0
900,1.0,0.0303446185,3.0,-0.21906766615,-0.18868685725,0.1101487219,1
901,0.0,0.046388050900000005,3.0,-0.28763141025,-0.27300690995,0.07769991055,0
902,0.0,0.0544086265,1.0,-0.29359294285,-0.28286095545,0.06870519110000001,0
903,2.0,0.0447456451,4.0,-0.1425649236,-0.13647488905,0.08087185355,1
904,2.0,0.03823523115,4.0,-0.21407361305,-0.1829075469,0.08766321245,1
905,0.0,0.02468273185,2.0,-0.2371288177,-0.17394746795,0.10860792955000001,1
906,0.0,0.038541119250000005,4.0,-0.33479696225,-0.26457597715000003,0.08385743655,0
907,0.0,0.03551224035,1.0,-0.29871282485,-0.2473398102,0.0752131612,0
908,0.0,0.01347742975,2.0,-0.2025150357,-0.17242314679999998,0.12282876255,1
909,2.0,0.052793634299999996,6.0,-0.21570320155,-0.08819952365,0.09210058955,1
910,1.0,0.03917573345,5.0,-0.21631874155,-0.16092563895,0.1068918579,1
911,2.0,0.0410951846,4.0,-0.23146354675,-0.2102878882,0.10399830445000001,1
912,1.0,0.01887089335,3.0,-0.2246262966,-0.17499567535,0.12446623035,1
913,0.0,0.0025425495,1.0,-0.2460057964,-0.17473877895,0.1294671419,0
914,0.0,0.02952850335,3.0,-0.29116025425000003,-0.24668484165,0.08363022795,0
915,2.0,0.040911381100000005,4.0,-0.18766896665,-0.1551922301,0.10025323294999999,1
916,0.0,-0.03233563135,1.0,-0.2231710471,-0.1317801438,0.16677084255,0
917,0.0,0.01731974155,1.0,-0.22005538295,-0.16704086105,0.11959900244999999,0
918,0.0,0.03934127085,3.0,-0.3050885101,-0.27863999765,0.07092837255,1
919,0.0,-0.0489600045,1.0,-0.2534713217,-0.178953307,0.18937248625,0
920,2.0,0.0516536555,2.0,-0.20869377335,-0.15707686604999999,0.0875125701,1
921,2.0,0.029094698250000002,6.0,-0.2076319763,-0.151867375,0.11105594130000002,1
922,2.0,0.044959604550000004,4.0,-0.2187469924,-0.18693974675,0.09111489889999999,1
923,0.0,0.0372384403,4.0,-0.31117402520000004,-0.23319801155,0.0895394508,0
924,0.0,0.05708432075,2.0,-0.26953610159999997,-0.23449079185,0.0652548999,0
925,2.0,0.06723898780000001,4.0,-0.1839259707,-0.15167443260000002,0.06677288954999999,1
926,0.0,0.0389052122,3.0,-0.28941481864999996,-0.27818229019999996,0.07666652665,0
927,0.0,0.0281932717,2.0,-0.29621396395,-0.2870998696,0.0933256138,0
928,2.0,0.059858191049999995,6.0,-0.2517282298,-0.09405266795,0.08590518485000001,1
929,2.0,0.05605149575,4.0,-0.16501842795,-0.1355558274,0.0833987555,1
930,0.0,-0.0168576494,1.0,-0.15839510055,-0.10869581919999999,0.1527858547,0
931,2.0,0.06472026675,6.0,-0.22223129055000002,-0.08336752505,0.07489837469999999,1
932,0.0,0.0381303315,1.0,-0.2964054991,-0.28715295139999997,0.07789874655,0
933,0.0,0.0294568281,3.0,-0.3410833864,-0.3320213015,0.09752336684999999,0
934,2.0,0.05015932435,4.0,-0.16425355409999998,-0.1361294843,0.09011787595000001,1
935,0.0,0.016084751350000003,2.0,-0.23596233445,-0.1705148663,0.1220455176,1
936,0.0,0.00071516595,2.0,-0.21762287754999998,-0.16414557595,0.14098803765,1
937,1.0,0.0471823718,1.0,-0.2990057535,-0.272632029,0.07258052745000002,1
938,2.0,0.04905266955,4.0,-0.1866996453,-0.12670219075,0.08191498305000001,1
939,0.0,0.03645857575,3.0,-0.33575142334999997,-0.31500874525,0.08535322640000001,0
940,0.0,0.03328336625,4.0,-0.30335389795,-0.271295273,0.0900466244,0
941,2.0,0.0447618412,4.0,-0.15577939154999998,-0.14362441365,0.09345949135,1
942,2.0,0.0453674696,4.0,-0.1822799688,-0.12576732135000002,0.0923501897,1
943,2.0,0.03968066435,4.0,-0.21599733335,-0.19205208685,0.10199271620000001,1
944,1.0,0.0243987429,5.0,-0.22201000905,-0.14350348145,0.12308495950000001,1
945,0.0,0.0256298755,4.0,-0.21182455225000002,-0.14325567385,0.11274816430000001,1
946,0.0,0.03913647065,4.0,-0.2846766653,-0.2416486246,0.075113768,1
947,0.0,0.0235472588,3.0,-0.33332200170000004,-0.27834716555,0.1047937784,0
948,2.0,0.0622386892,5.0,-0.21511433135,-0.08160822325,0.07512364495000001,1
949,0.0,0.0400197548,3.0,-0.3185450304,-0.2718337438,0.0661631537,0
950,2.0,0.06393849415,4.0,-0.2360505349,-0.1047450923,0.07274196005,1
951,2.0,0.057790136049999996,4.0,-0.2217604376,-0.09809530705,0.0873152795,1
952,2.0,0.0610260432,4.0,-0.20543960345,-0.0820137047,0.07793564135,1
953,0.0,0.04050630535,1.0,-0.30532698739999997,-0.30098483015,0.08182242235,0
954,0.0,0.0308316574,1.0,-0.33584690345,-0.3035083903,0.08512054395000002,0
955,0.0,0.03819611055,4.0,-0.30687646785,-0.28664360545,0.07287777275,0
956,0.0,0.038609725600000006,2.0,-0.18771327934999998,-0.14729969250000002,0.09958505355,1
957,1.0,0.06773339005000001,3.0,-0.23089767545,-0.20145092455,0.06473310115,1
958,1.0,0.0557392056,1.0,-0.2253457874,-0.202335295,0.07979939594999999,1
959,0.0,0.02131255125,3.0,-0.32711892524999997,-0.31610950304999996,0.10784737395,0
960,2.0,0.0488079781,4.0,-0.21018523795,-0.15540563035,0.0862695485,1
961,0.0,0.033616531899999996,2.0,-0.18843810584999998,-0.14813186085000002,0.10974612385,1
962,0.0,0.0246828273,2.0,-0.314336915,-0.29421504945,0.09757534914999999,0
963,0.0,0.034699882700000004,3.0,-0.313178825,-0.2854794968,0.08450119265,0
964,0.0,0.04803121875,3.0,-0.32441411485000005,-0.3179404177,0.06427960985,0
965,2.0,0.05945821895,2.0,-0.1938174852,-0.1493583318,0.08359417035000001,1
966,2.0,0.056199757,2.0,-0.22404288695000002,-0.1747865162,0.08057166834999999,1
967,2.0,0.05934527705,4.0,-0.1959814523,-0.15676581914999999,0.08584346225,1
968,0.0,0.0378674138,2.0,-0.32645971725,-0.3058419578,0.07251564455000001,0
969,1.0,0.0459512126,3.0,-0.2336214049,-0.1235736986,0.09697325794999999,1
970,0.0,0.007663219000000001,3.0,-0.1835588866,-0.17193886645,0.1296821266,0
971,0.0,0.041743555249999995,1.0,-0.2556174498,-0.25063217465,0.08413378695,0
972,0.0,0.0354086247,3.0,-0.31452880005,-0.29913582164999997,0.0825520994,0
973,1.0,0.0190214574,3.0,-0.2156006228,-0.15847249730000001,0.1065950824,1
974,1.0,0.033173540050000005,3.0,-0.22590806665,-0.1559278795,0.1005049052,1
975,1.0,0.0176172162,3.0,-0.19824523755,-0.15090043465,0.11057977125,1
976,0.0,0.03407412925,3.0,-0.30406987135,-0.28068617055,0.08244668075,0
977,0.0,0.06833426884999999,2.0,-0.2393084322,-0.22672484599999998,0.0583102743,0
978,0.0,0.011024985800000001,2.0,-0.1972574594,-0.15201806395,0.11398266335000001,1
979,2.0,0.05874534635,4.0,-0.24518949475,-0.21186534945,0.0810464833,1
980,1.0,0.037857106700000004,3.0,-0.2069009616,-0.15015004285,0.0809237991,1
981,0.0,0.0207242097,2.0,-0.21029762070000002,-0.15512164725,0.10871824845,1
982,0.0,0.037087085000000006,4.0,-0.3350567515,-0.3008244532,0.07067380565,0
983,2.0,0.0520289023,2.0,-0.2105576358,-0.16017134654999998,0.0717686426,1
984,2.0,0.050434511099999996,4.0,-0.18434516135,-0.12664135045000002,0.05975807955,1
985,0.0,0.042802516900000004,1.0,-0.32597244185,-0.2729031396,0.0738218194,0
986,0.0,0.0531744285,2.0,-0.1819663937,-0.0948516089,0.08727450319999999,1
987,3.0,0.06778378485,6.0,-0.2514646183,-0.07064024475,0.0564329908,1
988,0.0,0.04040431555,4.0,-0.28112172575,-0.25836325940000004,0.0737748728,0
989,0.0,0.042079273599999995,3.0,-0.29511940915,-0.2661357909,0.06137538225,1
990,0.0,0.039132514,2.0,-0.19752296930000002,-0.17741005615,0.10220281995,1
991,0.0,0.014170534450000001,2.0,-0.216787953,-0.16969440535,0.1303020634,1
992,0.0,0.048650759,3.0,-0.3193512708,-0.3069838111,0.0719079123,0
993,0.0,0.048840258,2.0,-0.24583995715,-0.19789302515,0.0939196491,1
994,0.0,0.0364291765,3.0,-0.31734814985,-0.2775830614,0.0756907535,0
995,1.0,0.0290646166,3.0,-0.2405376996,-0.2345928331,0.10601971569999999,1
996,0.0,0.030854338600000003,3.0,-0.33901501365,-0.26217125815,0.0921781528,0
997,2.0,0.04789900355,4.0,-0.2259016059,-0.2101467761,0.1007683209,1
998,0.0,0.040659807049999996,3.0,-0.31945002885,-0.30807553995,0.0802195923,0
999,1.0,0.058790283449999994,3.0,-0.23100249625000002,-0.18555921955,0.0788681725,1
1000,2.0,0.04999196675,4.0,-0.20889066885000002,-0.17855865215,0.08809621345,1
1001,0.0,0.0325209957,2.0,-0.21583524965,-0.15462445390000001,0.09925620869999999,1
1002,0.0,0.02950021195,4.0,-0.29740776195,-0.2812585789,0.09564104139999999,0
1003,0.0,0.02622441705,2.0,-0.2295982729,-0.169811812,0.10706423764999999,1
1004,0.0,0.030226109,2.0,-0.18519014235,-0.15499531175,0.11097494135,1
1005,0.0,0.04730397175,3.0,-0.26743527425,-0.22939989485,0.07116026425,0
1006,0.0,0.04391134635,3.0,-0.30906035234999996,-0.28384769895,0.07646405585,0
1007,1.0,0.050174573550000004,3.0,-0.22890774749999998,-0.22138933845,0.08779130615,1
1008,0.0,0.0380576242,4.0,-0.31021478705,-0.290899805,0.0833036698,0
1009,0.0,0.043124303,3.0,-0.2490411226,-0.2318108849,0.06317197199999999,1
1010,0.0,0.028593175499999998,2.0,-0.18672763065,-0.1530790265,0.10301827435,1
1011,3.0,0.0629535321,5.0,-0.18233988495,-0.15523697339999998,0.0705877315,1
1012,0.0,0.034046700799999996,2.0,-0.1803976305,-0.1492583884,0.09864229529999999,1
1013,0.0,0.01582652145,3.0,-0.2036928517,-0.1453863783,0.12389616340000001,0
1014,0.0,0.0431384919,3.0,-0.27072508015,-0.24387277415,0.076234191,0
1015,2.0,0.06652703995,3.0,-0.24636886765,-0.1504898444,0.0687849925,1
1016,1.0,0.041741688,3.0,-0.20585283225,-0.15739041785000002,0.09586489895,1
1017,0.0,0.0458499361,1.0,-0.29545306829999995,-0.2616646937,0.06837766284999999,0
1018,0.0,0.033418905949999994,1.0,-0.29717811925,-0.2856325716,0.08048201905,0
1019,0.0,0.0289901694,1.0,-0.20251901384999998,-0.14538879030000001,0.1003254924,1
1020,0.0,0.027753118,4.0,-0.20602952260000001,-0.1424516764,0.10175305679999999,1
1021,0.0,0.04528941945,3.0,-0.25766768355,-0.23412513175,0.07293576994999999,0
1022,0.0,0.0428382604,3.0,-0.31589315245,-0.2728694413,0.08216233845,0
1023,1.0,0.035914373050000004,3.0,-0.19096463554999998,-0.17573145169999999,0.1014073221,1
1024,0.0,0.03782776505,3.0,-0.31347500679999996,-0.28542203145,0.080053679,0
1025,0.0,0.04780900415,2.0,-0.28916480629999997,-0.22049552,0.0750254864,0
1026,2.0,0.0710276207,2.0,-0.20477170995,-0.1808998706,0.06547301345,1
1027,0.0,0.0220656401,6.0,-0.21565188365,-0.15469498445000002,0.1090595577,0
1028,1.0,0.054550189,3.0,-0.19690850845000002,-0.18247532435,0.0849123343,1
1029,0.0,0.033414109649999996,3.0,-0.3034042118,-0.26942246425,0.0766180903,0
1030,0.0,0.03062324555,3.0,-0.31283801915,-0.25302997834999996,0.09555528555000001,0
1031,1.0,0.06839444745,4.0,-0.232340168,-0.0680730054,0.061684054099999996,1
1032,2.0,0.05795803845,4.0,-0.2148795534,-0.09237857015,0.08251807964999999,1
1033,2.0,0.057304141,2.0,-0.22544878915,-0.1035172574,0.0796491715,1
1034,0.0,-0.0076611673499999994,1.0,-0.192475982,-0.1801397497,0.13716629245,0
1035,0.0,0.05248456755,3.0,-0.27224043499999995,-0.2357770885,0.0669225227,0
1036,0.0,0.03060798905,4.0,-0.29956551085,-0.2763892262,0.0830064823,0
1037,0.0,0.017525157450000002,1.0,-0.22322870145,-0.18804253045000002,0.1122068064,0
1038,1.0,0.0499212478,3.0,-0.18705644500000002,-0.1296247379,0.0867040716,1
1039,1.0,0.045382066750000005,3.0,-0.2077015874,-0.17802077415,0.08549403685000001,1
1040,0.0,0.028371845399999998,3.0,-0.30355630765,-0.26746821730000003,0.10299590365000001,0
1041,1.0,0.04660446305,3.0,-0.23945962455,-0.2029222126,0.08613153405,1
1042,0.0,0.0229284606,3.0,-0.2903268773,-0.26605904795,0.1097665015,0
1043,0.0,0.016059971200000002,2.0,-0.20907157799999998,-0.1478619768,0.11918612370000001,1
1044,0.0,0.04394460875,1.0,-0.28087979534999996,-0.2520700868,0.0732947501,0
1045,0.0,0.0076510493,1.0,-0.21237226944999998,-0.17528052145,0.1276887935,0
1046,0.0,0.0316417645,4.0,-0.26997463065000005,-0.233733386,0.08389401265,0
1047,2.0,0.05342058995,4.0,-0.17485932325,-0.11445419425,0.0887620866,1
1048,0.0,0.02249546385,2.0,-0.22759503450000002,-0.13194352399999998,0.11903709755,1
1049,1.0,0.0208295565,3.0,-0.1589335302,-0.0995542168,0.10512094115000001,1
1050,0.0,0.017470110650000002,2.0,-0.20536792729999997,-0.1390927469,0.11783916335,1
1051,0.0,0.04414243005,3.0,-0.27877533085,-0.2413926361,0.085747405,0
1052,2.0,0.0622668513,4.0,-0.19923357545,-0.1822184603,0.06693958285000001,1
1053,2.0,0.06072494035,4.0,-0.19696948015,-0.1351789778,0.08305348840000001,1
1054,0.0,0.0613185185,2.0,-0.24087693315,-0.2001268044,0.06657775129999999,0
1055,0.0,0.01341490045,1.0,-0.2074162497,-0.16830890925,0.11594165945000001,0
1056,0.0,0.0290907739,4.0,-0.29858616075,-0.26786550045,0.09050755275,0
1057,0.0,0.0384434071,3.0,-0.2857012685,-0.25412922855,0.07696889825,0
1058,1.0,0.03745021785,3.0,-0.1841800157,-0.12619433825,0.10099845849999999,1
1059,0.0,0.03680340735,3.0,-0.30278746855000005,-0.2746929112,0.07712992315,0
1060,0.0,0.0359046236,3.0,-0.31847815455,-0.24474458100000002,0.08107926034999999,0
1061,0.0,0.04194547875,1.0,-0.317947655,-0.242546857,0.07134267794999999,0
1062,0.0,0.02977008715,3.0,-0.2075619849,-0.15173562405000002,0.07834339374999999,1
1063,0.0,0.01719307385,1.0,-0.19023248825,-0.1685854903,0.11507161490000001,0
1064,0.0,0.026176085199999997,2.0,-0.200488547,-0.1429828643,0.08356107239999999,1
1065,0.0,0.043062398099999996,4.0,-0.2862042787,-0.2265162454,0.0784626447,0
1066,0.0,0.04408135935,3.0,-0.2929263182,-0.25788842525,0.0744330706,0
1067,1.0,0.056784237050000005,3.0,-0.1295530724,-0.1144162227,0.07110936595,1
1068,0.0,0.039316372200000005,3.0,-0.2913216679,-0.286210583,0.07909285094999999,0
1069,1.0,0.05493825065,3.0,-0.20636859559999998,-0.17910178399999999,0.06428502465,1
1070,1.0,0.0450226613,3.0,-0.21133906755,-0.1895808188,0.0644996447,1
1071,0.0,0.03647172635,3.0,-0.30807313555,-0.26213871825,0.0847939314,0
1072,0.0,0.0399506201,4.0,-0.26473804875,-0.2626218535,0.06409477934999999,0
1073,1.0,0.04588528505,3.0,-0.14111430390000002,-0.12609136,0.06794908564999999,1
1074,1.0,0.046483775899999996,3.0,-0.13658114015,-0.12164025485,0.0653543074,1
1075,2.0,0.050930217400000005,4.0,-0.1514165046,-0.11320025775,0.08190974650000002,1
1076,0.0,0.0314224115,2.0,-0.2005990018,-0.14630489024999999,0.07558887755000002,1
1077,0.0,0.00510818325,1.0,-0.1960285731,-0.15315095525,0.1432784803,0
1078,0.0,0.0450549449,3.0,-0.33721920125000004,-0.32940725024999995,0.050053929100000005,1
1079,0.0,0.0437329476,4.0,-0.3450839039,-0.31792669215,0.05282588654999999,1
1080,0.0,0.0139691369,3.0,-0.22415237510000002,-0.1716310183,0.11164698470000001,1
1081,0.0,0.046742436,1.0,-0.30272250840000003,-0.2723035169,0.0675702636,0
1082,0.0,0.0248949382,2.0,-0.21960086010000002,-0.15138120305000002,0.10528272679999999,1
1083,0.0,0.0263090584,1.0,-0.30486082675000004,-0.29550139495000005,0.0938239793,0
1084,0.0,0.03834348815,4.0,-0.32016490934999997,-0.3104723871,0.0853640639,0
1085,1.0,0.0445867915,3.0,-0.26745255505,-0.1933398944,0.08514607554999999,1
1086,2.0,0.05853129895,5.0,-0.21977394345,-0.07576049665000001,0.07660937879999999,1
1087,0.0,0.023553858400000002,1.0,-0.1635217691,-0.10348226434999999,0.10662474735,1
1088,2.0,0.057746682650000006,4.0,-0.1890096127,-0.14987380455,0.08411904845000001,1
1089,2.0,0.04957537965,6.0,-0.2149258014,-0.09124561049999999,0.09881302830000001,1
1090,2.0,0.06989946035,4.0,-0.24881209045,-0.1276647575,0.06784555949999999,1
1091,0.0,0.0455701534,3.0,-0.2714693361,-0.25449338374999997,0.0681201686,0
1092,0.0,0.0119263543,1.0,-0.25393467125,-0.17924730285,0.12209234494999999,0
1093,0.0,0.04154307435,2.0,-0.14025086520000002,-0.13206146095,0.0959669269,1
1094,0.0,0.043076503599999996,4.0,-0.2528782793,-0.25205821900000003,0.0683626564,1
1095,1.0,0.037751005500000004,3.0,-0.19981061955,-0.1722250239,0.0936931333,1
1096,0.0,0.02794307195,2.0,-0.1762531415,-0.14891817245,0.1050697212,1
1097,0.0,0.045628800649999995,1.0,-0.30190140825,-0.24520401045,0.0752782554,0
1098,1.0,0.02841150665,3.0,-0.19155082315,-0.17568979245,0.10250072015,1
1099,0.0,0.03802857835,1.0,-0.28806560745,-0.26610870855,0.08686538525000001,0
1100,1.0,0.047105684450000004,3.0,-0.2381528918,-0.18348296990000001,0.07591488539999999,1
1101,0.0,0.0380168931,5.0,-0.28332470860000003,-0.25508191115,0.08325385015,0
1102,0.0,0.0459814296,1.0,-0.27881771815,-0.27094737355,0.062050231750000004,0
1103,0.0,0.03674962105,3.0,-0.30358232009999997,-0.25557315589999996,0.0893105199,0
1104,0.0,0.0259974261,2.0,-0.21915093465000002,-0.1816467276,0.10456461560000001,1
1105,0.0,0.0161719178,6.0,-0.22277626355,-0.15330987434999999,0.11174637955,0
1106,0.0,0.033077572,2.0,-0.26906757150000005,-0.23891687805,0.08282342910000001,0
1107,0.0,0.0273843456,2.0,-0.19802627895000002,-0.1396365339,0.0928073788,1
1108,0.0,0.04014426535,3.0,-0.3052562067,-0.2833245454,0.06755694485,0
1109,1.0,0.04285645425,3.0,-0.20133650575,-0.17162073849999998,0.08684056579999999,1
1110,0.0,-0.0037874916500000005,1.0,-0.18491516395000002,-0.156940624,0.1404335589,0
1111,0.0,0.0370106769,4.0,-0.3051143626,-0.29386806805,0.07818745425000001,0
1112,0.0,0.0291834952,2.0,-0.20839673409999998,-0.17241583885,0.1008733758,1
1113,0.0,0.0443158891,3.0,-0.26824717435,-0.26592235070000003,0.06662619755,0
1114,0.0,0.04730923055,4.0,-0.24872889525,-0.2123308486,0.0751596464,1
1115,1.0,0.0556721569,1.0,-0.2043518987,-0.18990603244999998,0.07654172875000001,1
1116,1.0,0.059827106399999996,3.0,-0.2268783221,-0.20454582095,0.07880288515,1
1117,0.0,0.0022122123,4.0,-0.1727586846,-0.13807148715,0.1372271085,0
1118,0.0,0.0308068289,3.0,-0.20928527185,-0.1502621731,0.10127504745,1
1119,1.0,0.0482955381,3.0,-0.27803266525000003,-0.1079863458,0.10013333695,1
1120,0.0,0.037278588200000004,4.0,-0.31176482775000003,-0.262372004,0.0860987483,0
1121,0.0,0.03905601935,1.0,-0.29978116084999995,-0.29233267405,0.0812726476,0
1122,0.0,0.025611582600000002,5.0,-0.19431698045,-0.10780530295,0.12161098514999999,1
1123,1.0,0.0571883132,3.0,-0.20735335155,-0.13847268554999997,0.07061897645000001,1
1124,0.0,0.02894984315,3.0,-0.32888185745,-0.30315102895,0.09209974215,0
1125,0.0,0.03016552855,2.0,-0.18628475455,-0.15621520625000002,0.10586495955000001,1
1126,0.0,0.03217829665,2.0,-0.20098758379999998,-0.16211292635000002,0.09904885715,1
1127,1.0,0.05039094505,3.0,-0.2027174712,-0.13271505784999998,0.08812383565,1
1128,0.0,0.05112795815,4.0,-0.29656802355,-0.2672442539,0.0584238064,0
1129,2.0,0.062340492750000004,4.0,-0.24000739095,-0.11817407845,0.0721642955,1
1130,2.0,0.047887869900000005,4.0,-0.19126431065,-0.18083876110000002,0.09460586615,1
1131,1.0,0.0425646838,3.0,-0.20521920119999998,-0.18590168685,0.094585111,1
1132,0.0,0.04006967585,1.0,-0.29851694095000003,-0.274988523,0.0819202795,0
1133,1.0,0.0510316392,3.0,-0.20448033775000002,-0.18078718895,0.09164351450000001,1
1134,1.0,0.05102903515,3.0,-0.28240514195,-0.25034164885,0.06006975145000001,0
1135,0.0,-0.0021855362,1.0,-0.19228050445,-0.18220564490000002,0.14412750715,0
1136,0.0,0.01102316665,2.0,-0.21165198735000001,-0.1503501025,0.12787868395000002,1
1137,2.0,0.05791288185,4.0,-0.2390950103,-0.2282945934,0.08196119724999999,1
1138,1.0,0.048040395,5.0,-0.2231063399,-0.20450708985,0.07886980915,1
1139,0.0,0.05471454915,2.0,-0.20555010195,-0.18341751195,0.0736835567,1
1140,1.0,0.0404203131,3.0,-0.23415590605,-0.2104767478,0.0814541648,1
1141,0.0,0.0186900869,1.0,-0.30776855960000005,-0.303104296,0.11136464780000001,0
1142,1.0,0.03775285445,3.0,-0.19752412060000002,-0.1397840328,0.08623794785,1
1143,2.0,0.0455999983,4.0,-0.2229161375,-0.20925394315,0.0768876866,1
1144,2.0,0.04162638185,4.0,-0.1767325523,-0.16948367365,0.0959375015,1
1145,2.0,0.0671612848,4.0,-0.21354871535,-0.16069883899999998,0.0652417102,1
1146,0.0,0.047248542399999996,4.0,-0.31028877494999996,-0.28107667875,0.06939594355,0
1147,0.0,-0.01624249565,1.0,-0.2094451301,-0.06515313625,0.15021889459999999,0
1148,2.0,0.06147095485,4.0,-0.20859304010000002,-0.20169272314999998,0.07265079569999999,1
1149,1.0,0.0548192707,3.0,-0.2334741356,-0.2208046983,0.07812825479999999,1
1150,2.0,0.0410491715,4.0,-0.18754179135,-0.1706799512,0.09516435535000001,1
1151,1.0,0.05457908685,3.0,-0.2366620998,-0.21592472535,0.0822667421,1
1152,0.0,0.0301291996,3.0,-0.2988690072,-0.29197637595000003,0.0868790652,0
1153,0.0,0.0417756159,1.0,-0.2829802274,-0.2647344298,0.0686223386,0
1154,0.0,0.037793498849999996,3.0,-0.2973552721,-0.2825033275,0.07496203274999999,0
1155,1.0,0.047304561849999996,3.0,-0.2788394703,-0.21338311385,0.07927623525000001,1
1156,0.0,0.0009469490499999999,2.0,-0.19894851125000002,-0.14354260484999998,0.13483028870000002,0
1157,0.0,-0.01252956125,1.0,-0.1804739165,-0.1466162805,0.1491438466,0
1158,1.0,0.05476369265,3.0,-0.30409020924999997,-0.29804741805,0.06537722509999999,1
1159,0.0,-0.0023875456,4.0,-0.17726118715,-0.1409449348,0.137034403,0
1160,0.0,0.04065362015,3.0,-0.28901871165000004,-0.25550980285,0.0737774025,0
1161,2.0,0.058885017600000006,4.0,-0.24252041875,-0.12207430295,0.0911083912,1
1162,0.0,0.0503775194,1.0,-0.2601854987,-0.24432061385,0.06110026960000001,1
1163,1.0,0.0476786596,3.0,-0.20841368445,-0.18383392095,0.08436329710000001,1
1164,0.0,0.0417229326,1.0,-0.292736276,-0.28452119109999996,0.07648890005,0
1165,1.0,0.04183759535,3.0,-0.21726094875000002,-0.20632127635,0.08907073479999998,1
1166,1.0,0.039666091050000005,3.0,-0.21458701354999998,-0.19411061610000002,0.09347743480000001,1
1167,0.0,0.0177718922,2.0,-0.20236978985,-0.1806707629,0.1216729239,1
1168,0.0,0.03167985625,3.0,-0.29668374845,-0.27263232165,0.0972925635,0
1169,2.0,0.0679417176,4.0,-0.1967952751,-0.11134679495,0.06506776069999999,1
1170,0.0,0.03704216135,2.0,-0.32744304065,-0.29019572915,0.07068717985,0
1171,0.0,-0.034783272000000004,5.0,-0.2325619046,-0.1615871797,0.1673543769,0
1172,0.0,0.0232720961,3.0,-0.310417777,-0.3072251481,0.09712361865,0
1173,0.0,-0.0400625692,5.0,-0.22886998414999998,-0.1537026034,0.17633758435000002,0
1174,0.0,0.03683398715,4.0,-0.28726490930000004,-0.25069127690000004,0.07969945215,0
1175,0.0,0.0442842173,3.0,-0.27050481174999996,-0.20224027265,0.07496445604999999,0
1176,0.0,0.0321367232,5.0,-0.26989452545000003,-0.24274639715000002,0.0848656626,0
1177,0.0,0.0456577367,3.0,-0.2797664006,-0.2509487753,0.0749307049,0
1178,0.0,0.0296976025,1.0,-0.3025736783,-0.2804749476,0.09035591875,0
1179,1.0,0.051786200850000005,3.0,-0.3136974009,-0.3064607747,0.061564098799999994,0
1180,2.0,0.06522624055,2.0,-0.22038288714999998,-0.1967760397,0.07206205834999999,1
1181,0.0,0.03776050105,1.0,-0.29970822610000003,-0.26672421,0.0835123269,0
1182,0.0,0.03719911335,3.0,-0.30254601535000003,-0.2180746628,0.0846801878,0
1183,1.0,0.0490045084,3.0,-0.3005677576,-0.2741601321,0.0712716303,0
1184,2.0,0.05799829770000001,4.0,-0.24293988225,-0.10689757345,0.08457305279999999,1
1185,0.0,0.0197513998,2.0,-0.21584473755,-0.18479820675,0.11368481755,1
1186,1.0,0.03425848765,3.0,-0.19090350444999998,-0.18109580665,0.09697873815,1
1187,0.0,0.031090080699999998,2.0,-0.1921111533,-0.17507577805,0.10124387145,1
1188,0.0,0.0424482302,3.0,-0.28016647195,-0.2576607902,0.07946180875,0
1189,0.0,0.0297404799,2.0,-0.20115422565,-0.15536265285,0.10687291545,1
1190,0.0,0.029164914950000002,2.0,-0.2168567471,-0.15542622965,0.1108260796,1
1191,0.0,0.03721804145,1.0,-0.26833485609999996,-0.2460859197,0.07510066504999999,0
1192,0.0,-0.01512848065,1.0,-0.18383422355,-0.13835211035,0.15040654814999999,0
1193,0.0,-0.0178256455,1.0,-0.19046433364999998,-0.143135043,0.1527455449,0
1194,0.0,0.016495113,2.0,-0.19579657195,-0.1565120519,0.12639386074999998,1
1195,2.0,0.0608116675,2.0,-0.24644306985,-0.10216666845,0.0827803988,1
1196,2.0,0.05883650515,4.0,-0.25119527625,-0.1307265658,0.0850360953,1
1197,0.0,0.0385308444,1.0,-0.27386021765,-0.2558902736,0.08925398514999999,0
1198,0.0,0.030049310949999998,2.0,-0.2058254245,-0.17056173555,0.10866126495,1
1199,2.0,0.057283763599999996,2.0,-0.1966691902,-0.16727705269999998,0.08206170045,1
1200,0.0,0.0394078979,1.0,-0.2805706877,-0.26616384810000004,0.0897691856,0
1201,1.0,0.0284676673,3.0,-0.21016927945,-0.16113110805,0.1120572719,1
1202,0.0,0.0425198357,2.0,-0.30032625840000005,-0.26421061440000004,0.0722999268,1
1203,2.0,0.04572054035,4.0,-0.21768708595000003,-0.0806570645,0.09616071170000001,1
1204,0.0,0.03782856885,4.0,-0.29460018685,-0.2744753417,0.0751113273,0
1205,0.0,0.035823627649999995,3.0,-0.3143616306,-0.2975033332,0.07786065954999999,0
1206,0.0,0.0320975425,3.0,-0.33236050255,-0.3011070424,0.09554224415,0
1207,2.0,0.04050561925,4.0,-0.19651104390000002,-0.180824079,0.0933725232,1
1208,1.0,0.0473937713,5.0,-0.19563526205,-0.1394765886,0.08565830220000001,1
1209,0.0,0.04238192305,1.0,-0.30451448095,-0.2538872349,0.0719449994,0
1210,0.0,0.0376462392,4.0,-0.2921960908,-0.26466637655,0.0787760548,0
1211,0.0,0.03774835445,4.0,-0.31123215085,-0.3010135664,0.08105060489999999,0
1212,1.0,0.0358282812,5.0,-0.23833192465,-0.1602509239,0.10989808485,1
1213,1.0,0.0446672253,3.0,-0.2140109091,-0.15035820630000002,0.07607386205,1
1214,0.0,0.03047801835,3.0,-0.30715366214999995,-0.29160032905,0.10217522770000001,0
1215,2.0,0.04560129175,4.0,-0.18899098385000002,-0.1300687556,0.09558475764999999,1
1216,0.0,0.047930761350000003,1.0,-0.29317542775000005,-0.27503215415,0.0566535958,0
1217,1.0,0.0417319378,3.0,-0.24012681554999998,-0.23623448565,0.10760978380000001,1
1218,0.0,0.024550101999999997,2.0,-0.1622283313,-0.1190752234,0.10960566050000001,1
1219,0.0,0.028202586,2.0,-0.1855622196,-0.15533769390000002,0.10484254130000001,1
1220,2.0,0.06422345069999999,4.0,-0.20265955565,-0.15223202214999998,0.056030495199999995,1
1221,0.0,0.03157790085,4.0,-0.277414178,-0.25502727140000003,0.08709064225,0
1222,1.0,0.0478432704,4.0,-0.3092827709,-0.29989437455,0.061764449799999996,0
1223,1.0,0.06910128970000001,3.0,-0.1949778525,-0.14856978525,0.066446885,1
1224,2.0,0.049967824699999996,4.0,-0.19633265900000002,-0.18490628775,0.0874839347,1
1225,0.0,0.03985588995,3.0,-0.3045920793,-0.2761339813,0.07864517204999999,0
1226,2.0,0.0525073129,4.0,-0.24269592055,-0.1276894305,0.09510080405000002,1
1227,1.0,0.04783380435,3.0,-0.2184980485,-0.11320954615,0.09926177964999999,1
1228,1.0,0.039104670349999995,3.0,-0.21518552824999998,-0.13038340575000001,0.10927616865,1
1229,2.0,0.0466116396,4.0,-0.22047260115,-0.18061023365,0.08780427825,1
1230,1.0,0.0502757095,3.0,-0.2091075913,-0.1810825692,0.08656743085,1
1231,2.0,0.05406352245,4.0,-0.16954013525,-0.10042946625,0.09099131165,1
1232,1.0,0.0572797304,3.0,-0.20450205165000002,-0.1437883945,0.0844985002,1
1233,0.0,0.046361109149999996,3.0,-0.31689034965,-0.2806726921,0.0708497059,0
1234,1.0,0.03993586665,5.0,-0.211762414,-0.1833899255,0.08873584080000001,1
1235,0.0,0.0265987394,2.0,-0.23835152739999999,-0.17633297475,0.1003844122,1
1236,0.0,0.03440822,2.0,-0.31448870945,-0.29770401915,0.0930990163,0
1237,1.0,0.022569242150000002,3.0,-0.21367934849999998,-0.17287310915,0.11206439874999999,1
1238,0.0,0.017444112,2.0,-0.20787592195,-0.16079056155,0.10980905064999999,1
1239,0.0,0.03570171955,1.0,-0.3196473554,-0.2995701632,0.0766028751,0
1240,0.0,0.02628608265,1.0,-0.1860600315,-0.1636876445,0.0939152891,0
1241,0.0,0.033337506249999996,4.0,-0.30589700995,-0.27819745435,0.09109656555000001,0
1242,0.0,0.0444860557,3.0,-0.2937027163,-0.23096780584999999,0.08229339655,0
1243,0.0,0.03593867665,2.0,-0.21551469839999998,-0.1830043941,0.08454461469999999,0
1244,2.0,0.0493757007,2.0,-0.1970609975,-0.1888431371,0.0772685853,1
1245,1.0,0.0363455209,3.0,-0.20333486169999998,-0.18652060955,0.09368393935000001,1
1246,0.0,0.0494754582,4.0,-0.30260706174999996,-0.29578767925,0.06361394255,0
1247,0.0,0.04859346875,3.0,-0.31212436305,-0.29633754905,0.07764014749999999,1
1248,0.0,0.019679313900000002,2.0,-0.20166853205000002,-0.15318255965,0.12201945685,1
1249,0.0,0.00920037005,1.0,-0.21656205625,-0.17088837185,0.1063527536,0
1250,1.0,0.04759944945,3.0,-0.2032166628,-0.1658277985,0.095813053,1
1251,0.0,0.040959262999999996,2.0,-0.29658951769999997,-0.27459631650000005,0.06787103195,0
1252,0.0,0.04977943215,2.0,-0.22186700250000002,-0.20364797205000001,0.07469932245,0
1253,2.0,0.038304991999999996,4.0,-0.17932677965,-0.1600929647,0.08779274209999999,1
1254,1.0,0.05315885325,3.0,-0.1742673729,-0.16385633615,0.09060869045,1
1255,0.0,0.0400332699,3.0,-0.31289450845,-0.2411411431,0.07842689875,0
1256,0.0,0.0425954538,1.0,-0.30049217105000003,-0.2763210905,0.0664512694,1
1257,0.0,0.044115105749999994,3.0,-0.27903659589999996,-0.2663151616,0.0790686668,0
1258,2.0,0.0704337528,2.0,-0.2092997285,-0.19652008315,0.062087990499999995,1
1259,1.0,0.05248414255,3.0,-0.22544997420000001,-0.12974353985,0.09281244315,1
1260,1.0,0.055563504,3.0,-0.2307576348,-0.13983926385,0.089364491,1
1261,1.0,0.043400607349999995,5.0,-0.16741677555,-0.15480741975,0.09520642230000001,1
1262,2.0,0.06053040255,5.0,-0.23393210614999999,-0.08656457614999999,0.08002693485,1
1263,1.0,0.061530061999999996,3.0,-0.2353025904,-0.1497934963,0.08191537345,1
1264,2.0,0.04539513445,4.0,-0.16078029794999998,-0.13687927109999998,0.08929568275,1
1265,0.0,0.025077687850000002,3.0,-0.34473227325,-0.29348769435,0.1015584151,0
1266,0.0,0.0567353451,3.0,-0.2672321923,-0.2644857785,0.06509691565,0
1267,1.0,0.0297469322,3.0,-0.22649432165,-0.1680747241,0.10203733844999999,1
1268,1.0,0.0422471656,3.0,-0.18490930695000002,-0.1245017184,0.09983786419999999,1
1269,0.0,0.0254410918,2.0,-0.20969321815,-0.15603016004999998,0.1013209062,1
1270,1.0,0.05010854565,3.0,-0.20926666859999998,-0.10575993680000001,0.08601625365000001,1
1271,1.0,0.0482942101,3.0,-0.2320702767,-0.1331024959,0.08775514895,1
1272,1.0,0.04504434985,3.0,-0.21323036525,-0.16933434905,0.08882760225,1
1273,0.0,0.03817378825,2.0,-0.24028805115000001,-0.19818138000000002,0.09601164309999999,1
1274,0.0,0.04048082785,3.0,-0.3030691945,-0.25211254439999997,0.07978368350000001,0
1275,0.0,-0.0013449465,1.0,-0.2173100034,-0.15540361590000001,0.13749686015,0
1276,1.0,0.0633563919,3.0,-0.2135561273,-0.09183415,0.07492392640000001,1
1277,2.0,0.052146697500000005,4.0,-0.21538739839999999,-0.0909764378,0.09049643859999999,1
1278,1.0,0.028489755,1.0,-0.19279084224999998,-0.1139955674,0.10564338915,1
1279,0.0,0.033502328750000004,4.0,-0.19988189995,-0.13444540594999999,0.10313833385,1
1280,1.0,0.0434028426,5.0,-0.23654020685,-0.1730317013,0.09351524530000001,1
1281,1.0,0.03981753385,3.0,-0.2188181723,-0.15128619615,0.09541023715,1
1282,3.0,0.0625301765,4.0,-0.23588638925,-0.07320631285,0.07692786039999999,1
1283,2.0,0.05140935955,4.0,-0.21384682965000001,-0.08903852705,0.09459056729999998,1
1284,0.0,0.030353115,2.0,-0.20097187265,-0.15903140385,0.1016376415,1
1285,0.0,0.0194768657,2.0,-0.20072994454999998,-0.1714241329,0.1129290174,1
1286,0.0,0.040793271549999996,3.0,-0.29760845075,-0.25850158715000005,0.07825449725,0
1287,0.0,0.04733650624999999,3.0,-0.2948917188,-0.27119106115,0.07696968115,0
1288,1.0,0.0536796729,5.0,-0.30372362524999996,-0.25166303845000004,0.0666264619,0
1289,0.0,0.04399325955,3.0,-0.30024057875,-0.26193682375000005,0.08115801510000001,0
1290,2.0,0.058570227350000004,2.0,-0.22126115375,-0.18916338715,0.07342597185,1
1291,0.0,0.0315554474,3.0,-0.32190902624999995,-0.2572429692,0.08735933085,0
1292,1.0,0.04984317615,4.0,-0.2301548214,-0.20747078219999998,0.08561853185,1
1293,1.0,0.04082581785,3.0,-0.200867544,-0.17033998449999999,0.0870297428,1
1294,0.0,0.020811253850000003,1.0,-0.245379609,-0.199852727,0.1129206163,0
1295,0.0,0.03531703065,1.0,-0.31164658765,-0.25600387030000005,0.0842667812,0
1296,1.0,0.0518417361,3.0,-0.2093912258,-0.1519688963,0.088907065,1
1297,2.0,0.0487455066,4.0,-0.22878110725,-0.11971353230000001,0.09792100595,1
1298,1.0,0.05421349615,3.0,-0.2512726362,-0.10577146605,0.0897018203,1
1299,1.0,0.0350883572,3.0,-0.19301354105000001,-0.13397426535,0.1026306728,1
1300,2.0,0.0643865346,4.0,-0.20916174399999998,-0.1806975607,0.0741600415,1
1301,2.0,0.05682815685,4.0,-0.17589987115,-0.15229291995,0.08069418580000001,1
1302,1.0,0.0538600445,3.0,-0.19767901455,-0.10263556915,0.09273858569999999,1
1303,0.0,0.00508657065,1.0,-0.20659607000000002,-0.15036378239999998,0.12475296720000001,0
1304,0.0,0.032916439699999994,2.0,-0.25678270265,-0.2262746729,0.0933954738,0
1305,2.0,0.0434835327,4.0,-0.179930215,-0.1604695061,0.08655668259999998,1
1306,0.0,0.0385132924,3.0,-0.2741577767,-0.26151438065,0.06724768145000001,0
1307,0.0,0.04155713965,2.0,-0.28009360315,-0.21238159165,0.0755639361,0
1308,0.0,0.034136965899999996,2.0,-0.20514893945,-0.14045673144999998,0.10266526515,1
1309,0.0,0.0430392207,3.0,-0.28067583665,-0.24287719505,0.08151648019999999,0
1310,0.0,0.029283510399999997,3.0,-0.3130246997,-0.30360353405,0.09725904630000001,0
1311,0.0,0.043460629900000006,1.0,-0.26126370460000004,-0.25676526330000005,0.0798982972,0
1312,0.0,0.047074426550000006,3.0,-0.3026483849,-0.25185857285,0.08166714145,0
1313,0.0,0.027714052099999997,4.0,-0.28872201470000003,-0.26076574985,0.09015545715,0
1314,0.0,0.02463087395,2.0,-0.18879192145,-0.15662019659999998,0.1187532875,1
1315,0.0,0.02977745,2.0,-0.1890995646,-0.1444315428,0.10740689319999999,1
1316,1.0,0.0434280737,3.0,-0.1959735897,-0.17868892995,0.09447916415,1
1317,0.0,0.0239085882,1.0,-0.3057081158,-0.27274506355,0.094531597,0
1318,1.0,0.0586161694,3.0,-0.2464623334,-0.1228742077,0.07922282374999999,1
1319,0.0,0.0361311806,3.0,-0.29009410339999997,-0.25648241995,0.08749951865,0
1320,0.0,0.0357806657,4.0,-0.31910038575,-0.27533055325,0.08275420415,0
1321,2.0,0.050441518049999995,4.0,-0.1728351047,-0.14464606624999998,0.08821456445,1
1322,1.0,0.048722761,3.0,-0.20962359935,-0.1701411833,0.08238972395000001,1
1323,1.0,0.0325114396,3.0,-0.24638133845,-0.1682366474,0.09859541475,1
1324,2.0,0.035365058649999996,4.0,-0.2413586017,-0.17357843085000002,0.0891785636,1
1325,1.0,0.03175046250000001,3.0,-0.2150294059,-0.1820020107,0.1162130944,1
1326,0.0,0.03122238755,2.0,-0.24359704725,-0.16409505835,0.10227894770000001,1
1327,0.0,0.041661310699999995,3.0,-0.2180485842,-0.19957885735,0.0960745151,0
1328,1.0,0.07819174870000001,3.0,-0.19427278265,-0.11477014064999999,0.060888037199999995,1
1329,0.0,0.043942518449999995,1.0,-0.2817334621,-0.26598661295,0.07804617620000001,0
1330,1.0,0.058923372249999995,3.0,-0.1858201811,-0.175091522,0.08057744125,1
1331,0.0,0.031629088550000004,1.0,-0.30774733135,-0.24352383265,0.0973049973,0
1332,0.0,-0.021209911300000002,1.0,-0.19248682025,-0.17188126310000001,0.15822924935,0
1333,1.0,0.0422150663,3.0,-0.19425065405,-0.16187965435,0.09353750375,1
1334,0.0,0.0376078866,2.0,-0.2909536874,-0.25485128069999996,0.0887346906,0
1335,1.0,0.04505372685,3.0,-0.23629085045,-0.15886024615,0.0902352038,1
1336,2.0,0.052497552700000005,4.0,-0.23269958885,-0.2055212885,0.08298480909999999,1
1337,1.0,0.0644392302,3.0,-0.214306265,-0.15912732419999998,0.07334416145,1
1338,0.0,0.029296275650000002,3.0,-0.33237782295,-0.31634681295,0.09778862175,0
1339,2.0,0.038192002850000004,4.0,-0.2054243764,-0.18559760785,0.0824667719,1
1340,1.0,0.0386571687,3.0,-0.2099856378,-0.16419027395000002,0.09422062475,1
1341,0.0,0.03129011695,4.0,-0.30119086435,-0.250188053,0.09338366009999999,0
1342,0.0,0.059150604849999996,2.0,-0.31485363755,-0.2585765662,0.06893316055000001,0
1343,1.0,0.046983061500000006,3.0,-0.19934097820000002,-0.1826845995,0.0806758108,1
1344,0.0,0.03244496975,2.0,-0.19937684875,-0.17180734985,0.10081338110000002,1
1345,1.0,0.049076389,3.0,-0.1679510951,-0.1609256388,0.09180672274999999,1
1346,1.0,0.039140733600000005,5.0,-0.1676677458,-0.1559414878,0.10249481355000001,1
1347,0.0,0.03064014545,2.0,-0.2076652979,-0.11347440515,0.1203178097,1
1348,0.0,0.03710323925,1.0,-0.3224668019,-0.26112830695,0.08363766310000001,0
1349,1.0,0.053597601,3.0,-0.18896964835,-0.0965630286,0.09047011919999999,1
1350,2.0,0.0481825484,4.0,-0.23748778545,-0.1663784445,0.0949400834,1
1351,0.0,0.03407042285,3.0,-0.2752141005,-0.2661242343,0.08798706045,0
1352,0.0,0.0354757314,1.0,-0.28905731605,-0.27323851385,0.0809259446,0
1353,0.0,0.0335360076,2.0,-0.2705279923,-0.24721986810000002,0.0857953658,0
1354,2.0,0.056667660499999994,3.0,-0.20920252355000002,-0.10292417985,0.09330881615,1
1355,0.0,0.04984404885,3.0,-0.2903159155,-0.26539314255,0.061108122599999995,0
1356,0.0,0.033519392999999995,2.0,-0.30639663559999997,-0.2656812191,0.08583714365,0
1357,0.0,0.01709845125,2.0,-0.23583580025,-0.17955866874999998,0.11518537509999999,1
1358,0.0,-0.0204419946,1.0,-0.23227588045,-0.1845724045,0.16454900360000002,0
1359,0.0,0.0401690428,1.0,-0.28232629124999997,-0.26670093555,0.0754448977,0
1360,0.0,-0.023671895499999998,1.0,-0.20119966995,-0.18387526845,0.15309244119999998,0
1361,1.0,0.0374824292,3.0,-0.18225333445,-0.15128807135,0.0939345653,1
1362,1.0,0.0411500317,5.0,-0.2018858434,-0.17187566565,0.1010228225,1
1363,1.0,0.03381597825,3.0,-0.19977428195,-0.16150421780000002,0.10624743525000001,1
1364,0.0,-0.05538936525,1.0,-0.2301984886,-0.20654990835,0.17672325985,0
1365,1.0,0.02125700925,3.0,-0.2096470414,-0.17007524315,0.1197351971,1
1366,0.0,-0.0350281704,1.0,-0.24050117045,-0.16362556849999998,0.1674804546,0
1367,1.0,0.04036484885,5.0,-0.2123379707,-0.17625233845,0.10089374215,1
1368,1.0,0.0571467414,3.0,-0.23040551935,-0.1163940997,0.08950260355,1
1369,1.0,0.060481347549999995,3.0,-0.22664754139999999,-0.11810033815,0.0809009211,1
1370,0.0,0.0315661677,3.0,-0.3280370777,-0.280546351,0.0956157389,0
1371,0.0,0.026889368349999998,1.0,-0.19570547575000002,-0.15585036875,0.10102334365,1
1372,0.0,0.03272107585,3.0,-0.3049113294,-0.3011567661,0.0892236672,0
1373,0.0,0.0279708791,2.0,-0.20711077195,-0.1598340624,0.10787980855,1
1374,0.0,0.047383193899999995,3.0,-0.27445343515,-0.27000805315,0.07566411755,0
1375,0.0,0.03431111045,4.0,-0.3043175618,-0.2457992769,0.08115144514999999,0
1376,1.0,0.06109167655,3.0,-0.20040003385,-0.1179091809,0.07736581325000001,1
1377,1.0,0.057362678,3.0,-0.2397590298,-0.1181800898,0.08287872535,1
1378,0.0,0.037878132349999996,2.0,-0.29982272735000004,-0.2923639682,0.0821978096,0
1379,1.0,0.0434378267,3.0,-0.17565219015,-0.15678881915,0.08743787780000001,1
1380,0.0,0.0380583465,3.0,-0.2789832151,-0.2291497726,0.08392032215,0
1381,2.0,0.04177095855,4.0,-0.18912877919999999,-0.12878069865000003,0.1006402505,1
1382,0.0,0.0008227812500000002,1.0,-0.2285357345,-0.17882733369999998,0.1362174092,0
1383,2.0,0.05866101105,4.0,-0.24209787955,-0.09549184235,0.07955474705000001,1
1384,1.0,0.049478989,5.0,-0.22129569165000001,-0.15497165959999998,0.08834023425000001,1
1385,1.0,0.03571266245,3.0,-0.22523767845,-0.15910506985,0.10460970289999999,1
1386,0.0,0.0429326737,3.0,-0.2956983076,-0.2541898065,0.07823218100000001,0
1387,0.0,0.037850835,2.0,-0.3053051006,-0.28160935805,0.08697313015,0
1388,0.0,0.03225996215,4.0,-0.20535761255,-0.1508937299,0.09605546285000001,1
1389,0.0,0.031786840499999997,5.0,-0.2955317065,-0.27495093955,0.08456651695,0
1390,0.0,0.031333453,3.0,-0.29796856885,-0.2835991216,0.08987871945,0
1391,0.0,0.048699356,1.0,-0.2898445321,-0.26090994185000005,0.06905590645000001,0
1392,0.0,0.0315750411,4.0,-0.20324218430000002,-0.14622147735000002,0.10415352155000002,1
1393,2.0,0.0500781701,2.0,-0.19979125085,-0.18195250385,0.0908542362,1
1394,0.0,-0.00367003005,3.0,-0.18343911115,-0.16096706915,0.14151364370000002,0
1395,0.0,0.01419131115,4.0,-0.19331685850000002,-0.1500000761,0.1263403431,0
1396,0.0,0.0223485981,3.0,-0.34758950504999997,-0.32393766395,0.11141566284999999,0
1397,0.0,0.0399234961,2.0,-0.2728235529,-0.2604111748,0.09406022974999999,0
1398,1.0,0.0575042818,3.0,-0.227616245,-0.15765246915,0.07895496725,1
1399,0.0,0.0220003432,1.0,-0.26574195045000004,-0.2020862692,0.11214358405,0
1400,1.0,0.014430306850000001,5.0,-0.2232130668,-0.15245086335000002,0.1302795024,1
1401,1.0,0.0138275485,3.0,-0.19940427675,-0.14824614655,0.12679971415,1
1402,1.0,0.03476985405,3.0,-0.19377690915,-0.15472190660000001,0.09089831314999999,1
1403,0.0,0.035363751,3.0,-0.30322508140000004,-0.2827483589,0.09047450385000001,0
1404,0.0,-0.0013072971499999999,1.0,-0.22883624315,-0.16747103635,0.12083359915,0
1405,2.0,0.06486101915,4.0,-0.23056074775000002,-0.17012327295000002,0.0727284478,1
1406,0.0,0.046081246049999997,4.0,-0.2860396038,-0.279654473,0.076297145,1
1407,0.0,0.032032727100000005,3.0,-0.31652757015,-0.2801699411,0.0887460951,0
1408,0.0,0.0320389981,1.0,-0.2954465958,-0.26298624275,0.08264216904999999,0
1409,0.0,0.039354104949999996,4.0,-0.3304458398,-0.268493896,0.07722387680000001,0
1410,0.0,0.0248385972,2.0,-0.16992986464999998,-0.1271338113,0.1143030651,1
1411,0.0,0.0148135501,4.0,-0.1884967571,-0.1332056291,0.1210196415,1
1412,0.0,0.051179620849999996,3.0,-0.31027488979999995,-0.2687569955,0.0744536243,0
1413,1.0,0.05253886235,4.0,-0.3011580116,-0.29718623315000003,0.06230785155,1
1414,1.0,0.04870611645,1.0,-0.2889826353,-0.27222020999999996,0.05640286345,0
1415,0.0,-0.059035168449999995,1.0,-0.19737788045,-0.19009413435,0.17929002165000002,1
1416,2.0,0.0489782104,2.0,-0.1758975237,-0.1343666408,0.07937937885,1
1417,0.0,0.033082410300000004,3.0,-0.33768845805000003,-0.27828744520000004,0.08776086865,0
1418,0.0,0.0458337958,4.0,-0.25866540005,-0.2468230525,0.08219653395,0
1419,0.0,0.0527929324,2.0,-0.13525694659999998,-0.11214753799999999,0.09043357094999999,1
1420,2.0,0.07379569750000001,4.0,-0.14541350775,-0.1026161123,0.06613404275000001,1
1421,0.0,0.04389597705,1.0,-0.3330500088,-0.26557223,0.06824282275,0
1422,0.0,0.03632705755,4.0,-0.15435025005,-0.11726389270000001,0.09602566259999999,1
1423,0.0,0.0470721335,3.0,-0.30608866865,-0.29453884625,0.0669972334,0
1424,0.0,0.03464283655,2.0,-0.1694087769,-0.0912042018,0.100413537,1
1425,1.0,0.055386788650000005,3.0,-0.20207982615,-0.09884363585,0.07887035235,1
1426,1.0,0.0066167152,2.0,-0.21325011425,-0.1104646723,0.1207355058,1
1427,0.0,0.04303525749999999,2.0,-0.16399103885,-0.0859148606,0.09288278920000001,1
1428,0.0,0.0500852121,3.0,-0.27516299805,-0.23165936095,0.0657785156,0
1429,0.0,0.04802158545,2.0,-0.29939365835,-0.25679068895,0.0727799618,0
1430,1.0,0.050633996050000005,3.0,-0.16401580500000001,-0.1184609342,0.08367333589999999,1
1431,0.0,0.03716424655,4.0,-0.3196406259,-0.29634436225,0.08143428735,0
1432,2.0,0.06273907755,2.0,-0.1302720961,-0.0901104521,0.06522665770000001,1
1433,0.0,0.03756316125,1.0,-0.31092993425,-0.29548059725,0.06699085290000001,0
1434,0.0,0.0348317421,3.0,-0.28270703090000004,-0.25062836099999997,0.08392618755,0
1435,1.0,0.06714175925,1.0,-0.13704202735,-0.10051488245,0.06744152865,1
1436,0.0,0.0305711036,2.0,-0.16692771769999998,-0.1014418146,0.10774606965,1
1437,0.0,0.05054916095,4.0,-0.2727854245,-0.23290730599999998,0.07090010954999999,0
1438,0.0,0.0592811707,2.0,-0.1547391804,-0.1112063201,0.0821614813,1
1439,0.0,0.0397172501,4.0,-0.30442395585000004,-0.26247097605,0.0830709863,0
1440,2.0,0.06652178384999999,4.0,-0.137659963,-0.09174555715,0.0722943298,1
1441,2.0,0.05639211945,2.0,-0.1249546421,-0.09666740330000001,0.08321011240000001,1
1442,1.0,0.07146283975,3.0,-0.13531764145,-0.10164464584999999,0.06232564794999999,1
1443,0.0,-0.0160051249,1.0,-0.22278918255,-0.18290769904999998,0.15088546255000002,0
1444,1.0,0.04729854555,4.0,-0.18416844085,-0.13482293165,0.1002869316,1
1445,0.0,0.0413328363,3.0,-0.28170967395,-0.27712157085,0.07354094594999999,0
1446,0.0,0.03869502805,3.0,-0.30698808985000003,-0.29598686385,0.060892363,0
1447,0.0,0.0531564035,2.0,-0.1670154666,-0.1148894107,0.09260024759999999,1
1448,1.0,0.0550100412,3.0,-0.1644905734,-0.1161001829,0.08042763680000001,1
1449,0.0,0.03766811215,2.0,-0.1725278019,-0.10704512665,0.10230538165000001,1
1450,0.0,0.04204794835,3.0,-0.28951109934999997,-0.24945224625,0.07455844214999999,0
1451,0.0,0.042483618949999996,4.0,-0.22265048155,-0.20014917425,0.06682984805,1
1452,0.0,0.006948763,2.0,-0.1712425965,-0.11917428255,0.12049484400000002,1
1453,0.0,0.03075785885,3.0,-0.3415857566,-0.2735630995,0.09552511535,0
1454,0.0,0.02296873705,1.0,-0.20915598070000002,-0.15627228040000002,0.10655878964999999,0
1455,1.0,0.050906543400000004,3.0,-0.2065315811,-0.1351547854,0.08880651785,1
1456,0.0,0.03462043075,3.0,-0.33072514965,-0.26909370435,0.0758432974,0
1457,1.0,0.0668087894,5.0,-0.1425830896,-0.11412967930000001,0.0780113655,1
1458,0.0,0.00360250905,6.0,-0.1750962405,-0.1091330197,0.13140493920000001,1
1459,2.0,0.07401024689999999,2.0,-0.1205087375,-0.0644570502,0.06436397635000002,1
1460,0.0,0.03532769855,3.0,-0.2507823436,-0.2266782395,0.0830980391,0
1461,2.0,0.0635193195,2.0,-0.12626179505000001,-0.0822542171,0.07855517595,1
1462,0.0,0.034745342900000004,3.0,-0.3097208146,-0.29317486235,0.09121468430000002,0
1463,0.0,0.034775515,1.0,-0.31557830870000003,-0.30577712300000004,0.0788609619,0
1464,1.0,0.06472133299999999,3.0,-0.19346274695,-0.1084044035,0.06701488200000001,1
1465,0.0,0.0261398238,3.0,-0.3214560582,-0.18438304125,0.08700356675000001,1
1466,0.0,0.0151038181,3.0,-0.3113423334,-0.25528435979999997,0.11713551945,0
1467,0.0,0.03837698925,3.0,-0.31698161,-0.26809469880000003,0.09044592430000001,0
1468,0.0,0.02691542885,3.0,-0.37519293405,-0.3192007318,0.10878691735,0
1469,1.0,0.0489700319,3.0,-0.18694431825,-0.12138583694999999,0.08596479925,1
1470,0.0,0.0309972383,3.0,-0.35013636184999997,-0.31702103849999996,0.10280068305000001,0
1471,1.0,0.07139636925000001,4.0,-0.134063053,-0.0946036441,0.061439648249999985,1
1472,1.0,0.03956437505,3.0,-0.1551388468,-0.1103380211,0.09637933809999999,1
1473,2.0,0.06612002510000001,2.0,-0.1328290652,-0.10151688910000001,0.0710465375,1
1474,1.0,0.04044851455,3.0,-0.1745243741,-0.11665331445,0.09640665675,1
1475,0.0,0.050463779949999996,1.0,-0.2666023241,-0.24245122354999998,0.06781033015,0
1476,3.0,0.06336781145,5.0,-0.12969468904999998,-0.06879330985000001,0.06873361275,1
1477,2.0,0.0487708271,4.0,-0.1637771793,-0.0839117945,0.07837146295,1
1478,0.0,0.01700623725,2.0,-0.1914742713,-0.09978510295,0.10852540755000001,1
1479,1.0,0.051824750850000004,3.0,-0.1513551816,-0.11444076815000001,0.08157924539999999,1
1480,0.0,0.0399603612,2.0,-0.18178407805000002,-0.1533229754,0.08971418175000001,1
1481,0.0,0.034045345399999996,5.0,-0.30886582455,-0.25444110945,0.0875121397,0
1482,0.0,0.03984483425,1.0,-0.30327564525,-0.29934485885,0.08583111434999999,0
1483,0.0,0.048448411100000005,1.0,-0.3438174811,-0.2626832977,0.065843802,0
1484,0.0,0.022626432250000002,4.0,-0.16995822465,-0.12616605565,0.11017666165000001,1
1485,0.0,0.05735580575,2.0,-0.2339475794,-0.21313939165,0.07248878680000001,0
1486,0.0,0.03471551265,3.0,-0.30432622135,-0.2980716298,0.09368817465000001,0
1487,0.0,0.0363782547,2.0,-0.30933621165,-0.2772692253,0.09123940065,0
1488,0.0,0.0086009597,5.0,-0.1700525195,-0.08688259655,0.12547613245,1
1489,2.0,0.05141373235,4.0,-0.2406860954,-0.13806687455,0.08037522244999999,1
1490,0.0,0.0538897994,2.0,-0.24829676365,-0.1155615385,0.08266504794999999,1
1491,1.0,0.05954693085,3.0,-0.19074041715,-0.0893025934,0.07374219785000001,1
1492,1.0,0.0706228291,1.0,-0.1244804437,-0.07656146645,0.061245206200000006,1
1493,0.0,0.04036834715,2.0,-0.16036741765,-0.08732884505,0.0888657199,1
1494,0.0,-0.032858902100000004,3.0,-0.1753704359,-0.1025370847,0.17048650319999997,0
1495,0.0,0.037746748450000006,4.0,-0.303550806,-0.2517645597,0.07464466805,0
1496,0.0,-0.021113530550000002,1.0,-0.18619385315,-0.16480893255,0.14385758665,0
1497,1.0,0.05105341485,3.0,-0.16199038394999998,-0.08172890394999999,0.08293089464999999,1
1498,0.0,-0.019002023200000003,1.0,-0.187000852,-0.17179283095,0.1390411201,0
1499,0.0,0.0375999639,4.0,-0.2271906189,-0.22174679390000002,0.0854462104,0
1500,0.0,0.027975713649999998,2.0,-0.23447235049999998,-0.21657244250000002,0.09183292555,0
1501,1.0,0.0586320773,3.0,-0.19808542699999998,-0.1021852884,0.0711111012,1
1502,2.0,0.059207866649999996,3.0,-0.19478238209999998,-0.14684150865,0.06702016715,1
1503,2.0,0.07504774675,2.0,-0.13360233254999998,-0.07717426805,0.054864821,1
1504,0.0,-0.026438747149999997,3.0,-0.1645936336,-0.12800927275,0.14221234109999997,1
1505,0.0,0.0336048939,4.0,-0.22823262795,-0.21357185335,0.08682609615,0
1506,1.0,0.0559328515,3.0,-0.12984388065000002,-0.0952417492,0.07440810654999999,1
1507,0.0,0.04326100595,3.0,-0.3241057524,-0.2861805714,0.07868163655,0
1508,0.0,0.0119693013,3.0,-0.1769674715,-0.13861744510000001,0.11903777135000002,0
1509,0.0,0.0328530602,1.0,-0.2742512778,-0.25568363155,0.0870455161,0
1510,0.0,0.0374814988,4.0,-0.24604050285,-0.20783730405,0.09037380019999999,0
1511,0.0,0.03250108215,4.0,-0.22051450755000002,-0.1652723479,0.0892629995,1
1512,0.0,0.0259491068,1.0,-0.3231433239,-0.30267150025,0.09986433445000001,0
1513,1.0,0.0510569077,3.0,-0.1647858305,-0.10965486790000001,0.07381078205,1
1514,1.0,0.053324379000000005,3.0,-0.16464327015000002,-0.1201245285,0.08329780619999999,1
1515,0.0,0.03954689565,3.0,-0.29689004375,-0.28423752025,0.0856565023,0
1516,1.0,0.066916995,3.0,-0.21683059184999998,-0.1831261338,0.08166395069999999,1
1517,0.0,0.022467686549999998,1.0,-0.1609633688,-0.1103883158,0.11286607499999998,1
1518,0.0,0.0466331702,3.0,-0.2596213532,-0.2335931288,0.06825345945,0
1519,1.0,0.04921673145,3.0,-0.1712145578,-0.0894901882,0.09172156249999999,1
1520,0.0,0.04643049625,2.0,-0.29499474355,-0.23328054275,0.0702490194,0
1521,2.0,0.06375940905,2.0,-0.22680093415,-0.18480679015,0.0392360459,1
1522,1.0,0.05096262025,3.0,-0.15752167885,-0.0848469606,0.07687929815,1
1523,0.0,0.0268112472,2.0,-0.23503103815,-0.14446253585000002,0.10164658185,1
1524,0.0,0.01295813425,2.0,-0.15426529875,-0.13234374194999998,0.1207796204,1
1525,0.0,0.02133752195,2.0,-0.2102595833,-0.12909626555,0.12521506005,1
1526,0.0,-0.0034981085,1.0,-0.1763135182,-0.09653078109999999,0.1336036276,0
1527,0.0,0.02575652665,2.0,-0.20361360115,-0.14480228515,0.08488685905,1
1528,0.0,0.0176795612,4.0,-0.178035948,-0.1294946206,0.1269473464,1
1529,0.0,0.030619603199999998,3.0,-0.2868734933,-0.2720891188,0.0955093212,0
1530,0.0,0.04763466645,3.0,-0.28741815950000005,-0.25649238259999996,0.07738044675,0
1531,1.0,0.06879270875,5.0,-0.1195325054,-0.0884567954,0.07349612805,1
1532,0.0,0.03734398975,1.0,-0.32215397705000004,-0.3065179737,0.07944413735,0
1533,0.0,0.03536288435,3.0,-0.3053362832,-0.27703652855,0.08055846515,0
1534,0.0,0.0189720678,4.0,-0.2319495702,-0.1757807836,0.12809304195,1
1535,0.0,0.044893443150000004,2.0,-0.1674282379,-0.06625939859999999,0.08136046705,1
1536,0.0,0.008098059049999998,2.0,-0.16598345725000002,-0.12659746845,0.10326751950000002,0
1537,0.0,0.0399364207,4.0,-0.29941983575,-0.26044606974999995,0.08472891775,0
1538,0.0,0.0038227286,1.0,-0.22317558259999998,-0.17116507744999998,0.12717349465,0
1539,1.0,0.052908947149999996,5.0,-0.206147513,-0.1391077516,0.08350852260000001,1
1540,1.0,0.040906417550000004,5.0,-0.18591639625,-0.11980170840000001,0.10691339535,1
1541,1.0,0.0463610463,5.0,-0.1966725745,-0.12694275465,0.0886656207,1
1542,1.0,0.05835000035,3.0,-0.2080703988,-0.13818917879999998,0.07770893379999999,1
1543,0.0,0.04059451185,3.0,-0.3032583537,-0.2938354564,0.0795631524,0
1544,1.0,0.0605351752,3.0,-0.32001751575000004,-0.3063223367,0.06119090939999999,0
1545,1.0,0.048341389299999996,3.0,-0.20103223655000002,-0.1316559851,0.07845900724999999,1
1546,0.0,0.02853213675,4.0,-0.26484124080000004,-0.23145905030000002,0.1012067469,0
1547,1.0,0.0537840481,3.0,-0.19198722635,-0.1091815857,0.07139286205,1
1548,2.0,0.04768114565,4.0,-0.1897492065,-0.12451665044999999,0.08909145515,1
1549,0.0,0.037359977350000004,4.0,-0.28701201215,-0.25410747185,0.08034535529999999,0
1550,0.0,0.0375112541,4.0,-0.20479294085,-0.12356596075000001,0.09955442340000001,1
1551,1.0,0.056176546699999996,3.0,-0.2044292004,-0.13465831239999998,0.08047565940000001,1
1552,1.0,0.0449353771,5.0,-0.1845186199,-0.1104698234,0.0876215907,1
1553,1.0,0.0497500581,3.0,-0.1849891482,-0.09998780285,0.07837449445,1
1554,1.0,0.0460309806,5.0,-0.1938142109,-0.1300085722,0.0873699959,1
1555,2.0,0.05430459265,4.0,-0.17220065575,-0.12259773705,0.07344284205000001,1
1556,0.0,0.0342755049,3.0,-0.2619590787,-0.23190023464999998,0.08444440880000001,0
1557,0.0,0.03438646125,3.0,-0.29131745425,-0.2710866006,0.07164299325,0
1558,1.0,0.047705658250000005,5.0,-0.18530833889999998,-0.112280215,0.09804350250000002,1
1559,0.0,0.033280245550000004,1.0,-0.2621296567,-0.23387145404999998,0.08234032535000001,0
1560,1.0,0.051157588399999995,5.0,-0.18056306975,-0.1095746669,0.0854939984,1
1561,0.0,0.0264030352,2.0,-0.19473392265,-0.12507176215000002,0.11699571715000001,1
1562,1.0,0.0314070508,3.0,-0.1981014633,-0.12258589975,0.09531734775,1
1563,0.0,0.0193254473,2.0,-0.2139385691,-0.13743326435,0.12800558345000002,1
1564,1.0,0.025296729849999998,3.0,-0.2058014004,-0.1292968317,0.12273425175,1
1565,2.0,0.04372574715,4.0,-0.20376542315,-0.18731667305,0.08041636305000001,1
1566,0.0,0.03810374745,2.0,-0.27003499035,-0.24842776109999998,0.08026363345000001,0
1567,0.0,0.02646106335,4.0,-0.18978700015,-0.12514626205,0.10976876775,1
1568,1.0,0.05693012005,3.0,-0.1914653799,-0.12376978385,0.07689326055000001,1
1569,1.0,0.05056764965,5.0,-0.20192464335,-0.13127438225,0.0727457158,1
1570,1.0,0.04594497065,5.0,-0.18463259675,-0.1108781372,0.0829568483,1
1571,1.0,0.0642685293,2.0,-0.21353366215000003,-0.1667115307,0.07797346445,1
1572,0.0,0.036112853949999996,4.0,-0.3019123115,-0.2129121209,0.0794132111,0
1573,0.0,0.045908104150000004,4.0,-0.1902529443,-0.11890657665,0.0957094016,1
1574,0.0,0.0243538507,2.0,-0.19814295775000001,-0.12082216795,0.11780031335,1
1575,1.0,0.048229832949999996,3.0,-0.2029179571,-0.12971573944999998,0.0938285944,1
1576,0.0,0.03823911145,2.0,-0.18963994695000003,-0.1167067484,0.09928520795000001,1
1577,0.0,0.039143681,1.0,-0.29882003675,-0.27433959534999997,0.08260732864999999,0
1578,0.0,0.04722030005,3.0,-0.2425431118,-0.23604330195,0.07028413285,0
1579,0.0,0.0267982279,3.0,-0.31427833325,-0.26159130924999996,0.1038065689,0
1580,1.0,0.0394825564,3.0,-0.2110341712,-0.14533440339999998,0.102966399,1
1581,2.0,0.053000112749999995,2.0,-0.24041409115,-0.20743367624999998,0.07294381250000001,1
1582,0.0,0.0587281749,3.0,-0.23103940080000002,-0.17478914629999998,0.08438760745,1
1583,0.0,0.00605292445,2.0,-0.21470248965,-0.15905112035000002,0.12882211065,1
1584,0.0,0.0330191627,2.0,-0.19997076645,-0.090234954,0.1063692058,1
1585,0.0,0.0233862582,4.0,-0.21552850099999998,-0.15116285605000002,0.12703050659999998,1
1586,0.0,0.030567858099999998,3.0,-0.34739637479999996,-0.3126741273,0.08039285785,0
1587,1.0,0.04053215195,3.0,-0.20557235865,-0.0913549766,0.09679878285,1
1588,1.0,0.03245640075,3.0,-0.2131210048,-0.0915559135,0.10689539925,1
1589,0.0,0.017731298,1.0,-0.1797864939,-0.1646137339,0.11159697325,0
1590,1.0,0.02793630675,5.0,-0.1779035367,-0.13145430785,0.11376074080000001,1
1591,0.0,0.00070117165,1.0,-0.19159152275000002,-0.0445319233,0.13330306915,0
1592,0.0,0.03232276055,2.0,-0.30606511265,-0.2907594896,0.0922659695,0
1593,1.0,0.0639813168,3.0,-0.18917543765,-0.12567014375000002,0.07589325834999999,1
1594,0.0,0.04996017845,2.0,-0.28733383385,-0.25558276469999996,0.0664608444,0
1595,1.0,0.049243301749999996,3.0,-0.21048306245,-0.13859075005,0.0854772694,1
1596,1.0,0.0442318518,3.0,-0.23744065405,-0.17196010434999998,0.09506000685,1
1597,0.0,0.04099866955,3.0,-0.25793557990000004,-0.24723569495,0.0845390359,0
1598,0.0,0.042941967250000004,3.0,-0.26933134044999996,-0.23773085095,0.07985889635,0
1599,1.0,0.05264268555,3.0,-0.2209694002,-0.16081960309999999,0.06893633105,1
1600,0.0,0.026496574949999997,4.0,-0.2874385075,-0.264919887,0.09124997644999999,0
1601,1.0,0.0395796062,5.0,-0.20792729664999998,-0.14913319614999998,0.09738455470000001,1
1602,0.0,0.0298290114,1.0,-0.2292800841,-0.1916591506,0.10199996694999999,0
1603,0.0,0.02433497345,2.0,-0.2385339852,-0.19258310699999998,0.11161235015000001,1
1604,0.0,0.0310512435,3.0,-0.29357632440000003,-0.25112757235,0.10386062605000002,0
1605,0.0,0.04165203865,3.0,-0.31807769515,-0.3011092237,0.0696243602,0
1606,0.0,0.046247980800000005,3.0,-0.27372427545,-0.2537293954,0.06222319565000001,0
1607,0.0,0.04119015115,4.0,-0.1868109173,-0.12512826645,0.09709962055,1
1608,0.0,0.0311901932,2.0,-0.1888443967,-0.12334468055,0.1064511571,1
1609,0.0,0.0202976828,4.0,-0.19040539185,-0.13172486485,0.13009602785000002,1
1610,1.0,0.0562416135,3.0,-0.20663085479999999,-0.1329231381,0.08623046029999999,1
1611,1.0,0.041036145499999996,3.0,-0.20250655275,-0.139475254,0.1056770417,1
1612,0.0,0.0143206959,2.0,-0.20653344005000002,-0.128863844,0.1347297325,1
1613,1.0,0.05516993855,1.0,-0.2670881649,-0.25097053265,0.0599271046,0
1614,1.0,0.033576109300000004,3.0,-0.21525664519999999,-0.157521811,0.10266835064999999,1
1615,1.0,0.0539129125,5.0,-0.20304666770000002,-0.1380248571,0.08034981915,1
1616,0.0,0.03402690385,2.0,-0.2949907077,-0.25511146225000003,0.0877274233,0
1617,0.0,0.04022958185,4.0,-0.30285242545,-0.2939817149,0.08217077484999999,0
1618,0.0,0.0426525273,1.0,-0.2968829545,-0.26441023925,0.07071611805,0
1619,0.0,0.0398753662,3.0,-0.25918487845,-0.25349990665,0.07768194765,0
1620,1.0,0.028224236299999997,3.0,-0.19268745520000002,-0.12553363195,0.11204547839999998,1
1621,0.0,0.032001215400000005,3.0,-0.30293474815,-0.27168667525,0.09457695375,0
1622,0.0,0.0459957405,1.0,-0.30376950280000004,-0.2631376927,0.0706963668,0
1623,2.0,0.04723192685,6.0,-0.19946134235000001,-0.12936449275,0.09206252795,1
1624,0.0,0.0402375398,1.0,-0.28079058339999996,-0.27871793655,0.07137532190000001,0
1625,0.0,0.0351339939,3.0,-0.32739868164999997,-0.31925832425,0.07716149205,0
1626,1.0,0.03689070355,5.0,-0.18845935035,-0.1218430057,0.1072395226,1
1627,1.0,0.051099934900000005,3.0,-0.19807581935000002,-0.14111407095,0.06658631935,1
1628,0.0,0.027466023200000002,2.0,-0.21871934599999998,-0.1084605944,0.10968093344999999,1
1629,0.0,0.05098405935,3.0,-0.25818623265,-0.25216768665,0.07079988485,0
1630,0.0,-0.03276927265,1.0,-0.1900795847,-0.09433680675,0.15970039960000001,0
1631,0.0,0.04927850565,2.0,-0.19887034850000002,-0.0902816459,0.07821192889999998,1
1632,0.0,0.0278292978,3.0,-0.17118659155,-0.06489091765,0.10702690515,0
1633,1.0,0.0363014955,3.0,-0.18645450195,-0.12291101115,0.0937093796,1
1634,1.0,0.0477811254,3.0,-0.18365059415,-0.1143027332,0.08011974535,1
1635,2.0,0.0582433828,4.0,-0.21426759095,-0.14995047675,0.07428486425000001,1
1636,0.0,-0.035049750500000004,1.0,-0.1936062513,-0.09432453534999999,0.16929166655,0
1637,1.0,0.0570837882,1.0,-0.2493338705,-0.20646597125,0.06240125685,1
1638,0.0,0.03568646975,2.0,-0.3289946314,-0.30668860235,0.0871928502,0
1639,1.0,0.0482639153,5.0,-0.19859250735,-0.13363312319999998,0.08191682505,1
1640,1.0,0.0434417981,3.0,-0.20702202679999998,-0.1420740326,0.10081455165,1
1641,0.0,0.03949736785,4.0,-0.31808972734999996,-0.2989331644,0.07888736355,0
1642,0.0,0.036064786200000004,4.0,-0.25749967529999995,-0.2481760042,0.0862957027,0
1643,0.0,0.040998692749999996,3.0,-0.29440291245,-0.2861872011,0.07643847355,0
1644,0.0,0.03985859745,3.0,-0.31758366405000005,-0.29326713365,0.09105947485,0
1645,0.0,0.03631268125,1.0,-0.27077287665,-0.26552551225,0.08802859169999999,0
1646,1.0,0.0436393107,5.0,-0.21051792205,-0.14715946545,0.08158702030000001,1
1647,1.0,0.0337284537,5.0,-0.20603236635,-0.13875651690000002,0.11282415914999999,1
1648,1.0,0.0435089553,5.0,-0.18854388044999998,-0.13097835835,0.087768265,1
1649,1.0,0.03328593245,3.0,-0.21640784470000002,-0.16094841365,0.11453406730000001,1
1650,1.0,0.0445818699,5.0,-0.19067038765,-0.1465180157,0.09825749405,1
1651,0.0,0.03617843975,4.0,-0.2572159422,-0.24057402505,0.09052360575,0
1652,0.0,0.0354581493,1.0,-0.32573284999999996,-0.30190262339999996,0.0830624117,0
1653,1.0,0.07703286075,4.0,-0.1945575698,-0.1582518932,0.05990484769999999,1
1654,2.0,0.054933709250000004,4.0,-0.21525681475,-0.1543562875,0.08904084825,1
1655,1.0,0.03005972345,5.0,-0.19248264015,-0.13268783665,0.1159711407,1
1656,1.0,0.0481118343,3.0,-0.22103124305,-0.16616260875,0.09972832370000001,1
1657,2.0,0.04679211425,4.0,-0.19714345955,-0.1306992842,0.0969746661,1
1658,0.0,0.0386108591,3.0,-0.33484907620000004,-0.3030814021,0.07753087635,0
1659,0.0,0.04329247105,4.0,-0.2570016436,-0.23088741845,0.0879206763,1
1660,0.0,0.045317549400000004,4.0,-0.2837719669,-0.22800138679999998,0.0835673626,0
1661,0.0,0.0299058038,4.0,-0.20155675255,-0.0819763126,0.1133116193,1
1662,1.0,0.05011424315,3.0,-0.2183460061,-0.1678636986,0.08193446474999999,0
1663,1.0,0.032911908850000005,3.0,-0.19398689154999998,-0.12434593925,0.1155866555,1
1664,0.0,0.03368768035,4.0,-0.18449616024999999,-0.12365794695,0.10826357115,1
1665,0.0,0.03965760815,2.0,-0.19553884345,-0.1240454614,0.10437782685000001,1
1666,1.0,0.050202586800000004,3.0,-0.2199205081,-0.1664179052,0.07892730315,1
1667,0.0,0.0276825852,1.0,-0.2042326559,-0.1405766834,0.09635285255,1
1668,0.0,0.034419790650000004,3.0,-0.28816167584999997,-0.2650710006,0.0931873191,0
1669,0.0,0.0349427834,4.0,-0.29878739815,-0.28669861995,0.07994345219999999,0
1670,0.0,0.03540318435,5.0,-0.3078845578,-0.2791877419,0.0666849496,0
1671,0.0,0.0207723494,4.0,-0.1193589128,-0.0513418475,0.05687648075,1
1672,0.0,0.03801860045,2.0,-0.30221984245,-0.28971854080000004,0.07455147765,0
1673,0.0,0.02653402205,2.0,-0.21802847125,-0.16731266875,0.11039288695000002,1
1674,1.0,0.034829076449999996,3.0,-0.22322372695,-0.15210296865,0.11054940465,1
1675,1.0,0.0490079619,3.0,-0.20613578659999998,-0.1322758612,0.08737988815,1
1676,1.0,0.052468660599999994,5.0,-0.1963093313,-0.1341895447,0.08196275844999999,1
1677,1.0,0.0482331244,5.0,-0.19250797014999999,-0.13325142299999998,0.09494002000000001,1
1678,0.0,0.033576986200000006,4.0,-0.27602759965,-0.25150975649999996,0.08821368454999999,0
1679,1.0,0.05316357845,3.0,-0.20849689115,-0.1812008905,0.07268287315,1
1680,0.0,0.0374073555,1.0,-0.21332025895,-0.1361580584,0.10589866889999999,1
1681,2.0,0.06960785075,2.0,-0.17985015655,-0.14322843325,0.07510905984999999,1
1682,0.0,0.0395967563,1.0,-0.29467491754999997,-0.2528849274,0.07952655380000001,0
1683,1.0,0.04774722655,7.0,-0.17651592900000002,-0.10065578589999999,0.09081895870000001,1
1684,2.0,0.04307355845,6.0,-0.18015990235,-0.11380369595,0.09257645534999999,1
1685,0.0,0.0417621352,3.0,-0.28039656020000003,-0.2728456979,0.07917922514999999,0
1686,0.0,0.0333335981,2.0,-0.2953896131,-0.23171473625,0.09692191395,0
1687,0.0,0.029189586750000003,1.0,-0.19666946935,-0.1311343546,0.11230875595,1
1688,1.0,0.0565263781,3.0,-0.23515632065,-0.15615898420000002,0.08046737339999999,1
1689,1.0,0.03946251375,3.0,-0.25587008904999997,-0.1978869291,0.081421363,0
1690,0.0,0.0370401002,3.0,-0.30797016219999995,-0.27078995135,0.0733027211,0
1691,0.0,0.0271681332,4.0,-0.21391759535,-0.1154733711,0.11502470035,1
1692,0.0,0.04637196865,2.0,-0.2795923266,-0.26857302905,0.06613236265,0
1693,0.0,0.03882221175,2.0,-0.2916053582,-0.27143171015,0.08377214985,0
1694,2.0,0.0667237342,2.0,-0.178522036,-0.16076800905,0.06849276115,1
1695,0.0,0.0430551887,1.0,-0.27744190074999997,-0.2634776618,0.0740491388,0
1696,1.0,0.04032552455,3.0,-0.2225773601,-0.16027633894999999,0.1005863712,0
1697,0.0,0.04375658885,1.0,-0.27448108725,-0.2576531849,0.07289559614999999,0
1698,1.0,0.03892117835,3.0,-0.20713930209999998,-0.08693602765,0.0984654847,1
1699,0.0,0.0457770239,4.0,-0.26308643315,-0.25691581750000003,0.06849717745,0
1700,1.0,0.0411556269,5.0,-0.20647984414999998,-0.14319370869999998,0.10013035005,1
1701,0.0,0.021586623,2.0,-0.2019181962,-0.1358540509,0.1269122923,1
1702,0.0,0.03971713565,1.0,-0.30041055544999995,-0.25660909075000005,0.08004591235,0
1703,1.0,0.047010026600000004,5.0,-0.2150871087,-0.13716258405,0.08568112720000001,1
1704,0.0,0.0359524561,3.0,-0.30626259275,-0.29049587,0.08072485824999999,0
1705,1.0,0.06373197725,3.0,-0.21363377865,-0.1573553085,0.06404102265,1
1706,1.0,0.057589727699999996,5.0,-0.2173266603,-0.14419687235,0.08381977165,1
1707,0.0,0.04370645445,2.0,-0.23242545085,-0.19692244855000002,0.08793351124999998,1
1708,1.0,0.06220773405,5.0,-0.18782208714999998,-0.12646093205,0.0729993068,1
1709,0.0,0.0499132593,2.0,-0.2067119408,-0.13916064220000002,0.0984052385,1
1710,0.0,0.0260773288,2.0,-0.19572200265,-0.14103257154999999,0.11368998090000001,1
1711,0.0,0.041461192349999995,2.0,-0.2790813619,-0.25024647505000003,0.0676388366,0
1712,1.0,0.03840267285,5.0,-0.19871480975,-0.1276176701,0.10480451865,1
1713,1.0,0.061752792449999996,3.0,-0.18550169970000002,-0.1344557076,0.07967567410000001,1
1714,1.0,0.043498547250000005,5.0,-0.2697539581,-0.24990929444999999,0.06192776789999999,0
1715,0.0,0.03273463535,1.0,-0.30467591345,-0.29385050285000003,0.08763541395,0
1716,0.0,0.0370202898,6.0,-0.19648973414999998,-0.1233767553,0.1006372107,1
1717,0.0,0.03285511035,2.0,-0.20053667265000003,-0.1276808654,0.10780898335,1
1718,1.0,0.05342170535,5.0,-0.19688698635000002,-0.1297942293,0.08905294475,1
1719,0.0,-0.0014767649,1.0,-0.28316357049999996,-0.27930895115,0.12251170675,0
1720,0.0,0.03870486925,3.0,-0.28511586145,-0.2459192187,0.0863417818,0
1721,2.0,0.05702030745,4.0,-0.2294711868,-0.18172610890000002,0.07560810535000001,1
1722,0.0,0.0315725881,2.0,-0.24687496885,-0.1947967044,0.09904892814999999,1
1723,0.0,0.038124446699999995,3.0,-0.30123855850000003,-0.2562966133,0.08687900085000001,0
1724,2.0,0.06050295655,4.0,-0.2277554651,-0.1705620082,0.06713865145,1
1725,0.0,0.03661139175,2.0,-0.30219060975,-0.28411647415,0.08782945865000001,0
1726,1.0,0.04439087875,5.0,-0.19508071305000002,-0.11930692215,0.09852051395,1
1727,1.0,0.0436258297,3.0,-0.2132659642,-0.1308425378,0.0964778602,1
1728,1.0,0.041652544050000004,3.0,-0.1956206167,-0.1197003026,0.10046818255,1
1729,0.0,0.040221524950000004,3.0,-0.2934087573,-0.26541246175,0.07714550975000001,0
1730,1.0,0.0562458404,3.0,-0.29093772435,-0.27584389784999996,0.05982399385,0
1731,0.0,0.030736842950000003,2.0,-0.2101628798,-0.16312499505,0.10260623115,0
1732,0.0,0.0498031971,2.0,-0.27076605659999997,-0.26705386015,0.06792686165,0
1733,0.0,0.038028846150000004,5.0,-0.31166337104999997,-0.28243591995,0.08637167025,0
1734,1.0,0.0456132497,5.0,-0.19272056245000002,-0.14491664995,0.0992023606,1
1735,1.0,0.052847426249999996,3.0,-0.1822463051,-0.1519272921,0.090077252,1
1736,0.0,0.0429675777,2.0,-0.2848081851,-0.27904536715,0.07789692470000001,0
1737,1.0,0.05166044285,5.0,-0.18688235395,-0.11586572025,0.07852033875,1
1738,1.0,0.0373899245,5.0,-0.1968267737,-0.13050586245,0.09963654764999999,1
1739,0.0,0.04160579135,3.0,-0.29233554814999996,-0.28322319595,0.06328668015,0
1740,2.0,0.03671394125000001,4.0,-0.18542470615,-0.11701825145,0.09612278049999999,1
1741,1.0,0.0533535375,3.0,-0.2745301848,-0.26917156929999997,0.059244880949999995,0
1742,1.0,0.036671502800000005,3.0,-0.19366349295,-0.135895758,0.10248234435,1
1743,1.0,0.0512115695,3.0,-0.2028880181,-0.1526829405,0.08478117335,1
1744,0.0,0.04029082755,4.0,-0.29347706405,-0.244192883,0.06805672795,1
1745,1.0,0.05898944595,3.0,-0.2098556125,-0.1392224135,0.07483057270000001,1
1746,1.0,0.056788121750000004,3.0,-0.20448068405,-0.14291653334999999,0.08287017595000001,1
1747,1.0,0.04329521015,5.0,-0.20671232105,-0.1554979574,0.09024830050000002,1
1748,1.0,0.053025824900000004,3.0,-0.27182806545000004,-0.20222727085,0.060247335799999996,0
1749,1.0,0.03455925125,5.0,-0.19029179470000002,-0.1368102946,0.10434139365,1
1750,0.0,0.0362549667,3.0,-0.31402591864999996,-0.2744325517,0.07181408004999999,0
1751,1.0,0.0536414553,3.0,-0.17447909405,-0.1421612805,0.0906645945,1
1752,1.0,0.05828983515,3.0,-0.22225705755,-0.16845521365,0.06517225185,1
1753,1.0,0.0457598361,3.0,-0.2090994534,-0.17839232855,0.09462044975,1
1754,1.0,0.056511854550000004,3.0,-0.21536891935000002,-0.15566311865,0.08180078445,1
1755,0.0,0.0558492273,3.0,-0.33076590375000003,-0.2633680653,0.06130292105,0
1756,0.0,0.0068414696,1.0,-0.20816943855,-0.15295540255,0.13460919165,0
1757,2.0,0.05877304765,2.0,-0.1991179696,-0.1471443776,0.07467112255,1
1758,0.0,0.0464811839,4.0,-0.2859580699,-0.2481970748,0.060444914700000005,1
1759,1.0,0.045257966499999996,5.0,-0.1821983985,-0.1238176315,0.09850356025000001,1
1760,1.0,0.0436313649,3.0,-0.2240099876,-0.18366440345,0.08242808174999999,1
1761,0.0,0.029773368350000003,1.0,-0.1856972817,-0.13238047855,0.10681833875000002,1
1762,1.0,0.028937902100000003,3.0,-0.19930377245,-0.12741684035,0.11618012615000001,1
1763,1.0,0.0414317303,5.0,-0.2199916395,-0.15324320715,0.09875874485,1
1764,1.0,0.03660974805,5.0,-0.2039873696,-0.1552849972,0.10502825584999999,1
1765,1.0,0.0498592953,5.0,-0.1786453494,-0.1374391229,0.09051939595,1
1766,0.0,0.0272626363,3.0,-0.3196117008,-0.27678049169999996,0.10101837405,0
1767,2.0,0.05646473245,4.0,-0.2251832787,-0.15120685505,0.0846720492,1
1768,0.0,0.02925024885,3.0,-0.36841760375,-0.34079291935,0.0964972959,0
1769,1.0,0.051596700149999994,3.0,-0.2362346696,-0.17390661610000002,0.0924869877,1
1770,2.0,0.049427086950000004,4.0,-0.21057844380000001,-0.16993001545,0.07745323129999998,1
1771,1.0,0.04926780475,5.0,-0.20112606265,-0.1366842754,0.09501874265,1
1772,1.0,0.05492819375000001,3.0,-0.19542983295,-0.1406040112,0.07727917430000002,1
1773,1.0,0.0490239341,3.0,-0.21494706624999999,-0.15868378784999998,0.07794283155000001,1
1774,0.0,0.02664085335,3.0,-0.3000185894,-0.25112364115,0.09151524694999999,0
1775,0.0,0.0399821549,4.0,-0.29469500835,-0.2473086647,0.07800688955000001,0
1776,0.0,0.04544093715,3.0,-0.27061000775,-0.22716994195,0.0764322207,0
1777,0.0,0.026145200549999997,2.0,-0.1976220511,-0.13852107575,0.1070522176,1
1778,0.0,0.03908273055,3.0,-0.33635861850000004,-0.29293240275,0.07378650284999999,0
1779,0.0,0.03918872035,3.0,-0.33142509405,-0.28565376285,0.0846337924,0
1780,2.0,0.052024201650000004,4.0,-0.17092780435,-0.13506270050000002,0.08331837924999999,1
1781,0.0,0.048634755700000004,3.0,-0.2859924773,-0.27826619715,0.06700035875,0
1782,0.0,0.04258457535,3.0,-0.29451780304999997,-0.28310792635,0.08376216254999999,0
1783,0.0,-0.0024188392499999998,3.0,-0.21416752075,-0.18840899255,0.1563020467,1
1784,0.0,0.02506816405,6.0,-0.14300652315,-0.10921643719999999,0.1140556443,1
1785,0.0,0.0318096605,4.0,-0.18863533605,-0.14423650525,0.10413058154999999,1
1786,0.0,0.032570861849999994,1.0,-0.14272505385,-0.11070084355,0.1105005058,1
1787,0.0,0.04463612705,4.0,-0.24176251594999998,-0.2067026287,0.07042339105,1
1788,0.0,0.01014387355,3.0,-0.21981949309999999,-0.14513026375,0.13096110145,1
1789,0.0,0.04001525205,4.0,-0.3005268729,-0.28654182829999997,0.08018716225,1
1790,0.0,0.0224208939,3.0,-0.31629282485,-0.305250477,0.107030106,0
1791,1.0,0.06526464779999999,3.0,-0.19805979769999998,-0.10653969995,0.07151232675,1
1792,0.0,0.0353789346,3.0,-0.30139845190000003,-0.28188820475,0.0777531655,0
1793,1.0,0.05590430985,5.0,-0.14137775489999999,-0.10774086,0.07233581440000002,1
1794,1.0,0.05004260735,3.0,-0.2304651625,-0.1193767156,0.06349474325,1
1795,0.0,0.0506456094,6.0,-0.22660108985,-0.1083050475,0.06956646790000001,1
1796,2.0,0.07384037425000001,6.0,-0.2211612066,-0.08883862415,0.0527648101,1
1797,2.0,0.0530505076,2.0,-0.20829527655000002,-0.12346147945,0.0795047491,1
1798,0.0,0.032344878699999996,4.0,-0.25319406685,-0.21067234569999999,0.08903605849999999,0
1799,1.0,0.06253570485,3.0,-0.21084199015,-0.1978797563,0.050934314550000005,1
1800,0.0,0.023896964649999998,3.0,-0.32830925175000003,-0.26425314369999997,0.10354866385,0
1801,1.0,0.0583851606,3.0,-0.23481035104999998,-0.1144889479,0.0763363458,1
1802,0.0,0.027376395050000002,3.0,-0.3134159359,-0.2926838373,0.099652692,0
1803,2.0,0.06836878965,4.0,-0.21359971545,-0.0881120377,0.056859166399999994,1
1804,0.0,0.018342751900000002,3.0,-0.21153583865,-0.1556810656,0.11340885895000001,0
1805,0.0,0.02435944115,4.0,-0.17050436755,-0.07126907195,0.12140282895000001,1
1806,0.0,0.028531554799999997,3.0,-0.2825544934,-0.2250067562,0.09442347365,0
1807,1.0,0.0649763436,5.0,-0.26178416725,-0.12699730804999998,0.06361645685,1
1808,0.0,0.0298087671,3.0,-0.28747974585,-0.23336661365,0.09007898735000001,0
1809,1.0,0.06464737955,3.0,-0.1806898909,-0.08726798875,0.072150344,1
1810,0.0,0.0414983582,4.0,-0.3167347767,-0.20401555885,0.0628840937,1
1811,0.0,0.03648627685,2.0,-0.2834283529,-0.2276429268,0.07459062984999999,0
1812,1.0,0.052470546300000004,3.0,-0.2357259608,-0.11849888089999999,0.08174570195,1
1813,2.0,0.0525827289,4.0,-0.23687086235,-0.1154705416,0.07219703960000001,1
1814,0.0,0.054680522100000004,3.0,-0.31473454315000005,-0.29092176960000005,0.056445843100000004,0
1815,0.0,0.0356860305,3.0,-0.2974895016,-0.28457997715000005,0.083247496,0
1816,0.0,0.0385027494,1.0,-0.32831870225000004,-0.27398708915000003,0.0731264953,0
1817,1.0,0.04819663395,3.0,-0.31101710169999996,-0.3004847404,0.06657526945,0
1818,1.0,0.05822235565,1.0,-0.2026625307,-0.115097014,0.07514365005,1
1819,2.0,0.0708554886,4.0,-0.13056747224999998,-0.07668599225,0.06631706814999999,1
1820,1.0,0.05447104665,3.0,-0.19203039685,-0.1295835147,0.07624731575,1
1821,0.0,0.0412272179,4.0,-0.21710060455000002,-0.18576025629999998,0.06506575740000001,1
1822,1.0,0.0529596519,3.0,-0.222917455,-0.0975983037,0.0741161777,1
1823,0.0,0.041627912850000004,3.0,-0.29532946564999996,-0.25195348135,0.0789395028,0
1824,1.0,0.06198399455,3.0,-0.16813165605,-0.059937252450000006,0.07665679275000001,1
1825,0.0,0.047601266749999996,2.0,-0.1780998992,-0.07574561760000001,0.0883467932,1
1826,0.0,0.02937609155,3.0,-0.3230801679,-0.2591029855,0.09483226874999999,0
1827,0.0,0.043525180149999995,1.0,-0.2994673086,-0.255301897,0.07972019875,0
1828,1.0,0.06427776565000001,3.0,-0.20761138295,-0.08999866965,0.06194971015,1
1829,0.0,0.059032764700000004,2.0,-0.25714862215,-0.20463207630000002,0.06779613135000001,0
1830,0.0,0.0474238378,3.0,-0.28977343105,-0.2665872831,0.06743112395,0
1831,0.0,0.0500221532,3.0,-0.26147266775,-0.2547997781,0.0701930689,0
1832,0.0,0.03699126685,3.0,-0.279172233,-0.2210645007,0.07771873435,0
1833,1.0,0.0631216241,3.0,-0.20113378625,-0.1045486148,0.07426028330000001,1
1834,0.0,0.0403664071,3.0,-0.31149753585,-0.24632487725000002,0.0751730794,0
1835,2.0,0.05109020045,4.0,-0.2379729618,-0.11850961595000001,0.07974604460000001,1
1836,0.0,0.03436135335,1.0,-0.30258967755,-0.28180783,0.08497973575000001,0
1837,1.0,0.05539112765,1.0,-0.1660942379,-0.13242651184999998,0.0826677201,1
1838,3.0,0.0057144629500000006,4.0,-0.12343193765,0.0028297420500000003,0.1310201953,1
1839,2.0,0.06711067005,2.0,-0.1349857047,-0.0978176001,0.06838009695,1
1840,1.0,0.07157857595,3.0,-0.13365804004999998,-0.08620617645,0.0674955736,1
1841,1.0,0.056750253949999996,1.0,-0.1455139631,-0.12871684725,0.07707326140000001,1
1842,0.0,0.038977011699999994,3.0,-0.2793684071,-0.23036197754999999,0.0710508826,0
1843,0.0,0.04160159005,2.0,-0.18018759725,-0.1202389908,0.08359488809999999,1
1844,0.0,0.0438333954,1.0,-0.3167820323,-0.29883847865,0.06358760205,0
1845,0.0,0.03531483885,2.0,-0.22069702475000003,-0.08824472565,0.10041865335,1
1846,0.0,0.0335757995,3.0,-0.30255367504999997,-0.2902874458,0.0774916433,0
1847,0.0,0.02751461225,3.0,-0.15294915235,-0.13965835399999998,0.09671287,0
1848,0.0,0.03304515175,2.0,-0.1943774279,-0.12641437635,0.08692905295,1
1849,0.0,0.0303183967,2.0,-0.20418451545,-0.14257229215,0.09253001324999999,1
1850,1.0,0.038782721150000005,3.0,-0.30704945585,-0.10536492335,0.1019659731,1
1851,0.0,-0.0192943779,1.0,-0.2284799689,-0.19792079195,0.14418738965,0
1852,0.0,0.0446967876,2.0,-0.26477403615,-0.24252942985,0.06996031705,0
1853,0.0,-0.0472393824,1.0,-0.21138934075,-0.1705461633,0.18344016529999999,1
1854,1.0,0.0441349959,3.0,-0.19128174004999998,-0.12172810145,0.08373445925,1
1855,0.0,0.04241306525,1.0,-0.28174037355000003,-0.2566009935,0.0762265924,0
1856,0.0,0.02174748735,4.0,-0.2002898118,-0.15091032129999998,0.10185234339999999,1
1857,0.0,0.0119076442,4.0,-0.21943622915,-0.1642595824,0.12069013535,1
1858,3.0,0.00597147525,4.0,-0.11762060355000001,0.0195770428,0.12012234940000001,1
1859,1.0,0.0366360884,3.0,-0.19466202649999997,-0.18563104670000002,0.0808162461,1
1860,0.0,0.03869959425,3.0,-0.28848533795,-0.27094340255000005,0.0838818077,0
1861,0.0,0.02813744515,3.0,-0.1856804776,-0.06356383260000001,0.11114823665000001,0
1862,0.0,0.032693168450000004,1.0,-0.24628186315,-0.13182392539999999,0.10996686345,1
1863,1.0,0.0512046408,3.0,-0.22745810545,-0.12456437165,0.0595130393,1
1864,2.0,0.044415721899999996,3.0,-0.26280379235,-0.2439408165,0.08494383535000001,0
1865,0.0,-0.0050435773,1.0,-0.21556479280000002,-0.18362039959999998,0.13451429239999999,0
1866,0.0,0.04741350915,2.0,-0.27787479125000003,-0.2029528702,0.07063039874999999,0
1867,0.0,0.0638282681,1.0,-0.21579184885,-0.19368551350000002,0.06082695205,0
1868,1.0,0.0624582397,1.0,-0.19580185895000002,-0.10268369865,0.0627675918,1
1869,0.0,0.03748095725,3.0,-0.2659386872,-0.23600008915,0.08215497775,0
1870,1.0,0.0764912659,3.0,-0.1372954326,-0.07320403075000001,0.054765211700000004,1
1871,1.0,0.07317347195,1.0,-0.17412571464999999,-0.0722726451,0.0550999357,1
1872,1.0,0.0629821016,5.0,-0.1658608764,-0.07218032634999999,0.07358967605,1
1873,1.0,0.06831929854999999,5.0,-0.1664126107,-0.0630676358,0.06265365105000001,1
1874,1.0,0.0614289616,3.0,-0.20297100665,-0.09624135875,0.06527451215,1
1875,0.0,0.04585565835,3.0,-0.2510852649,-0.23140762825,0.07692122105,0
1876,0.0,0.02273622635,3.0,-0.22134148375,-0.1142455393,0.10746632519999999,1
1877,0.0,0.02885553055,1.0,-0.16592637394999998,-0.1036074018,0.10601866734999998,1
1878,0.0,0.02577445235,3.0,-0.21088537354999998,-0.11867512499999999,0.09836627405000001,1
1879,0.0,0.0461397055,1.0,-0.2910271364,-0.25182318690000005,0.067103473,0
1880,0.0,0.00598226325,2.0,-0.1939271891,-0.15146802835,0.13000211595,0
1881,0.0,0.0449344929,3.0,-0.2812168265,-0.26288589149999997,0.07405997280000001,0
1882,1.0,0.053125700649999996,3.0,-0.27568941235,-0.25565320185,0.053967711550000005,0
1883,0.0,0.0322416446,3.0,-0.28645977749999996,-0.28271803630000003,0.08775212545,0
1884,0.0,0.0293911255,3.0,-0.1897817386,-0.10579291385,0.09913343415,1
1885,0.0,-0.0056175137,1.0,-0.19649178135,-0.1748155131,0.13830437634999998,1
1886,1.0,0.052855644699999996,5.0,-0.1679965931,-0.09799815505000001,0.0751155241,1
1887,1.0,0.0484941875,3.0,-0.13821321809999998,-0.0985843189,0.08966568325000002,1
1888,0.0,0.031035274,1.0,-0.32766232500000003,-0.2911475726,0.0949615878,0
1889,0.0,0.025108671800000003,2.0,-0.1666698314,-0.10721511025,0.11721150975,1
1890,1.0,0.05771655085,3.0,-0.22041440795,-0.110721847,0.060594016949999996,1
1891,0.0,0.038244278,5.0,-0.2579059371,-0.22192220935,0.08645225875,0
1892,1.0,0.07021081644999999,1.0,-0.23658682035,-0.11426826044999999,0.05750375355,1
1893,1.0,0.05517483125,3.0,-0.20728326725000001,-0.10205778595000001,0.08304709915000001,1
1894,0.0,0.03257337135,3.0,-0.34630655925,-0.24897808394999998,0.08817085915,0
1895,0.0,0.04351364835,3.0,-0.29644679809999996,-0.27949351219999996,0.07928803295,0
1896,0.0,0.050269984350000005,1.0,-0.30273243159999996,-0.27125055455,0.058088492000000005,0
1897,1.0,0.058663845,3.0,-0.23426991860000002,-0.1353605022,0.0764826288,1
1898,1.0,0.033265712899999994,3.0,-0.2578153472,-0.13777849665000003,0.1088803361,1
1899,1.0,0.05624854,3.0,-0.23997496705,-0.14041311685,0.06970311155,1
1900,0.0,0.03748562035,1.0,-0.3346823651,-0.30593963474999997,0.08618873194999999,0
1901,1.0,0.05958336135,3.0,-0.23143681265,-0.1243755871,0.07756931290000002,1
1902,0.0,0.0415022027,2.0,-0.3273452606,-0.30863247505,0.0788504991,0
1903,2.0,0.07141685405,4.0,-0.1799468621,-0.092392829,0.06671324109999999,1
1904,0.0,0.039980886,2.0,-0.2357823452,-0.1820307481,0.09453737665,0
1905,1.0,0.057318270549999994,3.0,-0.24023083765,-0.2040786102,0.07409843665,0
1906,2.0,0.0517245837,4.0,-0.21240205615,-0.1132297022,0.08927249785000001,1
1907,0.0,0.0377257721,2.0,-0.29445709785,-0.2472033019,0.07261130315,0
1908,0.0,0.041182021299999996,1.0,-0.30921269419999997,-0.2974940425,0.08697261255,0
1909,2.0,0.05164544735,4.0,-0.18772503875000002,-0.09487129065,0.0779179719,1
1910,1.0,0.0707834298,2.0,-0.1661986896,-0.07159711415,0.0626812814,1
1911,2.0,0.0625074905,4.0,-0.20239876299999998,-0.0870587944,0.06869539915,1
1912,1.0,0.06423222205,3.0,-0.2179720336,-0.08829080624999999,0.07183390805,1
1913,0.0,0.04212673965,1.0,-0.30295135559999997,-0.23259881205,0.07917078265,0
1914,0.0,0.04541747035,1.0,-0.29151603115,-0.26876494835,0.07529996580000001,0
1915,1.0,0.06757712735,4.0,-0.1879838863,-0.0968741656,0.07410024555,1
1916,1.0,0.05236565045,3.0,-0.2375972519,-0.1281857429,0.0875427525,1
1917,0.0,0.0459643391,1.0,-0.2926372154,-0.28521102015,0.07849589655,0
1918,0.0,0.0384402169,1.0,-0.29194186215,-0.2749886356,0.08071622475,0
1919,1.0,0.0690265514,5.0,-0.20217767985,-0.09289220715,0.07088658025,1
1920,0.0,0.04444206075,3.0,-0.28480152245,-0.1849017715,0.06636753614999999,1
1921,2.0,0.0519971561,4.0,-0.1439377822,-0.1080336099,0.0878240198,1
1922,0.0,0.03590127925,3.0,-0.13549601955,-0.0961424165,0.08929441735,1
1923,0.0,0.04790433895,2.0,-0.3250340019,-0.30242061855,0.05664036935,0
1924,1.0,0.05350576075,3.0,-0.23497125935000002,-0.11761458985,0.08714969605000002,1
1925,1.0,0.0580562559,3.0,-0.18016388015,-0.09133871134999999,0.07251840140000002,1
1926,2.0,0.0702806147,2.0,-0.16987790549999998,-0.0860808697,0.06635604949999999,1
1927,0.0,0.014688014650000001,3.0,-0.19328868,-0.14209970215,0.12169394454999999,0
1928,1.0,0.0570970458,3.0,-0.22062392265,-0.1086816396,0.0794049949,1
1929,2.0,0.07522193505,4.0,-0.2173507617,-0.08059285965,0.056761795149999995,1
1930,0.0,0.04709897465,3.0,-0.29983456775,-0.28779321705,0.07431482140000001,0
1931,0.0,0.0381080529,3.0,-0.2740525373,-0.24832177495,0.06993862615,0
1932,1.0,0.0589120714,3.0,-0.21259167210000002,-0.1047249596,0.0602871531,1
1933,2.0,0.048141138400000005,2.0,-0.2006236453,-0.1333208426,0.0798979726,1
1934,1.0,0.0339263842,3.0,-0.25308613525,-0.15459968699999999,0.10171511395,1
1935,0.0,0.04054652005,2.0,-0.3124854495,-0.2704777842,0.07813918610000001,0
1936,1.0,0.05261140815,3.0,-0.18274635844999998,-0.14951047695,0.0655994907,1
1937,0.0,0.04177066515,2.0,-0.231209618,-0.12137568245,0.09920264105,1
1938,1.0,0.0500712728,3.0,-0.21860852865,-0.11727278755000001,0.0841466892,1
1939,0.0,0.0317655982,4.0,-0.25593672935,-0.25368275165,0.0919925797,0
1940,0.0,0.040622825050000005,1.0,-0.34034613615,-0.32283158884999996,0.07581613115000001,0
1941,1.0,0.042513169749999996,3.0,-0.22425174785000002,-0.1618974425,0.08210442255,1
1942,0.0,0.03641241265,4.0,-0.3001114419,-0.29113103455,0.07535719255000001,0
1943,0.0,0.040234540099999994,1.0,-0.16287589884999998,-0.1150291057,0.09552819334999998,1
1944,0.0,0.033466034000000006,2.0,-0.14982041185,-0.1075065343,0.09852204249999999,1
1945,0.0,0.012584389500000001,3.0,-0.1829724498,-0.12583206725,0.1214339972,1
1946,0.0,0.00538794485,3.0,-0.21069754955,-0.1430672776,0.12511495675,1
1947,1.0,0.04370325875,1.0,-0.1526418483,-0.11063308675,0.08335453004999999,1
1948,0.0,0.03664579335,1.0,-0.17461211845,-0.07035207530000001,0.0997367613,1
1949,0.0,0.0398033494,4.0,-0.2940600764,-0.26723021835,0.08249769119999999,0
1950,0.0,0.036512853,4.0,-0.29304049825,-0.26858282764999997,0.0793987656,0
1951,2.0,0.0626458085,4.0,-0.158215741,-0.06867381175000001,0.08419050535,1
1952,1.0,0.053738142249999996,3.0,-0.1499899571,-0.078406841,0.07734906035,1
1953,0.0,0.040594159899999996,2.0,-0.1893841436,-0.09075220125,0.0859472107,1
1954,0.0,-0.0006912031500000001,1.0,-0.23948664755,-0.1134858732,0.1309537479,0
1955,0.0,0.04686809225,1.0,-0.28080635384999997,-0.2719698116,0.06601718565,0
1956,0.0,-0.01233079875,1.0,-0.2355510059,-0.128462301,0.13716501479999998,0
1957,0.0,0.03998187145,2.0,-0.27931649054999996,-0.2713705114,0.07173983245000001,0
1958,0.0,0.0202868889,1.0,-0.14557930925,-0.101978806,0.11090807750000001,1
1959,0.0,0.035630937599999996,2.0,-0.28858547185,-0.25780333465000005,0.08147909589999999,0
1960,2.0,0.06071393115,2.0,-0.1655450088,-0.07981783984999999,0.06586558525000001,1
1961,3.0,0.07390786115,2.0,-0.16732889415000002,-0.05473863645,0.06788845225000001,1
1962,0.0,0.007881816449999999,1.0,-0.1774130385,-0.15164754235,0.12105736219999999,0
1963,2.0,0.05390576355,4.0,-0.1626291533,-0.14298912055000002,0.04968169235,1
1964,0.0,0.042285221250000005,3.0,-0.25773366750000004,-0.22458657885,0.07934560565,0
1965,1.0,0.053619548700000005,3.0,-0.1969372262,-0.1000686701,0.06647242179999999,1
1966,0.0,0.04289609885,4.0,-0.21482284055,-0.10926920200000001,0.08784490229999999,1
1967,0.0,0.0327135647,3.0,-0.3167693964,-0.299606859,0.07493462440000001,0
1968,0.0,0.04326465505,2.0,-0.22072024764999998,-0.09579215175,0.09023556775,1
1969,0.0,0.039933939050000006,1.0,-0.2951775382,-0.27250346405000003,0.0740429306,0
1970,1.0,0.054286029,3.0,-0.2178910551,-0.15721168359999999,0.0680115558,1
1971,2.0,0.048892331799999994,4.0,-0.19727338430000002,-0.10355491565,0.07404791045,1
1972,1.0,0.04675584985,3.0,-0.2171513454,-0.10621143294999999,0.078757872,1
1973,0.0,0.0366138272,3.0,-0.33198581115000003,-0.22976728965,0.0671378809,1
1974,0.0,0.0356873605,1.0,-0.31382028745,-0.28865778705,0.0909134811,0
1975,0.0,0.0431790026,3.0,-0.3191246397,-0.31434913955,0.0681553162,0
1976,0.0,0.051402532,3.0,-0.21710580355,-0.16388650985,0.06087388185,1
1977,0.0,0.03226615,1.0,-0.30556985049999996,-0.2780993962,0.08026064235,0
1978,2.0,0.0538022702,4.0,-0.20909605455,-0.09156570315000001,0.08002338349999999,1
1979,0.0,0.0332309664,3.0,-0.30720862645,-0.2910596088,0.0944236921,0
1980,0.0,0.03638068585,2.0,-0.22226083185,-0.10853220520000001,0.10464926094999999,1
1981,0.0,0.0348407917,2.0,-0.22574293025,-0.11452295005,0.1030617399,1
1982,1.0,0.0447290268,3.0,-0.21237904505,-0.10149365645,0.08658445055,1
1983,0.0,0.034652541,3.0,-0.3337338557,-0.3139687778,0.09020055395,0
1984,1.0,0.051548162950000004,1.0,-0.31613593165,-0.2798321146,0.06781150605,0
1985,1.0,0.056804245249999996,3.0,-0.16490128045000002,-0.081839845,0.07820192025,1
1986,0.0,0.04111132855,2.0,-0.26448702970000004,-0.1937872834,0.06945345285,1
1987,0.0,0.03996859345,3.0,-0.28547041765000003,-0.25385732865,0.0784317366,0
1988,0.0,0.035437851699999995,2.0,-0.14510085625,-0.0994461734,0.09495031674999999,1
1989,0.0,0.04158541115,3.0,-0.30262751175,-0.26863662354999995,0.07093018065000001,0
1990,0.0,0.032282516,3.0,-0.20188334615,-0.16929573155,0.099317993,0
1991,1.0,0.03554730075,3.0,-0.1566700887,-0.11170046635,0.09324324745000001,1
1992,0.0,0.0090896608,1.0,-0.20831779955000002,-0.17573811205,0.1218744075,0
1993,1.0,0.05151428355,5.0,-0.2924283741,-0.26306492130000003,0.05629901625,0
1994,0.0,0.0441110691,4.0,-0.2859797729,-0.26359993865,0.0743411272,0
1995,0.0,-0.0072895642,2.0,-0.19839805195,-0.0654882411,0.13001482525000002,1
1996,1.0,0.0411652201,3.0,-0.18521120605000002,-0.13749003605,0.086400651,1
1997,0.0,0.0391578538,2.0,-0.1825920123,-0.1491476837,0.08524041655,1
1998,0.0,0.04821630065,2.0,-0.235676987,-0.15033329005,0.08188018080000001,1
1999,0.0,0.019817321550000003,4.0,-0.17718270575,-0.13067020875000002,0.1038952374,1
2000,0.0,0.0053690818500000004,4.0,-0.1934571893,-0.17700323905,0.12375237075000001,1
2001,0.0,0.031940762250000004,1.0,-0.3085910613,-0.28836998594999996,0.09251277875,0
2002,0.0,0.0416699071,3.0,-0.2888163794,-0.2688965614,0.06780395859999999,0
2003,0.0,0.0507314475,2.0,-0.30439019555,-0.2991682548,0.060129018050000003,0
2004,0.0,0.04112956275,2.0,-0.16620415565000002,-0.09440747035,0.09071103455,1
2005,0.0,0.028550191750000002,2.0,-0.32225925985000003,-0.27427833055,0.10086306315,0
2006,1.0,0.05018640665,1.0,-0.16037591245,-0.14935291135,0.08202622970000001,1
2007,0.0,-0.01026881315,1.0,-0.18830946269999999,-0.11443967715,0.13560357035,1
2008,0.0,0.0162722756,2.0,-0.23359253865000001,-0.14429703500000002,0.11686036415,1
2009,0.0,0.0491954993,2.0,-0.2134797286,-0.1096471876,0.09009778905,1
2010,0.0,0.037153656150000006,3.0,-0.285338807,-0.18595623935,0.0828686958,1
2011,1.0,0.05360290345,3.0,-0.1886098578,-0.10759829185,0.072213894,1
2012,0.0,0.03603380565,2.0,-0.3027287904,-0.27704476720000004,0.0733815685,0
2013,1.0,0.0665162339,3.0,-0.18863117725,-0.0757303845,0.06981049345,1
2014,0.0,0.035963264300000006,2.0,-0.3194650264,-0.26361388360000004,0.08892564585,0
2015,0.0,0.0433296702,3.0,-0.28511157514999996,-0.2429088196,0.07085508265,0
2016,1.0,0.0654297087,1.0,-0.18791695875,-0.07470980855,0.06853184725,1
2017,2.0,0.083247906,2.0,-0.17232186775,-0.0663889934,0.05341625290000001,1
2018,0.0,0.01474282895,3.0,-0.204936077,-0.1463425258,0.1124734676,0
2019,0.0,0.040895054,3.0,-0.270605206,-0.24013581709999998,0.0827285388,0
2020,0.0,0.02717551695,2.0,-0.1966952287,-0.1012663309,0.10097283335000001,1
2021,0.0,0.025621260649999998,1.0,-0.22637860455,-0.1272235563,0.10220315775,1
2022,0.0,0.0145626599,2.0,-0.20525663395,-0.09653406195,0.127992621,0
2023,0.0,0.0244370437,1.0,-0.2385955187,-0.11325306245,0.11862828585000001,1
2024,1.0,0.0412851018,3.0,-0.1883976194,-0.12448356785,0.0840984497,1
2025,0.0,0.038238729750000006,5.0,-0.28725062874999996,-0.2321671225,0.08948061434999999,0
2026,0.0,0.0158789654,1.0,-0.21141106425,-0.09543331015,0.12748333675,0
2027,0.0,0.05010954255,2.0,-0.30926912795,-0.26506693155,0.066347916,0
2028,0.0,0.0224036775,2.0,-0.2379290511,-0.11804658,0.11417778775000001,1
2029,0.0,0.0263820019,3.0,-0.32198565895,-0.28101966739999995,0.0937063445,0
2030,0.0,0.0332017216,3.0,-0.3023610509,-0.2603704812,0.08542353485,0
2031,0.0,0.02859200335,3.0,-0.32584378459999996,-0.31407937825,0.09241600805,0
2032,0.0,0.042356977350000005,2.0,-0.29608172275,-0.24473859045000002,0.08362259555,0
2033,0.0,0.0379046242,1.0,-0.3044888496,-0.26684462815,0.08436464565,0
2034,0.0,0.03953116445,3.0,-0.23549063920000002,-0.1967984586,0.07813294815000002,1
2035,0.0,0.0360656508,4.0,-0.2811575353,-0.20774740120000001,0.066783914,1
2036,0.0,0.0294140117,3.0,-0.2975729787,-0.19496372615000002,0.0859081733,1
2037,0.0,0.03466137405,1.0,-0.2901847549,-0.25405248680000003,0.0871465928,0
2038,0.0,0.03076428935,1.0,-0.3023987348,-0.25881452969999996,0.0955944617,0
2039,1.0,0.05788591825,3.0,-0.17946387725000001,-0.07641029995,0.0787407832,1
2040,0.0,0.04674634245,1.0,-0.29257147380000004,-0.2827274613,0.075133209,0
2041,1.0,0.0539775396,1.0,-0.25721262615,-0.10787109975,0.0680857958,1
2042,1.0,0.0419374106,3.0,-0.21109432555000002,-0.16394581295,0.0634903658,1
2043,0.0,0.0445262769,1.0,-0.29919349845,-0.24198998124999999,0.08412451085,0
2044,1.0,0.0710781512,1.0,-0.1388481281,-0.0529053602,0.057162058300000006,1
2045,0.0,0.029381080099999998,4.0,-0.2869680252,-0.1783722579,0.06428174240000001,1
2046,0.0,0.03238010075,3.0,-0.3228608959,-0.2536659026,0.0906561061,0
2047,0.0,0.0395364224,3.0,-0.32655155785,-0.29939918325000003,0.08162831310000002,0
2048,0.0,0.044470971250000005,1.0,-0.27727235645000003,-0.2481303516,0.07864858259999999,0
2049,0.0,0.039612774399999995,4.0,-0.27255463815000003,-0.26839310780000003,0.08695326875,0
2050,0.0,0.03581444565,3.0,-0.29153068395,-0.2781536066,0.08275482555,0
2051,0.0,0.03720044925,4.0,-0.28431849335000003,-0.24302920415,0.07872971125,0
2052,1.0,0.0606383111,5.0,-0.2084232029,-0.06892402575,0.07354265010000001,1
2053,2.0,0.059052619050000005,6.0,-0.24948841495,-0.21163979865,0.07510394240000001,0
2054,1.0,0.0758826088,1.0,-0.2041342975,-0.071794604,0.061392979800000004,1
2055,1.0,0.0629356718,2.0,-0.22581673465000002,-0.08012711165,0.08552881729999999,1
2056,3.0,0.06133282105,3.0,-0.2246009011,-0.07859453294999999,0.0786585627,1
2057,0.0,0.0432726464,1.0,-0.3058558565,-0.2953330226,0.07893338475,0
2058,0.0,0.036813837099999996,1.0,-0.2826355183,-0.26741717275,0.0839417929,0
2059,0.0,0.04441783735,4.0,-0.31738775465,-0.2925927754,0.0641392608,0
2060,0.0,0.042832513749999995,3.0,-0.31113235855,-0.29195125865000005,0.0752574225,0
2061,0.0,0.0444248156,4.0,-0.1529046207,-0.0728402085,0.0949718963,1
2062,0.0,0.049526543349999994,2.0,-0.31091028639999996,-0.2963732285,0.06857428645000001,0
2063,0.0,0.0266331533,2.0,-0.19978573625,-0.09116183115,0.10274286229999999,1
2064,0.0,0.027363947149999998,2.0,-0.2362376336,-0.1211275213,0.10901377294999999,1
2065,0.0,0.04556962965,1.0,-0.3054272582,-0.26029899045000005,0.07116072485000001,0
2066,0.0,0.026919228150000002,2.0,-0.18823509335,-0.0723717767,0.11025523275,1
2067,0.0,0.049976031850000005,1.0,-0.29817130505,-0.2369846215,0.06946110975,0
2068,0.0,0.040098939550000004,2.0,-0.28790075584999997,-0.25160827085000004,0.0735450598,0
2069,0.0,0.04382638915,2.0,-0.14648196995,-0.10501885285,0.0964296171,1
2070,0.0,0.045664838799999996,2.0,-0.13692838899999998,-0.1245522017,0.09357489529999999,1
2071,0.0,0.02797366075,1.0,-0.13653270639999998,-0.09693324965,0.1115973191,1
2072,0.0,0.03063209085,5.0,-0.15658123395,-0.12102507809999999,0.11299680795,1
2073,0.0,0.0380738759,1.0,-0.14546543715,-0.09285176935,0.1041642638,1
2074,0.0,0.0398022466,4.0,-0.121730537,-0.084825544,0.1020889355,1
2075,0.0,0.02097458495,3.0,-0.30427194635,-0.26633286970000003,0.1051364602,0
2076,0.0,0.0346608366,1.0,-0.1585608531,-0.10674753440000001,0.11119985375,1
2077,1.0,0.0669199415,3.0,-0.2052590181,-0.08998873395000001,0.07231667565000001,1
2078,1.0,0.06880509700000001,2.0,-0.21214505625000002,-0.10824515755,0.06473571685,1
2079,1.0,0.05722962585,3.0,-0.2397846934,-0.10954122565,0.07070183015,1
2080,2.0,0.058238175,4.0,-0.2188617859,-0.07588012690000001,0.07649691384999999,1
2081,2.0,0.0686880069,2.0,-0.23299462999999998,-0.09188706830000001,0.0723058064,1
2082,1.0,0.07189942425000001,2.0,-0.2104192371,-0.12079330025,0.0486515648,1
2083,0.0,0.018113713349999998,1.0,-0.20833229925000002,-0.0971180812,0.12601415794999998,0
2084,0.0,0.030336472500000003,1.0,-0.16312123769999998,-0.09588621265,0.11206473595,0
2085,0.0,0.02936499705,1.0,-0.18771256775,-0.1175045411,0.10654527165,0
2086,2.0,0.0519230104,2.0,-0.20642414355,-0.09562572365,0.08272321845,1
2087,0.0,0.05005261895,2.0,-0.1966576262,-0.123044735,0.06789970675,1
2088,0.0,-0.0090416073,3.0,-0.19372895965,-0.12024019725,0.14104163139999998,0
2089,0.0,0.0315747584,3.0,-0.2987143305,-0.2725314097,0.07964160865,0
2090,0.0,0.0394262315,3.0,-0.2411549522,-0.1894896343,0.06707910775,1
2091,0.0,-0.019028166,1.0,-0.18044073635000002,-0.10421458695,0.14011685029999998,1
2092,0.0,-0.009730050649999999,1.0,-0.19572065285,-0.11466083960000001,0.1433167869,0
2093,0.0,0.0433138319,3.0,-0.32679955485,-0.26645391385,0.0629175792,0
2094,1.0,0.050089217850000006,5.0,-0.2024602272,-0.11361357845,0.0867771667,1
2095,0.0,0.05011152185,2.0,-0.12945497285000002,-0.0991235273,0.0936114915,1
2096,2.0,0.07341442375,5.0,-0.16284434455000002,-0.09554690290000001,0.05648171115,1
2097,0.0,-0.0214642518,3.0,-0.1848511448,-0.12462139280000001,0.1598130517,1
2098,0.0,-0.02697504705,1.0,-0.1917251324,-0.1573199667,0.1702247365,1
2099,0.0,0.0308987024,3.0,-0.309048476,-0.28975924555,0.0835900254,0
2100,0.0,0.0443961748,1.0,-0.2985956119,-0.26904879565,0.08061414820000001,0
2101,2.0,0.07035291290000001,2.0,-0.20164312525,-0.10893341255,0.0623410929,1
2102,0.0,0.0556478592,1.0,-0.28544295565,-0.20097239169999997,0.053186289799999995,1
2103,2.0,0.06137962075,4.0,-0.20128065745,-0.10643657605000001,0.0756791835,1
2104,0.0,-0.01394847325,1.0,-0.19757751235,-0.14262334875,0.14493848059999997,0
2105,1.0,0.045914107100000004,3.0,-0.21570634030000002,-0.11820782939999999,0.0885577809,1
2106,0.0,0.03285543695,3.0,-0.31899795025,-0.29924009929999995,0.08714047529999999,0
2107,0.0,0.052405847650000004,1.0,-0.29036543324999997,-0.19672342565,0.06219553490000001,1
2108,0.0,0.0378843985,1.0,-0.31163454165000004,-0.30100197025,0.07302759235,0
2109,0.0,0.034828738149999997,2.0,-0.29720613355,-0.2411883526,0.0872803994,0
2110,0.0,0.0401652317,3.0,-0.28956786605,-0.2447039815,0.0811004275,0
2111,0.0,0.038504018949999996,1.0,-0.29593935289999995,-0.28243886875,0.07924721205000002,0
2112,0.0,0.0253968805,4.0,-0.21512309755,-0.195636936,0.0897776295,1
2113,2.0,0.07614746929999999,2.0,-0.12881196965,-0.0534117516,0.06777771045,1
2114,1.0,0.03902637745,3.0,-0.17155185465,-0.15082239884999998,0.06686511299999999,1
2115,1.0,0.057358413600000005,3.0,-0.17669204505,-0.10042401209999999,0.0791892241,1
2116,0.0,0.0549704671,3.0,-0.2820115095,-0.21175105205,0.07087410364999999,0
2117,2.0,0.0627298243,2.0,-0.1312794797,-0.0572641233,0.07759254809999999,1
2118,0.0,0.036256923149999995,2.0,-0.1658431538,-0.1001381542,0.10644388415,1
2119,0.0,0.03345806849999999,3.0,-0.28114061965000003,-0.24897395960000002,0.090216526,0
2120,0.0,0.0340574258,1.0,-0.30328079890000004,-0.2976602641,0.07889936695,0
2121,0.0,0.03715252165,2.0,-0.30840084675,-0.2872641048,0.07583629395,0
2122,0.0,0.0096190034,1.0,-0.18188501340000002,-0.1266968298,0.1315801362,0
2123,0.0,0.0404208354,5.0,-0.2023346238,-0.14931177175,0.07011950915,1
2124,0.0,0.056126976950000004,1.0,-0.25628711375,-0.23915334805,0.06976967035,0
2125,2.0,0.0797538431,4.0,-0.1581422262,-0.07444738109999999,0.05854020645,1
2126,0.0,0.03813971625,2.0,-0.2259719142,-0.10150873269999999,0.092753231,1
2127,0.0,0.04370103675,3.0,-0.29180230105000005,-0.2373571136,0.0774334811,0
2128,0.0,-0.04300849455,1.0,-0.23349431874999999,-0.16585697285,0.18192583704999998,0
2129,1.0,0.03659431925,3.0,-0.19196626145,-0.1176222035,0.08582514675,1
2130,0.0,0.021970931399999998,2.0,-0.19447184615000002,-0.12744941045,0.09931144245,1
2131,1.0,0.036592128200000004,3.0,-0.196840911,-0.15210844475000002,0.0831619577,1
2132,1.0,0.049538539,3.0,-0.31026896309999996,-0.2880254246,0.06032472629999999,0
2133,0.0,0.0384644665,1.0,-0.30407871125,-0.26163181515,0.08408222060000001,0
2134,0.0,0.034608684,1.0,-0.22575559555000002,-0.177094066,0.07766486355,1
2135,1.0,0.0461414187,3.0,-0.16556534845,-0.1135115643,0.0779593286,1
2136,0.0,0.020737385599999998,2.0,-0.1879489172,-0.13541373715,0.11725834704999999,1
2137,0.0,0.0276654339,1.0,-0.16750667335,-0.10598132065,0.09426604345,1
2138,0.0,0.03723346985,4.0,-0.22111534475,-0.0907019179,0.10503412470000001,1
2139,0.0,0.043049558,2.0,-0.1885033305,-0.0809422309,0.08792210025,1
2140,0.0,0.0268322113,2.0,-0.21234168965,-0.08620712559999999,0.11071632214999999,1
2141,0.0,0.0196841125,1.0,-0.16825433715,-0.1239843746,0.10071093,0
2142,1.0,0.043723470449999996,3.0,-0.1993163674,-0.09345509155000001,0.09099748845,1
2143,1.0,0.039027526199999996,3.0,-0.19517221785,-0.10171610954999999,0.09419294450000001,1
2144,0.0,-0.044522049349999995,4.0,-0.1922014876,-0.1453974082,0.1875984126,0
2145,0.0,-0.0342687258,4.0,-0.2242111248,-0.1388386435,0.1731951145,0
2146,2.0,0.05985668625,4.0,-0.13521849245,-0.06723290885,0.07644300575000001,1
2147,0.0,-0.0073462280500000005,4.0,-0.19696789775,-0.09367069880000001,0.15766628305,0
2148,1.0,0.04794378685,3.0,-0.136872932,-0.1291947075,0.0862329421,1
2149,2.0,0.06116562345,2.0,-0.1933440092,-0.12172980074999999,0.0716403247,1
2150,2.0,0.06389056405,4.0,-0.23700384635,-0.12318452499999999,0.07353919945,1
2151,0.0,0.0018720037,1.0,-0.1678925846,-0.1374296788,0.12657533815,0
2152,1.0,0.05997076355,2.0,-0.17633091355,-0.0898043816,0.06889899449999999,1
2153,0.0,0.034951822,3.0,-0.325511899,-0.2430411453,0.08676465559999999,0
2154,1.0,0.04858615515,3.0,-0.21527192085000002,-0.12620707469999998,0.08976465950000001,1
2155,0.0,-0.07995942395,3.0,-0.19787716775,-0.18234837380000002,0.2203736484,0
2156,2.0,0.0644342232,2.0,-0.16352976265000002,-0.08162183235,0.06754088685,1
2157,1.0,0.05928885045,3.0,-0.2242414397,-0.1006835452,0.0728699404,1
2158,0.0,0.0399925553,2.0,-0.2145703111,-0.0758613975,0.08844270635000001,1
2159,0.0,0.05208857415,2.0,-0.21242194155,-0.10371926065,0.07224019275,1
2160,0.0,0.02779958095,3.0,-0.3401882507,-0.2894714432,0.10243158095,0
2161,2.0,0.0648182037,4.0,-0.18148080405,-0.0845773786,0.07828952905,1
2162,2.0,0.07004664869999999,4.0,-0.17116398435000002,-0.07125973585,0.0674921101,1
2163,1.0,0.04907843245,5.0,-0.254920481,-0.16516168695,0.08136253095,0
2164,0.0,0.020517847999999998,3.0,-0.2014737827,-0.1697471485,0.1243341398,0
2165,1.0,0.05875370245,1.0,-0.21187959,-0.07902445129999999,0.07469313905,1
2166,1.0,0.07125893975,1.0,-0.1712711347,-0.05724096185,0.060587501050000006,1
2167,1.0,0.05411975265,5.0,-0.22122763365,-0.10706159775,0.08079502660000001,1
2168,0.0,-0.030215143649999998,1.0,-0.17988620589999998,-0.10618387630000001,0.17543479995,0
2169,2.0,0.06489938715,4.0,-0.1826108957,-0.08611551735,0.07663263270000001,1
2170,1.0,0.0481117288,3.0,-0.22852015255000002,-0.11653072545000001,0.09328285730000001,1
2171,0.0,0.032310171400000004,1.0,-0.30778245705,-0.2914636587,0.09007098724999998,0
2172,0.0,0.03583308105,2.0,-0.3047426453,-0.264185868,0.0758166789,0
2173,0.0,-0.0039116539,1.0,-0.18291262619999998,-0.09292307635,0.15242699664999998,0
2174,1.0,0.047535385400000005,3.0,-0.16025719545,-0.10110592075,0.0874592041,1
2175,0.0,0.01789513965,3.0,-0.17193621485,-0.1248078074,0.11545409795,1
2176,0.0,0.0364818523,4.0,-0.30158063365,-0.27898334405,0.07467908385,0
2177,0.0,0.01379019075,1.0,-0.2097565073,-0.16150979905,0.12554616494999998,0
2178,0.0,0.04174884555,1.0,-0.29670152684999995,-0.2541053667,0.07459241275,0
2179,0.0,0.02398908105,1.0,-0.19362084665,-0.09088400015,0.11286510645,1
2180,0.0,0.022113646299999998,4.0,-0.1927382787,-0.1030501033,0.10849857510000001,1
2181,0.0,0.012949693299999999,1.0,-0.1952848263,-0.15554523544999999,0.12265396595,0
2182,2.0,0.041214228000000006,4.0,-0.2119825283,-0.1247464264,0.08788179015,1
2183,1.0,0.05942599385,3.0,-0.22554289885,-0.1175016203,0.065785564,1
2184,2.0,0.05592529715,4.0,-0.2257967657,-0.11095994984999999,0.0712060981,1
2185,0.0,0.0458615612,2.0,-0.22305107985,-0.11264980290000001,0.09295026335,1
2186,1.0,0.04644012005,3.0,-0.29934681155,-0.29195314275,0.067340864,0
2187,0.0,0.03763469715,3.0,-0.27175023795,-0.24585615065,0.06471129654999999,0
2188,0.0,0.0409622991,2.0,-0.2031882603,-0.1565259314,0.07225660779999998,1
2189,0.0,0.042737594399999995,1.0,-0.29920396969999996,-0.2919731608,0.0655123055,0
2190,0.0,0.0413891351,2.0,-0.3037654039,-0.2551683401,0.0696870712,0
2191,0.0,0.03896146235,3.0,-0.23329646064999998,-0.16929450425,0.0694942546,1
2192,2.0,0.06041670895,4.0,-0.19857684015,-0.07722850319999999,0.082567913,1
2193,0.0,0.0079212555,1.0,-0.1981743305,-0.17950821095,0.1370417538,0
2194,0.0,0.0348375014,3.0,-0.2925454361,-0.27856550594999996,0.08260197405,0
2195,0.0,0.045360074949999996,3.0,-0.33754035485,-0.19641765125,0.0587772003,1
2196,0.0,0.03994183655,4.0,-0.33574815125,-0.2025785746,0.06796252445,1
2197,0.0,-0.0163841398,1.0,-0.19560680460000002,-0.17288694059999998,0.14359900935,0
2198,0.0,0.03462747855,1.0,-0.2987648254,-0.25702827325,0.0945567384,0
2199,2.0,0.054396684050000005,4.0,-0.1969628664,-0.08029184275000001,0.0867139774,1
2200,0.0,0.0379281951,1.0,-0.2348199889,-0.169698474,0.0655425235,1
2201,3.0,0.0524773555,5.0,-0.20296174020000002,-0.1186791519,0.057447345700000006,1
2202,0.0,-0.030541620149999997,3.0,-0.227760778,-0.15827947895,0.1573740056,0
2203,0.0,0.00913336495,3.0,-0.15471552875,-0.12829718045,0.12470409060000001,0
2204,1.0,0.0572900703,5.0,-0.22102985274999998,-0.09928285395,0.08784486794999999,1
2205,0.0,0.03738624935,3.0,-0.21250925735,-0.14166119705,0.07196055244999999,1
2206,1.0,0.07384806905,3.0,-0.2057289923,-0.08036556855,0.05868619254999999,1
2207,2.0,0.0722324578,4.0,-0.21374627105,-0.0772855795,0.06355699940000001,1
2208,0.0,0.03789658675,3.0,-0.32857917454999996,-0.31595562015,0.08179562965,0
2209,1.0,0.03514424945,2.0,-0.2763242436,-0.2446124063,0.0978355054,0
2210,0.0,0.047547133150000004,3.0,-0.33470706215,-0.18277133265,0.06339151725,1
2211,0.0,-0.00486126845,1.0,-0.22051748605,-0.1609383272,0.14102565914999998,0
2212,0.0,-0.0037896944,1.0,-0.2163367697,-0.1559084151,0.13772750325,0
2213,0.0,0.02859915215,3.0,-0.28221197880000004,-0.22209512335,0.08701625855,0
2214,0.0,0.030073115150000003,2.0,-0.16694857315,-0.09829904325,0.08877108325,1
2215,0.0,-0.06253470835,6.0,-0.2256728499,-0.15871819045000002,0.1901344278,0
2216,0.0,0.0317995195,4.0,-0.34456150085000004,-0.30494758035,0.08945224304999999,0
2217,0.0,0.04175700625,2.0,-0.29285806405,-0.23678835555,0.06923223399999999,0
2218,2.0,0.056206670050000004,4.0,-0.22725386544999998,-0.0774679049,0.07847804454999999,1
2219,2.0,0.04909495945,4.0,-0.18920849425,-0.0832266475,0.0804327467,1
2220,0.0,-0.042503810249999996,1.0,-0.205747195,-0.15702402594999998,0.1623910571,0
2221,1.0,0.04057580125,3.0,-0.2271029369,-0.11313580995,0.09125952570000001,1
2222,2.0,0.053259880600000004,2.0,-0.2316175325,-0.1194201255,0.0871063836,1
2223,0.0,0.0027376257000000003,1.0,-0.158903547,-0.0997924946,0.1313294398,0
2224,1.0,0.045065488550000005,5.0,-0.22571808135,-0.12118788095,0.08929069475,1
2225,2.0,0.04052159675,4.0,-0.19279228685,-0.1155263282,0.08070301090000001,1
2226,0.0,0.04016941825,3.0,-0.31061937615,-0.29987714239999996,0.07787525940000001,0
2227,0.0,0.02688158225,3.0,-0.3301419303,-0.28939426135,0.09810223455,0
2228,0.0,0.00462547045,1.0,-0.1703794778,-0.1362812342,0.12124427315,0
2229,0.0,-0.01637017,1.0,-0.1635113716,-0.14767753955000001,0.156981874,0
2230,0.0,0.02349178765,1.0,-0.24074658064999999,-0.10702208735,0.09043757465,1
2231,0.0,0.04815186075,4.0,-0.2967189567,-0.22669191914999998,0.0752527563,0
2232,2.0,0.06775325815,4.0,-0.15804206240000002,-0.08171127075,0.04992559430000001,1
2233,2.0,0.054652898,4.0,-0.2199608458,-0.09704358625000001,0.07623787419999999,1
2234,0.0,0.03154816765,3.0,-0.33670395225,-0.2231855696,0.0879198973,0
2235,1.0,0.04617551475,3.0,-0.21457567179999998,-0.09514126240000001,0.0979681965,1
2236,2.0,0.06226168975,4.0,-0.21251279495,-0.0855453118,0.07449856640000001,1
2237,2.0,0.0561726679,4.0,-0.18353077055,-0.08134040705000001,0.080703173,1
2238,0.0,-0.0010049137,3.0,-0.2205209258,-0.1347022555,0.12176055295,0
2239,2.0,0.053162369200000004,4.0,-0.2056746552,-0.08720820425,0.09236743860000002,1
2240,2.0,0.054406401800000004,4.0,-0.2248803339,-0.09562042474999999,0.08780904275000001,1
2241,0.0,-0.0159294147,1.0,-0.1780765796,-0.13756987005,0.15309050475000002,0
2242,0.0,0.03388723165,3.0,-0.31575343405,-0.28968111285,0.09015644395,0
2243,2.0,0.054170576,4.0,-0.2327570752,-0.10601585105,0.0791622366,1
2244,2.0,0.0473367309,4.0,-0.19477090689999998,-0.10419350615,0.07884755015,1
2245,0.0,0.03322627855,3.0,-0.31512242385,-0.279236066,0.0876814246,0
2246,2.0,0.0493322794,4.0,-0.2363841854,-0.12412607535,0.08182981410000001,1
2247,0.0,0.0005638343,1.0,-0.17152654345,-0.1419911679,0.12457143155,0
2248,0.0,0.0068413803,1.0,-0.22000166125,-0.17106791825,0.11954433355,0
2249,0.0,0.0395902469,1.0,-0.24623155345,-0.18399823885,0.060415103399999996,1
2250,0.0,0.00143333705,1.0,-0.17291117514999998,-0.13941319530000001,0.12055705045000001,0
2251,1.0,0.0568781486,3.0,-0.15570079965,-0.11862917675,0.0844558829,1
2252,1.0,0.0404234136,3.0,-0.20799181475,-0.11124352300000001,0.08555208624999999,1
2253,0.0,0.043744090050000004,3.0,-0.28764529559999996,-0.2727813132,0.0683576072,0
2254,2.0,0.0542771236,6.0,-0.28748965540000004,-0.20402053134999998,0.06867903184999999,0
2255,0.0,0.03386768035,1.0,-0.222687351,-0.13458950565,0.0845405608,1
2256,1.0,0.0371081137,1.0,-0.24340115280000002,-0.13196189009999998,0.08965713585,1
2257,0.0,0.042564960799999996,2.0,-0.19745392925,-0.08845372285,0.0761359472,1
2258,0.0,0.03946317215,3.0,-0.29228313805,-0.2644236615,0.07708735455,0
2259,2.0,0.0585421393,4.0,-0.25100635005,-0.11893206949999999,0.0642872101,1
2260,2.0,0.0603434335,2.0,-0.2106834088,-0.08282985200000001,0.07603733015,1
2261,2.0,0.05323394765,4.0,-0.22959958930000002,-0.10948242505,0.07332082784999999,1
2262,0.0,0.025812851050000002,3.0,-0.2854247059,-0.26512316155000004,0.0909950675,0
2263,0.0,-0.0519734794,2.0,-0.1946052919,-0.1437733919,0.19395171779999998,0
2264,0.0,0.0425471331,3.0,-0.17105626335000002,-0.1153513761,0.09647513275,1
2265,1.0,0.0472808818,3.0,-0.17855607125,-0.12799467064999998,0.08880916445,1
2266,1.0,0.053792530150000004,3.0,-0.18517010905,-0.11267428965,0.0831417877,1
2267,0.0,0.03202662675,1.0,-0.28442963945,-0.2613005368,0.0967950437,0
2268,1.0,0.0339344247,3.0,-0.13154480035,-0.1153792588,0.10264837135000002,1
2269,0.0,0.041052199750000004,3.0,-0.26767244965000003,-0.22566435499999998,0.08140864595,0
2270,0.0,0.04076036055,4.0,-0.29636870785,-0.24169497385,0.07192730055000002,0
2271,0.0,0.03752649165,3.0,-0.2612316201,-0.24188575875,0.06675349994999999,1
2272,0.0,0.04461025765,4.0,-0.1760449805,-0.1332715448,0.0902556612,1
2273,0.0,0.0181661361,1.0,-0.1766660537,-0.1574583876,0.12742361275000003,1
2274,0.0,0.03171921975,3.0,-0.28861501915,-0.2722336047,0.08488995365,0
2275,0.0,0.025380509199999998,4.0,-0.18910046120000001,-0.1231493581,0.10714347504999999,1
2276,0.0,0.036132556499999996,2.0,-0.14601921105,-0.1272297388,0.0999296675,1
2277,0.0,-0.0193715642,3.0,-0.21036089419999998,-0.15624822640000002,0.14763943875,0
2278,0.0,-0.0383720776,2.0,-0.22962397,-0.13223719285,0.17348374225000002,0
2279,0.0,0.03122844325,3.0,-0.33069475815,-0.3080789249,0.08369534805,0
2280,0.0,0.03379158695,1.0,-0.14065560794999998,-0.11857844225,0.1078591363,1
2281,0.0,0.038258568650000005,3.0,-0.22171056509999998,-0.17993447099999998,0.06547056695,1
2282,0.0,0.0367258257,4.0,-0.23351046685,-0.17077308705,0.06707860635,1
2283,0.0,0.02751651285,3.0,-0.2289253384,-0.19836337669999998,0.08749927515,0
2284,0.0,0.022584559599999998,3.0,-0.2769159741,-0.2196510834,0.09178011890000001,0
2285,2.0,0.06503040185,4.0,-0.11999580835000001,-0.09038756265,0.06417589305,1
2286,0.0,0.03788816105,4.0,-0.1936405691,-0.1748210245,0.073154017,1
2287,1.0,0.053333395049999996,3.0,-0.16323498905,-0.12219050379999999,0.07565388790000001,1
2288,1.0,0.040037237850000004,5.0,-0.17753759405,-0.12628585845,0.08936923420000001,1
2289,0.0,0.00519872635,2.0,-0.219536984,-0.14611708985,0.12111458075,0
2290,0.0,0.01975334495,4.0,-0.20667580645,-0.1371993217,0.10674203965000001,1
2291,0.0,0.0449927497,2.0,-0.2837467161,-0.2609243684,0.07502481315,0
2292,0.0,0.022019551050000002,2.0,-0.18927697765,-0.13075491420000002,0.0965969107,1
2293,0.0,0.04030895645,3.0,-0.20810590545,-0.1632026369,0.0649987595,1
2294,0.0,-0.03973855355,1.0,-0.23426747335,-0.16363952259999998,0.1738375171,0
2295,0.0,-0.08586642115000001,1.0,-0.2285417806,-0.2121562987,0.21927353655,0
2296,2.0,0.05549789445,4.0,-0.21178807595,-0.1089205526,0.0723664205,1
2297,2.0,0.06302723090000001,2.0,-0.17325169345,-0.08393314175,0.07628910455000001,1
2298,2.0,0.055194357400000005,4.0,-0.21938399079999998,-0.10567149414999999,0.0749896033,1
2299,0.0,0.04763917645,3.0,-0.29560992985,-0.264443596,0.08205247025,0
2300,0.0,0.03478410055,3.0,-0.316665176,-0.30107562715,0.0811638865,0
2301,1.0,0.0478225897,3.0,-0.21277472549999998,-0.10123896045,0.0815847154,1
2302,2.0,0.0576931146,4.0,-0.19509127545,-0.08060977505,0.06789614105,1
2303,2.0,0.052411916200000006,4.0,-0.2151588737,-0.09002983265,0.07726825070000001,1
2304,2.0,0.0538927553,4.0,-0.18594205725000001,-0.08820484625,0.06107203865,1
2305,2.0,0.0569700365,4.0,-0.21099769475000002,-0.0988737861,0.0723736179,1
2306,0.0,0.02686693525,1.0,-0.2979904674,-0.18671101115,0.10146726495,0
2307,0.0,0.032296772,4.0,-0.25629510055000004,-0.22097552199999998,0.09755654,0
2308,0.0,0.0363374581,3.0,-0.2611990799,-0.20498698399999998,0.08255351795,0
2309,0.0,0.0344890796,3.0,-0.28803098825,-0.23556316825,0.08790747215,0
2310,0.0,0.01927776815,3.0,-0.23912455965,-0.14085327115000001,0.09130063275,0
2311,1.0,0.0531112448,3.0,-0.20232821195,-0.09807604745000001,0.07697900355,1
2312,2.0,0.0676355766,4.0,-0.2196411384,-0.0936812755,0.0636567309,1
2313,0.0,0.03878442035,1.0,-0.32871545525,-0.2945213384,0.06655387225,0
2314,1.0,0.0475392091,3.0,-0.19601936025,-0.10314352360000001,0.08984595835,1
2315,1.0,0.058790506049999997,3.0,-0.2011744618,-0.10387143955,0.07620441645,1
2316,0.0,-0.025231666450000002,2.0,-0.21166174745,-0.13527598035,0.1810511804,0
2317,1.0,0.047259418750000004,3.0,-0.21532534605,-0.1076297467,0.08530363855,1
2318,0.0,0.04398992095,3.0,-0.3208925533,-0.24194481575,0.06566582805,0
2319,0.0,0.0450487237,3.0,-0.29135956995,-0.2638188644,0.06983798215,0
2320,0.0,0.03913604625,4.0,-0.29686401725,-0.19002726785000001,0.0588194227,1
2321,1.0,0.0636041378,3.0,-0.20438760769999997,-0.07504730065000001,0.07163673649999999,1
2322,0.0,-0.00394281015,1.0,-0.2328869548,-0.16661999995,0.14978559754999998,0
2323,0.0,-0.00952479185,1.0,-0.20736094875,-0.16845848845,0.132431142,0
2324,1.0,0.0555200394,3.0,-0.20700585105,-0.0943070995,0.07251984125,1
2325,0.0,0.042303647550000004,3.0,-0.32001556615,-0.30380478385,0.0684769467,0
2326,0.0,0.03858887825,3.0,-0.26560983755,-0.22392858435000002,0.07552651904999999,0
2327,2.0,0.07180110515,2.0,-0.1602462385,-0.10608692615,0.05172820114999999,1
2328,2.0,0.04555259555,3.0,-0.3258128003,-0.3042428598,0.07911279655,0
2329,0.0,0.04996724055,4.0,-0.29224716995,-0.23489780394999998,0.06949870715,0
2330,3.0,0.0578873956,3.0,-0.2041494726,-0.100560958,0.054257125749999996,1
2331,0.0,0.0332314133,2.0,-0.282836772,-0.24006781745,0.08558231959999998,0
2332,2.0,0.0622260818,4.0,-0.22872214785,-0.11267522415,0.06274579830000002,1
2333,0.0,0.03822145265,3.0,-0.27793407800000003,-0.20887808055,0.08051458845000001,0
2334,0.0,0.037893076649999996,1.0,-0.3205329306,-0.2180516574,0.05990940595000001,1
2335,2.0,0.0543494259,4.0,-0.21495792145,-0.09267340475,0.061265046000000004,1
2336,0.0,0.0051195555,3.0,-0.19956660215,-0.12238251694999999,0.1329933384,0
2337,2.0,0.0617377008,4.0,-0.235522648,-0.09979022785,0.0595870642,1
2338,1.0,0.057949391,3.0,-0.2122230994,-0.10301056095,0.055194520600000005,1
2339,1.0,0.06707655415,1.0,-0.25981371455,-0.1472597265,0.056429551849999995,1
2340,2.0,0.0699225074,4.0,-0.17218005495,-0.08029496245000001,0.049367861049999996,1
2341,0.0,0.0140614157,1.0,-0.17503703775,-0.12960293925,0.12741799785,0
2342,0.0,0.04214416605,2.0,-0.32337579355,-0.30937448015,0.07924368270000001,0
2343,0.0,0.042773189,3.0,-0.2976130515,-0.2667247464,0.08563356414999998,0
2344,0.0,0.0321139559,4.0,-0.30392611285,-0.24685321065,0.08057066670000002,0
2345,0.0,0.00187659,1.0,-0.1676658811,-0.14004297175,0.14225123565,0
2346,0.0,-0.0096492073,1.0,-0.1505351833,-0.1367460208,0.1335190298,1
2347,0.0,-0.0265518125,3.0,-0.20956762610000002,-0.16411437034999998,0.1645895335,0
2348,1.0,0.0499531845,3.0,-0.172709279,-0.15748818575,0.075139216,1
2349,1.0,0.04429061715,3.0,-0.1820458667,-0.16847443695,0.08560076075,1
2350,1.0,0.0383615301,3.0,-0.17035057120000002,-0.15648140900000002,0.08798225855,1
2351,0.0,0.031220270600000002,3.0,-0.2762177305,-0.24398699385,0.0816162466,0
2352,0.0,0.00998717155,1.0,-0.1929620604,-0.10436216205,0.1266270809,0
2353,1.0,0.05308635535,3.0,-0.16376923129999998,-0.1527065728,0.0654214112,1
2354,0.0,0.0291431021,3.0,-0.1828834458,-0.16674658669999998,0.08372572985,1
2355,0.0,0.029309825050000002,3.0,-0.28681356005,-0.22631251765,0.08556280819999999,0
2356,0.0,0.050012780800000003,2.0,-0.14374121509999999,-0.12880800935,0.07358039745,1
2357,1.0,0.0478855207,3.0,-0.14029556305000002,-0.12522577135000001,0.07408142884999999,1
2358,1.0,0.0520609313,3.0,-0.26195004425,-0.2498825393,0.0744106432,1
2359,0.0,0.0274931306,3.0,-0.28238732385,-0.26213097415,0.09122039435000001,0
2360,0.0,0.0356327625,3.0,-0.30734618189999996,-0.263963198,0.07432015205,1
2361,1.0,0.040556270850000006,5.0,-0.2727552974,-0.25712286014999997,0.08865597415,1
2362,0.0,0.0316880667,4.0,-0.27924253385,-0.2559879895,0.0952875088,1
2363,0.0,0.04815220235,2.0,-0.3060337219,-0.27623113465,0.0661234617,0
2364,0.0,-0.018071187,3.0,-0.19125919615,-0.13581737515,0.13653293675,0
2365,1.0,0.0710883202,2.0,-0.21255592655,-0.14474830225000002,0.061319555899999996,1
2366,1.0,0.07368114215,3.0,-0.23567216375,-0.2334886975,0.0574548523,1
2367,0.0,0.044343187150000005,3.0,-0.33162594905,-0.3124471125,0.07205247255,0
2368,0.0,0.0475871137,1.0,-0.33344559515000005,-0.3087086845,0.05547908755,0
2369,0.0,0.03646797605,1.0,-0.32299234215,-0.2692648792,0.0807442528,0
2370,0.0,0.0471121925,3.0,-0.3179971334,-0.31187943665,0.051763539799999994,0
2371,0.0,0.05427565315,2.0,-0.19707790985,-0.1428801118,0.07487102105000001,1
2372,0.0,-0.031128830599999997,4.0,-0.17808471715000002,-0.1404596269,0.1637971218,0
2373,0.0,0.030707313899999998,3.0,-0.3092714161,-0.2996628815,0.07673840570000001,0
2374,1.0,0.0593040752,3.0,-0.24371298735000002,-0.2387915347,0.0662587388,1
2375,2.0,0.0682441741,3.0,-0.19009086279999998,-0.1606435094,0.05887177720000001,1
2376,1.0,0.03999449565,3.0,-0.2053521599,-0.15900285009999998,0.10285789444999999,1
2377,0.0,-0.08332398775,2.0,-0.21330940380000002,-0.1919191737,0.21296224705,0
2378,0.0,0.04431632125,1.0,-0.30016106610000004,-0.2784376917,0.0755071272,0
2379,0.0,0.03297940935,4.0,-0.28254216445,-0.25160609094999997,0.08897534365,0
2380,1.0,0.0366490696,3.0,-0.21490625825,-0.20098543005,0.10531307490000001,1
2381,1.0,0.05947491895,3.0,-0.19482531185000002,-0.11615142305000001,0.07514889495,1
2382,1.0,0.04564904715,5.0,-0.2662689842,-0.18935837275,0.09117445099999999,1
2383,0.0,0.0189919064,1.0,-0.20184253885,-0.17604145655,0.11571826855,0
2384,0.0,0.0090947089,1.0,-0.1966026991,-0.1655883112,0.12661715839999999,0
2385,0.0,0.0148909405,3.0,-0.182365717,-0.1273267728,0.1247710221,0
2386,0.0,-0.04048684935,2.0,-0.18623887775,-0.12836171725,0.17524770285,0
2387,2.0,0.06921700724999999,4.0,-0.21704368485,-0.19204004715,0.06796024425,1
2388,1.0,0.05814496345,3.0,-0.22777398129999998,-0.1152236286,0.07449033605,1
2389,0.0,0.03856204885,2.0,-0.20152968885,-0.10281582685,0.10001674400000002,1
2390,0.0,-0.0144719257,1.0,-0.18517400515,-0.10146205964999999,0.15346972814999998,0
2391,1.0,0.039621444549999996,3.0,-0.20804758805,-0.1049986486,0.0944525185,1
2392,0.0,0.0347544786,2.0,-0.20891075915,-0.10757451925,0.0963398855,1
2393,0.0,0.0499124063,3.0,-0.280281086,-0.25060285309999997,0.06639049179999999,0
2394,0.0,0.04267096135,1.0,-0.2761295649,-0.25578064025,0.07534948305,0
2395,0.0,0.0529362686,2.0,-0.20911828515,-0.12161385405,0.0750511251,1
2396,0.0,0.053770760449999996,2.0,-0.21155408975,-0.12622320580000002,0.07934607295,1
2397,0.0,0.0385546093,4.0,-0.19893389574999998,-0.10024128045,0.10395969760000001,1
2398,0.0,0.03661391235,2.0,-0.19826138705000002,-0.1008063953,0.10196581505,1
2399,0.0,0.038641162800000003,4.0,-0.29275722135000004,-0.26183156565,0.0815187371,0
2400,0.0,0.034405645400000004,2.0,-0.27784443305,-0.27501690069999996,0.08690599169999999,0
2401,0.0,0.026503104200000002,3.0,-0.29263469955,-0.23617118445000002,0.09406697685,0
2402,0.0,0.046404128700000005,3.0,-0.3034277087,-0.292870364,0.06899100320000001,0
2403,1.0,0.07184214725,3.0,-0.1939325544,-0.08824893675,0.0639205663,1
2404,0.0,0.03643599815,2.0,-0.31640065055,-0.30856799115,0.0886501509,0
2405,1.0,0.06859750549999999,3.0,-0.1997944103,-0.1210943451,0.06637234145,1
2406,0.0,0.036526341899999995,2.0,-0.31186222379999995,-0.3032682231,0.08061206725,0
2407,1.0,0.0496098869,3.0,-0.22943659805,-0.10362593905,0.0847593803,1
2408,0.0,0.06478533475,4.0,-0.2287841092,-0.22283361634999999,0.06298957559999999,0
2409,1.0,0.0583481919,3.0,-0.28987456450000004,-0.1833432753,0.06825749179999999,1
2410,0.0,0.0383032504,3.0,-0.31812962229999997,-0.29292558150000003,0.0869153421,0
2411,1.0,0.04765458565,3.0,-0.2482264267,-0.1863358694,0.08945131105,1
2412,0.0,0.0337563536,4.0,-0.2561287833,-0.2552304307,0.0836114001,0
2413,0.0,0.042874783599999994,1.0,-0.2558392276,-0.23488192685,0.0651261065,1
2414,1.0,0.0627781068,3.0,-0.2152401412,-0.11948619935,0.07177231520000002,1
2415,0.0,0.036775776100000004,1.0,-0.2825957871,-0.23147843005000002,0.08871367475,0
2416,2.0,0.04854926475,4.0,-0.21159984495,-0.10253258575,0.09368955709999999,1
2417,2.0,0.0538958033,4.0,-0.23934318054999998,-0.22797328345,0.06352685350000001,1
2418,0.0,0.01307115115,1.0,-0.20299691590000002,-0.1590689347,0.1078217586,0
2419,1.0,0.049866588899999995,3.0,-0.22373015905,-0.11275041805,0.08502816135,1
2420,1.0,0.0474290827,3.0,-0.2436967638,-0.13793658955,0.08236712345,1
2421,1.0,0.042860936749999995,3.0,-0.19676585055,-0.13442875705000001,0.08815275285000002,1
2422,1.0,0.038837594,3.0,-0.21135867925000001,-0.15214685175,0.0916170851,1
2423,0.0,0.0420203797,1.0,-0.30178161195,-0.254697987,0.082169641,0
2424,1.0,0.06602805495,3.0,-0.2387804321,-0.15795102555,0.06939273544999999,1
2425,0.0,0.049471578700000005,1.0,-0.30914906165,-0.26489213970000003,0.05913493524999999,0
2426,0.0,0.0407470843,3.0,-0.29745412964999995,-0.25182148810000005,0.07303496435,0
2427,2.0,-0.0701216458,3.0,-0.10755255650000001,-0.07591498815,0.1350429694,1
2428,0.0,0.048961664,3.0,-0.25561103495000004,-0.1899473654,0.0835770932,0
2429,0.0,0.036500635399999995,3.0,-0.3370385749,-0.30149149075000004,0.0792749496,1
2430,0.0,0.0382279806,4.0,-0.30392133785,-0.2949431991,0.06695143284999999,0
2431,0.0,0.0301965659,3.0,-0.34708406415000004,-0.32450529685,0.09259651275,0
2432,0.0,0.035774766900000005,3.0,-0.33896868815000003,-0.2531900992,0.08118549459999999,0
2433,2.0,0.05242932935,4.0,-0.1706571105,-0.14072296115,0.0717918279,1
2434,2.0,0.05540915365,4.0,-0.22783773855,-0.0998809433,0.08049726955,1
2435,0.0,0.03693239735,1.0,-0.2981428964,-0.27060169085,0.08657737625,0
2436,0.0,0.028175576,3.0,-0.34178205585,-0.31128639005000003,0.09121974094999999,0
2437,1.0,0.050030109399999995,3.0,-0.24733999595,-0.12016161930000001,0.08727200245,1
2438,2.0,0.04269114265,4.0,-0.16881528425,-0.14412089005,0.08411899005,1
2439,0.0,0.04874997555,3.0,-0.30948307205000003,-0.2649290593,0.07194605300000001,0
2440,0.0,0.04079528215,4.0,-0.2705335432,-0.25985604414999997,0.07001328344999999,1
2441,0.0,0.0419995494,4.0,-0.26245736925,-0.2590470294,0.06141162475,1
2442,2.0,0.05216660335,2.0,-0.17870458095,-0.15766198865,0.054439703900000004,1
2443,1.0,0.05186850885,3.0,-0.25757725195000003,-0.15233955625,0.08224588155,1
2444,0.0,0.03957145175,4.0,-0.2663690963,-0.26472982300000003,0.0699729388,1
2445,0.0,-0.00848916715,1.0,-0.2021613289,-0.144362,0.1436410599,0
2446,1.0,0.03392934565,3.0,-0.20003547054999998,-0.13960329635000002,0.10094192965000001,1
2447,0.0,0.04469869705,3.0,-0.3095162521,-0.25851576639999996,0.06368973090000002,0
2448,1.0,0.044860152,3.0,-0.2582446384,-0.2568962108,0.0585503767,1
2449,0.0,0.0353923498,3.0,-0.3535978083,-0.29532558610000004,0.07466273495,1
2450,0.0,0.048285747749999997,3.0,-0.27319798014999996,-0.24369912319999998,0.059480151,1
2451,0.0,0.04317918945,4.0,-0.2559314466,-0.25504948415,0.057056410999999994,1
2452,0.0,-0.023554009799999998,1.0,-0.19488250185,-0.15146069185,0.16304432359999999,0
2453,2.0,0.0565070577,4.0,-0.15357187055,-0.1365450281,0.05626706265,1
2454,1.0,0.05711072495,5.0,-0.2643491939,-0.10906544445,0.06368342639999999,1
2455,1.0,0.0360190113,3.0,-0.1496825831,-0.1380782861,0.07592846395,1
2456,0.0,0.0143790015,2.0,-0.18397333145,-0.13726071595,0.12093667184999998,0
2457,0.0,0.009769184399999999,4.0,-0.1857355398,-0.16786470409999998,0.1095403901,1
2458,0.0,0.013468109150000001,3.0,-0.34749435284999997,-0.28287410479999997,0.11128232105,0
2459,2.0,0.047588780649999995,4.0,-0.1853278142,-0.12852446239999998,0.06318744949999999,1
2460,0.0,0.04204128265,1.0,-0.29530446955,-0.28394409835,0.06945420995,0
2461,2.0,0.0661943475,4.0,-0.25555328625,-0.12184699025000001,0.06505065484999999,1
2462,1.0,0.05119941315,3.0,-0.18217011895000002,-0.10601192215,0.08985717425,1
2463,0.0,0.0286381637,3.0,-0.1386284246,-0.12566610595,0.10088725905000001,0
2464,1.0,0.05200892405,3.0,-0.2117845779,-0.0999969233,0.09308323000000002,1
2465,0.0,-0.056240719849999996,1.0,-0.17331659789999998,-0.14761353505,0.17034661725,0
2466,0.0,-0.07172449254999999,1.0,-0.19342561125000002,-0.16277700945,0.1957770311,0
2467,0.0,0.0622081303,3.0,-0.21409844085000002,-0.17074500755,0.060794329499999994,1
2468,2.0,0.06258954735,2.0,-0.18520374815,-0.14371197685,0.0714281886,1
2469,0.0,0.04043075615,4.0,-0.2999425006,-0.2684225283,0.07633054225,0
2470,0.0,0.01330185725,2.0,-0.18090794030000001,-0.0827989851,0.12179152154999999,1
2471,0.0,-0.0860428171,1.0,-0.2327197671,-0.16939228420000002,0.20705101405,0
2472,0.0,0.01056157665,1.0,-0.24620433395,-0.1222999315,0.10871433420000001,0
2473,2.0,0.0565210469,4.0,-0.21050315855,-0.09520746690000001,0.08663028475000001,1
2474,0.0,-0.0152943522,1.0,-0.2212869771,-0.1562806971,0.137953961,0
2475,2.0,0.05879162125,2.0,-0.21575669515,-0.1318861077,0.07972804220000002,1
2476,0.0,0.03506636575,4.0,-0.30384398349999997,-0.27389328995,0.08613614424999999,0
2477,1.0,0.0526869976,5.0,-0.29249004975000004,-0.2452612208,0.05590282695,1
2478,0.0,0.03459773605,4.0,-0.3080010958,-0.29120378474999997,0.0769927982,0
2479,1.0,0.0520281355,3.0,-0.2006106511,-0.13046601559999998,0.08172140935,1
2480,1.0,0.0216761005,5.0,-0.1740206492,-0.15030488485,0.1095877251,1
2481,0.0,0.0015603964499999999,5.0,-0.1823349528,-0.08624059919999999,0.1264431242,0
2482,0.0,0.00579585475,2.0,-0.174169875,-0.15593223655,0.12638783955000002,1
2483,2.0,0.0548619277,4.0,-0.19007640735,-0.1332580067,0.07966172910000001,1
2484,0.0,0.0333742657,4.0,-0.2023945812,-0.09027255185,0.1035348686,1
2485,2.0,0.0606189677,4.0,-0.16783386420000002,-0.1199875248,0.07843755664999999,1
2486,1.0,0.0474932879,3.0,-0.1786032596,-0.12658544659999998,0.09867520099999999,1
2487,2.0,0.06412366745,4.0,-0.16829488575,-0.1260616631,0.06304191295,1
2488,0.0,-0.00586926045,1.0,-0.17909833339999998,-0.130347126,0.1373285171,0
2489,1.0,0.058639043749999994,3.0,-0.20231009095,-0.17409467205,0.07650925650000001,1
2490,0.0,0.06030552225,2.0,-0.2285747265,-0.17315305055,0.078073913,1
2491,1.0,0.0451382757,3.0,-0.21874545635,-0.11506447465,0.0921910098,1
2492,1.0,0.04220337485,3.0,-0.19545080565,-0.1527130391,0.0928783957,1
2493,0.0,0.0295384159,2.0,-0.21074532755,-0.12030439605,0.11352626045,1
2494,1.0,0.048939076299999995,5.0,-0.31356637035,-0.30598220145,0.0646074483,0
2495,0.0,0.039406437,3.0,-0.28778321035,-0.2605388408,0.07316773844999999,1
2496,0.0,0.0347850769,2.0,-0.2165376241,-0.10327885955,0.1087002186,1
2497,1.0,0.03891592325,3.0,-0.20822253545,-0.10707177145,0.09945989605,1
2498,0.0,-0.00861395865,2.0,-0.1662845483,-0.11707517795,0.1324020924,0
2499,0.0,0.0288162976,2.0,-0.19427074505,-0.08431047505,0.1067247818,1
2500,1.0,0.04070276145,3.0,-0.23716314975,-0.0944384653,0.09287201514999999,1
2501,0.0,0.04421564185,1.0,-0.25678673500000004,-0.25440903584999996,0.08225504025,0
2502,0.0,0.0352911876,3.0,-0.32018225875,-0.26758309155,0.08104922005,0
2503,0.0,-0.00538666525,3.0,-0.1787128774,-0.13229888095,0.1406713408,0
2504,0.0,-0.016930130850000003,1.0,-0.18954842665,-0.1442404284,0.15692434560000001,0
2505,1.0,0.06136623665,1.0,-0.25610506904999997,-0.17035057505,0.07419693755,1
2506,1.0,0.04148821825,3.0,-0.209541203,-0.16081725735000002,0.09948719555,1
2507,0.0,0.0443587145,2.0,-0.24462304985,-0.1279642631,0.10094752979999999,1
2508,1.0,0.05098336085,3.0,-0.2084001433,-0.14009630695,0.08644121005,1
2509,1.0,0.053010718400000004,3.0,-0.2085284007,-0.1278085631,0.07890920845,1
2510,2.0,0.05988669995,4.0,-0.2322149797,-0.1355027408,0.0766761826,1
2511,1.0,0.0404582194,3.0,-0.16749293134999999,-0.12243966854999999,0.0982848729,1
2512,0.0,0.03809295495,3.0,-0.2920653061,-0.25089152135,0.08542071105,0
2513,0.0,-0.0117043347,1.0,-0.17967989695,-0.15204144,0.15151057639999999,0
2514,0.0,-0.02728964045,1.0,-0.1228667048,-0.08646080005000001,0.14019082395,0
2515,1.0,0.06235878035,3.0,-0.20372361779999998,-0.15188152394999999,0.06711031835,1
2516,0.0,0.03622273695,3.0,-0.30396270015,-0.27026546605,0.08924010955,0
2517,2.0,0.044919309,4.0,-0.2156909059,-0.12729675099999999,0.09254998939999999,1
2518,2.0,0.056684108,4.0,-0.21398554895,-0.11182711145,0.0811766901,1
2519,0.0,0.02524795115,3.0,-0.30691336505,-0.265367538,0.10133320005,0
2520,0.0,0.04714083915,2.0,-0.23267810049999998,-0.12574430755,0.09064838215,1
2521,2.0,0.0633354523,4.0,-0.18853283640000001,-0.10334666849999999,0.07476735625,1
2522,2.0,0.0583944465,4.0,-0.24074407775,-0.14981193425,0.07868886235,1
2523,0.0,0.0364552542,2.0,-0.3007822883,-0.28825559195,0.08265408675,0
2524,0.0,0.03533697115,2.0,-0.18393058935,-0.0935925918,0.1058153884,1
2525,0.0,0.06361801735,4.0,-0.19228249765,-0.16136822675,0.07098235495,1
2526,2.0,0.0488740355,4.0,-0.23906256555,-0.09984174925,0.08582256994999998,1
2527,0.0,0.0283165535,5.0,-0.33338575820000005,-0.2774993076,0.09484795325,0
2528,1.0,0.043164941799999995,5.0,-0.2035384548,-0.14254741195,0.09909523135000001,1
2529,0.0,0.044903234449999996,3.0,-0.28421882135,-0.26503576115,0.0681938137,0
2530,2.0,0.06278000345,4.0,-0.21904033280000001,-0.1000215461,0.07747917855000001,1
2531,2.0,0.0607592199,4.0,-0.2148335277,-0.1005171785,0.07880019134999999,1
2532,1.0,0.049869294849999996,5.0,-0.27991631255,-0.2403885573,0.06448052655,0
2533,0.0,0.06396085204999999,1.0,-0.2860107716,-0.24603602530000002,0.06397552815000002,0
2534,0.0,0.0365255998,2.0,-0.2871258071,-0.2485046788,0.08701823080000001,0
2535,1.0,0.03672795915,3.0,-0.1729655514,-0.11671715034999999,0.09903299200000001,1
2536,0.0,0.0161292432,4.0,-0.21709134144999997,-0.1176933555,0.1344493033,0
2537,1.0,0.0420631836,5.0,-0.16440058289999998,-0.15545346435000001,0.097268078,1
2538,2.0,0.050475206499999994,4.0,-0.2037497409,-0.07356384334999999,0.09071299995000001,1
2539,1.0,0.04952399525,3.0,-0.19653125055,-0.0936118008,0.09252155470000001,1
2540,0.0,0.042860146550000006,2.0,-0.3138004255,-0.29958112165,0.06967976875,0
2541,1.0,0.05106726055,5.0,-0.1973030912,-0.09057489645,0.0853765465,1
2542,0.0,0.03622624385,3.0,-0.29225927295,-0.25628429975,0.0883374397,0
2543,2.0,0.06077140175,4.0,-0.20653389895000002,-0.11436111245,0.0821466093,1
2544,0.0,0.04135270415,3.0,-0.294978964,-0.2906439786,0.08088539905,0
2545,1.0,0.05821350855,5.0,-0.20447829815000002,-0.11428784894999999,0.08623218070000001,1
2546,0.0,0.03155015545,3.0,-0.28627202155,-0.2454334678,0.08824517144999999,0
2547,2.0,0.05847042515,4.0,-0.23241038949999998,-0.09137029135,0.08064037395000001,1
2548,2.0,0.060245896650000005,4.0,-0.225920224,-0.1068814302,0.0771259732,1
2549,0.0,0.04374222245,1.0,-0.32015340265000003,-0.31549424875,0.0669180453,0
2550,0.0,0.039839399,4.0,-0.31354797295000003,-0.26946687905,0.08154580915000001,0
2551,0.0,0.0547888037,4.0,-0.2729503242,-0.1993959916,0.07652444219999999,1
2552,2.0,0.06584404315,4.0,-0.1785468589,-0.1309711226,0.0749264197,1
2553,1.0,0.05618117189999999,5.0,-0.19040046485,-0.1548425457,0.08216323725,1
2554,1.0,0.0444200836,3.0,-0.2040533424,-0.12748691969999998,0.09563391345,1
2555,2.0,0.07141473925,4.0,-0.21895465495,-0.12054724075,0.06554336794999999,1
2556,1.0,0.050565494200000005,3.0,-0.1827498116,-0.11000482924999999,0.08697246,1
2557,2.0,0.05401175825,4.0,-0.1925377156,-0.0940164758,0.08690280190000002,1
2558,0.0,0.0010753416,1.0,-0.20143531105,-0.1169915822,0.14206480345,0
2559,0.0,0.0419277058,3.0,-0.28804063945,-0.28229965749999997,0.0755542387,0
2560,1.0,0.046466324049999994,5.0,-0.14567953714999998,-0.1397409259,0.08627106035000001,1
2561,1.0,0.0357316417,3.0,-0.2131169715,-0.1665780747,0.10113998855,1
2562,2.0,0.05088236615,4.0,-0.2120032332,-0.15100890175,0.08422779459999999,1
2563,2.0,0.0526108351,4.0,-0.1958661011,-0.13421146395,0.08016125275,1
2564,2.0,0.0659311478,5.0,-0.2188416182,-0.11779027554999999,0.0705858563,1
2565,1.0,0.0489604954,3.0,-0.2348811474,-0.1181701678,0.0968120734,1
2566,0.0,0.03796601475,3.0,-0.3124512914,-0.29926611579999995,0.07923087379999999,0
2567,1.0,0.0585545783,3.0,-0.21151177025,-0.1261633726,0.08105534095,1
2568,2.0,0.06762848045,6.0,-0.18537859735,-0.14249106935,0.0699625996,1
2569,0.0,0.036714018200000004,3.0,-0.307179511,-0.29446870714999995,0.08643382905,0
2570,2.0,0.0537064686,4.0,-0.2093845976,-0.10837563195,0.08507608150000001,1
2571,0.0,0.0374769837,2.0,-0.1844561993,-0.09050708995000001,0.10265256715000001,1
2572,0.0,0.04821558675,2.0,-0.28538015095,-0.26053084159999995,0.06914461345,0
2573,0.0,0.041168399,2.0,-0.18891839435,-0.11390422454999999,0.09858891834999998,1
2574,0.0,0.05450216915,1.0,-0.3106345989,-0.2957551086,0.0645569818,1
2575,0.0,0.03682361,3.0,-0.29720580025,-0.2658725556,0.08819956649999999,0
2576,2.0,0.0411183971,4.0,-0.17692307535000001,-0.14754661835,0.09066064075,1
2577,0.0,0.0369881869,3.0,-0.27956795255,-0.25627833615,0.08806727654999999,0
2578,2.0,0.0426612781,4.0,-0.1838837772,-0.15723314355,0.09072187579999999,1
2579,2.0,0.03537319605,4.0,-0.17248084695,-0.1329939979,0.0947305669,1
2580,0.0,0.037375778750000005,3.0,-0.3329266479,-0.29644860019999997,0.0720015414,0
2581,2.0,0.04375946555,4.0,-0.21042494385,-0.11143885625,0.09950778385,1
2582,2.0,0.03768452395,4.0,-0.15538206615,-0.13642296435,0.09928607219999999,1
2583,0.0,0.03592226095,4.0,-0.29461099565,-0.29162164795,0.07921132824999999,0
2584,0.0,-0.0077617822,1.0,-0.23071027225000001,-0.1810991635,0.13093450880000002,0
2585,1.0,0.03709158145,3.0,-0.18033472005,-0.12830891765,0.0982414704,1
2586,2.0,0.06404141635,4.0,-0.17169277665,-0.0890604782,0.07072278135000001,1
2587,1.0,0.0553077586,3.0,-0.23130885704999998,-0.1134283994,0.08716983515000001,1
2588,0.0,0.0376807876,3.0,-0.3002766541,-0.26475728965,0.0800296161,0
2589,2.0,0.06716969780000001,2.0,-0.20303495745,-0.14426331,0.07239838825,1
2590,0.0,0.00863380205,2.0,-0.20037986235,-0.1437943189,0.13892099505,0
2591,0.0,0.0041936156499999995,1.0,-0.2198726748,-0.11442362135,0.1379905284,0
2592,0.0,0.037636016800000005,3.0,-0.28415404214999995,-0.24233562905,0.08364451865,0
2593,2.0,0.054991168,4.0,-0.18984606615,-0.07923332655,0.0841962789,1
2594,1.0,0.03548435085,3.0,-0.20932017879999998,-0.1502807847,0.09404753299999999,1
2595,1.0,0.0531271204,3.0,-0.20881960854999998,-0.15470225155,0.0743247563,1
2596,0.0,0.0278786499,4.0,-0.18227178230000002,-0.14104511395000002,0.11018203185,1
2597,2.0,0.0496373461,4.0,-0.21090417979999998,-0.1484586336,0.0782175796,1
2598,2.0,0.06734096005,4.0,-0.25172931025,-0.11817400955,0.07128595845,1
2599,0.0,0.0634347967,2.0,-0.28631900450000003,-0.21421958965,0.06345722610000001,0
2600,2.0,0.06739941569999999,4.0,-0.22132252295,-0.1723591629,0.0723784233,1
2601,0.0,-0.0248242373,1.0,-0.18176780074999999,-0.15766519205,0.15227955695,0
2602,1.0,0.050839034150000004,1.0,-0.25086406125,-0.10186804665,0.09067065595000001,1
2603,2.0,0.04658674815,4.0,-0.18234662829999998,-0.1331177717,0.09722631095,1
2604,1.0,0.05923902685,3.0,-0.2001307673,-0.1171768174,0.07994070755,1
2605,1.0,0.048809924899999996,3.0,-0.21783998225,-0.1632329192,0.08112105265000001,1
2606,0.0,0.038194495849999996,2.0,-0.3107685537,-0.3007879455,0.0777341799,0
2607,1.0,0.04497371855,3.0,-0.2306460804,-0.11871161664999999,0.09982590635,1
2608,0.0,0.00629848275,1.0,-0.2103411966,-0.106195537,0.14055950395,0
2609,0.0,0.03837773715,1.0,-0.31820180244999996,-0.25044843380000004,0.08325516415,0
2610,0.0,0.02599333575,6.0,-0.209027455,-0.09205504475,0.11859989035000001,0
2611,0.0,0.0444491153,3.0,-0.3200838159,-0.3046262755,0.06909392695,0
2612,2.0,0.05436270605,4.0,-0.23617117975000002,-0.11622946425,0.0882730128,1
2613,2.0,0.056367804150000006,3.0,-0.19609734455,-0.11917195115,0.08309348855000001,1
2614,0.0,0.03142278895,3.0,-0.30738955575,-0.28860625275,0.09517398360000001,0
2615,1.0,0.038646607050000004,3.0,-0.25556568339999997,-0.13545943445,0.1037320619,1
2616,0.0,0.02457282795,3.0,-0.32173995155,-0.2965522167,0.10026250564999999,0
2617,0.0,0.0314779276,2.0,-0.20972204914999998,-0.0823157995,0.1127192649,1
2618,0.0,0.03149200695,2.0,-0.2077158711,-0.08670590235,0.1071248195,1
2619,0.0,-0.01782909185,1.0,-0.1892957602,-0.1563847756,0.1553969737,0
2620,0.0,0.0392230643,2.0,-0.28145326175,-0.250619809,0.0859931806,0
2621,2.0,0.071516744,4.0,-0.2342125907,-0.10056262715,0.06737257699999999,1
2622,2.0,0.056652283399999996,4.0,-0.23528362005,-0.09997115784999999,0.0848345465,1
2623,0.0,0.043444175200000004,1.0,-0.3004197612,-0.2735183482,0.0697303983,0
2624,0.0,0.0534494716,3.0,-0.29051931124999997,-0.28519145465,0.06391136925,0
2625,0.0,-0.01924457675,2.0,-0.2013888998,-0.14034127289999998,0.16477150905,0
2626,0.0,0.0381424716,3.0,-0.305865858,-0.2416116664,0.0825573634,0
2627,0.0,0.03220067905,4.0,-0.2806310695,-0.26780179294999995,0.09496319225000001,0
2628,1.0,0.057458082349999995,3.0,-0.22193057205,-0.1220605417,0.0767323828,1
2629,0.0,0.04374740605,3.0,-0.31439469504999995,-0.28354275025,0.0650851533,0
2630,0.0,0.0279973824,1.0,-0.2875548214,-0.2651874887,0.09800639925000001,0
2631,0.0,-0.0793432624,1.0,-0.1766886519,-0.12438509919999999,0.18751758015,0
2632,0.0,0.034739645949999995,1.0,-0.2675037378,-0.25761112305,0.08594159209999999,0
2633,0.0,0.0386275914,3.0,-0.3141845505,-0.26501399535000003,0.08438175035,0
2634,1.0,0.04531564585,3.0,-0.2483393016,-0.12147379485,0.09155531455000002,1
2635,0.0,0.038427928050000004,1.0,-0.2648927032,-0.2436050064,0.07544979645,0
2636,2.0,0.06889840145000001,4.0,-0.24280599025,-0.1136851342,0.0675832269,1
2637,2.0,0.05853334375,4.0,-0.18874115625,-0.15248019759999998,0.0779867944,1
2638,0.0,0.02519479015,1.0,-0.26037857870000003,-0.25301556485,0.10048229805,0
2639,0.0,0.06253367915,5.0,-0.2446770107,-0.216505119,0.053667991400000004,0
2640,1.0,0.04908590115,3.0,-0.2447386171,-0.11447359330000001,0.09393571035,1
2641,2.0,0.04861619655,4.0,-0.16651485435,-0.1367979395,0.095071079,1
2642,0.0,0.0358692171,3.0,-0.2992118809,-0.261596254,0.08898562955,0
2643,1.0,0.05271384425,5.0,-0.2713224723,-0.2038359386,0.061727538600000006,1
2644,2.0,0.0599244195,4.0,-0.20902931895,-0.0753987215,0.07923934860000001,1
2645,0.0,-0.0417383234,5.0,-0.24725071705,-0.1898610463,0.1556986642,0
2646,0.0,0.022188922,1.0,-0.20399613235,-0.13618115755,0.12186964329999998,0
2647,0.0,0.012933297900000001,2.0,-0.21985622295,-0.21200945929999998,0.1075046807,0
2648,0.0,0.057339205549999994,3.0,-0.27533040104999995,-0.25673993835,0.06120337475000001,0
2649,2.0,0.0580291645,4.0,-0.22966374535,-0.09286052895,0.07627908180000001,1
2650,0.0,0.03775068455,3.0,-0.2808300134,-0.25288430065,0.0827390096,0
2651,1.0,0.0566936486,3.0,-0.232181405,-0.1269113853,0.07987431835,1
2652,2.0,0.05471880285,4.0,-0.2135981014,-0.10277666385,0.08176463405,1
2653,0.0,0.03918759300000001,4.0,-0.34224416324999996,-0.2813706274,0.07025089505,1
2654,0.0,0.04141843875,1.0,-0.25435890255,-0.2414261576,0.07572752564999999,0
2655,3.0,0.0508184738,4.0,-0.2247534648,-0.07887059115,0.07524802389999999,1
2656,0.0,0.0386193445,3.0,-0.29438939625,-0.26079588675,0.061658289899999996,0
2657,1.0,0.053742841949999995,5.0,-0.27193097050000004,-0.215221083,0.06463479415,1
2658,0.0,-0.0012181852,1.0,-0.18389521375,-0.127908996,0.14144600515,0
2659,0.0,-0.0507260857,1.0,-0.19647611064999998,-0.18931825305,0.16350422025,0
2660,0.0,0.0511290505,1.0,-0.2642686588,-0.2522497286,0.06218003035,0
2661,1.0,0.06015883195,5.0,-0.24574961315,-0.08848405355,0.0768952027,1
2662,1.0,0.05207487185,3.0,-0.20613833874999998,-0.1034434893,0.086067756,1
2663,0.0,0.04406243125,4.0,-0.19300439689999999,-0.11695796459999999,0.10255944810000002,1
2664,0.0,0.04826687325,3.0,-0.2779208864,-0.26872502060000003,0.06860323695,1
2665,0.0,0.036936826049999996,4.0,-0.28252329715,-0.27675302835000004,0.0685082796,0
2666,1.0,0.07299668285,4.0,-0.24025499465,-0.13898401575000002,0.06414496565,1
2667,0.0,0.0416150148,4.0,-0.26550588565,-0.25491060190000003,0.07290069164999999,0
2668,1.0,0.05125352165,1.0,-0.29608395485,-0.22318925585,0.06515211595,1
2669,1.0,0.04885333355,3.0,-0.23305526945,-0.11089251315,0.0928670878,1
2670,1.0,0.041339641149999995,3.0,-0.23530106769999998,-0.11387712625,0.1018381306,1
2671,0.0,0.032083234200000005,3.0,-0.23208824365,-0.1894209741,0.09921603209999999,0
2672,0.0,0.048192388850000004,3.0,-0.30323203499999996,-0.2902368802,0.06897894075,0
2673,1.0,0.0426098739,3.0,-0.18643039135,-0.15494908435,0.0928113115,1
2674,0.0,0.0381064089,3.0,-0.29793126169999995,-0.25838509165,0.08101816985,0
2675,1.0,0.050588876549999995,3.0,-0.21319869185,-0.11352322475,0.08706419875000002,1
2676,1.0,0.04033850345,3.0,-0.22692678065,-0.10743412,0.0997335027,1
2677,1.0,0.0439493653,3.0,-0.20331019295,-0.07276008105000001,0.09319259839999999,1
2678,0.0,0.042075048399999995,3.0,-0.27561195495,-0.2416617677,0.07829791089999999,0
2679,1.0,0.03311954045,3.0,-0.16021217135,-0.0770608237,0.10414851680000001,1
2680,0.0,0.04278003035,3.0,-0.26539216215,-0.24496155975,0.06441022315,0
2681,0.0,0.0392903106,3.0,-0.2761588148,-0.2522883671,0.0725190809,0
2682,2.0,0.04896074565,4.0,-0.1703985154,-0.109008562,0.08650432275,1
2683,1.0,0.051063035699999995,3.0,-0.18068830005,-0.13132456665,0.07758204575,1
2684,0.0,-0.00523019065,3.0,-0.19584677765,-0.1279614491,0.1382172391,0
2685,2.0,0.052123925200000004,4.0,-0.23932663175000002,-0.09406489335000001,0.08994826805,1
2686,2.0,0.067454026,4.0,-0.2093465621,-0.08522710185,0.0697311686,1
2687,1.0,0.06014635935,3.0,-0.1776732479,-0.12751009489999998,0.07118103179999999,1
2688,0.0,-0.02122809595,5.0,-0.1964253507,-0.14782436595,0.15394540950000002,0
2689,1.0,0.0390559806,3.0,-0.20819629779999999,-0.12295924975,0.10730929215,1
2690,0.0,0.0295244853,4.0,-0.19930234460000001,-0.09753778345,0.1132466983,1
2691,0.0,0.0217447568,1.0,-0.20147923880000002,-0.14172151454999998,0.1192586919,0
2692,2.0,0.06436848369999999,4.0,-0.1892409846,-0.1000263175,0.0742313173,1
2693,1.0,0.0635305583,3.0,-0.1858367475,-0.157584301,0.07407134875,1
2694,2.0,0.0545196922,4.0,-0.1623307512,-0.124978653,0.07631749585,1
2695,0.0,0.0035476394999999997,1.0,-0.21078472865,-0.11749509175,0.13422476379999998,0
2696,1.0,0.05693561045,3.0,-0.22266532895,-0.11025052715,0.08019347494999998,1
2697,2.0,0.056498191350000004,4.0,-0.22924029545000002,-0.10392049815,0.07923115005,1
2698,1.0,0.0509928721,3.0,-0.19298629675,-0.117094175,0.09317724054999998,1
2699,0.0,0.0419377317,1.0,-0.2713173317,-0.23424500505,0.0802800824,0
2700,0.0,0.0368292473,3.0,-0.2974447643,-0.2877807443,0.0654312937,0
2701,0.0,0.03994797125,3.0,-0.2880712064,-0.25527347075,0.06662302745,0
2702,0.0,0.04158369185,3.0,-0.28892488684999995,-0.2575653014,0.069624188,0
2703,2.0,0.05450394825,4.0,-0.2270192972,-0.09997897315000001,0.08132259945,1
2704,2.0,0.05372039805,3.0,-0.22496019044999999,-0.11182707165,0.09097602625000001,1
2705,2.0,0.0460455651,4.0,-0.22626119575,-0.1209660969,0.10107360709999999,1
2706,0.0,0.03813097785,2.0,-0.18714140035,-0.10009884275,0.0957605128,1
2707,0.0,-0.0795545032,1.0,-0.2190188098,-0.19006493385,0.1954238602,0
2708,3.0,0.0701179083,6.0,-0.22941403985,-0.07611324815,0.05528187875,1
2709,2.0,0.0600606887,3.0,-0.2435274294,-0.08172950500000001,0.07479831904999999,1
2710,2.0,0.0647213749,4.0,-0.24679244465,-0.0864408245,0.0738326948,1
2711,2.0,0.046376734850000004,4.0,-0.17956954735000002,-0.09934712225,0.0913069862,1
2712,2.0,0.0640834782,2.0,-0.1809336856,-0.13617525715,0.0738333829,1
2713,2.0,0.0489237867,4.0,-0.2448565863,-0.10796360215,0.09368083225,1
2714,1.0,0.0362058836,3.0,-0.24009912035,-0.2322485508,0.0962495695,1
2715,0.0,0.04329691915,3.0,-0.2769394435,-0.2488946173,0.07493056309999999,0
2716,2.0,0.04753743545,4.0,-0.19334251144999998,-0.18326570650000001,0.08480513695,1
2717,1.0,0.04082643505,3.0,-0.1810024825,-0.17572443975000002,0.0919761813,1
2718,0.0,0.010978502800000001,5.0,-0.20236723234999998,-0.1747878901,0.1242602781,0
2719,2.0,0.0459878212,4.0,-0.20154611835,-0.17667209379999999,0.08648503555,1
2720,0.0,0.034083285049999995,1.0,-0.21310604675,-0.15993308775,0.10350661,0
2721,1.0,0.04407074575,3.0,-0.21979695189999998,-0.21272409865000003,0.09297824275,1
2722,1.0,0.0287660995,3.0,-0.2106814068,-0.19415777325,0.1113523461,1
2723,2.0,-0.008484091400000001,3.0,-0.1367210672,-0.0122393289,0.13651287135,0
2724,2.0,0.04525277325,4.0,-0.2026882169,-0.18605391305,0.0923828607,1
2725,0.0,0.0295973586,2.0,-0.20960030670000002,-0.1985822188,0.09785024530000001,1
2726,2.0,0.042760584399999996,4.0,-0.21049000175,-0.17726323160000002,0.07919828085,1
2727,0.0,0.0261153161,2.0,-0.2117929999,-0.20928155005,0.11393233854999998,1
2728,0.0,0.0034837934,4.0,-0.21947610350000002,-0.1472867522,0.1508199217,0
2729,1.0,0.05213950585,3.0,-0.29842321569999997,-0.26459934825,0.0628779116,0
2730,0.0,0.034665080599999995,3.0,-0.34223553485,-0.31118607239999996,0.07962079805,0
2731,0.0,0.02834346485,3.0,-0.32023468865,-0.2801144412,0.09611431665,0
2732,1.0,0.034861663949999996,3.0,-0.21006709750000002,-0.1742291835,0.09842102059999999,1
2733,0.0,0.0332343979,2.0,-0.21394152825,-0.1794143499,0.10137260175,1
2734,0.0,-0.0167345065,3.0,-0.23423045225,-0.15740380399999998,0.1630145231,0
2735,1.0,0.04055319485,3.0,-0.2123778694,-0.1716640686,0.09256185759999999,1
2736,0.0,0.02548980745,2.0,-0.213521536,-0.16473630295000002,0.1088201365,1
2737,0.0,0.03266046255,3.0,-0.32587551584999996,-0.2772872185,0.08529663555,0
2738,0.0,0.05029501905,2.0,-0.27099279885,-0.26071443639999997,0.07088821610000001,0
2739,1.0,0.0414309814,3.0,-0.22831138785,-0.1679136458,0.09110980394999998,1
2740,0.0,0.024977743650000002,3.0,-0.2896812213,-0.2695992769,0.10410484390000001,0
2741,1.0,0.03138261915,3.0,-0.21222031495,-0.1629374136,0.10309769090000001,1
2742,1.0,0.0411551302,3.0,-0.2123073749,-0.15768322825,0.09820036545,1
2743,1.0,0.04875099245,3.0,-0.23600657625,-0.20264300905,0.07945356645000001,1
2744,1.0,0.05517546855,1.0,-0.28836870454999997,-0.22616276745,0.059096373699999996,0
2745,0.0,0.022518256700000003,1.0,-0.23731253465000002,-0.17646562095,0.1021135391,0
2746,1.0,0.048997686900000004,3.0,-0.2136254528,-0.20057678639999998,0.0784450974,1
2747,1.0,0.0350713784,3.0,-0.22966028900000002,-0.19346912175,0.09453024035,1
2748,2.0,0.05717107075,4.0,-0.20123506315,-0.16780711075,0.08255693260000001,1
2749,1.0,0.045147990250000006,3.0,-0.24723429414999998,-0.2144292208,0.08687413429999999,1
2750,2.0,0.05214240405,2.0,-0.22512411085,-0.1951951085,0.0738531164,1
2751,2.0,0.0456787506,4.0,-0.1969883732,-0.1823042896,0.08400167809999999,1
2752,0.0,-0.018962893,1.0,-0.18804585764999998,-0.1163552966,0.17084379784999998,0
2753,1.0,0.0422136895,3.0,-0.1926851299,-0.15432643735,0.09523132555,1
2754,0.0,-0.02350097625,1.0,-0.26500957675000003,-0.15581415265,0.1733262744,0
2755,0.0,0.03474536365,1.0,-0.2880558303,-0.27207109775,0.08379176969999999,0
2756,2.0,0.05444750055,4.0,-0.20194351519999998,-0.19254237905,0.0705450739,1
2757,0.0,0.0206084992,2.0,-0.14241283500000002,-0.11191041460000001,0.11842494109999999,0
2758,1.0,0.03581597335,3.0,-0.18046509100000002,-0.16344946635000002,0.09777711490000002,1
2759,1.0,0.0362257483,3.0,-0.21270761645,-0.16223009215,0.10131223450000001,1
2760,0.0,-0.014264685650000001,1.0,-0.18515814889999999,-0.1562203804,0.16736540765,0
2761,2.0,0.0594954927,4.0,-0.17773822755000002,-0.1561444588,0.07846645185,1
2762,1.0,0.04900904015,5.0,-0.18475670849999998,-0.17153509695,0.08481680805,1
2763,2.0,0.05011600955,4.0,-0.1784959895,-0.16524038115,0.08454430245,1
2764,0.0,0.04227024525,1.0,-0.3376346636,-0.28424540685,0.06324010335000001,0
2765,0.0,0.0212686532,3.0,-0.15045537025,-0.1395992305,0.1255148982,0
2766,0.0,0.036591884150000004,1.0,-0.31006182625,-0.28583497465,0.058394136699999995,0
2767,0.0,0.043716922000000005,1.0,-0.23179313880000002,-0.1827201074,0.07082886895,0
2768,0.0,0.004252602899999999,1.0,-0.17533810565,-0.11216141305,0.1424984143,0
2769,2.0,0.055865204599999996,4.0,-0.2435889496,-0.18028355725,0.08479444285000001,1
2770,0.0,0.02485965425,1.0,-0.15029028075,-0.1271504504,0.1264626398,0
2771,0.0,0.00945695385,1.0,-0.2032998542,-0.1005762946,0.12858378739999998,0
2772,0.0,0.0259670683,5.0,-0.1986416949,-0.1530924461,0.10791115210000002,1
2773,0.0,0.0340946523,2.0,-0.28222946569999996,-0.26371928185,0.0834921183,0
2774,0.0,0.033926942249999995,1.0,-0.31270445960000004,-0.27434040584999997,0.0855667638,0
2775,0.0,0.03413047085,4.0,-0.22550719824999998,-0.15322321065,0.09276585625,1
2776,1.0,0.0489606649,5.0,-0.2325706818,-0.15228096395000001,0.0899596097,1
2777,0.0,0.04288316565,1.0,-0.274868188,-0.26408745965,0.0763046668,0
2778,1.0,0.04701498915,5.0,-0.21737805310000002,-0.1486168747,0.08563348109999999,1
2779,0.0,0.030182160799999996,4.0,-0.2790514393,-0.26058221175,0.08894893535000001,0
2780,0.0,0.01457355175,2.0,-0.2223437187,-0.15525267534999998,0.11930837439999999,1
2781,1.0,0.0533874496,3.0,-0.23613119625,-0.15598863885,0.0826242229,1
2782,1.0,0.0595769265,3.0,-0.2543457578,-0.1818749912,0.07411602285,1
2783,1.0,0.041340844700000004,5.0,-0.24388323029999998,-0.1872296657,0.082741158,1
2784,0.0,0.03413816185,2.0,-0.2938421187,-0.2450899607,0.08584117499999999,0
2785,0.0,0.0147259704,4.0,-0.2001010054,-0.1391924795,0.11945375815,1
2786,0.0,0.030996671000000003,3.0,-0.3700749489,-0.3195950891,0.0700182918,0
2787,0.0,-0.04898907925,5.0,-0.22444499,-0.1346848869,0.2036356488,0
2788,0.0,-0.0806337959,5.0,-0.20520072885,-0.17015542960000002,0.24046814205,0
2789,0.0,0.03112794515,3.0,-0.37078911335,-0.3167851825,0.0694769364,0
2790,1.0,0.0326510401,3.0,-0.2018748059,-0.16250244895,0.10302810975,1
2791,1.0,0.034908837649999996,3.0,-0.20983847215,-0.16585684675,0.10119058395,1
2792,0.0,0.01691463025,2.0,-0.21774641145,-0.17926647885,0.12025250235,1
2793,1.0,0.021311956049999997,3.0,-0.2003609308,-0.16236064695,0.11831681224999999,1
2794,0.0,0.03712923395,3.0,-0.26461067605,-0.23539946779999998,0.0864833715,0
2795,0.0,0.0356056525,2.0,-0.18249034260000002,-0.13061038585,0.09932204744999999,0
2796,1.0,0.0336839033,3.0,-0.20412576115,-0.1799153704,0.10388224595,1
2797,0.0,0.0284398296,1.0,-0.16853771385,-0.1433115271,0.10048570565,0
2798,0.0,0.028783327900000003,3.0,-0.290057477,-0.27818077750000003,0.09620059880000001,0
2799,1.0,0.0345954522,3.0,-0.23541750555000002,-0.1800297901,0.10188951874999999,1
2800,1.0,0.035407136150000004,3.0,-0.21846685805,-0.18982919445000002,0.1021882876,1
2801,0.0,0.0522673127,4.0,-0.2603355786,-0.25687475045,0.0690802139,0
2802,0.0,0.01783427805,2.0,-0.2119479889,-0.1533727707,0.12732806745,1
2803,0.0,0.0338797837,3.0,-0.3425699552,-0.32014058695000003,0.06952900265,0
2804,0.0,0.038266239300000005,3.0,-0.29076354790000003,-0.28309365765,0.07115510565,0
2805,1.0,0.0478593161,3.0,-0.22497917115,-0.1596130496,0.0841224384,1
2806,1.0,0.04892860535,3.0,-0.2407018313,-0.1734998713,0.08248507935,1
2807,0.0,0.0810492465,3.0,-0.20888017650000001,-0.1921721381,0.07142994325,0
2808,1.0,0.03964408615,3.0,-0.2438248008,-0.16347240455,0.09799405485,1
2809,0.0,0.03190727465,3.0,-0.34868018484999996,-0.28689863849999997,0.07769639295,0
2810,0.0,0.03248271755,1.0,-0.3156057893,-0.28772765585,0.08952447154999998,0
2811,0.0,0.0307764596,3.0,-0.3228985824,-0.28187542895,0.08360905955,0
2812,0.0,0.0309540918,3.0,-0.31954824215,-0.29039120985,0.09405819339999999,0
2813,1.0,0.02894713235,3.0,-0.20687835835,-0.15951047905,0.10297203264999999,1
2814,2.0,0.0411151685,4.0,-0.23503100455,-0.10166343005,0.09661400414999999,1
2815,0.0,0.041273279450000006,4.0,-0.3213239813,-0.28481129415,0.09488800755,0
2816,0.0,0.0325746202,3.0,-0.34823731235,-0.2975761708,0.0795497372,0
2817,2.0,0.03907217,4.0,-0.1933840845,-0.15916550494999998,0.09083969985000001,1
2818,0.0,0.028838482050000003,1.0,-0.2225230244,-0.1532692073,0.102860652,1
2819,0.0,0.03533996245,3.0,-0.35379699065000003,-0.27209258255,0.09835095245,0
2820,0.0,0.0533910045,4.0,-0.27276759455,-0.26420829290000003,0.0663437516,0
2821,0.0,0.0035427326,1.0,-0.17916171245,-0.12171893945000001,0.12397717945,0
2822,0.0,-0.0137608437,1.0,-0.20839743705,-0.13744211125,0.1174099498,0
2823,0.0,0.02964219615,2.0,-0.31314178054999997,-0.27780730995,0.096511177,0
2824,0.0,-0.02063509165,1.0,-0.21395649905,-0.1448414469,0.13294841494999998,0
2825,0.0,0.05602269495,3.0,-0.26237035789999996,-0.25836059615,0.06637335465,0
2826,2.0,0.06649351419999999,1.0,-0.22158339794999998,-0.17357643369999998,0.0674693072,1
2827,1.0,0.03680559315,3.0,-0.2335064335,-0.1623707567,0.09950173155,1
2828,0.0,0.02155434995,3.0,-0.22985564120000002,-0.1360406042,0.1010490462,0
2829,0.0,0.0385173756,3.0,-0.31824884135,-0.3005460134,0.0677713776,0
2830,0.0,0.036562886,4.0,-0.28016341725,-0.2778941628,0.06567864015,0
2831,0.0,0.02781542565,2.0,-0.32570826025,-0.30169109115,0.09364466285,0
2832,0.0,0.0493080179,3.0,-0.27567859024999997,-0.2699688297,0.06134422185,0
2833,0.0,0.0011645928000000002,4.0,-0.20087304020000002,-0.15520406925,0.12950246650000002,0
2834,1.0,0.039244480400000004,3.0,-0.23621319785,-0.16353032309999999,0.09686403465,1
2835,0.0,0.0234994286,3.0,-0.1957438305,-0.11463529805,0.1043394771,0
2836,1.0,0.03924585385,5.0,-0.2137297197,-0.14379001235,0.09870280000000001,1
2837,1.0,0.047523500600000004,5.0,-0.24193136455,-0.1888286544,0.08040136215000002,1
2838,1.0,0.0401281894,3.0,-0.2342220085,-0.19488739124999999,0.09452400645,1
2839,0.0,-0.010647645550000001,3.0,-0.2386066907,-0.1224197857,0.13938787660000002,0
2840,0.0,0.0223720892,2.0,-0.21905826709999998,-0.17204807090000002,0.11981187455,1
2841,0.0,-0.0051797334,1.0,-0.23264801935,-0.13470085120000003,0.1417894709,0
2842,0.0,0.01342576765,2.0,-0.2176620525,-0.19348869725,0.11990336039999999,1
2843,0.0,0.03250540115,4.0,-0.197527149,-0.1608683433,0.10567943190000001,1
2844,1.0,0.037805978500000004,3.0,-0.1973203855,-0.17526110945,0.10440577175,1
2845,1.0,0.03372775215,3.0,-0.20611328234999998,-0.1806226616,0.10655621374999999,1
2846,0.0,0.0526552077,1.0,-0.2875858826,-0.27284127435,0.0632333913,0
2847,0.0,0.0304219978,3.0,-0.3505857248,-0.31243338995000003,0.089381667,0
2848,1.0,0.0564840908,3.0,-0.21963801775,-0.21076260479999998,0.07968066539999999,1
2849,1.0,0.0526594465,3.0,-0.2592403867,-0.2312934471,0.08671701169999999,1
2850,1.0,0.037387329649999995,3.0,-0.25472651465,-0.21299094615,0.0981060817,1
2851,0.0,0.011455422449999999,2.0,-0.2362985044,-0.23225947944999997,0.13594756460000001,1
2852,0.0,-0.01567418515,1.0,-0.22945231345,-0.19886315335,0.14501043689999998,0
2853,0.0,0.02765417615,3.0,-0.34847527894999997,-0.32459880475,0.09340070425,0
2854,2.0,0.05081138365,5.0,-0.24254260725,-0.2319977181,0.08280176485,1
2855,0.0,0.04546058025,2.0,-0.23896456625,-0.1803042105,0.06689887010000001,0
2856,1.0,0.04355921685,1.0,-0.23113001065,-0.22597827985,0.09860625334999999,1
2857,1.0,0.0342243096,3.0,-0.2865708574,-0.2721012408,0.09967482745,1
2858,0.0,0.06885659005,2.0,-0.2668824145,-0.17802059050000002,0.05396984525,0
2859,0.0,0.00739685275,2.0,-0.25419520045,-0.19819978585,0.12306000704999999,1
2860,0.0,0.0379072507,3.0,-0.30263456475,-0.2747061871,0.0867371252,0
2861,0.0,0.05283969635,3.0,-0.21720468380000002,-0.16331752585,0.0525613953,0
2862,0.0,0.04255119475,3.0,-0.20051236455,-0.1565797859,0.0696125474,0
2863,1.0,0.03566266765,3.0,-0.219796396,-0.19567164835,0.07168755885,1
2864,2.0,0.05124062265,4.0,-0.2035710677,-0.1623450062,0.06981706730000001,1
2865,0.0,0.019380749,2.0,-0.22403403695000002,-0.1555443263,0.11398395274999999,1
2866,3.0,0.05692873005,5.0,-0.1695388894,-0.1631237763,0.06065780049999999,1
2867,1.0,0.04919752705,3.0,-0.19580115874999998,-0.1798517047,0.07235197439999999,1
2868,0.0,0.02021181055,1.0,-0.28246538965,-0.20489392020000002,0.1009763921,0
2869,0.0,0.0023078868,1.0,-0.24580327235,-0.1837030327,0.11697335615,0
2870,0.0,0.0090372258,2.0,-0.20087779439999998,-0.15859130455,0.12553034725,1
2871,0.0,0.05901424695,3.0,-0.2218116684,-0.15401723434999998,0.05991033675,0
2872,0.0,0.03673493965,1.0,-0.23214404965000002,-0.19610169589999998,0.0768904302,0
2873,0.0,0.009118832949999999,3.0,-0.2236649685,-0.17837898494999999,0.11969584394999999,0
2874,0.0,0.046407927,1.0,-0.297808033,-0.2655443106,0.07114930955,0
2875,1.0,0.0431905702,3.0,-0.20558360944999998,-0.1893457633,0.0793996726,1
2876,2.0,0.056833160849999995,4.0,-0.22272753104999998,-0.20692885295000002,0.05667146449999999,1
2877,0.0,0.037381254,1.0,-0.28413450185,-0.2662841254,0.07448866785,0
2878,0.0,0.034821151450000004,3.0,-0.29636661505,-0.29452517975000003,0.07314383975,0
2879,0.0,0.01154957535,2.0,-0.19256057035,-0.15074983405,0.1107432495,1
2880,1.0,0.03964220075,3.0,-0.19554915774999998,-0.18050885695000002,0.07256958125,1
2881,0.0,0.038657124200000004,4.0,-0.337896384,-0.21100785615,0.06928627425,0
2882,1.0,0.0481968024,3.0,-0.20743265085,-0.199777255,0.07653813795,1
2883,0.0,0.02898782185,3.0,-0.30841690915,-0.28799544239999997,0.091645675,0
2884,0.0,0.02519206875,4.0,-0.2138335894,-0.14977017265,0.09612833814999999,1
2885,1.0,0.04825333555,5.0,-0.2713905306,-0.2216834818,0.06008374895,0
2886,0.0,0.0283866883,2.0,-0.22108663779999999,-0.1492993281,0.09440248344999999,1
2887,0.0,0.01425871345,2.0,-0.21464545755,-0.1478585815,0.11405606415,1
2888,0.0,0.016870705,2.0,-0.2190658339,-0.15088382055,0.11269847855000001,1
2889,2.0,0.0356311355,2.0,-0.24727194619999998,-0.21724500505,0.07481227715,1
2890,1.0,0.044283817200000006,5.0,-0.18156502354999998,-0.16672235964999998,0.07947487125,1
2891,0.0,0.0315592277,2.0,-0.21896539405,-0.18149814445,0.10225713824999999,1
2892,0.0,0.03640998305,2.0,-0.27920099924999997,-0.22603663755,0.07819696625,0
2893,0.0,0.03975082915,2.0,-0.29386197255,-0.2330258369,0.0856492903,0
2894,0.0,0.0353735023,3.0,-0.31926463765,-0.2933708005,0.07995812335,0
2895,0.0,0.0438198318,2.0,-0.2712640664,-0.24906838405,0.070668045,0
2896,1.0,0.058260068949999994,3.0,-0.21195032544999998,-0.1611241021,0.07514952885000001,1
2897,0.0,0.03224691115,3.0,-0.281224408,-0.17727772705,0.0781146984,0
2898,0.0,0.0353631421,2.0,-0.25142386715,-0.23329430499999998,0.08179988995000001,0
2899,0.0,0.02542478535,2.0,-0.19624496660000001,-0.1573483463,0.11101979505000001,1
2900,0.0,0.0422247856,2.0,-0.2543163686,-0.23331053275,0.0700026139,0
2901,0.0,0.017709853249999997,1.0,-0.2036485241,-0.13736402749999999,0.11094612074999999,0
2902,0.0,0.06448941229999999,1.0,-0.2532613709,-0.19322899570000002,0.0597170224,0
2903,2.0,0.0458584063,4.0,-0.20587459489999999,-0.1932939453,0.0792695053,1
2904,0.0,0.01328389085,2.0,-0.2247838559,-0.1580803363,0.10956450370000001,1
2905,0.0,0.03278507215,4.0,-0.2224268071,-0.16154777455,0.0887968623,0
2906,0.0,0.03793997635,3.0,-0.31554081865,-0.30626212695,0.073670709,0
2907,0.0,0.04019516905,1.0,-0.32181845924999997,-0.2959404571,0.0667850917,0
2908,0.0,0.01870139315,2.0,-0.22669345795,-0.15519136005,0.11006457355,1
2909,0.0,0.04229186755,1.0,-0.33168892255,-0.30264562014999996,0.07204852355,0
2910,0.0,0.03959280185,3.0,-0.3309031159,-0.3084767805,0.07657479169999999,0
2911,0.0,0.03138593135,4.0,-0.31248055004999997,-0.30358512309999997,0.08539995715,0
2912,1.0,0.051682724,3.0,-0.21198334455,-0.19758608675,0.06809937854999999,1
2913,0.0,0.04074958095,3.0,-0.2663222251,-0.25385586839999996,0.07715270535,0
2914,0.0,0.0297747756,4.0,-0.27361567,-0.1742038156,0.0894706639,0
2915,1.0,0.0455262382,3.0,-0.2142188968,-0.1680952818,0.09147536990000002,1
2916,0.0,0.02675965835,1.0,-0.30609460675,-0.26843962545,0.081798594,0
2917,1.0,0.046991369049999995,5.0,-0.16454180634999999,-0.13943046215,0.09666604125000001,1
2918,0.0,0.048815361099999996,1.0,-0.23255137575,-0.17592238955,0.06112653429999999,0
2919,1.0,0.04837603165,3.0,-0.20774792375,-0.18354681145,0.06687416674999999,1
2920,1.0,0.0437402512,3.0,-0.22455448935,-0.21987591844999999,0.07047202785,1
2921,1.0,0.05120911245,3.0,-0.25757199355,-0.20618596620000001,0.08096459895,1
2922,1.0,0.05455372885,3.0,-0.1934586693,-0.12234703715,0.0817561264,1
2923,0.0,0.045014398250000004,2.0,-0.25901565505,-0.24714651175,0.06836505344999999,0
2924,0.0,-0.0058410926,3.0,-0.22515681929999998,-0.14644336889999998,0.1364971861,0
2925,0.0,-0.014489557949999999,1.0,-0.1468218231,-0.08598473849999999,0.14493404164999998,0
2926,0.0,0.00891634065,2.0,-0.2309829624,-0.16795784715,0.1182485827,1
2927,0.0,0.0370444592,4.0,-0.1927063113,-0.15297822020000001,0.08469614145000001,1
2928,1.0,0.030635546149999998,3.0,-0.1885053128,-0.1491432622,0.10231480535000001,1
2929,0.0,0.01672432825,2.0,-0.20429126695,-0.16984029485000002,0.12024388785000001,1
2930,0.0,0.0154143201,2.0,-0.18941653484999998,-0.15393866325,0.11678924945000001,1
2931,1.0,0.0582586378,3.0,-0.19746800785000002,-0.16599686144999998,0.07572506415,1
2932,1.0,0.038639302099999995,3.0,-0.2104356613,-0.1942227331,0.09218194229999999,1
2933,0.0,-0.0396868866,4.0,-0.24228885435,-0.165548856,0.15816159365,0
2934,0.0,-0.0594987184,5.0,-0.25420490549999997,-0.18607407194999998,0.19319845595000001,0
2935,0.0,0.03457294675,2.0,-0.20577361415,-0.1695228046,0.09708657655,1
2936,0.0,0.02050389195,2.0,-0.2155067449,-0.17763664455,0.11430462664999999,1
2937,2.0,0.0591299207,3.0,-0.2409130853,-0.22430604255,0.07579696849999999,1
2938,1.0,0.0398179939,5.0,-0.24646557740000002,-0.17701476900000002,0.09482298894999999,1
2939,1.0,0.03040335345,3.0,-0.1932021012,-0.16878054665,0.1004000347,1
2940,0.0,0.028529775950000003,4.0,-0.1984823522,-0.1729014521,0.10682459545,1
2941,2.0,0.0322858022,4.0,-0.23222122639999998,-0.2046711816,0.08987069775,1
2942,0.0,0.03591861585,4.0,-0.2856176211,-0.17871496265,0.07573590395,0
2943,0.0,0.035073463,2.0,-0.26162347789999996,-0.24309963164999998,0.08944350185,0
2944,0.0,0.0351838993,2.0,-0.2217995242,-0.19207839895,0.09592104715,1
2945,1.0,0.04213431535,3.0,-0.21861263015,-0.17427732545000002,0.09514791915,1
2946,0.0,0.0412321743,3.0,-0.33290293615,-0.30659255804999996,0.06910401719999999,0
2947,0.0,0.01994490875,2.0,-0.23313016115000001,-0.1686380283,0.11703017015000002,1
2948,0.0,0.033197990950000006,3.0,-0.23124235199999998,-0.1650844678,0.07765206415,0
2949,0.0,0.03153291445,3.0,-0.34814492880000003,-0.3086937692,0.07592483455,0
2950,0.0,0.0214720286,1.0,-0.2108739665,-0.1811823997,0.10088596615,1
2951,0.0,0.03633605495,3.0,-0.23667306375,-0.16893826350000002,0.07939000895,0
2952,0.0,0.02590391965,4.0,-0.22018494065,-0.17338676315,0.09577999935,0
2953,0.0,-0.0019221055499999999,2.0,-0.22942710735,-0.1713127658,0.14133857415,1
2954,1.0,0.0457140528,3.0,-0.2512884243,-0.22276916955,0.08868550405,1
2955,0.0,0.01476702255,2.0,-0.22993797265,-0.20961237135,0.11738742134999999,1
2956,0.0,0.03089346295,1.0,-0.3505510823,-0.28734866195,0.0843027288,0
2957,2.0,0.053802019199999995,4.0,-0.1959294174,-0.16793591935000002,0.07282051484999999,1
2958,2.0,0.0427287204,4.0,-0.2268841409,-0.1835120197,0.0770509916,1
2959,2.0,0.04352109365,2.0,-0.19925057200000001,-0.1780055551,0.0928259069,1
2960,0.0,0.022554205549999998,2.0,-0.20040491775,-0.14180383419999998,0.11000971435000001,1
2961,0.0,0.01785094265,2.0,-0.19482074485,-0.13707402485,0.1154576661,1
2962,1.0,0.016017139,3.0,-0.2052393907,-0.1555898643,0.11669534235000001,1
2963,2.0,0.060579690000000005,3.0,-0.18294615505,-0.16445852849999998,0.0690601038,1
2964,1.0,0.052279598649999995,2.0,-0.3100819434,-0.28126131205000005,0.06029760320000001,0
2965,0.0,0.032128871899999994,3.0,-0.35047749370000003,-0.31946021010000003,0.0761453553,0
2966,1.0,0.0313161739,3.0,-0.23258975534999998,-0.15800704285,0.09811160475000001,1
2967,2.0,0.05742533225,4.0,-0.2371510003,-0.22266011000000002,0.0758239205,1
2968,0.0,0.0221974782,4.0,-0.1844325795,-0.15886090214999998,0.11050416735,1
2969,1.0,0.0499636252,1.0,-0.22745093745,-0.1950698978,0.08288787160000001,1
2970,2.0,0.06748185605,2.0,-0.2086964525,-0.15727579889999999,0.06207375365,1
2971,0.0,0.0299051282,1.0,-0.2190499514,-0.1625474978,0.1055874949,1
2972,0.0,0.034794224400000004,2.0,-0.20677777965,-0.14749435719999998,0.09632273264999999,1
2973,1.0,0.045224785,1.0,-0.33811851155,-0.31224161135,0.0569652684,0
2974,1.0,0.053877216500000005,3.0,-0.21481640165,-0.19329057005,0.07564536275,1
2975,1.0,0.054837518099999996,3.0,-0.21081907090000002,-0.19857342244999998,0.07625666165,1
2976,0.0,0.018324355549999997,2.0,-0.21748759315,-0.15787183594999998,0.11195988165,1
2977,0.0,0.035702505499999995,2.0,-0.27388148484999997,-0.23647419530000002,0.0829696694,0
2978,1.0,0.01136655135,3.0,-0.21433502255,-0.1541846685,0.1236847311,1
2979,0.0,-0.0008415842499999999,5.0,-0.1372968339,-0.10259244940000001,0.13267891910000001,0
2980,2.0,0.05873752235,2.0,-0.24916275920000003,-0.21700521665,0.06988560355000001,1
2981,0.0,0.03917224885,3.0,-0.3347366586,-0.30366310055,0.07938320295,0
2982,0.0,0.03720134845,4.0,-0.2861478909,-0.28259797485000004,0.07543722694999999,0
2983,1.0,0.04303035345,3.0,-0.2071681061,-0.1840723365,0.0826055002,1
2984,0.0,0.038616227749999996,3.0,-0.27959563210000005,-0.2572548119,0.0833767906,0
2985,1.0,0.051208803649999995,3.0,-0.2602081074,-0.15621016734999998,0.08188730019999998,1
2986,0.0,0.04281586175,1.0,-0.3391371673,-0.3202210104,0.06375996735,0
2987,0.0,0.0416155379,3.0,-0.2996405381,-0.2952969253,0.06635691590000001,0
2988,0.0,0.02816028795,3.0,-0.27837264370000003,-0.27494795949999995,0.09901579505,0
2989,2.0,0.0545225408,4.0,-0.23802518405,-0.18779587705,0.08646284570000001,1
2990,0.0,0.0390734143,3.0,-0.30525056685,-0.2968498309,0.07013806,0
2991,1.0,0.0199943947,3.0,-0.22296189665,-0.19764546295000002,0.11469332715,1
2992,1.0,0.0194402844,3.0,-0.24331932415000002,-0.17738715924999998,0.117061748,1
2993,0.0,0.045127450400000005,3.0,-0.22690992394999998,-0.180701333,0.07928698340000001,0
2994,0.0,0.0372641229,3.0,-0.27350560435,-0.2045134221,0.0855288998,0
2995,0.0,0.0009554214500000001,2.0,-0.2348047353,-0.1585922103,0.13621311455000001,1
2996,0.0,0.026143079899999998,3.0,-0.29703962045,-0.25961958620000003,0.08998862275,0
2997,0.0,0.0015888783999999999,1.0,-0.18673469199999998,-0.1703825935,0.13734700145,0
2998,0.0,0.021615093449999997,1.0,-0.20468017765000002,-0.1804265257,0.1019302115,0
2999,0.0,0.008530744,1.0,-0.1665030413,-0.15677978874999998,0.12225932345000001,0
3000,1.0,0.07268168054999999,3.0,-0.1962876752,-0.16847122765,0.05978167445,1
3001,0.0,0.033521580450000005,1.0,-0.31331707825,-0.293808097,0.07590093345,0
3002,0.0,0.037306705800000006,1.0,-0.32945090089999995,-0.29349112639999997,0.07141783075,0
3003,2.0,0.06287108345,4.0,-0.22202896714999998,-0.20217007355,0.06548756785000001,1
3004,0.0,0.03787688975,3.0,-0.26375875795000003,-0.21769067920000001,0.08297497515,0
3005,1.0,0.0677751788,5.0,-0.21164323675000002,-0.1644438274,0.05202789645000001,1
3006,0.0,0.02969973655,2.0,-0.20001914545,-0.13511452765,0.10387239915000002,1
3007,0.0,0.023524212750000002,2.0,-0.19859504695000002,-0.13588762245,0.11022830355,1
3008,1.0,0.04854430975,3.0,-0.22038007815,-0.19607871129999999,0.09139107969999999,1
3009,1.0,0.03888067775,3.0,-0.2139131534,-0.1493129662,0.0942592964,1
3010,2.0,0.05998285025,2.0,-0.22925306755,-0.2042881419,0.0687739966,1
3011,1.0,0.05305534225,3.0,-0.2167199047,-0.11190993945,0.08713204055000001,1
3012,0.0,0.04304673775,3.0,-0.33328417435,-0.32815438809999997,0.05924466965,0
3013,0.0,0.05569750415,3.0,-0.23495227345,-0.18223943305,0.07988014905000002,1
3014,0.0,0.043848413850000004,3.0,-0.32748688555,-0.30546682199999997,0.061883351999999996,0
3015,1.0,0.044003145699999996,3.0,-0.23944434835,-0.20418359765,0.08436812185,1
3016,0.0,0.02763779675,3.0,-0.32682359390000004,-0.283856596,0.09213052135,0
3017,0.0,-0.05988476215,1.0,-0.235674981,-0.18149709655000001,0.17070980835,0
3018,1.0,0.054227184750000004,3.0,-0.29514915835,-0.28095283115,0.05579530565,0
3019,0.0,0.0429098473,3.0,-0.28070341355,-0.2390777271,0.07954273845000001,0
3020,1.0,0.045552379500000004,3.0,-0.20053493555000002,-0.15975200225,0.09045013200000002,1
3021,0.0,0.0508262825,3.0,-0.29357277945000004,-0.26225719540000003,0.060309403149999996,0
3022,0.0,0.0010080400499999998,1.0,-0.1963004269,-0.13789623605,0.1214784761,0
3023,0.0,0.03198855665,2.0,-0.2227396616,-0.1625871292,0.10541454295,1
3024,0.0,0.014850152699999999,1.0,-0.2149694632,-0.1542673132,0.11128663675,0
3025,0.0,0.0349981494,2.0,-0.1823048758,-0.14990822055,0.0994575808,1
3026,0.0,0.024999686049999997,4.0,-0.18345095745,-0.1548324292,0.1113078679,1
3027,2.0,0.048733263900000004,4.0,-0.22537229975,-0.1875607709,0.07799656730000001,1
3028,0.0,0.03181969445,4.0,-0.2850721895,-0.28034303635,0.0812035544,0
3029,0.0,0.01848240455,4.0,-0.19388612865,-0.18063269975000001,0.10606900635,1
3030,1.0,0.0596037492,1.0,-0.21497797959999998,-0.14666235924999999,0.0824288269,1
3031,0.0,-0.06205958955,1.0,-0.2118717222,-0.20335725885,0.20740034084999998,0
3032,2.0,0.0575929625,4.0,-0.2058422621,-0.18930738549999998,0.0734403279,1
3033,1.0,0.04550416735,3.0,-0.21892232325,-0.17109255685,0.08562463239999998,1
3034,2.0,0.0514415166,3.0,-0.24084770155000002,-0.1916437472,0.0786554886,1
3035,2.0,0.05028024415,4.0,-0.2086876971,-0.1765543628,0.08686671595,1
3036,0.0,0.0466606571,3.0,-0.2909416547,-0.27692823585000004,0.054577342550000005,0
3037,0.0,0.03514213045,4.0,-0.25861187269999997,-0.24763723755,0.08477175455,0
3038,1.0,0.0324037623,3.0,-0.2168342371,-0.1709266218,0.10218890944999999,1
3039,1.0,0.046747132600000005,3.0,-0.20847105605,-0.20345568435,0.08434248845,1
3040,0.0,-0.07530164805,1.0,-0.24179322335,-0.15860722545,0.2202613813,0
3041,2.0,0.047848458499999996,2.0,-0.21393258075,-0.17021667210000002,0.08379585474999998,1
3042,1.0,0.0375692118,5.0,-0.19449240345,-0.17196888775000002,0.09494350004999999,1
3043,1.0,0.04917000275,3.0,-0.24276241615,-0.11581065665000001,0.0911716079,1
3044,2.0,0.040604799,4.0,-0.21839252575,-0.1718740986,0.10005346849999999,1
3045,0.0,0.01132771485,2.0,-0.2349970277,-0.16430123494999999,0.12173875619999999,1
3046,2.0,0.0497739342,2.0,-0.23444017169999998,-0.19020888005,0.0909965747,1
3047,1.0,0.044269309,3.0,-0.24956041755,-0.21675905805,0.0889869097,1
3048,0.0,0.03765349295,3.0,-0.2401248714,-0.19475413895,0.0906199994,1
3049,0.0,0.0382988746,3.0,-0.2779995397,-0.24262884825,0.07747281495,0
3050,1.0,0.0523591425,4.0,-0.31303401465,-0.23163305844999998,0.05617428865,0
3051,2.0,0.025739739150000003,6.0,-0.2002856716,-0.14558857800000002,0.1104786035,1
3052,2.0,0.0502656738,4.0,-0.1971182227,-0.179039449,0.08302662160000002,1
3053,0.0,0.0504379967,3.0,-0.30442883769999995,-0.30088267199999996,0.0639223275,0
3054,1.0,0.0607505631,3.0,-0.2112840277,-0.17422524509999998,0.06837445435,1
3055,0.0,0.0278201337,2.0,-0.20506734115,-0.1541102647,0.10626131280000001,1
3056,1.0,0.0667450977,3.0,-0.18198994400000001,-0.11956129770000001,0.06373647900000001,1
3057,2.0,0.0747995199,4.0,-0.22485926855,-0.1764076089,0.0596344644,1
3058,0.0,0.03396989655,3.0,-0.33880541345000004,-0.30927580705,0.085774516,0
3059,1.0,0.0604524718,1.0,-0.169407794,-0.1598286343,0.07072091070000001,1
3060,2.0,0.057446547,4.0,-0.2021872897,-0.1893869468,0.07547342315000001,1
3061,1.0,0.0568714644,3.0,-0.22217169245,-0.2039821161,0.08157148809999999,1
3062,0.0,0.03313676955,2.0,-0.31015671785,-0.2562737348,0.09190759644999999,0
3063,0.0,0.0338238712,2.0,-0.30954577564999997,-0.25182145705000003,0.0893997768,0
3064,0.0,0.0486132112,1.0,-0.3125011204,-0.29187411345000003,0.0622662783,0
3065,0.0,0.010708211249999999,2.0,-0.1892819879,-0.1503609457,0.123083315,1
3066,0.0,0.02503314205,4.0,-0.3216583845,-0.2071856606,0.08162820665,0
3067,1.0,0.0565232114,3.0,-0.1824146663,-0.16744132935,0.07821720115,1
3068,1.0,0.03804699765,3.0,-0.20114090559999998,-0.19004091855,0.09468286420000001,1
3069,0.0,0.04371288195,1.0,-0.3067028113,-0.2442778733,0.07677006180000001,0
3070,2.0,0.0418515593,4.0,-0.2099758368,-0.1860611197,0.07375956695000001,1
3071,0.0,0.0439777056,3.0,-0.32092559045,-0.28078080655000004,0.07614006949999999,0
3072,0.0,0.02569570885,2.0,-0.1957027508,-0.15539961995,0.10677915415,1
3073,0.0,0.03690497945,3.0,-0.3488986111,-0.31005986135,0.08206277349999999,0
3074,0.0,0.03874209235,2.0,-0.18196688519999998,-0.14973468029999998,0.0944920991,1
3075,0.0,0.0198743604,1.0,-0.22142278995,-0.16295448495,0.08987617484999999,0
3076,1.0,0.0591842657,3.0,-0.24285334349999999,-0.10252258785,0.07592378655,1
3077,0.0,0.04155977005,3.0,-0.30631779525,-0.28255463645,0.0726757274,0
3078,0.0,0.03450132725,3.0,-0.30720456425,-0.29751292625000003,0.07653687295,0
3079,1.0,0.0413321538,3.0,-0.17416974015,-0.1258895521,0.08833694479999998,1
3080,1.0,0.03743541195,3.0,-0.21810179585,-0.1550537377,0.09679094899999999,1
3081,2.0,0.055440959,2.0,-0.19769723395,-0.1652782439,0.08180055374999999,1
3082,2.0,0.02290826495,4.0,-0.2167499626,-0.1481579946,0.11076563610000001,1
3083,3.0,0.049276662299999996,3.0,-0.16263720125,-0.135465173,0.07811589190000001,1
3084,1.0,0.0230577893,3.0,-0.22779176475000001,-0.15256902765,0.11055804259999999,1
3085,0.0,0.02766093395,5.0,-0.33074685905,-0.21692036999999997,0.0874155881,0
3086,1.0,0.01575597165,3.0,-0.2337643248,-0.1613758039,0.12584968775,1
3087,0.0,0.023920074950000002,1.0,-0.2628395069,-0.2005739171,0.10657102304999999,0
3088,0.0,-0.0392812932,1.0,-0.20348349835,-0.1719765154,0.1685701442,0
3089,1.0,0.0427762138,3.0,-0.25431282865,-0.19304751105,0.09700522925000002,1
3090,0.0,0.033009610300000006,3.0,-0.34205680325,-0.32516974275,0.0862526784,0
3091,1.0,0.0401574462,3.0,-0.22648645455,-0.1547880049,0.09136266870000001,1
3092,0.0,0.0300685051,3.0,-0.3370757158,-0.32587059695,0.07279256325,0
3093,2.0,0.0511534118,1.0,-0.17399844665,-0.16382614385,0.08202421715,1
3094,0.0,0.02784904615,2.0,-0.18627012394999998,-0.16502727485000002,0.10454769054999999,1
3095,0.0,0.01964945,5.0,-0.19961105829999998,-0.14005712934999998,0.1116556245,0
3096,0.0,-0.0496048375,3.0,-0.21958670135,-0.19356075055,0.1752839679,0
3097,1.0,0.02882271835,7.0,-0.20253090485,-0.1771617433,0.10317821494999999,1
3098,1.0,0.0470740392,3.0,-0.2867289799,-0.28162521805,0.056152014449999996,0
3099,0.0,0.0302447988,2.0,-0.20214558915,-0.1534394593,0.10657444835,1
3100,0.0,-0.02843263365,1.0,-0.21282208165,-0.1557947266,0.15033071815,0
3101,0.0,0.0432839902,3.0,-0.27847690795,-0.26833387924999996,0.07579894014999997,0
3102,0.0,0.0361753367,2.0,-0.2857969073,-0.26710811570000004,0.08479993250000001,0
3103,0.0,0.01966510035,2.0,-0.2048556995,-0.16068700860000001,0.11224850854999999,1
3104,1.0,0.06285857495,1.0,-0.2210215438,-0.17699985015,0.0797930704,1
3105,0.0,0.0296772678,1.0,-0.27891956780000005,-0.2552146684,0.09800210540000001,0
3106,0.0,0.03069589835,1.0,-0.29417042885,-0.27471580105,0.09934298175,0
3107,0.0,0.0153581708,2.0,-0.1972053226,-0.1553123487,0.11687587669999999,1
3108,2.0,0.0530956978,4.0,-0.1790245676,-0.11429289295,0.07866910815,1
3109,0.0,0.02392770325,1.0,-0.18979013145,-0.16352421579999998,0.10844478545,0
3110,1.0,0.057627727000000004,3.0,-0.18287412005,-0.12993648565,0.07929953555,1
3111,1.0,0.046072648699999996,3.0,-0.1906860024,-0.1341183599,0.0895685089,1
3112,0.0,-0.03260960685,1.0,-0.2429074194,-0.1432144829,0.1497110664,0
3113,0.0,-0.0177487866,1.0,-0.21671253875000002,-0.103563178,0.1512983916,0
3114,0.0,0.012773003500000001,2.0,-0.1895658042,-0.1575367715,0.11107327319999999,1
3115,1.0,0.0578841855,3.0,-0.2109339924,-0.14466154395,0.07383757665,1
3116,0.0,-0.05841059625,1.0,-0.25870468575,-0.15395206465,0.17753715709999998,0
3117,0.0,-0.0599143199,1.0,-0.2216298766,-0.12927881930000001,0.1953075163,0
3118,1.0,0.0416024637,3.0,-0.22437983595,-0.15109695010000002,0.0955096372,1
3119,0.0,0.0403703552,4.0,-0.2145379444,-0.1608424699,0.09169766840000002,1
3120,0.0,-0.03644103725,1.0,-0.22496606465000002,-0.1408344416,0.17111276025,0
3121,1.0,0.0396855748,3.0,-0.17306027575,-0.1381239725,0.09755572000000001,1
3122,1.0,0.0323938699,3.0,-0.18573691515000001,-0.15130298985,0.10820730845000001,1
3123,1.0,0.0407610563,3.0,-0.1996482483,-0.15022556925,0.09493335535,1
3124,2.0,0.068675926,2.0,-0.22930658885,-0.18983473885000002,0.0686755353,1
3125,0.0,-0.0254088869,3.0,-0.21407390365,-0.17817096370000002,0.16929996515,0
3126,0.0,0.038998107850000005,3.0,-0.3187221669,-0.29974418995,0.07295334725000001,0
3127,1.0,0.061556441,3.0,-0.20223780749999998,-0.14740796080000002,0.07101321375,1
3128,1.0,0.0460755319,3.0,-0.25148027845,-0.1095260421,0.09555649029999999,1
3129,1.0,0.0497198706,3.0,-0.1950698454,-0.14247472105,0.08514014919999999,1
3130,2.0,0.0628945134,3.0,-0.20205798565,-0.17227024670000002,0.08242651834999999,1
3131,0.0,0.0248445979,3.0,-0.25924427655,-0.1452286996,0.11664548475,0
3132,2.0,0.05167555535,4.0,-0.2220837198,-0.20083063565,0.08636036735,1
3133,1.0,0.04465371215,3.0,-0.2462026572,-0.23057026235,0.09338811975,1
3134,0.0,0.021456832000000002,4.0,-0.2314109891,-0.14505863245,0.10652757735,1
3135,0.0,0.035455945350000004,1.0,-0.2794628097,-0.23838084785000002,0.09439004715,0
3136,0.0,0.041754107250000005,1.0,-0.29340892535,-0.27458133115,0.0859910982,0
3137,0.0,0.0107608004,1.0,-0.18177516729999998,-0.13917754695,0.13050224825,0
3138,0.0,0.00262675635,1.0,-0.23373495695000002,-0.14466535535000002,0.13863183745,0
3139,0.0,0.03833433455,3.0,-0.2909130125,-0.2846368247,0.0650559872,0
3140,0.0,-0.024471268249999997,1.0,-0.2113542724,-0.1335126638,0.14021790475,0
3141,0.0,0.0062065277499999995,2.0,-0.21343305605000001,-0.15439470365000002,0.12160703350000002,1
3142,0.0,0.0217721001,4.0,-0.20426959760000002,-0.1456544363,0.09668255375000001,1
3143,0.0,0.018355112950000002,4.0,-0.20845873674999998,-0.1418782864,0.10487206185,1
3144,0.0,0.008669177850000001,4.0,-0.2132536258,-0.15496729885,0.11311284834999999,1
3145,0.0,-0.055780004349999995,1.0,-0.1933035283,-0.1672787075,0.17356699825,0
3146,2.0,0.0500027937,2.0,-0.21268580035,-0.19327371945,0.06752959280000001,1
3147,0.0,-0.0057864505,3.0,-0.1831675202,-0.15350951025,0.148481203,0
3148,2.0,0.05202651335,4.0,-0.2224710418,-0.1985257691,0.07286945335,1
3149,0.0,0.0038027641500000004,2.0,-0.22524207824999998,-0.16812459485,0.1132363927,1
3150,0.0,-0.0601662558,2.0,-0.20522408655000002,-0.19489173665,0.19179752655,0
3151,2.0,0.038901666200000004,4.0,-0.2286890799,-0.21110153825,0.09698091735,1
3152,0.0,-0.01635143085,1.0,-0.18591056765,-0.12087670955,0.14642494099999998,0
3153,1.0,0.046633074450000006,1.0,-0.2433124906,-0.18790033675,0.0883523875,1
3154,2.0,0.06822231675,4.0,-0.21287623135,-0.18211177665,0.06780046890000001,1
3155,0.0,0.043754646450000004,3.0,-0.31714154164999997,-0.28880492645,0.0700174522,0
3156,0.0,0.032537064500000004,3.0,-0.30790230814999997,-0.28164446095,0.0779426567,0
3157,2.0,0.046720903499999994,4.0,-0.20049524195,-0.1857590706,0.0793503195,1
3158,0.0,0.02887609575,3.0,-0.31428809515,-0.2782314762,0.08529111145,0
3159,1.0,0.0692618314,3.0,-0.26137358575,-0.108039304,0.07236208969999999,1
3160,0.0,0.0356145547,4.0,-0.31201586825,-0.2962362872,0.08972329965,0
3161,0.0,0.0422381537,1.0,-0.2900336426,-0.27466906235,0.07550630975,0
3162,1.0,0.0565341451,3.0,-0.21914012575,-0.18275839575000002,0.07409046755,1
3163,1.0,0.06599569,3.0,-0.19181403949999998,-0.15039159805000002,0.07104459865000001,1
3164,0.0,-0.05242696675,1.0,-0.21869870915,-0.1820368496,0.1852044528,0
3165,3.0,0.05966710675,5.0,-0.18699747205,-0.1566019809,0.07350146275,1
3166,0.0,0.03466098175,2.0,-0.30340587705,-0.2630502745,0.07636509775,0
3167,0.0,0.0393510147,1.0,-0.30149241015,-0.29133723775,0.07932965995,0
3168,1.0,0.026657400749999997,3.0,-0.22114450055,-0.1487119655,0.10649406824999999,1
3169,0.0,0.0388568831,1.0,-0.2952254623,-0.26197600114999997,0.07932230470000001,0
3170,0.0,0.04441716105,5.0,-0.2646965538,-0.26004461055,0.08113382865,0
3171,1.0,0.0199021691,3.0,-0.20415949239999998,-0.1608352675,0.11654964655,1
3172,1.0,0.0264002655,3.0,-0.20994493345,-0.16053124419999998,0.10458726010000001,1
3173,3.0,0.06004148064999999,5.0,-0.1621619057,-0.14987048245,0.0774898883,1
3174,1.0,0.0153592403,5.0,-0.22605886679999998,-0.1518944707,0.12302582509999999,1
3175,0.0,0.02899041325,4.0,-0.2993787021,-0.2901779978,0.0840630578,0
3176,0.0,-0.0497342031,1.0,-0.19945229879999998,-0.124856735,0.1786637163,0
3177,0.0,0.033087773200000004,3.0,-0.3184558326,-0.31713570295000004,0.08584464845,0
3178,0.0,0.0124072666,2.0,-0.20036896129999998,-0.15138338455,0.1108441575,1
3179,0.0,0.038415407299999996,2.0,-0.28437901639999996,-0.2573670984,0.08243156005,0
3180,0.0,0.038189795299999996,4.0,-0.32608122780000004,-0.30211988395,0.07783241625,0
3181,0.0,0.04251064195,3.0,-0.33236693565,-0.31402341695,0.07219676485000001,0
3182,2.0,0.0651551025,4.0,-0.1744561687,-0.1511426458,0.049247215850000005,1
3183,0.0,0.01280617335,4.0,-0.2344937442,-0.18354521745000002,0.1240803869,1
3184,0.0,0.0406377762,3.0,-0.32734034445000004,-0.29980294115,0.0735044235,0
3185,0.0,0.0391847179,4.0,-0.32572829515,-0.30516351445,0.07392046405,0
3186,0.0,0.03741408685,2.0,-0.31015927825,-0.29399889385,0.08470858845,0
3187,0.0,0.037825671150000004,2.0,-0.2458120997,-0.21694667635,0.0829731823,1
3188,2.0,0.060876706749999995,2.0,-0.2079075897,-0.18816780535,0.062345401550000006,1
3189,1.0,0.0601176474,3.0,-0.20563014205000002,-0.189537971,0.0694857657,1
3190,1.0,0.04681926515,3.0,-0.18304797155,-0.1705625791,0.07573357005,1
3191,0.0,0.03952396805,3.0,-0.2830490303,-0.2777880765,0.087574223,0
3192,1.0,0.0511444239,3.0,-0.23495348254999998,-0.2015398035,0.0957988954,1
3193,1.0,0.05455398235,3.0,-0.24152771979999998,-0.1895981235,0.0857505751,1
3194,0.0,-0.0104677976,1.0,-0.1968402487,-0.13056784715,0.12805796139999998,0
3195,0.0,0.02643406325,2.0,-0.1630722563,-0.11034797035,0.10760604395000001,1
3196,0.0,0.03341439665,3.0,-0.29668260194999996,-0.2801800012,0.08610960000000001,0
3197,0.0,0.0130229208,1.0,-0.1870531232,-0.14243013635000001,0.1062806788,0
3198,2.0,0.058304227550000004,4.0,-0.20538319025000001,-0.18518202765,0.07615997785,1
3199,1.0,0.060350308049999996,3.0,-0.2213412925,-0.18795184674999998,0.07473831,1
3200,0.0,0.03177337395,3.0,-0.29159681025,-0.28280702125,0.08909219115,0
3201,1.0,0.0378009006,3.0,-0.21322504935,-0.17643701835,0.09917193604999999,1
3202,0.0,0.02460944255,2.0,-0.20457541985,-0.15131296405,0.1031680525,1
3203,0.0,0.034885198650000004,3.0,-0.30452936715,-0.3014021967,0.0782203555,0
3204,0.0,0.029248429149999998,3.0,-0.2600484602,-0.24938541225,0.0986085412,0
3205,0.0,-0.0340803847,1.0,-0.20980152084999998,-0.1206256113,0.1809095227,0
3206,1.0,0.04240450325,3.0,-0.20105308865,-0.1491321961,0.08374039615000001,1
3207,1.0,0.0435442058,3.0,-0.20283370195,-0.18145696,0.0843797432,1
3208,0.0,-0.024292315699999997,1.0,-0.25589850685000004,-0.1589353987,0.16856965294999998,0
3209,2.0,0.049633048900000004,4.0,-0.23264449355,-0.21992726645,0.07021341395,1
3210,1.0,0.043623028,5.0,-0.23576445665,-0.18091809525000002,0.08330672079999998,1
3211,0.0,0.04582128225,1.0,-0.3218310869,-0.3012500739,0.0696099816,0
3212,0.0,0.0397217357,4.0,-0.32287340805,-0.30128401605,0.07900593745000001,0
3213,2.0,0.04385518315,4.0,-0.22853362935,-0.21228241445,0.0860093198,1
3214,0.0,0.01871154505,4.0,-0.21855604795,-0.1548064792,0.11986808659999999,1
3215,0.0,0.0167869267,1.0,-0.1559346462,-0.14686476069999999,0.10746945495,0
3216,2.0,0.0495378354,4.0,-0.20864641615,-0.1662749826,0.07880316574999999,1
3217,0.0,0.039771963849999994,4.0,-0.30604440104999997,-0.3001884252,0.0743311193,0
3218,2.0,0.0566673583,4.0,-0.18528352539999998,-0.17934498245,0.07956996805,1
3219,0.0,0.031249642549999998,3.0,-0.3242010003,-0.31846546124999997,0.09089757145,0
3220,0.0,0.01241210015,3.0,-0.15800812809999998,-0.15066221395,0.13347444895,0
3221,0.0,0.031027930500000002,3.0,-0.31384489969999996,-0.31048431919999997,0.08207983415,0
3222,0.0,0.0392532065,3.0,-0.2720569595,-0.25032943544999997,0.0696573881,0
3223,0.0,0.0416915652,1.0,-0.2890550204,-0.27172363805,0.06635272950000001,0
3224,2.0,0.05353741255,4.0,-0.2404544527,-0.0908265915,0.08950235094999999,1
3225,2.0,0.05263234085,4.0,-0.28022695745,-0.1266835565,0.086361923,1
3226,0.0,0.0334417673,3.0,-0.27966911755,-0.2666312296,0.0886866362,0
3227,0.0,0.0058452936,1.0,-0.21361526949999998,-0.1592480858,0.12203911640000001,0
3228,2.0,0.06682448615,3.0,-0.2473345512,-0.22965962490000003,0.06192326435,1
3229,1.0,0.059286005,3.0,-0.234692396,-0.2172284625,0.0721097016,1
3230,1.0,0.031415287099999994,3.0,-0.21681225145,-0.15773434814999998,0.1040653435,1
3231,0.0,0.0378461199,4.0,-0.29596519870000004,-0.28906420265,0.07424790179999999,0
3232,0.0,0.0436678691,3.0,-0.32897521155,-0.27884459795,0.0657165096,0
3233,0.0,0.042489839599999996,4.0,-0.3053301341,-0.28942920745,0.07234434925000001,0
3234,0.0,0.0444153616,3.0,-0.3002506995,-0.26597364935,0.06627879874999999,0
3235,1.0,0.0309003891,3.0,-0.2235415557,-0.16553378284999998,0.10210796250000001,1
3236,0.0,0.0426655159,3.0,-0.28090263390000003,-0.19563798955,0.0660020824,0
3237,1.0,0.03418071,3.0,-0.22575443815000001,-0.17257504569999998,0.10240693455,1
3238,1.0,0.01838948085,3.0,-0.20101254375,-0.15262054635,0.11134157230000001,1
3239,0.0,0.034518901000000005,4.0,-0.32949186025,-0.31889280285,0.08966239179999999,0
3240,0.0,0.046367715850000005,3.0,-0.28661246695,-0.2515945749,0.06536154364999999,0
3241,0.0,0.03365513965,3.0,-0.27539312375,-0.24485127880000002,0.0777194948,0
3242,0.0,0.0439310279,1.0,-0.32253046195,-0.3167363176,0.0640917205,0
3243,2.0,0.052273308899999996,4.0,-0.20165280145,-0.17787738965,0.07409421015,1
3244,0.0,0.0262337009,1.0,-0.26591540745,-0.1826299039,0.08071859085000001,0
3245,1.0,0.0363132082,3.0,-0.228788852,-0.16952897355000002,0.10577904265000002,1
3246,0.0,-0.0109289459,1.0,-0.18912805105,-0.15489819230000001,0.15430022905000002,0
3247,1.0,0.045653033499999995,3.0,-0.22449287965,-0.15699491075,0.08629153,1
3248,2.0,0.042159338500000004,4.0,-0.20167445035,-0.12575319525,0.09053556935,1
3249,0.0,0.033301681050000004,4.0,-0.31992437625000003,-0.29465574375000003,0.08352789935000002,0
3250,0.0,0.025746816550000003,4.0,-0.20123760195,-0.15041544340000002,0.11179727090000001,1
3251,0.0,0.0343532372,3.0,-0.3094688272,-0.27590688775,0.09187989764999999,0
3252,0.0,0.03435560975,4.0,-0.29603201960000003,-0.26566449000000003,0.08501727579999999,0
3253,0.0,0.0313549393,1.0,-0.31314413575,-0.29745867275,0.08000112949999999,0
3254,0.0,0.03190267995,3.0,-0.32063319795,-0.3045367673,0.09829887004999999,0
3255,0.0,0.0324957411,3.0,-0.1569485776,-0.1012788529,0.10078121779999999,0
3256,0.0,0.0363550244,3.0,-0.32006840319999996,-0.27635198245000003,0.0766833313,0
3257,0.0,0.028068837,2.0,-0.2054707445,-0.14740531829999998,0.11210429084999998,1
3258,1.0,0.0429165272,3.0,-0.20123050115,-0.1322093836,0.08958741189999998,1
3259,0.0,0.01283248115,2.0,-0.22435961675,-0.15578358605,0.12499743445000001,1
3260,2.0,0.057520967000000006,2.0,-0.21007525514999997,-0.1613073688,0.06976457024999999,1
3261,1.0,0.06266181715,3.0,-0.17671178050000003,-0.16140770845000002,0.0700763587,1
3262,0.0,0.017079326649999997,1.0,-0.20403863935,-0.15700666915,0.11133195535000001,0
3263,1.0,0.0385511026,5.0,-0.2422316282,-0.1779739171,0.08999897555,1
3264,0.0,0.03343984655,3.0,-0.3280287107,-0.31535162915,0.08156688305,0
3265,0.0,0.0031644339000000002,1.0,-0.17447069815,-0.10706289845,0.12964713165,0
3266,0.0,0.05643173975,3.0,-0.28915344135,-0.27076914105,0.058496516,0
3267,0.0,0.00781262805,2.0,-0.2274534534,-0.16659751875,0.1308542633,1
3268,1.0,0.0457879469,5.0,-0.20989668305,-0.16532187295,0.08673480625000002,1
3269,0.0,0.029892861950000002,3.0,-0.20330679255,-0.1162044891,0.10014251255,0
3270,0.0,0.0212557692,4.0,-0.23350132295,-0.1210422464,0.11045616990000001,1
3271,0.0,0.034540754,1.0,-0.3278249284,-0.3003484829,0.07119208974999999,0
3272,2.0,0.0663941589,2.0,-0.1980252834,-0.1709979571,0.06204952805000002,1
3273,0.0,0.02307942915,3.0,-0.16513513445,-0.09783609835000001,0.1059416582,0
3274,0.0,0.041485158349999995,3.0,-0.25788586444999995,-0.24368580844999999,0.06695938565000001,0
3275,0.0,0.03586994245,3.0,-0.2767741068,-0.240013979,0.07598488079999999,0
3276,0.0,0.03535825775,3.0,-0.21879284929999998,-0.15721315275,0.10648441489999999,1
3277,2.0,0.0589045168,4.0,-0.22385665394999998,-0.18991668265,0.07904866519999999,1
3278,0.0,0.0409532701,1.0,-0.2832365651,-0.2768536277,0.0733037471,0
3279,2.0,0.06325581150000001,4.0,-0.20405251805000002,-0.15489515799999998,0.07604495035,1
3280,0.0,0.012407974700000001,3.0,-0.2076529227,-0.1092495731,0.11606640100000001,0
3281,0.0,0.0263297368,4.0,-0.26935185725,-0.18368441135000002,0.09826685795000001,0
3282,3.0,0.06272536805,5.0,-0.20749026525,-0.15643228735,0.07728317440000002,1
3283,2.0,0.05723134895,4.0,-0.19536406335,-0.14533539234999998,0.07806254835000001,1
3284,0.0,0.03574102825,4.0,-0.2916254941,-0.28060152875,0.07518741179999999,0
3285,0.0,0.0198161792,2.0,-0.1683129369,-0.1471749637,0.11773677815,0
3286,3.0,0.07109568329999999,3.0,-0.18267548925,-0.1736038457,0.0605968165,1
3287,0.0,0.0439938691,4.0,-0.3248521282,-0.30557205125,0.0648520645,0
3288,0.0,0.044040903,1.0,-0.30530947555,-0.27486657670000003,0.07676511575,0
3289,1.0,0.0626604553,3.0,-0.2089316193,-0.1852906403,0.0731277532,1
3290,0.0,0.041803853099999996,1.0,-0.31635692845,-0.28225266660000004,0.0789658311,0
3291,2.0,0.057379920949999996,2.0,-0.1665604014,-0.1505363668,0.07174512165,1
3292,0.0,0.03980555985,3.0,-0.32075517470000003,-0.30191533565,0.0708694292,0
3293,0.0,0.00870568465,1.0,-0.19652508405,-0.12591631920000002,0.12125711785,0
3294,2.0,0.0528854319,4.0,-0.2085498039,-0.19099905095000003,0.07369998459999999,1
3295,0.0,0.03186960735,2.0,-0.2792752949,-0.26100422739999996,0.09319595759999999,0
3296,1.0,0.025304521099999998,3.0,-0.21317171775,-0.15800542475,0.11016680905000001,1
3297,0.0,0.01798218325,2.0,-0.20811507280000002,-0.1501110337,0.1157899751,1
3298,0.0,0.027887635600000002,3.0,-0.24000826965,-0.19492504225,0.0765793041,0
3299,2.0,0.048481732449999995,4.0,-0.21928123875,-0.19394826295,0.0852356189,1
3300,2.0,0.04709881595,4.0,-0.2263161007,-0.20423256304999998,0.0864016821,1
3301,0.0,0.03628442305,3.0,-0.30982838160000004,-0.2470172185,0.0844467036,0
3302,0.0,0.03891321105,4.0,-0.23712518485,-0.1849085698,0.08187692084999999,0
3303,2.0,0.04788504665,4.0,-0.1920079861,-0.15273786675,0.08701911925,1
3304,1.0,0.058716876,3.0,-0.19829564615,-0.17899335545,0.07432350219999999,1
3305,0.0,0.01046618865,1.0,-0.20856506945,-0.1544206247,0.1117993393,0
3306,0.0,0.04041735765,3.0,-0.32943217845,-0.30349745640000003,0.0724181762,0
3307,0.0,0.04441603975,1.0,-0.3009966479,-0.27235469479999996,0.06200644285,0
3308,0.0,0.0426893098,4.0,-0.2851016732,-0.26973165955,0.06592922025,0
3309,0.0,0.03696123165,4.0,-0.2971641505,-0.27057116765,0.06896504795,0
3310,0.0,0.040771633749999994,3.0,-0.28352139845,-0.2435440034,0.0760873172,0
3311,0.0,0.0430616509,3.0,-0.28304696805,-0.24438418155,0.0681707442,0
3312,1.0,0.0310897296,5.0,-0.20774692655,-0.1578051919,0.10352245445,1
3313,0.0,0.0167762562,4.0,-0.21370341394999998,-0.15933822585000001,0.11637430695,1
3314,0.0,0.02466359265,2.0,-0.21489827885,-0.16082890375,0.11360588085000001,1
3315,0.0,0.0490825027,3.0,-0.30077082075,-0.26852028120000004,0.0687495152,0
3316,2.0,0.05239844635,4.0,-0.25219332715,-0.22504803375,0.08228266595,1
3317,0.0,0.02128712745,1.0,-0.28594912235000003,-0.27191759660000003,0.10568927765,1
3318,2.0,0.050448773249999995,4.0,-0.19240294325,-0.18865803545,0.0853144095,1
3319,0.0,0.036141437,3.0,-0.302666545,-0.2574551995,0.08282561765,0
3320,1.0,0.0549849949,1.0,-0.2054019543,-0.1891705762,0.08505013514999998,1
3321,1.0,0.05532378215,1.0,-0.2421263605,-0.1959694556,0.0754363938,1
3322,0.0,0.0356078976,4.0,-0.3043335169,-0.2569157506,0.07058777594999999,0
3323,0.0,0.038068499199999994,3.0,-0.23571264549999998,-0.1834231806,0.07690128635,0
3324,0.0,0.0322433293,3.0,-0.31000178035000003,-0.25644880189999997,0.0829271239,0
3325,1.0,0.03896606985,3.0,-0.2308620629,-0.1747537046,0.10201552315000001,1
3326,0.0,0.03974035255,3.0,-0.29411311395,-0.2423648481,0.06718610600000001,0
3327,2.0,0.051981678,4.0,-0.24747481795,-0.23886794719999999,0.08829408529999999,1
3328,0.0,0.026577868049999998,3.0,-0.281930445,-0.20217427324999998,0.09270548725,0
3329,2.0,0.0370035232,4.0,-0.20657319880000002,-0.1787960168,0.09697742379999999,1
3330,2.0,0.0581990311,4.0,-0.20717237395,-0.14897459985,0.0773626053,1
3331,0.0,0.03390243195,3.0,-0.2311988151,-0.1696007647,0.08989435035,0
3332,0.0,0.0329921903,4.0,-0.284121023,-0.19960657915000002,0.0909004937,0
3333,0.0,0.05470456135,1.0,-0.25362852420000004,-0.23114453595,0.056134159899999994,0
3334,1.0,0.035739467250000004,5.0,-0.20223388005,-0.1633571251,0.10270354925,1
3335,0.0,0.0375982818,3.0,-0.28488764125,-0.25576634555,0.0806710024,0
3336,0.0,0.0407107118,3.0,-0.31407525844999995,-0.27089387519999997,0.07300060365,0
3337,0.0,0.0148811172,4.0,-0.19560307845000002,-0.16943778525,0.12071917975,1
3338,0.0,0.03684972745,2.0,-0.2680881301,-0.2441125692,0.0805649148,0
3339,1.0,0.0371346811,5.0,-0.20833223125,-0.16095940474999998,0.1014066419,1
3340,2.0,0.065620373,2.0,-0.20878637384999998,-0.17485707080000001,0.0658940468,1
3341,0.0,0.033587296749999995,1.0,-0.2806316097,-0.18724975815,0.08636609690000002,0
3342,0.0,0.03546593535,4.0,-0.27475487685,-0.2459283987,0.0923623429,0
3343,0.0,0.0358969024,3.0,-0.23127010055,-0.17793191635,0.0842986661,0
3344,1.0,0.0462640165,3.0,-0.24061149939999998,-0.18482327635,0.08962149055,1
3345,0.0,-0.01368642345,1.0,-0.23620835955000002,-0.1232997173,0.15048673294999998,0
3346,0.0,0.052855753000000005,3.0,-0.28492453655,-0.22401514385,0.07328710664999999,0
3347,0.0,0.0305754829,3.0,-0.26942774015000004,-0.1868658999,0.09621242765000002,0
3348,1.0,0.050864834149999996,3.0,-0.19488027225,-0.15170792230000002,0.08208707685,1
3349,1.0,0.0539853372,5.0,-0.2074959891,-0.1517315913,0.08065651595000001,1
3350,0.0,0.0470274048,3.0,-0.28116005325,-0.26137101139999996,0.0602358578,0
3351,0.0,0.037211197700000004,3.0,-0.2302056639,-0.1758223063,0.08062809655,0
3352,1.0,0.02886115225,5.0,-0.21091987995,-0.16480280225,0.11201470755,1
3353,0.0,0.02571886055,1.0,-0.1979723242,-0.1639710848,0.10821243705,1
3354,0.0,0.011554337599999999,6.0,-0.20586313475,-0.15432066995,0.12707916554999998,1
3355,0.0,0.04260585335,4.0,-0.31649555995,-0.25678372965,0.0659928393,0
3356,0.0,0.03320353815,3.0,-0.29162028235000004,-0.2794916393,0.08480719745000001,0
3357,0.0,0.0346265566,3.0,-0.32311180435,-0.30998614345,0.0761949993,0
3358,0.0,0.0281846961,3.0,-0.29103504375,-0.19294628819999998,0.09138225085,0
3359,0.0,0.04049616515,3.0,-0.26966105185,-0.26381774069999997,0.0845953829,0
3360,0.0,0.01388479445,2.0,-0.209682451,-0.1552951013,0.12059281464999999,1
3361,1.0,0.027846767100000003,3.0,-0.22641155815,-0.21383073190000002,0.1077447465,1
3362,1.0,0.05065822605,3.0,-0.23238318549999998,-0.1761628442,0.08662663244999999,1
3363,2.0,0.05448071625,4.0,-0.2072341429,-0.1740120142,0.07806661725000001,1
3364,0.0,-0.0035280222500000003,4.0,-0.17582020755,-0.11768320535,0.13880854545,0
3365,2.0,0.0585404462,4.0,-0.22040906485,-0.14657514054999998,0.07722775765,1
3366,0.0,0.04718510645,1.0,-0.31164588520000003,-0.30539511080000004,0.06986818319999999,0
3367,0.0,0.0490988627,3.0,-0.29111527485,-0.24619342295,0.0725874394,0
3368,1.0,0.0516129008,3.0,-0.3003637217,-0.27556049465,0.06115315075,0
3369,0.0,0.030979772699999998,1.0,-0.13945903475,-0.13320704235,0.10564468460000001,0
3370,0.0,0.0434125432,5.0,-0.2865767462,-0.26974743215,0.07557969040000001,0
3371,0.0,0.0028199366500000003,3.0,-0.20154975645,-0.17574377084999998,0.1311307411,0
3372,2.0,0.039009426050000004,4.0,-0.21844582115,-0.1879759066,0.0986018239,1
3373,0.0,0.00885513405,1.0,-0.2140699804,-0.15017759660000002,0.1327247966,0
3374,0.0,0.00792063935,4.0,-0.20556435015000002,-0.15095485535,0.1288293665,1
3375,1.0,0.045483207250000005,3.0,-0.21065755265,-0.17424701595,0.08625747184999999,1
3376,0.0,0.03952380985,1.0,-0.33212867685,-0.19857659244999998,0.07460651730000001,0
3377,0.0,0.0391912404,3.0,-0.2897644303,-0.27567855905,0.08406337685,0
3378,2.0,0.04871471775,4.0,-0.20444604155,-0.18352158015,0.08034410355,1
3379,1.0,0.04381488035,3.0,-0.21580679120000001,-0.19232177839999998,0.08673362135000001,1
3380,3.0,0.0658796901,5.0,-0.183621199,-0.148114371,0.06795292215000001,1
3381,1.0,0.03608950315,4.0,-0.22761977035,-0.2108098034,0.10348644965,1
3382,1.0,0.04078545735,3.0,-0.26674011254999996,-0.22842066360000002,0.0868411888,1
3383,0.0,0.03699252355,3.0,-0.30842611124999997,-0.3010585909,0.08215426384999999,0
3384,0.0,0.04128020085,3.0,-0.25836830234999997,-0.1707200263,0.08944573580000001,0
3385,0.0,0.029993705,4.0,-0.27922329690000003,-0.16945300915,0.08550805460000001,0
3386,0.0,0.028403057500000002,2.0,-0.19342347695,-0.16084968675,0.0893231313,1
3387,0.0,0.012357105,2.0,-0.2222589315,-0.14247631685,0.126898114,0
3388,0.0,0.009959402249999999,2.0,-0.1721017,-0.13948017545000002,0.11457570610000001,0
3389,1.0,0.0135944998,3.0,-0.23830634504999998,-0.20316826735,0.1157901693,1
3390,0.0,0.0216820925,3.0,-0.33795860025,-0.23497197705,0.10129707725,0
3391,0.0,0.0474450617,4.0,-0.27553377315,-0.12997912775,0.09665844344999999,1
3392,0.0,0.03605759485,4.0,-0.2860838672,-0.2058931055,0.08550916069999999,0
3393,0.0,0.03849900295,3.0,-0.2563199135,-0.16939341185,0.07061405705,0
3394,0.0,0.0674214961,3.0,-0.20107740875,-0.1452168327,0.052945249400000005,0
3395,0.0,0.0196874904,2.0,-0.18780483415,-0.16513489195,0.1176696751,1
3396,0.0,0.04637408015,3.0,-0.24379807520000002,-0.1759626148,0.08040671880000001,0
3397,0.0,0.0294579353,3.0,-0.30282710415,-0.2087233495,0.0831093335,0
3398,0.0,0.035925960300000004,3.0,-0.32672466965,-0.26301801,0.07440308600000001,0
3399,0.0,0.01951438385,2.0,-0.2042307513,-0.1518249361,0.09925917344999999,0
3400,1.0,0.0433444038,3.0,-0.22077514555,-0.19632850764999998,0.08166031955000001,1
3401,1.0,0.03707210875,3.0,-0.23437942080000002,-0.17567147965,0.08977216164999999,1
3402,0.0,0.02905159745,2.0,-0.2083631373,-0.16267421825,0.09599898655,1
3403,0.0,0.0176288777,2.0,-0.2156593498,-0.16649052625,0.11060804285,1
3404,0.0,0.0220514513,4.0,-0.21964077840000001,-0.15997649954999998,0.1125550353,1
3405,0.0,0.025340591,2.0,-0.21078932044999998,-0.1694845076,0.1034174122,1
3406,0.0,0.03796146265,3.0,-0.2239785518,-0.1823850748,0.0812102187,0
3407,1.0,-0.0029787191,1.0,-0.22200628455,-0.2001417787,0.1495873706,1
3408,1.0,0.051068406100000005,3.0,-0.2925252552,-0.28308903215000003,0.05904486495,0
3409,1.0,0.02833942075,3.0,-0.19836052725,-0.17749175420000002,0.09506528645000001,1
3410,1.0,0.029023685549999997,3.0,-0.20082553344999998,-0.17359202285,0.09461166030000001,1
3411,0.0,0.052499844549999994,3.0,-0.2748663967,-0.18751234230000002,0.0624853022,0
3412,0.0,0.0035253323500000003,3.0,-0.1774956362,-0.14335310095,0.14516823945,0
3413,0.0,0.0337304852,2.0,-0.28240722835,-0.19946763005,0.0824657966,0
3414,0.0,0.02233357525,2.0,-0.19248591804999998,-0.16993208935,0.1068353017,1
3415,0.0,0.0300541005,1.0,-0.22247536855,-0.18087953815000002,0.0833326221,0
3416,1.0,0.03549625455,3.0,-0.19849499785000002,-0.17234536509999998,0.08756132020000001,1
3417,1.0,0.0312231564,3.0,-0.20084601525,-0.176187535,0.0982208017,1
3418,0.0,0.0468875297,4.0,-0.2054279104,-0.156090605,0.08270840325,0
3419,1.0,0.0410376576,3.0,-0.19685769495,-0.1747319335,0.08101153005,1
3420,0.0,0.03514963075,3.0,-0.28531130265,-0.25720300525,0.07767933245,0
3421,1.0,0.0346642689,3.0,-0.20406406170000002,-0.17830862425,0.09403626925,1
3422,0.0,0.03314793595,2.0,-0.240450326,-0.19008170925,0.07952818985,0
3423,0.0,0.01666834895,1.0,-0.16290863914999998,-0.10921532005000001,0.1163645374,0
3424,0.0,0.019418905549999997,2.0,-0.19893782725,-0.17852848300000002,0.1127513445,1
3425,0.0,0.01138682005,2.0,-0.201859422,-0.1830663306,0.1255057338,1
3426,0.0,0.0074543531,1.0,-0.16220948889999998,-0.1169348014,0.12967857955,0
3427,0.0,0.028165855400000002,1.0,-0.28859790934999996,-0.27031092354999997,0.09010323555000001,0
3428,0.0,-0.01553523175,3.0,-0.2322940611,-0.12548618725,0.1527366884,0
3429,1.0,0.0347855076,3.0,-0.20569675804999998,-0.17394006935,0.09878753715,1
3430,0.0,0.0210774721,2.0,-0.2067188548,-0.177404187,0.1134465796,1
3431,0.0,0.03242041515,3.0,-0.34902884405,-0.24368801704999998,0.09029842915,0
3432,0.0,-0.00462102195,2.0,-0.24622137345,-0.1206053343,0.1516457182,0
3433,0.0,0.040048309500000004,3.0,-0.32214921,-0.24736104575,0.07402823705,0
3434,0.0,0.0127760027,2.0,-0.2086243855,-0.1737279565,0.11604719535,1
3435,0.0,0.03670908185,2.0,-0.2147545773,-0.1703581222,0.0905611348,1
3436,0.0,0.019767989950000002,4.0,-0.2121223001,-0.16728910605,0.11020394265,1
3437,0.0,0.03029965645,2.0,-0.18532314995,-0.16543408745,0.09883845665000002,1
3438,0.0,0.034839354249999996,2.0,-0.22129705945,-0.1833841071,0.09520161939999999,1
3439,0.0,0.01980315,1.0,-0.17329178455,-0.1069455599,0.10873098415,0
3440,1.0,0.0419806105,3.0,-0.30010984235000004,-0.2775717124,0.061416178999999994,0
3441,0.0,0.0125471844,4.0,-0.206198366,-0.1648568137,0.12486651,1
3442,0.0,0.04450560655,1.0,-0.29537371739999996,-0.22004820925000002,0.07958655075000001,0
3443,0.0,0.02998988775,2.0,-0.20347927255,-0.1656707266,0.09681139125,1
3444,0.0,0.04292637025,3.0,-0.2529543736,-0.1744952864,0.0744516752,0
3445,0.0,0.04895771335,2.0,-0.2016475198,-0.15154122274999998,0.0921429255,1
3446,0.0,0.02547068005,4.0,-0.2495702938,-0.20797827400000002,0.1065387873,1
3447,0.0,0.039015027650000006,3.0,-0.31833468155,-0.2169348567,0.08316795164999999,0
3448,1.0,0.0412453091,5.0,-0.21988483069999998,-0.1955969461,0.0878771299,1
3449,0.0,0.0337894591,3.0,-0.21845732295,-0.1630780904,0.0840478935,0
3450,1.0,0.04213469485,5.0,-0.24242197250000003,-0.1849809947,0.0931946153,1
3451,0.0,0.0331977869,4.0,-0.2431607345,-0.19050489240000001,0.10291797925000001,1
3452,0.0,-0.0069895007999999995,2.0,-0.1967790659,-0.16249253175,0.1278094547,0
3453,0.0,0.03996554365,3.0,-0.3107749707,-0.28342884305,0.0712402986,0
3454,0.0,0.035239545100000005,3.0,-0.2182971969,-0.15397734945,0.07581511569999999,0
3455,0.0,0.0382611189,3.0,-0.3118325467,-0.27541555605,0.07673719165,0
3456,0.0,0.0437702399,3.0,-0.29692307689999997,-0.27314326285,0.06300705065000001,0
3457,0.0,0.0334327004,3.0,-0.2064053923,-0.1615218383,0.08621265210000001,0
3458,0.0,0.02582315415,2.0,-0.21971548294999999,-0.1718370488,0.10280511580000001,1
3459,0.0,0.0217975734,2.0,-0.21718253734999998,-0.1745122529,0.10260185785,1
3460,0.0,0.0189589826,2.0,-0.18148587755,-0.167509731,0.1132664937,1
3461,0.0,0.0131927343,2.0,-0.17825847,-0.1682968043,0.11735794520000001,1
3462,0.0,0.0212228708,1.0,-0.1728037792,-0.10549724229999999,0.10803020650000002,1
3463,0.0,0.03985141935,1.0,-0.3240490156,-0.28051312959999997,0.07191400335,0
3464,0.0,0.0167328304,1.0,-0.16859434855,-0.11454415685,0.10878363090000001,1
3465,0.0,0.02168555345,3.0,-0.21518105194999998,-0.15914099334999998,0.09464141625,0
3466,0.0,0.0472397973,2.0,-0.28609407485,-0.2589267854,0.06759535475,0
3467,0.0,0.03147256825,2.0,-0.1960195491,-0.15489046675,0.098687729,1
3468,1.0,0.0439839923,3.0,-0.19588592175,-0.1925317662,0.0865116742,1
3469,1.0,0.02175341245,3.0,-0.2215565834,-0.1771368505,0.1092820972,1
3470,1.0,0.032555619800000005,3.0,-0.23710773675000002,-0.2280706993,0.10495717455,1
3471,0.0,0.0265577823,2.0,-0.25786105984999996,-0.2037662352,0.1085259388,1
3472,0.0,0.0263266428,4.0,-0.1905598763,-0.15137848,0.09857169634999999,1
3473,0.0,0.0094715432,1.0,-0.18627751095,-0.16006530130000002,0.12042185180000001,1
3474,0.0,0.043646491450000005,1.0,-0.27789388195,-0.2454131346,0.06263269675,0
3475,1.0,0.024200170899999998,3.0,-0.24788133925,-0.20234635605,0.100664553,1
3476,0.0,0.04976446505,3.0,-0.2560157092,-0.21658669825,0.06537435945,0
3477,0.0,0.0275080415,2.0,-0.21708731390000002,-0.16996256910000002,0.09765101085,1
3478,0.0,0.0368873795,1.0,-0.18453321555000002,-0.12941946310000002,0.09573113929999999,0
3479,0.0,0.03842817705,3.0,-0.26985623324999997,-0.24836310705,0.0732818559,0
3480,0.0,0.017522541849999997,2.0,-0.2077303109,-0.1587725573,0.11073942210000001,1
3481,0.0,0.026907895,1.0,-0.18950335015,-0.15641111505,0.10477823735000001,1
3482,0.0,-0.0342987523,1.0,-0.2155910881,-0.1594702705,0.168701103,0
3483,0.0,0.044799362100000004,1.0,-0.2572320667,-0.2238409277,0.07644470895,0
3484,0.0,0.0029096637500000003,2.0,-0.22228192424999998,-0.12732766239999999,0.1300658136,0
3485,1.0,0.0315391291,3.0,-0.23156759115,-0.18130678865,0.0917335308,1
3486,1.0,0.040107505700000004,3.0,-0.23880472655,-0.19793927444999998,0.0847226262,1
3487,0.0,0.039034204,1.0,-0.21743136805000002,-0.16101387415,0.07590497245,0
3488,0.0,0.0408753949,1.0,-0.30678817810000003,-0.29232769105,0.07361183355,0
3489,1.0,0.0342262343,3.0,-0.23929653455,-0.18820009650000002,0.09367169675,1
3490,0.0,0.01469018095,3.0,-0.2150045622,-0.10907825885,0.11856620570000001,0
3491,0.0,-0.0162339052,1.0,-0.18315521695,-0.0549304849,0.15667369795,0
3492,0.0,-0.016192670149999998,1.0,-0.21503951380000003,-0.11323655075,0.1356755428,0
3493,0.0,0.049375213249999994,4.0,-0.15688799305,-0.08064172615,0.0861469468,0
3494,0.0,0.016012482949999997,2.0,-0.23710276665000002,-0.17978738975,0.11562042605,1
3495,0.0,0.03277397185,1.0,-0.295184414,-0.27606168365,0.08708083019999999,0
3496,0.0,0.01309156895,1.0,-0.2031857648,-0.051740698700000004,0.12667618245,0
3497,1.0,0.03459196975,3.0,-0.22250351105,-0.16773238225,0.0835568951,1
3498,1.0,0.04430695,3.0,-0.27386109655,-0.2149609545,0.0780899018,1
3499,0.0,0.02743039345,2.0,-0.22067673259999998,-0.1654098443,0.095380099,1
3500,0.0,0.03696649865,3.0,-0.28642799630000004,-0.2177372622,0.08741997215,0
3501,1.0,0.051354320349999996,3.0,-0.21825082559999998,-0.19662773795,0.07937824569999999,1
3502,0.0,0.0331032464,3.0,-0.28800535815,-0.23091927845,0.09508203935000001,0
3503,0.0,0.0276131436,2.0,-0.2242113796,-0.16260031395,0.1006509716,1
3504,0.0,-0.015463099299999998,1.0,-0.1945861171,-0.1130844195,0.14316020655,0
3505,1.0,0.026295054999999998,3.0,-0.2443291816,-0.18818695745,0.0910749914,1
3506,1.0,0.0386487893,3.0,-0.24737331775,-0.20012460475,0.08612464019999999,1
3507,1.0,0.0375588269,3.0,-0.2153125095,-0.15816042624999999,0.0880230694,1
3508,1.0,0.0572081037,3.0,-0.1945700465,-0.13454369695,0.07055991460000001,1
3509,2.0,0.0598291804,2.0,-0.2432394101,-0.2316556957,0.0698046223,1
3510,1.0,0.03222248305,3.0,-0.2036614183,-0.1579519579,0.09166239274999999,1
3511,0.0,-0.0070666014499999995,1.0,-0.17866868625,-0.14130287405,0.12091886104999999,0
3512,0.0,0.04015014885,3.0,-0.3330616451,-0.29594027440000004,0.07453634965,0
3513,0.0,-0.014671292249999999,1.0,-0.19724085279999998,-0.12913029320000002,0.1473492613,0
3514,0.0,0.0100279224,3.0,-0.306049912,-0.22994590725,0.1125070261,0
3515,0.0,0.01664293805,2.0,-0.19079438580000002,-0.15693890405,0.1131279054,1
3516,1.0,0.0367230485,3.0,-0.1960129505,-0.18588184870000002,0.09146273245,1
3517,0.0,0.036229143699999994,3.0,-0.31531956755,-0.2557233477,0.07649132519999999,0
3518,0.0,0.01171005915,3.0,-0.30998304340000005,-0.2056035876,0.10568019249999999,0
3519,0.0,0.03744569855,3.0,-0.30335781159999997,-0.26671665224999996,0.0672074844,0
3520,0.0,-0.016192774,1.0,-0.21756411965,-0.10547382355,0.15216162815,0
3521,1.0,0.04174772495,3.0,-0.19825904265,-0.16292662460000001,0.08583830419999999,1
3522,0.0,0.03896817585,3.0,-0.31325293600000004,-0.27602520675,0.07756698495,0
3523,0.0,0.0408078469,1.0,-0.32856803955,-0.2903737181,0.06559696285,0
3524,2.0,0.05984311715,4.0,-0.1911615456,-0.1775090784,0.0635583988,1
3525,0.0,0.0237256405,2.0,-0.20279613275,-0.1473036634,0.11135100125,1
3526,0.0,0.0046796998,1.0,-0.16605613795000002,-0.13187650185,0.12357973629999999,0
3527,0.0,0.0011795356500000002,1.0,-0.1625580648,-0.1283672696,0.12834333045000001,0
3528,0.0,0.00105049995,1.0,-0.1646048364,-0.13426216505,0.12625143475,0
3529,1.0,0.0549974917,3.0,-0.20737303425,-0.12960348165,0.07572832355,1
3530,0.0,0.02315696025,1.0,-0.2038787701,-0.153084725,0.1095365734,1
3531,0.0,0.04781264485,3.0,-0.29056689815000003,-0.2457414083,0.07659427660000001,1
3532,0.0,-0.0292466755,1.0,-0.2027000091,-0.09796018795,0.16063410485,0
3533,1.0,0.0366101328,3.0,-0.2201030833,-0.15833084785,0.10532719274999999,1
3534,0.0,-0.0248226056,1.0,-0.2133553667,-0.0762280496,0.1629292824,0
3535,1.0,0.0552254389,2.0,-0.2479373104,-0.1861381098,0.07258685399999999,1
3536,0.0,0.03874925095,3.0,-0.28019283095,-0.27579536335,0.07273240689999999,0
3537,0.0,0.036641494,4.0,-0.2933092497,-0.27013125295,0.07983431425,0
3538,0.0,0.0129089566,1.0,-0.23284800635,-0.1747621104,0.11178522425000001,1
3539,0.0,0.03709757285,3.0,-0.31795277980000003,-0.25122216124999996,0.0697228437,0
3540,0.0,0.021298802649999997,1.0,-0.20926823795,-0.16442212425,0.10424515684999999,1
3541,1.0,0.0427705008,3.0,-0.24793784125,-0.2027830273,0.0865065341,1
3542,0.0,0.024709414399999997,2.0,-0.22674216725000002,-0.16472230215,0.09456259035,1
3543,1.0,0.04530540985,3.0,-0.26089305575,-0.17706063085,0.08629776974999999,1
3544,0.0,0.022187342399999997,2.0,-0.22628553335,-0.1726021825,0.10077327215000001,1
3545,1.0,0.048132332900000005,5.0,-0.21761049405,-0.17208927445,0.08543967345,1
3546,0.0,0.05560075165,3.0,-0.25588455595000004,-0.1780114544,0.07158977765,0
3547,0.0,0.04919856065,4.0,-0.2810466814,-0.23191174555,0.07227943384999999,0
3548,0.0,0.0541341749,3.0,-0.26322652335,-0.25609848715,0.055294922600000004,0
3549,2.0,0.0357217236,3.0,-0.301108862,-0.2461941869,0.07501381110000001,0
3550,1.0,0.0323192687,3.0,-0.22484035689999998,-0.18867404135,0.08493164465,1
3551,0.0,0.01297977275,2.0,-0.22855407465,-0.1499359282,0.12324921694999999,0
3552,0.0,0.008504870550000002,3.0,-0.17368977235,-0.14312717965,0.1097070678,0
3553,0.0,0.0142007785,2.0,-0.17540968285,-0.12121042635,0.11784277894999999,0
3554,1.0,0.032435021,3.0,-0.19477386975,-0.16367972605,0.09161511385,1
3555,0.0,0.0168121731,2.0,-0.22121648815,-0.1834017881,0.11168034045,1
3556,0.0,0.0455993175,4.0,-0.17554618135,-0.1617930909,0.08104353239999999,1
3557,0.0,0.0442981581,2.0,-0.1707185984,-0.15168575325,0.08613991834999998,1
3558,0.0,0.020210294599999998,4.0,-0.1675983412,-0.1498655627,0.1130756999,1
3559,2.0,0.040912298400000005,4.0,-0.2092176989,-0.16643738895,0.07249512,1
3560,0.0,0.036963680799999996,4.0,-0.3148520975,-0.30340881835,0.06953101485,0
3561,0.0,0.033470232249999995,1.0,-0.28157166505,-0.2491264725,0.08150966625,0
3562,1.0,0.04710335785,3.0,-0.216839652,-0.17990078475,0.0776408536,1
3563,0.0,0.043988103,3.0,-0.31953345935,-0.30678859565000005,0.06349601045,0
3564,0.0,0.01984784615,2.0,-0.1781582484,-0.1414279907,0.11061013824999999,0
3565,0.0,0.0366167969,3.0,-0.30397149619999997,-0.27651469515000004,0.07547446969999999,0
3566,1.0,0.02831782035,3.0,-0.20016001625000002,-0.1620490772,0.08991003745,1
3567,0.0,0.02823402765,2.0,-0.18753309415,-0.15581239845,0.09988665929999999,1
3568,0.0,0.01357212335,2.0,-0.19759577415000001,-0.1698469454,0.10938066,1
3569,1.0,0.028737056349999998,3.0,-0.20181482655,-0.16492935945,0.0846984552,1
3570,1.0,0.05037447735,3.0,-0.19491482985,-0.13648959975,0.07745894935,0
3571,0.0,0.01819750215,2.0,-0.2262071046,-0.1503997362,0.1204631053,0
3572,0.0,0.01047353635,2.0,-0.21299558294999998,-0.1582738017,0.1080923152,1
3573,1.0,0.03098661415,3.0,-0.24968220814999997,-0.18556221365,0.09339072545000002,1
3574,0.0,0.033416167649999995,1.0,-0.1578258588,-0.08486873075000001,0.10927001505,0
3575,0.0,0.0292098665,1.0,-0.3069390642,-0.21060428135,0.08127529495,0
3576,1.0,0.0450122862,3.0,-0.2311565327,-0.22410659365,0.08101349149999998,1
3577,0.0,0.037770516399999995,4.0,-0.20156902869999999,-0.1603324924,0.09217414075000001,1
3578,0.0,0.051237372249999996,2.0,-0.3042371208,-0.2704452909,0.0706049929,1
3579,1.0,0.0435795526,3.0,-0.2178436382,-0.1865151051,0.089288244,1
3580,1.0,0.03760942585,3.0,-0.22570110859999998,-0.1816310906,0.09776408354999999,1
3581,0.0,0.0325852819,3.0,-0.32849029045,-0.275070945,0.08328685065,0
3582,0.0,0.03201564555,3.0,-0.22512508,-0.18106093615000002,0.09043020489999999,0
3583,0.0,0.02940167075,3.0,-0.35441200175,-0.2376624739,0.0875998144,0
3584,0.0,0.0246891234,3.0,-0.2066641151,-0.1534508564,0.0992618074,1
3585,0.0,0.01735468555,2.0,-0.2300699178,-0.1787744664,0.11169121515,1
3586,0.0,0.03782566175,4.0,-0.3183120961,-0.296388089,0.0602531048,0
3587,0.0,0.01725916165,6.0,-0.20474206745,-0.15415334085,0.11213769000000001,1
3588,0.0,0.0245463574,3.0,-0.2087381344,-0.1595839401,0.10333698999999999,1
3589,1.0,0.03102670925,3.0,-0.23107058954999998,-0.1665112541,0.09574334939999998,1
3590,0.0,0.031706467749999995,3.0,-0.31486319409999997,-0.30887640765,0.08203126225,0
3591,1.0,0.06331497650000001,1.0,-0.2430285162,-0.1381949605,0.07119609974999999,1
3592,1.0,0.0432049331,1.0,-0.24824540345,-0.19599881489999998,0.09178105180000001,1
3593,1.0,0.02793920355,3.0,-0.2707776159,-0.2068186314,0.11217823995,1
3594,0.0,0.0265607816,2.0,-0.2301938654,-0.16935606245,0.09465561565,1
3595,1.0,0.04040986615,3.0,-0.208621054,-0.16328696850000002,0.08566552105,1
3596,1.0,0.049420556899999996,4.0,-0.1966876957,-0.16152345765,0.057410331849999996,0
3597,0.0,0.058952807499999996,3.0,-0.2642425669,-0.18866794685,0.07246861439999999,0
3598,0.0,0.02519399785,3.0,-0.20267300259999999,-0.16448094045,0.10813580105,1
3599,0.0,0.043826298900000005,1.0,-0.29691736635,-0.22239672105,0.0752587336,0
3600,0.0,0.0402161479,5.0,-0.3054531954,-0.26965130155,0.0620212715,0
3601,0.0,0.015317635999999999,1.0,-0.21038324725000002,-0.15312728650000001,0.1079351958,1
3602,0.0,0.036881051600000006,4.0,-0.277930943,-0.22338803395,0.08406920325,0
3603,0.0,0.036194966499999995,6.0,-0.21657109645,-0.16072656615,0.09150871755,1
3604,1.0,0.0389936079,3.0,-0.2071040047,-0.1849537909,0.08752354814999999,1
3605,0.0,0.051673957199999995,1.0,-0.21669429759999997,-0.17064241335000002,0.06438616525000002,0
3606,0.0,0.03887861125,4.0,-0.3150307402,-0.29883909245,0.06674376350000001,0
3607,0.0,0.03278178475,2.0,-0.22591566629999998,-0.1701232912,0.08939841420000001,0
3608,0.0,0.014230860849999999,1.0,-0.21316707270000002,-0.15778840105,0.11747499410000001,1
3609,0.0,0.023016728,3.0,-0.2049713193,-0.15729447215,0.09192691409999999,1
3610,1.0,0.043226143349999996,3.0,-0.25966667145,-0.11953011355,0.09768880020000001,1
3611,0.0,0.051965153050000004,4.0,-0.29108291585,-0.21332022955000002,0.07386480775,0
3612,1.0,0.034659801049999994,3.0,-0.21758764705,-0.15766799744999999,0.09480401850000002,1
3613,1.0,0.021203509500000002,3.0,-0.21365262105,-0.187359334,0.11401939349999998,1
3614,0.0,0.035654714500000004,3.0,-0.29366994734999996,-0.22836695645,0.0966891738,0
3615,1.0,0.039532148850000004,3.0,-0.2087678071,-0.17966464999999998,0.08691242949999999,1
3616,0.0,0.023811764800000003,2.0,-0.26687869015,-0.24444198195,0.0969383912,0
3617,2.0,0.0482868981,4.0,-0.22482914199999998,-0.18666659875000002,0.08324477305,1
3618,0.0,0.04992497455,1.0,-0.27489661695,-0.19740471534999998,0.06171763625,0
3619,0.0,0.0527359482,1.0,-0.3252248737,-0.29728099375,0.06195929295000001,0
3620,0.0,0.025896955450000002,1.0,-0.14411508420000002,-0.09810396445,0.11276344135,0
3621,0.0,0.0337112919,2.0,-0.23005800595,-0.16825884045,0.0820209779,1
3622,1.0,0.03823890515,3.0,-0.2492560124,-0.191164154,0.0806692616,1
3623,0.0,0.0408337182,1.0,-0.29849652940000004,-0.28807012445,0.0698249299,0
3624,1.0,0.04572427555,4.0,-0.28157847020000004,-0.22359955695,0.09124415160000002,1
3625,0.0,0.0437808009,4.0,-0.3167591605,-0.21754954664999998,0.08543147244999999,0
3626,1.0,0.0319093605,3.0,-0.22224798675,-0.16069180635000002,0.1021322996,1
3627,0.0,0.0312842224,3.0,-0.29662221515,-0.27780704775,0.083904221,0
3628,0.0,0.014667600199999999,2.0,-0.19837490655,-0.16213751180000002,0.10663692475,0
3629,0.0,0.013257979,1.0,-0.18544139855000003,-0.15382102005,0.11583396874999999,0
3630,0.0,0.0274010599,3.0,-0.32424856430000004,-0.29177158215,0.08266142635000001,0
3631,1.0,0.030146199300000003,3.0,-0.20687775295,-0.17898428265,0.11357933249999999,1
3632,0.0,0.022844465199999997,2.0,-0.21217857080000002,-0.1545503937,0.10753502310000003,1
3633,1.0,0.03240857675,3.0,-0.24053645575,-0.17232614335000002,0.09128536639999998,1
3634,0.0,0.01876595905,5.0,-0.1995315697,-0.14821336925,0.1113665116,1
3635,2.0,0.04423181035,4.0,-0.17658737795,-0.14940168955,0.0923148614,1
3636,0.0,0.04179910445,1.0,-0.3326472709,-0.31136451600000004,0.07101958435,0
3637,0.0,0.02162720495,3.0,-0.26019408165,-0.1941248256,0.11788004594999998,1
3638,0.0,0.01914572925,4.0,-0.20066817115000002,-0.14924791045000002,0.09844701550000001,1
3639,0.0,-0.0400960261,1.0,-0.1951094726,-0.15695083895,0.1771075256,0
3640,0.0,0.035053718799999994,2.0,-0.2268142649,-0.18262911785,0.10743388784999999,1
3641,1.0,0.044692794650000006,3.0,-0.24981221455,-0.23336028505,0.07609135705,1
3642,1.0,0.043064776900000004,3.0,-0.20569307050000002,-0.18055443510000002,0.0763394668,1
3643,0.0,-0.050480836700000004,1.0,-0.17995160054999998,-0.17121077735,0.1856414334,0
3644,0.0,0.023478405,1.0,-0.21505185355,-0.15874743375,0.09318188185000001,1
3645,1.0,0.0486102013,3.0,-0.22379156335,-0.1981929646,0.06589318005,1
3646,0.0,0.04366589115,1.0,-0.30790418245,-0.20607192670000002,0.07296516105,0
3647,0.0,0.01684280015,2.0,-0.2413913351,-0.18399702639999999,0.10585835100000002,1
3648,1.0,0.03611885095,3.0,-0.2888389671,-0.26602833975,0.09018042185,1
3649,1.0,0.0454320853,1.0,-0.31251427605000004,-0.29188416765,0.07877391715,1
3650,1.0,0.053264648149999996,3.0,-0.2588055063,-0.20408754595,0.06288410405,1
3651,0.0,0.03722158675,3.0,-0.2987966325,-0.29259723625,0.06299842265,0
3652,1.0,0.032901901149999996,3.0,-0.2081943335,-0.19395302705,0.10182507545000001,1
3653,0.0,0.036470145849999996,3.0,-0.28179617415,-0.22013869955,0.06977669080000001,1
3654,0.0,-0.00562171055,1.0,-0.17883266465,-0.13982716634999998,0.14483457515,0
3655,2.0,0.03875539115,4.0,-0.2445684502,-0.2095287458,0.09791188519999999,1
3656,1.0,0.0454981435,3.0,-0.19382441125,-0.1384262929,0.09999003795,1
3657,0.0,0.0406210404,3.0,-0.30777821405,-0.28637138269999995,0.058551569849999985,0
3658,1.0,0.04897695105,3.0,-0.20446446694999998,-0.1508366706,0.0936519518,1
3659,0.0,0.02545497815,3.0,-0.31545642405,-0.21983328005,0.0879261907,0
3660,1.0,0.054429733849999995,1.0,-0.24800730594999998,-0.24027952614999998,0.0786826803,1
3661,0.0,0.0349642619,4.0,-0.2965267798,-0.223307367,0.08656971235,0
3662,0.0,0.01336898365,3.0,-0.2077868854,-0.1498716052,0.11337470815,0
3663,0.0,-0.00229841635,2.0,-0.22987154635,-0.16899437625,0.13830209035000002,1
3664,0.0,0.0431777726,3.0,-0.3376794249,-0.29042515005,0.05857653735,0
3665,1.0,0.0565804115,3.0,-0.2039996473,-0.12869972270000002,0.0678171549,1
3666,0.0,0.03082703935,3.0,-0.33669292805,-0.24538905885,0.0917815743,0
3667,0.0,0.03927960395,3.0,-0.28212746995000004,-0.24633636930000002,0.06581796635,1
3668,0.0,0.0024340163000000003,1.0,-0.2266925455,-0.1614538291,0.14106476099999998,0
3669,1.0,0.0512251725,3.0,-0.21803348174999998,-0.2017773091,0.07029797725,1
3670,0.0,0.04192199465,3.0,-0.28622029,-0.230777822,0.0747571979,0
3671,0.0,0.043700794700000004,3.0,-0.21372608510000002,-0.1674057239,0.0616685226,0
3672,1.0,0.0498376939,3.0,-0.20749456859999998,-0.17602553615,0.07641207675,1
3673,0.0,0.0376552899,1.0,-0.3019628533,-0.29615777255,0.06550861825,0
3674,0.0,0.0304360758,4.0,-0.23337525825,-0.16850621425,0.08410679525,0
3675,0.0,0.0451254965,1.0,-0.25474910875,-0.21222854805,0.07416113445,0
3676,0.0,0.043796105200000005,1.0,-0.3276323742,-0.29363714134999996,0.062081994700000004,0
3677,1.0,0.0444661162,3.0,-0.22080976730000001,-0.16926036319999999,0.06942953485,1
3678,0.0,0.0197665951,2.0,-0.22326957195,-0.15967292085,0.1049505922,1
3679,1.0,0.027727993899999998,3.0,-0.2431564125,-0.1874798204,0.10171630605000001,1
3680,0.0,-0.006749496650000001,1.0,-0.18768310775000002,-0.16325505480000002,0.13522656570000002,0
3681,0.0,0.04138417625,4.0,-0.33683884395,-0.32497662395,0.06630682885,0
3682,2.0,0.04000879735,4.0,-0.2444701912,-0.2290106864,0.09270291130000001,1
3683,0.0,0.0407039586,3.0,-0.30436653739999997,-0.29297351304999997,0.07085815784999999,0
3684,1.0,0.0466234453,3.0,-0.25335201835,-0.23907618335,0.0767476863,1
3685,0.0,0.0323384503,3.0,-0.20142381965,-0.14892716915,0.09176396095,1
3686,1.0,0.0503828865,3.0,-0.204988493,-0.1413700295,0.08276588425,1
3687,0.0,0.012047042550000001,1.0,-0.137684708,-0.12114315675000001,0.1228834706,0
3688,0.0,0.0309591577,2.0,-0.20581587475,-0.14603544845,0.0882374576,1
3689,0.0,0.032882854850000004,1.0,-0.20275050114999998,-0.14580726160000002,0.0859765152,1
3690,0.0,-0.03630020505,3.0,-0.2183392666,-0.19826641055,0.1654184506,0
3691,0.0,0.0237899878,2.0,-0.20399946385,-0.1462458509,0.10011275744999999,1
3692,0.0,0.02733201045,2.0,-0.24667814745,-0.19041463435,0.1008856326,1
3693,0.0,0.030485846849999998,2.0,-0.20342975635,-0.14406603855,0.0906885573,1
3694,1.0,0.028876492099999998,3.0,-0.21714813589999998,-0.1557114084,0.081073865,1
3695,0.0,-0.02491829775,1.0,-0.229769176,-0.16779773409999998,0.14698801005,0
3696,0.0,-0.021239703999999998,1.0,-0.22424052975,-0.1882469924,0.15681550955,0
3697,0.0,0.023936535350000003,2.0,-0.2218640428,-0.16067832635,0.10421661160000001,1
3698,0.0,0.02452995145,2.0,-0.19738856594999998,-0.14349379335,0.09563942040000001,1
3699,0.0,0.03533111675,4.0,-0.30304551245,-0.27961466185,0.07233205585000001,0
3700,1.0,0.0483946495,3.0,-0.2029073387,-0.18872986009999998,0.07962394365000001,1
3701,2.0,0.03189473895,4.0,-0.2131512998,-0.198930928,0.08321965305000001,1
3702,0.0,0.026209442950000002,1.0,-0.1903246895,-0.14786019905,0.10961107895,0
3703,1.0,0.03631135745,3.0,-0.28052205210000003,-0.19540152915,0.08628753235,1
3704,2.0,0.0393633828,4.0,-0.22369865830000002,-0.1903450046,0.0831429531,1
3705,0.0,0.042502429950000004,3.0,-0.32488590185,-0.2486250873,0.0701722379,0
3706,0.0,0.052043026049999996,3.0,-0.3301131543,-0.2886279037,0.06345103394999999,1
3707,0.0,0.0332975702,1.0,-0.36271189810000004,-0.3599040467,0.079322871,0
3708,0.0,0.0333987953,1.0,-0.21014429785,-0.17979763695,0.0997979005,1
3709,0.0,0.03883733985,2.0,-0.2438442784,-0.18569366780000002,0.06848999205,1
3710,1.0,0.038733850449999996,3.0,-0.2394469329,-0.18030419055,0.06861551090000001,1
3711,0.0,0.03540384965,1.0,-0.17343134385,-0.15765573030000002,0.0975784759,0
3712,0.0,0.02858335465,2.0,-0.20876223295000002,-0.15192197215,0.08071949989999999,1
3713,0.0,0.0384238,2.0,-0.2092940399,-0.127117483,0.0995094948,0
3714,1.0,0.020915483749999998,3.0,-0.21578748905,-0.15644726450000002,0.09268852120000001,1
3715,0.0,0.02943827795,3.0,-0.3045735553,-0.21188483465,0.0876826921,0
3716,1.0,0.05062798315,3.0,-0.20015227325,-0.15837204875,0.07274745155,1
3717,0.0,0.04239425915,3.0,-0.32454267555,-0.29154635115,0.062197346,0
3718,0.0,0.03074376965,1.0,-0.19514781790000002,-0.1117308509,0.1066317837,0
3719,0.0,0.00555059895,2.0,-0.2209711042,-0.16625823299999998,0.11008931775,1
3720,1.0,0.013377170649999999,3.0,-0.2288087711,-0.1592696468,0.09294465095000001,1
3721,0.0,0.0015509513,4.0,-0.2135087082,-0.15659973895,0.12376423695,1
3722,0.0,0.042086819250000004,3.0,-0.3383376776,-0.3323432611,0.0715414,0
3723,0.0,0.0403131199,3.0,-0.34880977485,-0.3253395608,0.07474014279999999,1
3724,1.0,0.056381931499999996,3.0,-0.24576387825,-0.20762561425,0.06566184035,1
3725,1.0,0.0366396865,3.0,-0.2163084714,-0.1540320569,0.08129759765,1
3726,1.0,0.04741546755,3.0,-0.31292264885,-0.30712823855,0.05102160530000001,0
3727,0.0,0.031548779299999996,2.0,-0.30474235545,-0.29738662800000004,0.07533996095,0
3728,2.0,0.0491683768,4.0,-0.21075350710000001,-0.14348033575000002,0.09134214504999999,1
3729,1.0,0.050622179,3.0,-0.25779488154999997,-0.1988958519,0.06736698755000001,1
3730,1.0,0.0375422478,3.0,-0.2359116122,-0.1858306594,0.08675362499999999,1
3731,0.0,0.050073702,3.0,-0.2537998817,-0.23866559085,0.06043131605,1
3732,1.0,0.04184189365,3.0,-0.2457589848,-0.1794911145,0.0760579446,1
3733,0.0,0.015917957400000002,1.0,-0.214458011,-0.1650731707,0.1043883531,0
3734,0.0,0.0172113672,3.0,-0.28102393425,-0.2539361895,0.09984757455,0
3735,0.0,0.037959312800000006,3.0,-0.3019653256,-0.29633277255,0.07222987385,0
3736,0.0,0.0363710908,3.0,-0.31406286299999997,-0.25923752629999997,0.0781534951,1
3737,0.0,0.04438102445,5.0,-0.27751573539999996,-0.24634277129999999,0.06642467175,0
3738,0.0,-0.013207641950000001,1.0,-0.2259093298,-0.16125665449999999,0.14703569244999998,0
3739,1.0,0.0367753414,3.0,-0.22619322684999998,-0.17499074685,0.07784472145,1
3740,2.0,0.059277177449999996,4.0,-0.18477602195,-0.1570500463,0.049206632199999996,1
3741,3.0,0.0550990994,4.0,-0.16899260885,-0.12055560905000001,0.07463526535,1
3742,0.0,0.0038183084000000004,1.0,-0.2278526149,-0.1404865476,0.13168454475000002,0
3743,0.0,0.027922982050000003,2.0,-0.20333324400000002,-0.14766374705,0.09313687345,1
3744,1.0,0.0347277528,3.0,-0.2039629122,-0.14992275985,0.07084596955,1
3745,0.0,0.035779807100000005,4.0,-0.268476655,-0.2125361832,0.08903344385,0
3746,0.0,0.0320822953,2.0,-0.15491694620000002,-0.14548133815,0.0988855385,1
3747,1.0,0.042077108700000004,3.0,-0.14277578785,-0.1262773961,0.06559034864999999,1
3748,0.0,0.03537436185,3.0,-0.32851789585,-0.27162043135,0.07974166105,0
3749,0.0,0.0164279933,4.0,-0.17429114,-0.15724397685,0.08683164165,1
3750,0.0,0.03709503795000001,3.0,-0.2884698825,-0.2342507835,0.08966542119999998,0
3751,0.0,0.01541314345,1.0,-0.21469302585,-0.15295983605000002,0.1038459979,1
3752,0.0,0.03256268175,3.0,-0.31800834619999996,-0.3099169121,0.07890988465,0
3753,0.0,0.021296321950000002,2.0,-0.19776901930000002,-0.14554061315,0.0898466632,1
3754,0.0,0.031939488200000005,1.0,-0.3090512232,-0.2519927258,0.07812618069999999,0
3755,0.0,0.02715249635,2.0,-0.21211477545000001,-0.15600310215000002,0.083090254,1
3756,0.0,0.03508547765,3.0,-0.344543476,-0.30772463465,0.07305679925,1
3757,0.0,0.0262500519,3.0,-0.2141568075,-0.15660963235,0.08876835895,1
3758,0.0,0.02307200975,4.0,-0.21683873395,-0.15955926305,0.09729423445,1
3759,1.0,0.0569829817,3.0,-0.13877653965,-0.12083609325,0.07087798904999999,1
3760,0.0,0.02463086945,3.0,-0.2040310579,-0.17608030105,0.08883393175000001,1
3761,2.0,0.04636485655,4.0,-0.12158145645,-0.1114526395,0.08816706475000001,1
3762,2.0,0.043116596699999996,4.0,-0.13877037295,-0.12481893649999999,0.08718241815,1
3763,0.0,0.03153833935,5.0,-0.3054336647,-0.2160176869,0.09770659345000002,0
3764,1.0,0.05497320965,3.0,-0.14697932465000002,-0.13724334415,0.07802666624999999,1
3765,1.0,0.0551577949,3.0,-0.13516812,-0.1202479064,0.06658799910000002,1
3766,1.0,0.050369393949999994,5.0,-0.14357114804999999,-0.13177422490000001,0.08207850095,1
3767,0.0,0.036408434749999996,3.0,-0.3200113032,-0.3012912925,0.0668407541,0
3768,1.0,0.04421511015,3.0,-0.20701718295,-0.177556271,0.0566426543,1
3769,2.0,0.0689924033,2.0,-0.18267014110000002,-0.1666475202,0.068576481,1
3770,0.0,0.034906790650000005,3.0,-0.3072481586,-0.22607842655,0.08852105435,0
3771,0.0,0.0307938111,3.0,-0.22733759120000002,-0.1166395776,0.0909287974,1
3772,0.0,0.024057031950000002,1.0,-0.17842343254999998,-0.105969286,0.10263957565000001,0
3773,0.0,0.043088019150000004,2.0,-0.26158363409999996,-0.25836897025,0.0549463258,1
3774,0.0,0.04627758465,2.0,-0.14864143629999998,-0.13480422785,0.0713881307,1
3775,0.0,-0.0049607509,1.0,-0.18526654025,-0.15738900845,0.1363742806,0
3776,0.0,-0.030036831,1.0,-0.2088017697,-0.18353778710000002,0.16665791870000002,0
3777,0.0,0.036293847,3.0,-0.15700543055,-0.14168388615,0.08207359880000001,1
3778,0.0,0.0358061126,3.0,-0.24959005365,-0.24745712505,0.05954122640000001,1
3779,0.0,-0.0372947394,3.0,-0.22002938735,-0.20529931070000002,0.17260357194999998,0
3780,0.0,0.00955989975,2.0,-0.20696231665,-0.14657497045,0.1199384077,0
3781,0.0,0.01024418935,4.0,-0.215484844,-0.15272801130000002,0.1118979576,0
3782,0.0,-0.01904110345,1.0,-0.17772439745000002,-0.13595312475,0.1544991295,0
3783,0.0,0.044957264250000004,1.0,-0.2628611127,-0.26017849065,0.06323677465,1
3784,0.0,-0.00736749795,1.0,-0.16383619115,-0.14272618739999998,0.1358016694,0
3785,0.0,0.03714638805,3.0,-0.29292587719999996,-0.22971067215000002,0.09500815850000001,0
3786,0.0,0.04087697645,3.0,-0.25890227395,-0.2392970012,0.06888295875,1
3787,3.0,0.07984373495,1.0,-0.17151966975,-0.1654852407,0.04974639059999999,1
3788,0.0,0.040487569949999996,4.0,-0.33419604215,-0.32148620805,0.07124243125,0
3789,1.0,0.07875478464999999,3.0,-0.18873730555,-0.18542157895,0.048699133900000004,1
3790,0.0,0.044595562150000004,3.0,-0.3312774426,-0.30937510725,0.0657378272,0
3791,1.0,0.03294450175,5.0,-0.1990491647,-0.17354811975,0.09024443005,1
3792,0.0,0.0422005288,3.0,-0.33081926409999995,-0.31776394415,0.07074497815,0
3793,0.0,0.0521688042,3.0,-0.2549118145,-0.25354227285,0.0536442882,1
3794,1.0,0.055100125949999995,1.0,-0.23427577924999998,-0.1958177545,0.0700652972,1
3795,1.0,0.050160678,3.0,-0.21365030175,-0.10500636329999999,0.07425379025,1
3796,0.0,0.03700654935,3.0,-0.3190384979,-0.30234454909999997,0.07967697165000001,0
3797,2.0,0.06740925765,4.0,-0.21477896045,-0.17424367535,0.0569829436,1
3798,0.0,0.037442322949999995,4.0,-0.33349438945,-0.3085156906,0.0760836413,0
3799,0.0,-0.00428611615,1.0,-0.22935897445,-0.15379643804999998,0.14103503280000002,0
3800,1.0,0.0593945285,3.0,-0.21479987849999999,-0.1400713694,0.0612220966,1
3801,0.0,0.024703933,4.0,-0.156982759,-0.13613183185,0.11075097114999999,0
3802,1.0,0.06308194545000001,3.0,-0.20039781150000002,-0.1588495734,0.0678153377,1
3803,0.0,-0.00086634585,3.0,-0.21356858795,-0.1311883992,0.1274489874,0
3804,1.0,0.0529894358,3.0,-0.1956262716,-0.11205186475000001,0.08146377839999999,1
3805,0.0,0.0410650867,4.0,-0.1992578019,-0.1162838593,0.09179947429999999,1
3806,0.0,-0.0321950927,1.0,-0.1863505218,-0.1610755498,0.16019873665,0
3807,0.0,0.035159725399999994,4.0,-0.1972902225,-0.1153572046,0.09892875984999999,1
3808,0.0,0.03324645225,4.0,-0.26146995014999996,-0.19644798894999999,0.0696536609,1
3809,0.0,0.0361892558,3.0,-0.18580208804999998,-0.1012794029,0.1038684544,1
3810,0.0,0.03842925405,3.0,-0.31144768245,-0.30439564630000004,0.0692786017,0
3811,0.0,0.0312957915,4.0,-0.3084866731,-0.20199423005,0.07116124055,0
3812,0.0,0.034645922,3.0,-0.18821429805,-0.09906917275,0.10389794100000001,1
3813,1.0,0.05101444335,5.0,-0.1822136088,-0.0941154731,0.08804279175,1
3814,0.0,0.03933622735,3.0,-0.24069036635000002,-0.2347209608,0.06897661425,1
3815,0.0,0.033558314199999995,3.0,-0.2200014306,-0.1723631179,0.0712916136,0
3816,0.0,0.02677413205,3.0,-0.23620369815,-0.186420226,0.08458898670000001,0
3817,0.0,0.0367066406,3.0,-0.2542606314,-0.23625765085,0.085980656,0
3818,2.0,0.06344238705,4.0,-0.21112253745,-0.13415897335,0.06323102389999999,1
3819,0.0,0.02459871755,3.0,-0.2861007152,-0.2524795171,0.10311193995,0
3820,0.0,0.0220608245,3.0,-0.2908488207,-0.19393898134999998,0.0938980094,0
3821,0.0,0.02834405785,3.0,-0.2218692459,-0.16618274915,0.0721860451,0
3822,0.0,0.02808995065,3.0,-0.24071099185,-0.1788568749,0.0730657577,0
3823,0.0,0.0400471947,1.0,-0.30805114875,-0.23051567555000002,0.08559777840000002,0
3824,1.0,0.04146249345,3.0,-0.2311209359,-0.19047285795,0.08133307374999998,1
3825,1.0,0.06802566615,5.0,-0.21419777764999998,-0.17335299445,0.049208573750000005,1
3826,0.0,0.035487316199999994,3.0,-0.35514353860000003,-0.2273549291,0.0874213254,0
3827,0.0,0.03643171285,4.0,-0.27003505895,-0.21676235285,0.08031546885,0
3828,0.0,0.045651477100000004,1.0,-0.2958620365,-0.23790814305,0.06879426305,0
3829,0.0,0.0267650787,2.0,-0.23298838125,-0.1690540893,0.0927662292,1
3830,0.0,0.039297890200000005,3.0,-0.28937370495000003,-0.2834759455,0.0669510193,1
3831,0.0,0.04095057145,3.0,-0.24436213915,-0.24200290065000002,0.07142333275000001,1
3832,0.0,0.0539103831,3.0,-0.24172103145,-0.14559612495000002,0.06050305955,0
3833,0.0,-0.01516893775,1.0,-0.1702768964,-0.1528165616,0.1502522578,0
3834,0.0,0.01714801705,4.0,-0.2065481922,-0.14505987939999998,0.11150438335000001,1
3835,1.0,0.0445212056,3.0,-0.2253660291,-0.17516144195,0.0811705186,1
3836,0.0,0.01123165155,4.0,-0.20510612385,-0.14248343689999998,0.11910158840000001,1
3837,0.0,0.05625312455,3.0,-0.24451117844999998,-0.2260448613,0.0750723404,0
3838,1.0,0.049639366049999994,3.0,-0.12845681015,-0.11614247325,0.07143010755000001,1
3839,0.0,0.0238502742,1.0,-0.29773259635,-0.1716707919,0.0819074016,0
3840,2.0,0.06748302754999999,2.0,-0.21988395900000002,-0.2095565496,0.052791333949999984,1
3841,1.0,0.047049568900000005,3.0,-0.2434746121,-0.17869297515,0.06523109545,1
3842,1.0,0.0403853277,3.0,-0.22485339334999999,-0.21798010985,0.07355230375,1
3843,0.0,0.036459901200000006,4.0,-0.27754551845,-0.26673257375,0.06599975459999999,1
3844,0.0,0.027172787150000002,3.0,-0.2572613711,-0.16954162015000002,0.08258004815,0
3845,0.0,0.04307299840000001,2.0,-0.24158295315,-0.2408609224,0.06505986429999999,1
3846,2.0,0.044315611049999995,2.0,-0.19881629174999998,-0.17350046614999998,0.05909157820000001,1
3847,1.0,0.04373104855,3.0,-0.23287851869999998,-0.1758375717,0.0826102225,1
3848,0.0,0.014522582749999999,2.0,-0.20458948755,-0.1610372951,0.10392109990000001,1
3849,0.0,0.0342550202,4.0,-0.22910827820000002,-0.15444922735,0.08176539315,0
3850,0.0,0.038099489449999996,3.0,-0.25067117445,-0.247816207,0.05481218765,1
3851,1.0,0.047963833100000006,3.0,-0.2372833546,-0.17054800765,0.07474325109999999,1
3852,0.0,0.0252979825,4.0,-0.19611136815,-0.17175538715,0.10968157545000001,1
3853,1.0,0.043573427149999996,3.0,-0.19994439415,-0.1906520662,0.08542535244999999,1
3854,2.0,0.0626619012,2.0,-0.17203218905,-0.15918291415000002,0.07727210069999998,1
3855,1.0,0.04996387965,3.0,-0.19339614189999998,-0.17801132749999998,0.0869555148,1
3856,2.0,0.04394533905,3.0,-0.18877050885,-0.13229635005,0.07824715415,1
3857,3.0,0.0665830496,3.0,-0.18595275775,-0.15096243625,0.0709758739,1
3858,0.0,0.031621599050000004,2.0,-0.2055545937,-0.15631096535,0.1032517312,1
3859,2.0,0.06579311574999999,4.0,-0.20163390155,-0.17542125345,0.05355517245,1
3860,1.0,0.0522302303,3.0,-0.1788457272,-0.17282700135,0.08982656725,1
3861,1.0,0.036622894249999996,3.0,-0.2139788605,-0.1893819221,0.1045868237,1
3862,0.0,0.04025894445,2.0,-0.19879070095,-0.14461779185,0.10030968465000001,1
3863,0.0,-0.02327200515,2.0,-0.24575167385,-0.1912280121,0.16995157025000002,1
3864,2.0,0.044920336049999995,3.0,-0.22749111044999998,-0.1966987096,0.09430558395,0
3865,0.0,0.037055568600000005,3.0,-0.36150755195,-0.3184492827,0.0594040295,0
3866,1.0,0.0389638733,3.0,-0.21454559855,-0.17426146885,0.0992238036,1
3867,0.0,0.01794525015,2.0,-0.2080655458,-0.2027090031,0.12004030360000001,1
3868,0.0,0.0204249427,5.0,-0.23510221609999998,-0.22807941695,0.11884478555,1
3869,0.0,0.0178460825,2.0,-0.2217146263,-0.20202906915,0.1209840703,1
3870,1.0,0.055329975749999996,3.0,-0.20567153805,-0.15827116075,0.06791846915000001,1
3871,0.0,0.03282740815,2.0,-0.2230726962,-0.16719638165,0.10020371110000001,1
3872,0.0,0.0333908924,4.0,-0.31467767985,-0.30822611115,0.08330418954999999,0
3873,0.0,0.01885965795,2.0,-0.22866996715,-0.21530522635,0.11457797665,1
3874,0.0,0.011804192299999999,3.0,-0.23786011965,-0.19183745889999998,0.1241904493,0
3875,1.0,0.040590792,3.0,-0.20326720975,-0.14682400945000001,0.09798092394999999,1
3876,0.0,0.0373368636,2.0,-0.24086658135,-0.16836719805,0.08072311894999998,1
3877,1.0,0.044450393549999995,3.0,-0.2243055288,-0.18939239954999998,0.08933585595,1
3878,0.0,-0.0079591978,3.0,-0.19807468765,-0.08504039975,0.13966151535,0
3879,2.0,0.06737104569999999,2.0,-0.21075007115,-0.1837831163,0.0662235334,1
3880,0.0,-0.0156949831,3.0,-0.20924679834999999,-0.0976996676,0.14501191260000001,0
3881,0.0,0.02356313625,1.0,-0.20816610965,-0.0822991787,0.10946474380000001,0
3882,0.0,0.0330846406,3.0,-0.3666426561,-0.31162459654999997,0.08040193275,0
3883,2.0,0.03142273205,4.0,-0.21782309049999998,-0.1317659729,0.11155599695,1
3884,1.0,0.04053325095,3.0,-0.2146099742,-0.14088259825,0.1003253151,1
3885,1.0,0.05928876875,3.0,-0.2456623814,-0.1218793377,0.0794517721,1
3886,2.0,0.0527013954,4.0,-0.210783985,-0.19943329615,0.0777758804,1
3887,2.0,0.0552801931,4.0,-0.2258288655,-0.20913799175,0.06710266314999999,1
3888,1.0,0.06464737915,2.0,-0.2249972513,-0.1916092487,0.0670653277,1
3889,2.0,0.0441778516,2.0,-0.2372599848,-0.19677835995,0.08306710699999999,1
3890,0.0,0.0218424181,4.0,-0.1838149771,-0.16983461905,0.12631419225,1
3891,0.0,0.0195998326,2.0,-0.1751760001,-0.1505490984,0.12596751960000002,1
3892,1.0,0.04811389,3.0,-0.1902457712,-0.1510894223,0.08242535775000001,1
3893,1.0,0.049266211500000004,3.0,-0.1944529556,-0.15924408565,0.07829391445,1
3894,0.0,0.03280957705,3.0,-0.3071668736,-0.25874974694999997,0.08178811089999999,0
3895,0.0,0.02882876455,1.0,-0.305155181,-0.24990263764999998,0.0975139223,0
3896,1.0,0.0623252109,1.0,-0.26931926755,-0.2551367507,0.07394508905,1
3897,0.0,0.00040801345,1.0,-0.16755376584999998,-0.09527322055000001,0.13946799669999999,0
3898,1.0,0.049355823699999996,3.0,-0.2285187851,-0.17861306575,0.09628540845,1
3899,0.0,0.0191148701,4.0,-0.15582530765,-0.08862545585,0.12260533705,0
3900,0.0,0.02707430855,4.0,-0.17705074975,-0.15883262705,0.1064352284,1
3901,0.0,0.02488968645,2.0,-0.177234563,-0.15947744735000002,0.10969642865,1
3902,2.0,0.06635774505,2.0,-0.2226162102,-0.19246862055000002,0.07590333055000001,1
3903,0.0,0.0398752664,3.0,-0.3218537628,-0.29442145555,0.0673818682,0
3904,0.0,0.02084444655,4.0,-0.20755194605,-0.12482730675,0.11069437574999999,1
3905,1.0,0.03851021195,3.0,-0.1983912853,-0.1016927682,0.09500958444999999,1
3906,2.0,0.04577734405,4.0,-0.20193771745,-0.09832347225,0.0873412297,1
3907,0.0,0.034560379749999995,2.0,-0.18824785189999999,-0.13263627075,0.10219841645,1
3908,0.0,0.04216000935,3.0,-0.31284411965000003,-0.30714446785,0.0588788773,0
3909,2.0,0.04446435445,3.0,-0.2210553173,-0.18190451694999998,0.0858323925,1
3910,0.0,0.0008916804,3.0,-0.18204993165,-0.09932359825,0.1486721836,0
3911,2.0,0.04047148835,6.0,-0.2077499515,-0.16951190755,0.0930125125,1
3912,0.0,0.00777250665,4.0,-0.20354672145000002,-0.16065953715,0.12251145045,1
3913,0.0,-0.0017986273,1.0,-0.22433629655,-0.16611221835,0.14088235129999999,0
3914,1.0,0.05049773845,3.0,-0.201257544,-0.17174991565,0.0782794865,1
3915,1.0,0.0600889159,3.0,-0.23360617225000002,-0.1932523988,0.0762874761,1
3916,0.0,0.029422709249999998,1.0,-0.3516707027,-0.31054958475,0.07306009969999999,0
3917,0.0,0.04881063205,5.0,-0.27947735144999997,-0.25857534,0.060239200650000005,0
3918,0.0,0.04859165035,3.0,-0.30093828185,-0.27061585850000003,0.06159855935,1
3919,1.0,0.036904636899999996,3.0,-0.20605541295000002,-0.1903673833,0.0979275669,1
3920,1.0,0.0459889409,3.0,-0.23443158009999998,-0.1999310193,0.08461227164999999,1
3921,1.0,0.03087126675,5.0,-0.2329359206,-0.19210704425,0.10396662445,1
3922,0.0,0.03207224905,1.0,-0.1945253006,-0.15544289575,0.09726509435,1
3923,0.0,0.02321166735,2.0,-0.21390650885,-0.16809481064999998,0.10378989235,1
3924,0.0,0.04734008335,3.0,-0.28436596844999995,-0.18193109494999998,0.062187362600000004,0
3925,0.0,0.01322668215,1.0,-0.2073918736,-0.1788111206,0.12472701025,1
3926,0.0,0.02953645685,2.0,-0.21385977174999998,-0.18995611280000002,0.10871914585,1
3927,2.0,0.05400273405,4.0,-0.2233873722,-0.0774451609,0.08479841980000001,1
3928,2.0,0.0564501612,4.0,-0.22972029519999998,-0.10957781575,0.07787352365,1
3929,2.0,0.025812516799999997,4.0,-0.20914293045,-0.178673102,0.0952380616,1
3930,1.0,0.050097859849999996,3.0,-0.1773428709,-0.1585764822,0.08269451805000001,1
3931,0.0,0.0300577204,4.0,-0.2569000735,-0.241397365,0.09234100610000001,0
3932,0.0,0.02325590265,2.0,-0.22733826975,-0.1789556703,0.10978959655,1
3933,0.0,0.030776457,2.0,-0.19596005775,-0.15279578430000001,0.10536803504999999,1
3934,0.0,0.03110648185,4.0,-0.31395047330000003,-0.2808260183,0.07254139959999999,1
3935,0.0,-0.0086369577,3.0,-0.18393452415,-0.11452012375000001,0.14479816125,0
3936,1.0,0.0324312732,3.0,-0.24446792505,-0.19650970535,0.09532376735,1
3937,2.0,0.0552378474,2.0,-0.2481017408,-0.2330887547,0.08418039429999999,1
3938,2.0,0.05572001855,3.0,-0.22701471265,-0.21061684975,0.08429417395,1
3939,0.0,0.0470120772,4.0,-0.27236773045,-0.21189660500000002,0.0680100321,0
3940,0.0,0.0307917514,3.0,-0.27428747635,-0.26510036345,0.08326457770000001,0
3941,1.0,0.0492753624,3.0,-0.21070199015,-0.19816156559999998,0.0877217283,1
3942,0.0,0.0388539659,3.0,-0.27650023275,-0.2185038591,0.0672262411,0
3943,0.0,0.02735797275,3.0,-0.25537357315,-0.17829685295,0.08100185874999999,0
3944,0.0,0.038522836899999996,3.0,-0.31016296795,-0.2744813296,0.07572053004999998,0
3945,0.0,0.031225958749999998,2.0,-0.2085359,-0.1563472768,0.10310731855,1
3946,0.0,0.03340831595,1.0,-0.1798265055,-0.1293835034,0.08598876575,0
3947,1.0,0.0336367482,3.0,-0.21078771035,-0.1609780414,0.098704552,1
3948,0.0,0.03521846275,3.0,-0.32360950275,-0.26817176225,0.08412160040000001,0
3949,0.0,0.02771067185,2.0,-0.20648654955,-0.1675014808,0.1093478548,1
3950,0.0,0.02225802425,1.0,-0.21874559555,-0.15950986955000002,0.094647908,0
3951,0.0,0.03697381155,4.0,-0.30946825335,-0.27399619415,0.07286692885,0
3952,1.0,0.047789894299999996,3.0,-0.21002027325,-0.19306712925,0.08754639815000001,1
3953,0.0,0.00034253230000000004,2.0,-0.22689222645,-0.1758135964,0.1404122787,1
3954,2.0,0.0552817597,4.0,-0.1913156073,-0.16365592195,0.07910557130000001,1
3955,1.0,0.0467774828,5.0,-0.32811356459999996,-0.31168191879999996,0.05743656305,0
3956,0.0,0.03547873315,2.0,-0.31178056234999996,-0.2905611928,0.0738670004,1
3957,0.0,0.0451953503,1.0,-0.15792077435000001,-0.061683337549999995,0.09298817129999999,0
3958,2.0,0.0509646881,4.0,-0.19319674320000002,-0.1848372368,0.08593334060000002,1
3959,0.0,0.027551276,3.0,-0.30585569079999997,-0.2770711978,0.08886268765,0
3960,0.0,0.02718875365,5.0,-0.20172420725,-0.1867034683,0.0807080719,0
3961,1.0,0.036988713,3.0,-0.22668914125,-0.17036124785,0.1003199096,1
3962,0.0,0.034851670050000005,4.0,-0.2226753735,-0.1547753786,0.08286971215,0
3963,0.0,0.03349727635,4.0,-0.232207533,-0.16003529025000002,0.08155474765,0
3964,0.0,0.0365472931,3.0,-0.3068645336,-0.29890387935,0.06987218825,0
3965,0.0,0.03605304065,3.0,-0.22377411045,-0.15459109555,0.0774266669,0
3966,1.0,0.0313357213,3.0,-0.19416707254999999,-0.14091723185,0.09074105785,1
3967,2.0,0.0491507543,2.0,-0.19393440169999998,-0.17648463715,0.08090096630000002,1
3968,2.0,0.06831545805,2.0,-0.20167353765,-0.19233020890000002,0.05787625595,1
3969,1.0,0.06652370564999999,5.0,-0.19124685819999998,-0.12008634855,0.07256589215,1
3970,1.0,0.0650551338,3.0,-0.21903173069999998,-0.13227381045,0.063060375,1
3971,0.0,0.02180229885,2.0,-0.2017581903,-0.1595026319,0.10420281595,1
3972,0.0,0.02639696595,3.0,-0.3081947505,-0.28601808045,0.10157103780000001,0
3973,0.0,0.00948663135,2.0,-0.22140655744999999,-0.17637241085,0.12654053395,1
3974,0.0,0.032092182299999994,3.0,-0.30038729685,-0.27742808375,0.08234986895000002,0
3975,0.0,-0.03269076965,1.0,-0.1906694556,-0.1591365342,0.1713626554,0
3976,0.0,0.03916958055,3.0,-0.29270076165000003,-0.25310847085,0.0726535858,0
3977,1.0,0.04190996925,3.0,-0.23569380345,-0.2193437955,0.10131138435,1
3978,1.0,0.019709079999999997,3.0,-0.19835487725,-0.1477064786,0.1127671181,1
3979,0.0,0.02621263165,3.0,-0.33068875575,-0.30089790185,0.0999362541,0
3980,2.0,0.06394975659999999,1.0,-0.2346635678,-0.13915360780000002,0.06928437115,1
3981,0.0,0.02535481815,2.0,-0.1874642883,-0.14076497370000002,0.1021372546,1
3982,0.0,0.03261556685,2.0,-0.19660755485,-0.15362761274999998,0.09366938445,1
3983,0.0,0.01787101,2.0,-0.19935834565,-0.15194493609999998,0.11663544875000001,1
3984,0.0,0.04055316445,3.0,-0.3196721049,-0.3057754653,0.0711580449,0
3985,2.0,0.06946709485,2.0,-0.2224275663,-0.1823362877,0.0596009838,1
3986,3.0,0.049630799249999996,4.0,-0.15887255705,-0.1363471819,0.06685496020000001,1
3987,0.0,0.0351249779,4.0,-0.32209642065,-0.30460719199999997,0.0749978341,0
3988,0.0,0.0325042896,4.0,-0.2128264765,-0.19898324795,0.09485131004999998,1
3989,0.0,0.02181549645,4.0,-0.21625691879999998,-0.20458973205,0.11132243639999999,1
3990,0.0,0.0395926841,3.0,-0.3016410034,-0.29669320445,0.07237909414999999,0
3991,0.0,-0.0326091486,1.0,-0.2020655228,-0.1205563102,0.1720084963,0
3992,0.0,0.043522280499999996,1.0,-0.33571567095,-0.3199166096,0.0613318167,0
3993,0.0,0.04395430735,3.0,-0.31576241105,-0.29610691040000003,0.0651632851,0
3994,0.0,0.03245130605,1.0,-0.22876897705,-0.2013964196,0.10516222759999999,1
3995,1.0,0.039557735,3.0,-0.24144645835,-0.20552338939999998,0.0901608703,1
3996,1.0,0.03300701835,3.0,-0.233063778,-0.2123607042,0.1071938761,1
3997,0.0,-0.03498730965,1.0,-0.18087400874999998,-0.12889781095,0.17061368675,0
3998,1.0,0.054389992,3.0,-0.23615947194999998,-0.21872767185,0.0619658523,1
3999,0.0,0.0324211626,3.0,-0.30360989670000005,-0.27589456484999997,0.08185737895,0
4000,0.0,0.012781327700000001,2.0,-0.2141081119,-0.1554011743,0.1007110253,1
4001,1.0,0.04404557345,3.0,-0.2477241622,-0.1809660887,0.07272652589999999,1
4002,0.0,0.0170965244,6.0,-0.20601540535,-0.14981051255,0.09891681145,1
4003,0.0,0.0033663556,6.0,-0.21986734275,-0.1652098606,0.12672695150000002,1
4004,0.0,0.0032389211999999997,2.0,-0.2082939144,-0.1515882292,0.10452455705,1
4005,0.0,0.03428368755,3.0,-0.33804490885,-0.30553480285,0.07860553365,0
4006,0.0,0.035059416999999996,3.0,-0.3095826873,-0.29058240665,0.08748659105,0
4007,0.0,0.03509733175,3.0,-0.14615455425,-0.1086435402,0.11331033940000002,0
4008,0.0,0.04538207155,2.0,-0.2874395915,-0.27892006064999997,0.06834995229999999,1
4009,0.0,0.03779489895,5.0,-0.27832817610000005,-0.24109596449999998,0.079525069,0
4010,0.0,0.03454573375,4.0,-0.20675984349999998,-0.1440575922,0.10886568505,1
4011,0.0,0.00804427695,1.0,-0.19233480775,-0.1791714525,0.12431612675,0
4012,0.0,0.045642416549999995,4.0,-0.29128535985000004,-0.2718834738,0.06861932085,0
4013,0.0,0.02160681355,3.0,-0.2263243218,-0.17512276734999999,0.11985892845,1
4014,0.0,0.0368551887,4.0,-0.25785746075,-0.25194175934999996,0.08727541775,0
4015,2.0,0.048456855800000004,4.0,-0.1875083819,-0.17596582075,0.0676075531,1
4016,0.0,0.0240343369,4.0,-0.28233286459999996,-0.2603908561,0.11150338509999999,0
4017,2.0,0.07475032425,4.0,-0.23590536225,-0.20061956845,0.0595812984,1
4018,0.0,0.01674024785,2.0,-0.21726368955,-0.16185586354999998,0.11657976360000001,1
4019,0.0,0.0507768784,4.0,-0.24552254865,-0.17120930885000002,0.06870297680000001,0
4020,0.0,0.038096332100000005,4.0,-0.30199058970000003,-0.28474872139999996,0.08265176975,0
4021,0.0,0.0321352596,2.0,-0.2097892901,-0.17320126265,0.09605655635,1
4022,0.0,0.039223431350000004,1.0,-0.3184284585,-0.30617200764999997,0.076770903,0
4023,3.0,0.0508672629,5.0,-0.1749172021,-0.16331373875,0.08138069675000001,1
4024,0.0,0.029526498550000002,3.0,-0.24505349045,-0.23744796775,0.09223491419999999,0
4025,0.0,0.0385372576,4.0,-0.3289603099,-0.2968200217,0.06621816925,0
4026,1.0,0.0508303454,3.0,-0.23286158575,-0.1808603553,0.07922786115,1
4027,1.0,0.054069592799999996,3.0,-0.187260755,-0.12924438054999998,0.08281984915000001,1
4028,1.0,0.058815657199999996,3.0,-0.23470476585,-0.1593149722,0.0792333047,1
4029,0.0,0.0322063197,2.0,-0.21869872359999998,-0.16998958375,0.09668349714999999,1
4030,0.0,0.02248145105,2.0,-0.19937032859999998,-0.1519565539,0.10702918235,1
4031,2.0,0.0661577896,3.0,-0.21678182425,-0.20283159335,0.05812952189999999,1
4032,0.0,0.02306402675,4.0,-0.2130360342,-0.1429475969,0.09087009474999999,1
4033,0.0,0.039335916799999995,4.0,-0.31209697615,-0.30084456665,0.07515269455,0
4034,2.0,0.07169468565,2.0,-0.2591612574,-0.2415180876,0.06841228175,1
4035,0.0,0.01107898845,1.0,-0.18531301705,-0.13971244245,0.12130665410000001,0
4036,1.0,0.02484632255,3.0,-0.19261889975000002,-0.1456307383,0.0959222215,1
4037,0.0,-0.0016288176,1.0,-0.18854631845,-0.14765548745,0.1415820238,0
4038,0.0,-0.01364206225,1.0,-0.1721877027,-0.13191792495,0.14990513560000002,0
4039,1.0,0.0258578224,3.0,-0.1964269507,-0.14739954645,0.09827299555,1
4040,1.0,0.0327359608,3.0,-0.1937680904,-0.15717679375,0.0873399219,1
4041,1.0,0.032499593300000004,3.0,-0.195654002,-0.15426502409999998,0.0871225435,1
4042,0.0,0.0402514384,4.0,-0.27761463675,-0.275085568,0.06314985075,1
4043,1.0,0.03230193615,5.0,-0.20040486159999998,-0.15025779815,0.0903658155,1
4044,0.0,0.021480609,2.0,-0.20170297765,-0.16557422885,0.10253617925,0
4045,0.0,0.0352125529,3.0,-0.2845312858,-0.2652444117,0.06417863465000001,1
4046,2.0,0.07279533955,4.0,-0.24867774399999998,-0.0763680255,0.049435109,1
4047,2.0,0.0591706432,4.0,-0.2093305895,-0.13707003829999997,0.06885984,1
4048,1.0,0.0405336909,3.0,-0.2212651537,-0.19221175505,0.09724521935,1
4049,0.0,0.020712726299999998,3.0,-0.33343011195,-0.31370773620000003,0.1172229285,0
4050,2.0,0.0538357579,4.0,-0.2180671159,-0.13885956945,0.08184155494999999,1
4051,2.0,0.04577402435,4.0,-0.23531069745,-0.15323256975,0.09600167335000001,1
4052,0.0,0.0360184922,1.0,-0.293425997,-0.2865846671,0.06614797985000001,1
4053,2.0,0.0586514571,2.0,-0.2066352945,-0.1631846371,0.07411469844999999,1
4054,0.0,0.0390967285,3.0,-0.29841128105000003,-0.27745031845,0.08280334225,0
4055,2.0,0.06581878355,3.0,-0.20973146285,-0.19349413459999998,0.0626454396,1
4056,0.0,0.0381042818,3.0,-0.3313715834,-0.2981151167,0.0670482325,0
4057,2.0,0.048583556,4.0,-0.1677022994,-0.131563604,0.0767505712,1
4058,1.0,0.05280470525,3.0,-0.1872897386,-0.13103082700000002,0.07248369335,1
4059,0.0,0.03530510465,4.0,-0.21292888905000001,-0.16022100235,0.09225413555,1
4060,0.0,0.031552666800000004,2.0,-0.2117286944,-0.1702229192,0.09734459265,1
4061,1.0,0.046155130350000004,3.0,-0.2005768003,-0.15790238345000002,0.0762895175,1
4062,0.0,0.037765279,3.0,-0.3000511502,-0.28673541275000003,0.0645256409,0
4063,0.0,0.03160807375,2.0,-0.1499817314,-0.13902035145,0.08863548635,1
4064,0.0,0.014083839649999999,4.0,-0.18280376865,-0.16557351874999998,0.09574513370000001,1
4065,2.0,0.028352669400000002,6.0,-0.19180115479999998,-0.14628413629999998,0.09620162569999999,1
4066,0.0,0.02952979935,4.0,-0.28524759975,-0.26366642795,0.07851236565,0
4067,1.0,0.0263094438,3.0,-0.1938882224,-0.14713064539999998,0.08214605305,1
4068,1.0,0.046516825600000006,3.0,-0.2102098743,-0.15866565965,0.06912360464999999,1
4069,0.0,0.01861387715,3.0,-0.2997552618,-0.2815509999,0.10658390815000002,0
4070,2.0,0.0629149849,5.0,-0.2256047895,-0.06101732735,0.04947302245,1
4071,0.0,0.026079203500000002,2.0,-0.19401885245,-0.1493767967,0.0958186184,1
4072,1.0,0.0508227398,3.0,-0.1872809301,-0.1711212821,0.0627393688,1
4073,0.0,0.04044679005,3.0,-0.33901488215,-0.29457819345,0.06679777945000001,1
4074,0.0,0.03408363265,4.0,-0.2775605818,-0.25107229750000004,0.08702243565,0
4075,0.0,0.031137925900000002,4.0,-0.2688025752,-0.25657061875,0.09147307695000001,0
4076,0.0,0.0280794397,2.0,-0.19814411565,-0.14471891985000002,0.0774028652,1
4077,0.0,0.025564973150000003,3.0,-0.2023294494,-0.16242068495,0.08646999445,0
4078,0.0,-0.00369195515,1.0,-0.19518978215,-0.0993122877,0.1358020669,0
4079,1.0,0.036367516,3.0,-0.22913296825,-0.2098165817,0.10230368625,1
4080,1.0,0.044719726200000004,3.0,-0.21366885265000002,-0.19623613765,0.0735409093,1
4081,1.0,0.02965138895,3.0,-0.23680893505,-0.21888946555,0.11030591845,1
4082,0.0,0.030008580899999998,2.0,-0.26416231955,-0.24441556955,0.10620726620000001,1
4083,0.0,0.037141529,1.0,-0.28262653984999997,-0.27606783160000004,0.08396104245,0
4084,1.0,0.0612438941,1.0,-0.2241250808,-0.2111700419,0.0663321969,1
4085,0.0,0.00884342255,1.0,-0.2064863199,-0.08091181180000001,0.13024800155,0
4086,0.0,0.06038831595,3.0,-0.2642410032,-0.25867675594999995,0.05268881489999999,1
4087,2.0,0.03985424915,2.0,-0.2511055277,-0.23523614334999998,0.08786760435000002,1
4088,1.0,0.04930305755,3.0,-0.210404546,-0.1524316242,0.08000108485,1
4089,0.0,0.03130867405,2.0,-0.2425866517,-0.22936383245,0.0979235223,1
4090,0.0,-0.039378584849999995,3.0,-0.20485690325,-0.1162705702,0.1726595574,0
4091,0.0,0.0347787787,4.0,-0.31085318875,-0.25336411715,0.07138813855000001,0
4092,0.0,0.04949201665,3.0,-0.3055952151,-0.29279340415,0.05573886385,1
4093,0.0,0.0522139082,3.0,-0.2594053824,-0.25432379195,0.0684142117,1
4094,2.0,0.05690277115,2.0,-0.2194747441,-0.20984375305,0.08322321519999999,1
4095,0.0,0.047176705449999995,1.0,-0.29704872805000004,-0.24824535465,0.06526414365000001,0
4096,0.0,0.04266256165,3.0,-0.30712270815,-0.28937959825,0.0684002283,1
4097,2.0,0.07567130229999999,2.0,-0.21984739885,-0.14664241595,0.06484785825,1
4098,1.0,0.06545602045,1.0,-0.276767919,-0.14754481625,0.0695891378,1
4099,1.0,0.0467247644,3.0,-0.25171195695000004,-0.1137195015,0.0984362507,1
4100,0.0,0.036059512099999996,1.0,-0.31951523385,-0.2785003831,0.08499789115,0
4101,0.0,0.06451100209999999,2.0,-0.2798884535,-0.22826620495,0.05448925,0
4102,0.0,0.03711745155,4.0,-0.3292160199,-0.3222114859,0.0804465433,1
4103,0.0,0.038970674100000005,3.0,-0.3065684736,-0.28695515145,0.06272153485,1
4104,0.0,0.04059515045,2.0,-0.27290980480000004,-0.2665024344,0.06199379175,1
4105,0.0,0.03356166765,3.0,-0.2782317615,-0.2601108249,0.08686057975,0
4106,0.0,0.0308463764,2.0,-0.2772738027,-0.25217481965,0.09427786245,0
4107,3.0,0.07593081225000001,3.0,-0.2056803466,-0.19705947975,0.04894723665,1
4108,0.0,0.030969961650000002,4.0,-0.1620592079,-0.15003092945000002,0.09694791319999999,1
4109,1.0,0.04407669705,3.0,-0.14536603925000002,-0.13221638225,0.0779276324,1
4110,0.0,-0.00427203335,1.0,-0.21779930479999998,-0.11618389105,0.14163422855,0
4111,0.0,0.0236728169,2.0,-0.15932939885,-0.14760959024999998,0.11319812910000002,1
4112,0.0,0.0291613217,3.0,-0.27885645745,-0.240497492,0.08649263125000001,0
4113,0.0,0.043453495950000004,1.0,-0.33772215985,-0.30270515200000003,0.06451852265,0
4114,1.0,0.049036334099999995,3.0,-0.20487673485000002,-0.1842905081,0.09070417505,1
4115,2.0,0.03903505985,4.0,-0.21531909595,-0.18189876970000002,0.08645642255,1
4116,0.0,0.0567295047,4.0,-0.26872017625,-0.26378389145000003,0.0627710632,1
4117,0.0,0.03140640295,2.0,-0.31444057275,-0.29468853115,0.07648715645,0
4118,0.0,0.042708032650000005,3.0,-0.30177194475,-0.2600267299,0.0644212532,0
4119,0.0,0.00426120665,3.0,-0.1778756472,-0.1209849014,0.12832351325,0
4120,0.0,0.0377731912,4.0,-0.29769230675,-0.26348328675,0.06666277465,0
4121,0.0,-0.011637972600000001,1.0,-0.20896793275,-0.12797718995000001,0.14674979375000002,0
4122,2.0,0.060721435000000004,4.0,-0.205314695,-0.15191520069999997,0.07995061399999999,1
4123,0.0,0.04113202795,3.0,-0.3392493326,-0.29672486535,0.06871946400000001,0
4124,0.0,0.05203971095,3.0,-0.27128852625,-0.230563561,0.06779383345000001,1
4125,0.0,0.03203123395,2.0,-0.2821372796,-0.24913672335,0.09130578480000001,0
4126,0.0,-0.00699862735,1.0,-0.17269403789999999,-0.14556616455,0.12381767205000001,0
4127,1.0,0.02735164085,3.0,-0.22360514365,-0.15578606295,0.10673970955,1
4128,0.0,-0.012266850499999999,1.0,-0.1819236881,-0.1656975806,0.11606763,0
4129,2.0,0.0603842962,7.0,-0.25974080494999996,-0.09463658124999999,0.08081828194999999,1
4130,0.0,0.0486040215,1.0,-0.32906796835,-0.31231426284999997,0.06985047814999999,1
4131,1.0,0.04822292495,3.0,-0.25605975285000004,-0.1889938256,0.08748849035,1
4132,0.0,0.0061635965,1.0,-0.1769951174,-0.1565346262,0.11202561914999999,0
4133,1.0,0.04418796105,3.0,-0.25501866055,-0.1823039608,0.08729270520000001,1
4134,1.0,0.05691819215,3.0,-0.22606462595,-0.20748207265000002,0.07062992264999998,1
4135,0.0,0.02101509045,3.0,-0.23785068380000002,-0.21180478585,0.1009455355,0
4136,0.0,-0.0541376757,1.0,-0.23505663805,-0.21629730860000002,0.15858361655,0
4137,0.0,-0.06467059075,1.0,-0.2396666788,-0.2236117531,0.19287726085,0
4138,0.0,-0.00171286315,2.0,-0.2355325242,-0.16321018145,0.1390459987,1
4139,0.0,0.02799034635,3.0,-0.21357243425,-0.1732101307,0.08152286365,0
4140,0.0,-0.039425175199999996,3.0,-0.21929206810000001,-0.2091418832,0.1465565177,0
4141,0.0,0.01931997085,4.0,-0.2008339239,-0.14627065044999998,0.09048104069999999,1
4142,2.0,0.054533055750000003,1.0,-0.24842218440000002,-0.2199773098,0.07500651009999999,1
4143,1.0,0.0574053878,3.0,-0.19815337385,-0.14530106715000002,0.06779187415,1
4144,0.0,0.027161070750000002,2.0,-0.223558939,-0.20889963145,0.11162014599999999,1
4145,0.0,0.01901264375,2.0,-0.22181235500000002,-0.21136460540000002,0.12210043905,1
4146,0.0,0.0033084387,1.0,-0.1848255261,-0.1122938715,0.12132351875,0
4147,0.0,0.0371160652,3.0,-0.30941939255,-0.2464833541,0.08227111675,0
4148,0.0,-0.014951088300000002,2.0,-0.1997944763,-0.1226473735,0.1266165128,0
4149,1.0,0.03327220335,3.0,-0.211616564,-0.172124402,0.1010846597,1
4150,1.0,0.05329150885,1.0,-0.30640211715,-0.2491760791,0.0566365454,0
4151,2.0,0.056784810150000004,4.0,-0.18166291335,-0.16289485744999999,0.07809578789999999,1
4152,2.0,0.0619065269,4.0,-0.19503605745000002,-0.13752746259999998,0.06475516840000001,1
4153,0.0,0.038239575250000005,2.0,-0.20180121550000002,-0.1775053935,0.1006450103,1
4154,0.0,0.0308419679,3.0,-0.28497233234999997,-0.2788142744,0.08786259365,0
4155,0.0,0.0100376802,2.0,-0.21989980139999998,-0.17290120565,0.10808793145,0
4156,0.0,0.03445614335,3.0,-0.30950077595000003,-0.2927408896,0.068536807,0
4157,1.0,0.036031911550000004,3.0,-0.25182975205,-0.2351515786,0.09735753134999998,1
4158,0.0,0.038622160749999995,1.0,-0.32112361759999997,-0.30813568734999996,0.06851174310000001,0
4159,0.0,0.036865341600000004,4.0,-0.3059035034,-0.30263990835,0.0608433635,0
4160,0.0,0.018165071050000002,3.0,-0.2943353305,-0.2692063713,0.109343423,0
4161,0.0,0.0381164264,3.0,-0.33565230595,-0.29522512925,0.06492702705,0
4162,2.0,0.05010583715,4.0,-0.22667384905,-0.16809156625,0.07573373614999998,1
4163,0.0,0.0069986061,2.0,-0.21474868484999998,-0.17042788035,0.1262772312,1
4164,0.0,0.0395113092,4.0,-0.2763316832,-0.2661038592,0.07801861745,0
4165,1.0,0.0344619248,3.0,-0.2108633997,-0.1891713159,0.08628787060000001,1
4166,0.0,0.03197563625,1.0,-0.25328739094999997,-0.1965025746,0.0747397261,0
4167,0.0,0.04839644655,2.0,-0.18244634575000002,-0.13603693285000001,0.07371678185,0
4168,0.0,0.014722505149999999,4.0,-0.22761856079999998,-0.16384225489999998,0.1103015838,1
4169,0.0,0.0248389816,3.0,-0.2812636516,-0.20530200375,0.08971716005000001,0
4170,1.0,0.0310524056,3.0,-0.2135908613,-0.15581379315,0.07867830070000001,1
4171,1.0,0.024891935650000002,3.0,-0.21002183265000002,-0.14825786315,0.08524945795,1
4172,0.0,0.0294243567,3.0,-0.27414866095,-0.2547725749,0.08618252035,0
4173,0.0,0.03125364295,3.0,-0.28548640495,-0.28187709569999997,0.0682212885,0
4174,0.0,0.0355242104,4.0,-0.19702953950000002,-0.16857099330000003,0.06987076005000001,0
4175,2.0,0.0529426429,4.0,-0.24224285839999998,-0.216131349,0.07819274055,1
4176,2.0,0.05854026275,2.0,-0.18927774675,-0.17412980265,0.08075030494999999,1
4177,2.0,0.05825536545,4.0,-0.19923213,-0.18076542985,0.07030489549999999,1
4178,0.0,0.026966015,2.0,-0.19325652189999998,-0.13908108354999998,0.09517746665000001,1
4179,0.0,0.0350681161,2.0,-0.21237189795,-0.14912011375,0.08485350085,0
4180,1.0,0.0488046224,3.0,-0.1490177856,-0.13379121584999998,0.07795139860000001,1
4181,0.0,0.035041474350000004,2.0,-0.15204803295,-0.1356640575,0.09337985744999999,1
4182,1.0,0.0381898711,3.0,-0.21808752355,-0.15888770245,0.0889598462,1
4183,0.0,0.04961216365,4.0,-0.28261552235,-0.27515976615,0.062067543850000004,0
4184,0.0,0.034066023550000005,4.0,-0.22709920835,-0.17203397804999998,0.08401957605,0
4185,1.0,0.03619371895,3.0,-0.2137028902,-0.1544908238,0.08093142775,1
4186,1.0,0.047659587,3.0,-0.2173723727,-0.16816618230000002,0.0885671887,1
4187,0.0,0.0416924186,3.0,-0.27791329099999995,-0.24408135065,0.08279583474999999,0
4188,0.0,0.02227442395,2.0,-0.1995401288,-0.13957077585,0.1101237343,1
4189,0.0,0.0237815041,4.0,-0.196660792,-0.13075397335,0.10853370829999999,1
4190,0.0,0.0363546166,3.0,-0.29926766315,-0.27953063359999997,0.08831370385000001,0
4191,0.0,0.0455395425,4.0,-0.34141054535000004,-0.3264356814,0.05525384045,0
4192,0.0,0.029513114200000003,3.0,-0.21718148775,-0.1790720546,0.09104627330000001,0
4193,2.0,0.06100320375,4.0,-0.21177467584999998,-0.16773575000000002,0.06750143515,1
4194,1.0,0.0526326827,3.0,-0.2059079478,-0.17452872125,0.07720749404999999,1
4195,0.0,0.0413637872,3.0,-0.3059915785,-0.2855804773,0.08263511504999999,0
4196,0.0,0.0157013803,5.0,-0.2173847231,-0.17037510584999999,0.12695917345,0
4197,2.0,0.06761577375,4.0,-0.2205031253,-0.1877368583,0.07335021100000001,1
4198,0.0,0.03459080725,1.0,-0.2154473277,-0.17807590639999998,0.07200498429999999,0
4199,2.0,0.06260398924999999,6.0,-0.2455999087,-0.12237993275,0.07614293189999999,1
4200,0.0,-0.0028331064,5.0,-0.207570285,-0.1427756924,0.13165620525,0
4201,2.0,0.06830683485,3.0,-0.22007992595,-0.1963707403,0.06900686874999999,1
4202,0.0,0.0388046886,4.0,-0.33275217525,-0.29798658195000005,0.058990000949999996,0
4203,0.0,0.019186115349999998,4.0,-0.20905923170000001,-0.17638299465,0.11646185645000001,1
4204,0.0,0.04353193675,3.0,-0.32536035195,-0.30583154995,0.0581746551,0
4205,2.0,0.06322679155,4.0,-0.21496969775,-0.18120683295,0.06938198185,1
4206,2.0,0.0545824278,4.0,-0.22089107345,-0.09866015015,0.08023658519999999,1
4207,0.0,0.0468836997,1.0,-0.29835707115,-0.26707394695,0.0775078704,1
4208,0.0,0.02157399645,4.0,-0.3025563361,-0.17310887330000002,0.0951180082,0
4209,2.0,0.05873265695,4.0,-0.22527895009999999,-0.117301252,0.07375364485000001,1
4210,0.0,0.029064596550000002,3.0,-0.34403388405,-0.19854790995,0.0871281727,0
4211,0.0,0.0207892795,3.0,-0.31385121380000003,-0.1873899671,0.10117240250000001,0
4212,2.0,0.06455258265,4.0,-0.23000522285000002,-0.1243470853,0.07170612070000001,1
4213,0.0,0.0464659659,1.0,-0.30710171895,-0.29558985155,0.0656535209,0
4214,0.0,0.0410041104,4.0,-0.30850836685,-0.24999575165,0.08187815304999999,0
4215,2.0,0.0615559123,6.0,-0.2562103993,-0.08820247885,0.08031136225,1
4216,2.0,0.0538858009,6.0,-0.24845799275,-0.1019031501,0.08988961214999999,1
4217,2.0,0.06503896665,4.0,-0.19577454375,-0.1443695015,0.0699954218,1
4218,1.0,0.0545057329,3.0,-0.24229323515,-0.12919813485,0.08621757655000001,1
4219,2.0,0.0603965955,7.0,-0.22068504379999998,-0.0868250473,0.08171443210000001,1
4220,0.0,0.0291436841,2.0,-0.1875045464,-0.15383324405,0.09971899480000002,1
4221,0.0,0.040688165799999995,3.0,-0.34277955435,-0.33556506514999995,0.0662527892,0
4222,1.0,0.0358588935,3.0,-0.20055256945,-0.17494803990000002,0.0957151356,1
4223,0.0,0.03798443855,3.0,-0.29675370275,-0.28266322275,0.08630149074999999,0
4224,1.0,0.022992487649999997,3.0,-0.24853100769999997,-0.17378151105,0.11895196445,1
4225,2.0,0.05553950325,4.0,-0.18691734785,-0.14596649005,0.07664075395000002,1
4226,1.0,0.020256429399999998,3.0,-0.2234253933,-0.16665061735,0.10935994480000001,1
4227,0.0,0.02420037555,2.0,-0.198271474,-0.1614286565,0.10535990549999999,1
4228,0.0,0.0151147869,2.0,-0.19393048740000002,-0.15546127315000002,0.1121802542,1
4229,2.0,0.0590500751,2.0,-0.2016845498,-0.17585196935,0.0773639254,1
4230,0.0,0.03131196065,3.0,-0.27250670629999996,-0.20617781865,0.0865276244,0
4231,0.0,0.037093882849999996,3.0,-0.30376614505,-0.291817482,0.07357732335,0
4232,0.0,0.01560965575,1.0,-0.19259616645,-0.16098678170000003,0.10930890495000001,0
4233,1.0,0.05142093335,3.0,-0.22858236965,-0.1956386999,0.07887246149999999,1
4234,0.0,0.03919950425,3.0,-0.3257901028,-0.2656585346,0.0689194342,0
4235,1.0,0.0300863069,3.0,-0.21203697115,-0.1793842353,0.10458401285,1
4236,1.0,0.03466688405,3.0,-0.20086016945000001,-0.14801697870000002,0.09931512884999999,1
4237,0.0,0.0397607071,4.0,-0.29453360875,-0.26308530845,0.0669996638,1
4238,0.0,0.0324923871,3.0,-0.20095830895,-0.16998748019999999,0.07963232615,0
4239,0.0,0.0341467824,3.0,-0.19755327984999999,-0.167471605,0.0810646447,0
4240,0.0,0.034449966400000004,4.0,-0.3121272972,-0.27425824990000003,0.08915085785,0
4241,0.0,0.042595497600000004,3.0,-0.32577245965,-0.32515340915,0.05162801895000001,0
4242,2.0,0.058546807199999995,4.0,-0.21862455349999999,-0.0789329964,0.07216230215,1
4243,0.0,0.0371093902,1.0,-0.35372910215,-0.32445264954999997,0.06637518849999999,0
4244,1.0,0.0568028435,3.0,-0.2364899881,-0.1239225659,0.07997757815,1
4245,1.0,0.061723657749999994,3.0,-0.2310047838,-0.13098160685,0.07699473200000001,1
4246,0.0,0.0432986004,2.0,-0.1989233836,-0.14346618584999998,0.09393807155,1
4247,1.0,0.03316246165,3.0,-0.2199239416,-0.16561508825,0.10134224590000002,1
4248,2.0,0.05626759495,4.0,-0.19750414655,-0.1325841991,0.08059714244999999,1
4249,0.0,0.010734143799999998,3.0,-0.1816695394,-0.1099876367,0.11945512865,0
4250,2.0,0.05745463225,2.0,-0.19700679664999998,-0.183516489,0.06657189215,1
4251,1.0,0.0533420806,3.0,-0.2780800642,-0.20322336084999998,0.07521638615,1
4252,2.0,0.06127570635,4.0,-0.1908238995,-0.13624017225,0.0734304928,1
4253,0.0,0.015736264649999998,4.0,-0.19930788989999998,-0.1460973609,0.11234053475,0
4254,0.0,-0.0196529676,1.0,-0.1894455477,-0.08944499305,0.15223116295,0
4255,0.0,0.05632841425,3.0,-0.25237928565,-0.2441865673,0.04867668870000001,0
4256,0.0,0.037510880499999996,1.0,-0.35320425785,-0.29952555975,0.06230325595,0
4257,1.0,0.0442814912,3.0,-0.25526212265,-0.19228142635,0.07552101580000001,1
4258,0.0,0.035179719649999996,3.0,-0.2713005933,-0.24938180934999998,0.07892667924999999,0
4259,0.0,0.017666306899999998,3.0,-0.29838147724999997,-0.23012662485,0.10419611565,0
4260,1.0,0.03752552965,3.0,-0.20554720745,-0.17699117845,0.09040289074999999,1
4261,0.0,0.028240427499999998,2.0,-0.19688360295000001,-0.16843691,0.10064443465,1
4262,0.0,0.0212354129,4.0,-0.19043753149999998,-0.15328931569999998,0.1142838233,1
4263,0.0,0.01525166615,1.0,-0.16713999425,-0.12285753995,0.10677670245,0
4264,0.0,0.0382096046,2.0,-0.30322436585,-0.1824537867,0.0651948493,0
4265,0.0,0.02603210295,3.0,-0.32544955244999996,-0.2834042753,0.09435571170000001,0
4266,1.0,0.028348725800000002,5.0,-0.19658011675,-0.15736187655,0.10304987410000001,1
4267,2.0,0.0426554023,4.0,-0.1773090107,-0.1301317088,0.06627509665,1
4268,0.0,0.0250763205,3.0,-0.3137645978,-0.3029694838,0.1050611266,0
4269,0.0,0.03554935665,5.0,-0.2759819416,-0.2669122883,0.0814292633,0
4270,0.0,0.0143161462,1.0,-0.1706748662,-0.11606649025,0.11588887614999999,0
4271,0.0,0.0133753975,2.0,-0.2072401922,-0.15270934845,0.11562800995,1
4272,0.0,0.020802668349999998,3.0,-0.3166157991,-0.28789520734999996,0.10900475055,0
4273,0.0,-0.025421072849999997,1.0,-0.23532431685,-0.16690209890000002,0.1475071302,0
4274,0.0,0.03333916025,4.0,-0.2091523031,-0.17576165345,0.0778133979,0
4275,0.0,0.0602939776,2.0,-0.20130888035,-0.1371139893,0.06416412290000001,0
4276,0.0,0.031939604149999995,3.0,-0.2241281941,-0.18027790365000002,0.07679319109999999,0
4277,0.0,0.0119673657,4.0,-0.22065353585,-0.15468002985,0.1291724109,1
4278,0.0,-0.05247985645,1.0,-0.20249035980000002,-0.18380149115,0.17168131590000002,0
4279,0.0,0.0151514153,2.0,-0.20332039665,-0.1403431879,0.1178595931,1
4280,2.0,0.06015325234999999,6.0,-0.22940935895,-0.08109619755,0.07832080329999999,1
4281,2.0,0.04597451315,4.0,-0.18099761085,-0.1428450064,0.09553558274999999,1
4282,0.0,-0.0063036993,1.0,-0.2008696009,-0.14122084099999999,0.1392888875,0
4283,1.0,0.0482176687,3.0,-0.2149323091,-0.17247614825000002,0.08085827814999999,1
4284,2.0,0.0578562467,4.0,-0.18842175985,-0.14410381075,0.0826497119,1
4285,0.0,0.00668993505,4.0,-0.2076166405,-0.14149469355,0.13122199280000002,0
4286,0.0,0.021789119099999997,3.0,-0.2973715761,-0.26643768045000005,0.10127763745,0
4287,1.0,0.048121931,3.0,-0.17654075084999998,-0.13961985905000002,0.07981937145,1
4288,0.0,0.020279789649999998,2.0,-0.18354209765,-0.15346303854999999,0.1138122126,1
4289,1.0,0.04913897815,3.0,-0.2539560903,-0.15256614375,0.07532559225,0
4290,1.0,0.03726713355,3.0,-0.23881891035,-0.14701560895,0.08350688045,0
4291,1.0,0.0355848082,3.0,-0.18020126235,-0.16950258865,0.10323453545,1
4292,1.0,0.045366641900000004,3.0,-0.24157794745,-0.2274196433,0.09181135434999999,0
4293,0.0,0.028779314549999997,3.0,-0.1826042218,-0.1581631309,0.08707287605,0
4294,0.0,-0.02003780945,1.0,-0.2095059537,-0.11164591155,0.13111208089999998,0
4295,1.0,0.0420932731,3.0,-0.2142218794,-0.2055657339,0.09376646825,1
4296,1.0,0.029177460750000002,3.0,-0.21821351085000001,-0.21095895285,0.10171796849999999,1
4297,0.0,0.0179226809,2.0,-0.20207321205,-0.15824497785,0.11264933955,1
4298,1.0,0.03845556335,3.0,-0.21481558979999998,-0.19646350295,0.08444967044999999,1
4299,0.0,0.0439944726,4.0,-0.1868625116,-0.11908503615,0.08592340514999999,0
4300,1.0,0.043764790100000006,3.0,-0.24578848995,-0.1875740767,0.07030969205000001,1
4301,0.0,0.0269014878,3.0,-0.18575267925,-0.12605251555,0.11013501649999999,0
4302,0.0,0.0215145482,4.0,-0.20754717965,-0.14691215470000002,0.10456781304999999,1
4303,0.0,0.02536571495,3.0,-0.28411764685,-0.2573769883,0.0994584768,0
4304,1.0,0.032469743950000005,3.0,-0.2006934989,-0.15740202144999998,0.09428343805,1
4305,0.0,0.02908100365,4.0,-0.2026573486,-0.1517017397,0.10057051225000001,1
4306,0.0,0.06041572715,5.0,-0.2201601516,-0.1508445309,0.06688738000000001,0
4307,2.0,0.041483066900000004,4.0,-0.1957042577,-0.1644339094,0.08442363315,1
4308,0.0,0.03287465815,3.0,-0.287685418,-0.27235853615,0.07626247735,0
4309,0.0,0.0342507413,2.0,-0.19716295984999999,-0.1437830907,0.08874354925,1
4310,0.0,-0.0078154019,3.0,-0.19163908894999998,-0.13978312075,0.13165551025,0
4311,0.0,0.024265981649999997,3.0,-0.36793682684999995,-0.34778992070000003,0.0992786551,0
4312,0.0,0.07326836895,2.0,-0.24543007335,-0.2210483572,0.05392730689999999,1
4313,0.0,0.052020379,3.0,-0.27966871605,-0.24873465815,0.06311606155,1
4314,1.0,0.0426659376,3.0,-0.20347094755,-0.17243009125,0.08468604345,1
4315,0.0,0.0423792474,1.0,-0.2823667943,-0.27175136415,0.0806859711,0
4316,1.0,0.06574979365,4.0,-0.16773828675000002,-0.08503171984999999,0.07941233125000001,1
4317,0.0,0.03978053635,4.0,-0.30082349085,-0.2571746185,0.06461500884999999,1
4318,0.0,0.034043182549999995,4.0,-0.23820096715,-0.1743791306,0.08489648455,0
4319,3.0,0.06890237075,3.0,-0.1833619433,-0.15221000070000001,0.04937518055,1
4320,0.0,0.03738124605,3.0,-0.28774309099999995,-0.18878072585,0.08187873725,0
4321,0.0,0.043893370599999995,3.0,-0.30521683190000004,-0.27382609300000005,0.0647810548,1
4322,0.0,0.034143314450000004,1.0,-0.31495057525000003,-0.28110711965,0.0762889635,0
4323,0.0,0.0219650419,3.0,-0.3011083255,-0.25615359169999996,0.10130039425000001,0
4324,1.0,0.019274608,3.0,-0.21740037095,-0.1454607194,0.1127908544,1
4325,3.0,0.054795279350000003,5.0,-0.1623169012,-0.1518811036,0.0846203562,1
4326,0.0,0.0274545473,3.0,-0.2893921043,-0.24081167955,0.0910468404,0
4327,0.0,0.0358604447,3.0,-0.31276851014999996,-0.27312110685,0.06690627695000001,0
4328,0.0,0.03919523995,4.0,-0.32952575315,-0.3064288943,0.06482057224999999,1
4329,0.0,0.027091666700000003,3.0,-0.2914431952,-0.24689400205,0.08186233805000001,0
4330,0.0,0.03816751535,4.0,-0.23318141415,-0.1935869777,0.0826812134,0
4331,0.0,-0.01358403815,1.0,-0.198356425,-0.1110272955,0.1526631828,0
4332,0.0,0.030459391500000002,3.0,-0.2709156905,-0.1884500326,0.09362245105,0
4333,0.0,0.05117555705,3.0,-0.20883783595,-0.1458949514,0.075420143,0
4334,0.0,-0.01513087405,3.0,-0.15414899745,-0.10707529275,0.1564216276,0
4335,0.0,-0.02854966835,1.0,-0.16398202025,-0.13040420505,0.1671249708,0
4336,0.0,0.01795241225,2.0,-0.2148784443,-0.163522738,0.1059151097,1
4337,1.0,0.0552056914,3.0,-0.18938301975,-0.17642755315,0.062193045550000006,1
4338,0.0,-0.07332625385,3.0,-0.20015181005,-0.13865638675,0.20774400839999999,0
4339,0.0,0.02538675925,3.0,-0.27875100555,-0.267195833,0.08996869689999999,0
4340,2.0,0.055783202000000004,4.0,-0.196863775,-0.17861396665,0.05811366035,1
4341,0.0,0.0452333101,2.0,-0.30753619085,-0.25221318270000004,0.06972348775,1
4342,0.0,0.0370726553,3.0,-0.21007867265000002,-0.17415680795,0.06969944055,0
4343,0.0,0.045083734599999994,3.0,-0.25346272625,-0.18432693505,0.07209700864999999,0
4344,0.0,0.02966703825,1.0,-0.31091706335,-0.26250572215,0.09501086985000001,0
4345,2.0,0.03830723355,4.0,-0.21376239525000001,-0.19945640265,0.09419074124999999,1
4346,0.0,0.011647499950000001,3.0,-0.22091715245,-0.14697169525,0.1089770656,0
4347,0.0,0.020462810249999998,3.0,-0.31418447709999997,-0.2667685893,0.10783799229999999,0
4348,0.0,0.0361839144,1.0,-0.29611503829999997,-0.27273218050000003,0.09882260935,0
4349,0.0,0.028131982450000002,4.0,-0.28361691980000003,-0.18312498745,0.1053837098,0
4350,0.0,0.0228802267,3.0,-0.32007002875,-0.18943678079999998,0.09978001580000001,0
4351,0.0,0.030996172949999998,3.0,-0.33272200529999996,-0.24112232150000001,0.0914677178,0
4352,0.0,0.0244989469,2.0,-0.2300305354,-0.16619813035,0.08981012395,1
4353,0.0,0.032817419449999996,3.0,-0.26953719330000003,-0.25463007095,0.08107222565,0
4354,0.0,0.02328972605,2.0,-0.2272790101,-0.18376011765,0.12145754395,1
4355,2.0,0.050273445050000004,3.0,-0.2219749939,-0.1424835958,0.07862399005,0
4356,0.0,-0.0023454484,2.0,-0.22714637955,-0.1654098458,0.1431686191,1
4357,0.0,0.03040172015,3.0,-0.2860977523,-0.27355220435000005,0.0836754641,0
4358,0.0,0.053294445100000004,1.0,-0.33517706280000004,-0.2943355708,0.0639585915,0
4359,0.0,-0.01176910645,2.0,-0.23251006145,-0.1762312661,0.1452453951,1
4360,0.0,0.023855228200000002,2.0,-0.20657821215,-0.15448166795,0.10879649245,1
4361,0.0,0.02502481635,1.0,-0.22855354215,-0.1669786874,0.11003073675,1
4362,0.0,0.031739801,4.0,-0.25535886835,-0.2036341808,0.09415919835,0
4363,0.0,0.025650587850000003,1.0,-0.19164783365,-0.10582296825000001,0.11356752399999999,0
4364,0.0,0.025189351399999997,4.0,-0.21596083585,-0.15325538905,0.10479866185,1
4365,0.0,0.00550532955,4.0,-0.2197042661,-0.15885134945,0.13219211645,0
4366,0.0,0.03934210215,3.0,-0.25285759074999997,-0.16351424835,0.0790302935,0
4367,2.0,0.0561347123,4.0,-0.23340540615,-0.19053105790000002,0.06621532975,1
4368,2.0,0.048043021500000005,3.0,-0.23541901585,-0.15056700255,0.08492541810000001,0
4369,1.0,0.0285239714,3.0,-0.22082323565,-0.16432847575,0.0988512983,1
4370,0.0,0.033762043,1.0,-0.20054696895000002,-0.11138137315,0.1019418217,0
4371,1.0,0.032933418049999996,3.0,-0.2177331733,-0.15496846609999998,0.0867389385,1
4372,0.0,0.0219527172,3.0,-0.27807273705,-0.2341291882,0.0997745957,0
4373,0.0,0.043040094949999996,3.0,-0.2833412996,-0.2563642472,0.08118598545,0
4374,0.0,0.031422737650000004,4.0,-0.29482563285,-0.24629413975,0.09063747159999999,0
4375,0.0,0.03788888385,3.0,-0.23415325695,-0.17118213755,0.08560104605,0
4376,0.0,0.0265760726,3.0,-0.3043516437,-0.2075940842,0.10458963,0
4377,0.0,0.033714448849999995,1.0,-0.23931338445,-0.20209648175,0.079186212,0
4378,0.0,0.04219952475,3.0,-0.26521870319999996,-0.25373359225000003,0.07664085315000001,0
4379,0.0,0.033316761099999995,3.0,-0.23313457710000002,-0.17048460455,0.0886984137,0
4380,0.0,0.01154228635,2.0,-0.21472685235,-0.15698638725,0.1115379752,1
4381,1.0,0.037021002149999996,3.0,-0.2677569147,-0.2003140657,0.08653444675000001,1
4382,0.0,0.02721276695,3.0,-0.28935496855,-0.2018028579,0.09543004105,0
4383,1.0,0.0342191791,5.0,-0.23864862469999998,-0.1783314442,0.09985880785000001,1
4384,0.0,0.047379065649999996,3.0,-0.24467246825,-0.1806190461,0.0726437883,1
4385,0.0,0.040623586200000006,4.0,-0.2963198661,-0.2860712708,0.0862599752,0
4386,1.0,0.029286038700000003,3.0,-0.2281116725,-0.20883252725,0.10194209000000001,1
4387,0.0,0.0649781358,3.0,-0.23916503275,-0.1551347086,0.06201291119999999,0
4388,0.0,0.0269555763,3.0,-0.31079491235,-0.2402154238,0.0870661375,0
4389,1.0,0.0385966792,5.0,-0.26071761299999996,-0.21307247605000001,0.10955875950000002,1
4390,1.0,0.05299176525,3.0,-0.2401613482,-0.2176157178,0.0757144823,1
4391,0.0,0.027505951799999998,4.0,-0.2089126882,-0.14357455084999998,0.10042134825,1
4392,0.0,0.03904835685,3.0,-0.2857455318,-0.2554569698,0.08542779685,0
4393,0.0,0.013443578349999999,3.0,-0.17278815185000002,-0.1227014101,0.12479750099999999,0
4394,0.0,-0.0051369642,3.0,-0.2085156847,-0.14022357635,0.14075409504999997,0
4395,0.0,0.042402161300000005,1.0,-0.2830664928,-0.2750603722,0.0781485899,0
4396,0.0,-0.0074615423,2.0,-0.23448624834999998,-0.1773387417,0.13124024395,1
4397,0.0,0.04281146065,2.0,-0.1474436984,-0.13317557325,0.0708595015,1
4398,0.0,0.03756563105,4.0,-0.2698972868,-0.1992540211,0.08306505435,0
4399,4.0,-0.10110660875,6.0,-0.1345501623,-0.08119402044999999,0.04419806800000003,1
4400,1.0,0.02008158735,3.0,-0.25446894389999997,-0.20218482310000002,0.1156209604,1
4401,0.0,0.041542511049999994,3.0,-0.2520490033,-0.2116889208,0.080693024,0
4402,0.0,0.0300122875,3.0,-0.2643163598,-0.24575770400000002,0.08579298255,0
4403,0.0,0.0149357507,3.0,-0.20185069635,-0.13302875035,0.11253679459999999,0
4404,0.0,0.031419371249999994,3.0,-0.31254462260000004,-0.25720149800000003,0.08715765005,0
4405,0.0,0.014080462,3.0,-0.22562485215,-0.16999969865,0.1069510102,1
4406,1.0,0.0397933112,3.0,-0.24984398689999998,-0.1911670449,0.0719178365,1
4407,0.0,-3.791569999999999e-05,3.0,-0.21864285925,-0.1477886727,0.14240119775,0
4408,0.0,0.0351620456,3.0,-0.27471355210000004,-0.26418986359999996,0.09136503069999999,0
4409,2.0,0.0650678233,4.0,-0.20111506625,-0.17049769335,0.06572520825,1
4410,0.0,0.05323819065,3.0,-0.27594900525,-0.2349931194,0.07085253590000001,0
4411,1.0,0.052438533849999996,1.0,-0.23446185775,-0.21550132514999998,0.08236782214999999,1
4412,0.0,0.0327565836,4.0,-0.27279663639999996,-0.23288886935,0.09339877934999999,0
4413,0.0,0.0372301734,3.0,-0.2986221033,-0.2852024386,0.08718994315,1
4414,0.0,0.028181108599999997,4.0,-0.261701054,-0.2455731675,0.0979556805,0
4415,0.0,0.0290368175,1.0,-0.29568302895,-0.21195682695,0.08697167845,0
4416,0.0,0.0437773438,1.0,-0.2651179321,-0.25670812914999996,0.08163070275,0
4417,2.0,0.04875352015,6.0,-0.2841748919,-0.26285418520000003,0.061593857950000004,0
4418,1.0,0.03688338095,3.0,-0.22806392055000002,-0.16856361725000002,0.0815304891,1
4419,0.0,-0.05839226905,4.0,-0.13940681495,-0.08447880095,0.16462580765,1
4420,1.0,0.0507555016,3.0,-0.26962984015,-0.20002805025,0.0669454608,1
4421,1.0,0.0461092101,3.0,-0.27211740895000003,-0.20008476385,0.0752865957,1
4422,1.0,0.057350739750000004,3.0,-0.25108443705,-0.2463823654,0.07638941490000001,1
4423,0.0,0.00950329785,4.0,-0.1848144723,-0.16583719765,0.11599196155,1
4424,0.0,0.038889013,3.0,-0.30143091860000004,-0.29344603215,0.08684233555,0
4425,0.0,0.05784939585,3.0,-0.20058664604999998,-0.17132005444999998,0.07796358815000001,0
4426,0.0,0.0044597375,3.0,-0.19070393465000002,-0.12832361375,0.1325775354,0
4427,0.0,0.02897595185,3.0,-0.20319853405,-0.14353226759999999,0.09077715254999999,1
4428,1.0,0.050348665099999995,3.0,-0.19327401090000002,-0.18241109895000002,0.09142207275,1
4429,0.0,-0.022151628700000002,4.0,-0.22891344425,-0.16663131305,0.1604006622,0
4430,0.0,0.02948532935,3.0,-0.33704197994999996,-0.32012190045,0.1016704169,0
4431,0.0,0.01306559665,2.0,-0.20286536770000002,-0.15590856945,0.11924219005,1
4432,0.0,-0.011803043650000001,1.0,-0.17494552215,-0.15275275965000001,0.13394677919999998,0
4433,2.0,0.0414146051,4.0,-0.17448656525,-0.1655743754,0.0667922479,1
4434,0.0,0.02375245265,4.0,-0.23549766465,-0.18409426345000002,0.10618696479999999,1
4435,0.0,0.0385305923,4.0,-0.27762626065,-0.26974730255,0.0570280466,1
4436,0.0,0.0113252446,5.0,-0.1531579919,-0.11156534679999999,0.11673122715,0
4437,1.0,0.036587931000000004,3.0,-0.23859779915,-0.18393397875,0.09165057755,1
4438,0.0,0.04673111325,1.0,-0.30285093799999996,-0.28787346324999996,0.0741253347,0
4439,1.0,0.03853056495,5.0,-0.2486053647,-0.1773414567,0.0897305622,1
4440,0.0,0.030192851299999997,2.0,-0.21782168785,-0.16866438035,0.0985884517,1
4441,0.0,0.03456336165,3.0,-0.30851231715000005,-0.255310036,0.08274043565,1
4442,0.0,0.025313348800000003,4.0,-0.21859375609999998,-0.16182061835,0.09034354745,1
4443,1.0,0.04723010555,3.0,-0.24827908675,-0.19111097375,0.06782541054999999,1
4444,0.0,0.02592333975,3.0,-0.2968190959,-0.24656580325,0.09557614995,0
4445,0.0,0.02521785445,2.0,-0.20043059475,-0.1465958779,0.08412283515,1
4446,1.0,0.0463726168,3.0,-0.20746674695,-0.1841096821,0.09598660094999999,1
4447,1.0,0.045608568099999997,3.0,-0.23506484789999998,-0.19223678435,0.04505137575,0
4448,0.0,0.036119794149999995,3.0,-0.28719705985,-0.2798054925,0.08558043950000001,0
4449,2.0,0.043937348,4.0,-0.2046738842,-0.1744020393,0.09409096680000001,1
4450,2.0,0.056640318950000004,4.0,-0.2230818579,-0.20822487480000001,0.07718541755,1
4451,0.0,0.0304093332,2.0,-0.2062992404,-0.14667830625,0.0862461259,1
4452,1.0,0.0207132021,3.0,-0.2214498695,-0.16572184325,0.10103390555,1
4453,0.0,-0.00631409925,5.0,-0.15747818395,-0.13928984765,0.1315384061,0
4454,0.0,0.020509185149999998,3.0,-0.2327180481,-0.1300789726,0.10334033865,0
4455,1.0,0.0548140695,3.0,-0.28871022970000004,-0.21146772525000002,0.05340361095,1
4456,0.0,0.027728412100000002,3.0,-0.29037244535,-0.2398731993,0.09532393794999999,0
4457,0.0,0.01326878885,4.0,-0.24691059495,-0.13262799235,0.1116752963,0
4458,2.0,0.0571542038,3.0,-0.2294185976,-0.21334586775,0.0690061726,1
4459,0.0,0.0061193462,2.0,-0.2262615993,-0.17022923705,0.12061338370000001,1
4460,0.0,0.022843659500000002,4.0,-0.21000037115,-0.15113277749999998,0.08854643474999999,1
4461,1.0,0.02537171525,3.0,-0.23413585295,-0.1708724536,0.10267855879999999,1
4462,0.0,0.03582679275,3.0,-0.29465774795,-0.26508915615,0.066977185,1
4463,0.0,0.01518539885,3.0,-0.29918303865,-0.18984140114999998,0.09896954605,0
4464,0.0,0.0403960166,2.0,-0.218448549,-0.19875887205,0.0856598578,1
4465,0.0,0.0380735856,1.0,-0.26753757825,-0.2251295773,0.0761145597,0
4466,0.0,0.01765138455,1.0,-0.20011532845000002,-0.18890581785,0.11774931745,0
4467,0.0,0.013668029549999999,2.0,-0.20436907555,-0.15455580405,0.12120188104999999,1
4468,1.0,0.0572150891,3.0,-0.21379805610000002,-0.12230225575,0.07239018665,1
4469,0.0,0.05675111005,2.0,-0.21362189004999999,-0.12619875965,0.0669394596,0
4470,0.0,0.0355144967,2.0,-0.27474844860000003,-0.2234599433,0.08693179955,0
4471,0.0,0.03784648045,2.0,-0.2096036523,-0.1459514472,0.10048904885000001,1
4472,0.0,0.03471080905,2.0,-0.27558037135,-0.25479257710000003,0.09150374215000001,0
4473,1.0,0.0413150853,3.0,-0.19675334519999998,-0.13131114865,0.09102565715,0
4474,0.0,0.0348850691,4.0,-0.27368963955000003,-0.25857597,0.08731920345,0
4475,1.0,0.05210013535,3.0,-0.18430687355,-0.17353529815000002,0.0739109369,1
4476,1.0,0.0632373784,5.0,-0.2180148172,-0.1726700297,0.06550638565,1
4477,0.0,0.04194872775,3.0,-0.27052205395,-0.16518560705000002,0.0723406685,0
4478,0.0,0.04390632575,4.0,-0.2870854176,-0.27533437315,0.08026593055,0
4479,0.0,0.03940682575,3.0,-0.29156180099999995,-0.2599970106,0.08698242965000001,0
4480,1.0,0.04029591535,3.0,-0.18473955375,-0.1724882777,0.08974864785,1
4481,1.0,0.0457298093,3.0,-0.20929692745,-0.17877987234999998,0.09365235049999998,1
4482,0.0,0.0391976636,5.0,-0.29006768164999996,-0.26778269,0.08199870785,0
4483,0.0,0.035484852100000006,1.0,-0.2131241713,-0.17221373434999998,0.06804221830000001,0
4484,0.0,0.04184028155,1.0,-0.22199317705,-0.17321174745,0.06512179185,0
4485,2.0,0.04880843195,4.0,-0.19949490069999998,-0.1714955432,0.09567136044999999,1
4486,0.0,0.0147541924,2.0,-0.21035899525,-0.14937786505,0.1159617335,1
4487,1.0,0.045585445700000005,3.0,-0.21794849305,-0.19774290685,0.08827778434999999,1
4488,0.0,0.03163567965,3.0,-0.26360255850000003,-0.20250336705,0.07911999695000001,0
4489,0.0,0.0219768784,2.0,-0.2109534825,-0.1604226113,0.1119900761,1
4490,1.0,0.037522263449999996,3.0,-0.22754180750000003,-0.179673456,0.0892532896,1
4491,1.0,0.043586733350000004,3.0,-0.21734767095000002,-0.16280030210000002,0.0915729184,1
4492,0.0,0.0484256616,1.0,-0.2959835323,-0.17251759095000002,0.07996062985,0
4493,0.0,0.05932229835,3.0,-0.261892999,-0.24959964305,0.05573789165000001,1
4494,0.0,-0.0008185552999999999,1.0,-0.18405223510000002,-0.13208256105,0.12370921274999999,0
4495,1.0,0.054932829249999995,5.0,-0.20039216669999999,-0.1450051483,0.07789371160000001,1
4496,0.0,0.03537190415,2.0,-0.3024407864,-0.27976848750000005,0.0885098175,0
4497,1.0,0.0461995181,5.0,-0.2335981778,-0.20464354364999998,0.08490216644999998,1
4498,0.0,0.011536879449999999,1.0,-0.14388975215,-0.11056857055,0.12101527775,0
4499,0.0,0.03162086885,2.0,-0.3092558257,-0.18773043909999998,0.0824185742,0
4500,0.0,0.0364258039,5.0,-0.29720089965,-0.17803909829999998,0.0760983302,0
4501,1.0,0.0580379366,3.0,-0.21915536145,-0.11382393865,0.0809237982,1
4502,0.0,0.0123276074,2.0,-0.19460465465,-0.1506137057,0.12852705255000002,1
4503,0.0,-0.0186575036,1.0,-0.16712289190000001,-0.12829564485,0.144147741,0
4504,0.0,0.0153927622,4.0,-0.22782622585,-0.15463340825,0.12447865094999999,1
4505,2.0,0.056177460949999994,4.0,-0.2273583954,-0.0951192458,0.0861906947,1
4506,0.0,0.038902885,3.0,-0.22548560099999998,-0.15984556025000002,0.07285412399999999,0
4507,2.0,0.055742476750000006,4.0,-0.25461736535,-0.09969624175,0.08689737915000001,1
4508,2.0,0.05544130265,4.0,-0.2306820334,-0.1094752883,0.07861195704999999,1
4509,0.0,0.0356041505,3.0,-0.2557229775,-0.20979783555,0.06491000925,0
4510,0.0,0.03398849205,2.0,-0.22993980645,-0.16068918815,0.06951406975,0
4511,1.0,0.0536535156,3.0,-0.242127949,-0.1026396438,0.09432339370000001,1
4512,0.0,0.032567882199999995,4.0,-0.3124879546,-0.1889387797,0.0770410726,0
4513,0.0,0.0148564943,4.0,-0.18437805764999998,-0.15017856075,0.12064763255,0
4514,1.0,0.042257821900000006,3.0,-0.23732773655,-0.1081460177,0.1016453616,1
4515,1.0,0.0357984414,3.0,-0.26878114340000003,-0.1195441357,0.1137073247,1
4516,0.0,0.038520794149999996,1.0,-0.29066217425,-0.179711112,0.0761643842,0
4517,2.0,0.03943711325,4.0,-0.25291573225,-0.2220058632,0.07144508399999999,1
4518,0.0,-0.0106984974,1.0,-0.18235908595,-0.12839104405,0.152763198,0
4519,0.0,-0.0179100759,1.0,-0.2122770348,-0.14024285875,0.15335999495000002,0
4520,1.0,0.0496312546,3.0,-0.22196083854999998,-0.2008869961,0.08063758165,1
4521,1.0,0.03518717315,5.0,-0.22141676225,-0.2009687099,0.1012423996,1
4522,0.0,0.03472831,3.0,-0.2171892889,-0.1719107821,0.0792764788,0
4523,1.0,0.03566026215,3.0,-0.19868562434999998,-0.15647189150000002,0.09957263825,1
4524,1.0,0.05536667805,3.0,-0.1861713321,-0.17504360284999998,0.07791192585000001,1
4525,0.0,0.0376956023,4.0,-0.2199781318,-0.20356649464999999,0.10522371835,1
4526,0.0,0.0350155372,4.0,-0.2662606023,-0.24959516205,0.083007613,0
4527,1.0,0.0333729152,3.0,-0.22529375805000001,-0.21033243299999999,0.10259376435,1
4528,0.0,-0.0375367118,3.0,-0.21589447825000002,-0.19106080050000002,0.17443484175,0
4529,0.0,0.03307752125,1.0,-0.33584520004999996,-0.18932944795,0.07675906060000001,0
4530,0.0,0.03644171735,3.0,-0.27232892405,-0.2595565879,0.08031093225,0
4531,1.0,0.0589763905,3.0,-0.23614831549999998,-0.11529903629999999,0.0863844441,1
4532,2.0,0.0657760459,3.0,-0.22041699780000001,-0.096751791,0.07497693735000001,1
4533,0.0,0.018632194,2.0,-0.3054069786,-0.2773973369,0.1122972389,0
4534,1.0,0.049602734600000004,3.0,-0.23357062965,-0.17636486345,0.0781340273,1
4535,1.0,0.04199142285,3.0,-0.2159036504,-0.1845758809,0.08771241454999999,1
4536,0.0,0.02999441265,3.0,-0.20922135085,-0.19939933405,0.10008402065,1
4537,0.0,-0.014078266999999998,3.0,-0.196218887,-0.15089326305,0.1345386175,0
4538,0.0,0.03003372255,3.0,-0.309858061,-0.20131948854999998,0.07892826019999999,0
4539,0.0,0.0489800653,2.0,-0.30165747610000004,-0.29064673119999995,0.0597883989,0
4540,0.0,0.02149780055,2.0,-0.21710713045,-0.1546628263,0.10600739744999998,1
4541,0.0,0.02868654755,1.0,-0.25630861035,-0.2205393861,0.08446143815000001,0
4542,0.0,0.01745567935,3.0,-0.1942818958,-0.15592717945,0.11775596764999999,0
4543,1.0,0.06597689055,3.0,-0.1968433108,-0.1849725171,0.07425257810000001,1
4544,1.0,0.05795903085,3.0,-0.21798732780000002,-0.17203307099999998,0.08208544095,1
4545,0.0,0.02455204905,2.0,-0.18472200425000002,-0.158819846,0.1117803084,1
4546,0.0,0.04002973975,3.0,-0.27075978155,-0.25171617375,0.0746238853,0
4547,0.0,0.024638598900000003,3.0,-0.3194029021,-0.3084850914,0.0893303489,0
4548,0.0,-0.0061047692,1.0,-0.2017800544,-0.13572889100000002,0.14541668949999997,0
4549,2.0,0.0545154246,2.0,-0.20533438455,-0.1754573155,0.07511026545,1
4550,0.0,0.03501192525,3.0,-0.27415177355,-0.17369930979999998,0.08076945905,0
4551,2.0,0.0541783442,4.0,-0.21068963229999998,-0.1835284268,0.07438006435,1
4552,0.0,0.0272077643,3.0,-0.31488504865,-0.296080943,0.09913847705,0
4553,1.0,0.055878638450000004,3.0,-0.21321199294999998,-0.2020585715,0.0788845925,1
4554,0.0,0.03830952405,3.0,-0.27161190355,-0.1536389106,0.08189354155,0
4555,0.0,-0.01648496385,1.0,-0.2058192545,-0.12008469585,0.13444488325,0
4556,0.0,0.02198971705,2.0,-0.1957500556,-0.1743176837,0.11274252115,1
4557,0.0,0.0321986764,4.0,-0.27456278115,-0.1545436794,0.08385593515,0
4558,0.0,0.0354193263,4.0,-0.2606898183,-0.2290676334,0.07695890845,0
4559,1.0,0.0382682658,3.0,-0.18985047405,-0.1727530385,0.0882640189,1
4560,0.0,0.0325639915,4.0,-0.21993744375000002,-0.1549507045,0.08408503665,0
4561,1.0,0.05351784545,3.0,-0.2171873774,-0.1032994664,0.08718187009999999,1
4562,1.0,0.0498845943,3.0,-0.23735635435000002,-0.11006880955000001,0.09109893464999999,1
4563,1.0,0.050454320750000003,3.0,-0.23444701075,-0.10140481244999999,0.0938335701,1
4564,1.0,0.045560752100000004,3.0,-0.23773841215000002,-0.0932830629,0.10050291025,1
4565,0.0,0.03820440165,3.0,-0.2528905857,-0.24137266435,0.0730616464,0
4566,2.0,0.05202603165,4.0,-0.24545189785,-0.1075219085,0.08909010055,1
4567,1.0,0.0498201136,3.0,-0.2418327557,-0.11065391515,0.08856859095,1
4568,2.0,0.05362674345,4.0,-0.2113328497,-0.1551160482,0.07489870825,1
4569,1.0,0.0545780724,3.0,-0.2257230701,-0.09830544275,0.08065228194999999,1
4570,0.0,0.0362181569,1.0,-0.2224207809,-0.1665718432,0.08811150389999999,0
4571,2.0,0.0606104369,5.0,-0.2195636482,-0.0924769198,0.08133393325000002,1
4572,0.0,0.0361543052,1.0,-0.21512331545,-0.179502262,0.07919639475000001,0
4573,1.0,0.0601130015,3.0,-0.1706475359,-0.1190318792,0.07694506000000001,1
4574,0.0,0.032534634150000005,4.0,-0.2035757519,-0.1601647648,0.08585819210000001,0
4575,1.0,0.05198751955,3.0,-0.1809481587,-0.15031424635,0.08580024700000001,1
4576,0.0,0.03298119465,3.0,-0.2180748279,-0.16192034585,0.08376919175,0
4577,0.0,0.03477561925,2.0,-0.1962147135,-0.10421267440000001,0.10364696015,1
4578,0.0,-0.0027202681500000003,1.0,-0.2008254642,-0.10032548215,0.13526592654999997,0
4579,0.0,0.0350278414,1.0,-0.28817777229999997,-0.25461953755,0.07952576265,0
4580,0.0,-0.0127396696,1.0,-0.20737453309999998,-0.10243892115,0.1484352534,0
4581,1.0,0.0336921278,3.0,-0.22634741125000002,-0.1663166466,0.10268917705,1
4582,0.0,0.04590769335,4.0,-0.22405766475,-0.2028871834,0.07163781655,0
4583,0.0,0.00477558515,1.0,-0.1878895715,-0.1421290103,0.1204570498,0
4584,0.0,0.0306633471,2.0,-0.23331209205,-0.18927014075,0.0993888739,1
4585,0.0,0.034652126150000004,2.0,-0.19291995875,-0.10056727595,0.1091376513,1
4586,0.0,0.032807648300000006,4.0,-0.2818007145,-0.2602505465,0.08462833489999999,0
4587,2.0,0.0687224521,4.0,-0.2203458187,-0.0769144131,0.07028110155,1
4588,0.0,0.0357482435,3.0,-0.29127272655,-0.25586965885,0.08410378995000001,0
4589,2.0,0.052078567,4.0,-0.20163739855,-0.18577839555,0.07164842955,1
4590,2.0,0.04796479595,4.0,-0.18980955945,-0.17222838195,0.08202233775000001,1
4591,2.0,0.05870903675,4.0,-0.1864895413,-0.13795617955,0.0745743562,1
4592,2.0,0.0503002783,4.0,-0.19407850934999998,-0.1801519835,0.0819301952,1
4593,0.0,0.0147644647,2.0,-0.21636006665000002,-0.1580176217,0.12237037384999999,1
4594,0.0,0.05706418045,2.0,-0.2275830401,-0.1459592582,0.0707527775,0
4595,1.0,0.03678960645,3.0,-0.22093723295,-0.16649846655,0.0965805741,1
4596,0.0,0.0025109286999999997,1.0,-0.17795920055,-0.13385745425,0.12831491104999998,0
4597,2.0,0.060881453599999996,4.0,-0.24925595239999998,-0.09052519625,0.08116203515,1
4598,0.0,0.03846403785,1.0,-0.16732334915,-0.11227963939999999,0.09295625555,0
4599,2.0,0.0456106513,4.0,-0.16837433959999998,-0.1225728677,0.0915221949,1
4600,2.0,0.0609861447,4.0,-0.23479417930000002,-0.09630887795000001,0.07597439905,1
4601,0.0,0.04735816975,3.0,-0.26030444545,-0.15404281955,0.07225950190000001,0
4602,0.0,0.03658115665,2.0,-0.18261634235000002,-0.1139136666,0.09461510565,0
4603,2.0,0.04835485985,2.0,-0.17369266725,-0.1498006049,0.07492841585000001,1
4604,2.0,0.052959678499999996,4.0,-0.19233986605,-0.1447231813,0.08541866595,1
4605,2.0,0.04121034895,4.0,-0.206375184,-0.18334063345,0.10298218769999999,1
4606,0.0,0.03429339925,1.0,-0.30285849005,-0.2759894551,0.08632989220000001,0
4607,1.0,0.0417029633,3.0,-0.1940916934,-0.1805837919,0.0921498016,1
4608,1.0,0.05583296805,3.0,-0.1710571004,-0.15307195735,0.08134997919999999,1
4609,0.0,0.0322706892,1.0,-0.23623377735,-0.18358508569999998,0.07913933445,0
4610,1.0,0.06185411155,3.0,-0.2287059823,-0.16391619945000002,0.0766005421,1
4611,0.0,0.02491912815,3.0,-0.2418595457,-0.19634311859999998,0.08499089315000001,0
4612,2.0,0.03984332995,4.0,-0.1613848089,-0.14274863805,0.1024870433,1
4613,2.0,0.050872488800000004,4.0,-0.23985711345,-0.1151402873,0.09360780454999999,1
4614,2.0,0.04874089585,4.0,-0.22869848334999998,-0.11838056345,0.09667244995,1
4615,1.0,0.0500903341,3.0,-0.25259368345,-0.2279668547,0.07498505929999999,1
4616,1.0,0.04639371145,5.0,-0.2469930012,-0.19683994529999999,0.08908370609999999,1
4617,1.0,0.05436631785,3.0,-0.21655410695,-0.1692728238,0.07542919165,1
4618,0.0,0.01371525355,2.0,-0.23509292495,-0.1920606262,0.12536609575000002,1
4619,0.0,0.028328730849999997,1.0,-0.29335488685,-0.2238013994,0.08251094179999999,0
4620,0.0,0.0153586363,2.0,-0.2151715413,-0.17813921635000002,0.12590057235,1
4621,1.0,0.03861618835,3.0,-0.2013940672,-0.17908429505,0.08683092675000001,1
4622,1.0,0.03770981365,3.0,-0.2181396233,-0.1821629469,0.09182562899999999,1
4623,0.0,0.00259315845,5.0,-0.20837165795,-0.1540688072,0.12300001755000001,0
4624,1.0,0.041464397949999995,3.0,-0.24146698490000001,-0.14231923945,0.0968595426,1
4625,1.0,0.03849194755,3.0,-0.2275018251,-0.12749600020000001,0.09819543605,1
4626,0.0,0.0148945656,1.0,-0.19602081770000002,-0.1264124779,0.11575486415,0
4627,1.0,0.0609862921,3.0,-0.2186950356,-0.1681246162,0.0660691974,1
4628,0.0,0.035138614299999996,3.0,-0.29116502040000003,-0.28365749934999995,0.08277657095,0
4629,0.0,0.005634996099999999,1.0,-0.192559818,-0.15655833275,0.1227225745,0
4630,1.0,0.02696353645,3.0,-0.22755091075,-0.18328673415000002,0.10546628829999999,1
4631,0.0,0.010601811999999999,2.0,-0.20389998635,-0.14292042524999998,0.1039683076,0
4632,0.0,0.02114085365,4.0,-0.22202558775,-0.14849222515,0.11347231155,1
4633,0.0,0.04290741145,3.0,-0.2630085948,-0.2419152161,0.08864277699999998,0
4634,1.0,0.03406395775,3.0,-0.1831929673,-0.11609214385,0.08314079185,0
4635,1.0,0.048632643200000006,3.0,-0.26933379525,-0.22462826755,0.08483992884999998,1
4636,0.0,0.0271028589,3.0,-0.29300045345000003,-0.2556945083,0.09672708475,0
4637,0.0,0.058347198200000006,3.0,-0.24957186625,-0.2329031741,0.058485461749999995,1
4638,0.0,0.00369009975,2.0,-0.21452330265,-0.1516291772,0.11981475455,0
4639,0.0,-0.03558047685,1.0,-0.1781414112,-0.10799401265,0.14620182225,0
4640,0.0,0.024861915499999998,2.0,-0.2213551152,-0.15212024685,0.10152323165,1
4641,1.0,0.02252217015,3.0,-0.2358081763,-0.16134210605,0.10807869365,1
4642,0.0,0.0410208544,3.0,-0.22614159960000002,-0.19665164029999999,0.0759005712,0
4643,1.0,0.0430825661,3.0,-0.25793454165,-0.2026200011,0.07852082415,1
4644,0.0,0.03209758485,2.0,-0.28734701760000003,-0.25078638945,0.08838257815,0
4645,2.0,0.06515710555,4.0,-0.23999148734999998,-0.2159768789,0.07304338235,1
4646,1.0,0.02426310055,3.0,-0.2118250332,-0.17960954725,0.1140189655,1
4647,0.0,0.0097539471,1.0,-0.19140357315,-0.1009344647,0.1236118412,0
4648,0.0,4.2826650000000004e-05,4.0,-0.2161108331,-0.13934822515,0.12578500450000002,0
4649,0.0,0.0060846792,3.0,-0.1967142072,-0.17065778835,0.12323331974999999,0
4650,1.0,0.0390623829,3.0,-0.19747842715000002,-0.1804701067,0.10335840130000001,1
4651,1.0,0.0419870144,3.0,-0.2074893694,-0.19558393525,0.09704651110000001,1
4652,1.0,0.038131983300000005,3.0,-0.19122334330000001,-0.18421038535,0.10292427035,1
4653,0.0,0.02364957335,1.0,-0.1769638094,-0.1118842968,0.1069796479,0
4654,0.0,-0.059083132499999996,1.0,-0.1971119752,-0.19242641030000002,0.19183893764999999,0
4655,0.0,0.03770642095,1.0,-0.2790362379,-0.25339976545,0.0858235069,0
4656,2.0,0.0545673054,2.0,-0.21207739795,-0.18523970635,0.07513965225,1
4657,0.0,0.02941147055,3.0,-0.25580955995,-0.25037902575000004,0.08939403809999999,0
4658,0.0,0.02546094265,2.0,-0.20893349085000001,-0.19590793535,0.1007837634,1
4659,0.0,0.0170831317,4.0,-0.21447323675000002,-0.1667213659,0.1303917293,1
4660,0.0,0.0290767717,3.0,-0.29748087445,-0.2632899381,0.0920432229,0
4661,1.0,0.0441204414,3.0,-0.2248509632,-0.19007126075,0.08399275020000002,1
4662,2.0,0.06644896125000001,4.0,-0.20189089525,-0.1473749545,0.07216580959999999,1
4663,1.0,0.06477245965,3.0,-0.21086854640000002,-0.1427271552,0.07490629610000002,1
4664,0.0,0.053170207250000004,3.0,-0.28538523675,-0.25147937005,0.0600061107,0
4665,0.0,0.0394815351,4.0,-0.27791611125000004,-0.2587515079,0.07533694145,1
4666,1.0,0.06113887025,3.0,-0.23387599125,-0.0838473172,0.06631560605,1
4667,2.0,0.06762768915,5.0,-0.22980804124999998,-0.07411384415,0.05368746600000001,1
4668,2.0,0.060192263450000005,4.0,-0.16236892819999998,-0.1473802649,0.07091517555000001,1
4669,0.0,0.04153085935,3.0,-0.22776609895,-0.16439553475000002,0.0729593225,0
4670,0.0,0.0316961174,3.0,-0.2800653297,-0.1673831924,0.09032524859999999,0
4671,0.0,0.0214366023,2.0,-0.22152782865,-0.15863268325000002,0.1089776261,1
4672,0.0,0.03834483165,4.0,-0.28392168554999997,-0.25769619629999996,0.08131572910000001,0
4673,2.0,0.05763440605,4.0,-0.21706766955,-0.1546219539,0.07722635480000001,1
4674,0.0,0.0468214337,2.0,-0.291162699,-0.27331301529999996,0.06713352315,0
4675,1.0,0.0628860241,3.0,-0.1773741279,-0.13757189539999998,0.07903943699999999,1
4676,0.0,0.0307553438,1.0,-0.28115266675,-0.2478773719,0.09317325180000001,0
4677,0.0,0.0097539487,4.0,-0.21923251030000002,-0.15645213175,0.11950025205,1
4678,0.0,0.03046551475,3.0,-0.3247443108,-0.32149404905,0.10292052809999999,0
4679,0.0,0.0372943029,1.0,-0.21362869615000002,-0.15578467740000002,0.07283466699999999,0
4680,1.0,0.0408482119,3.0,-0.24545222215,-0.21711023670000001,0.09225702895,1
4681,2.0,0.06265708419999999,1.0,-0.22624985549999999,-0.2144844869,0.06895015175,1
4682,0.0,0.05605207105,2.0,-0.256914936,-0.15069527119999998,0.06422734274999999,0
4683,1.0,0.04306720325,3.0,-0.25914662565,-0.19524807105,0.08293599804999999,1
4684,0.0,0.0452739407,3.0,-0.2693648539,-0.20304041815,0.0747310111,0
4685,0.0,-0.04206462645,1.0,-0.22210408990000002,-0.15926216015,0.16573797045,0
4686,0.0,0.038549931950000005,3.0,-0.27976758055,-0.1782027418,0.0721970502,0
4687,0.0,0.04617511875,3.0,-0.2800440476,-0.24797768865,0.08675228865000001,0
4688,1.0,0.055577104599999996,3.0,-0.27827146115,-0.09684808785,0.08645430109999999,1
4689,0.0,0.035184037,3.0,-0.2366733404,-0.16673190664999998,0.07778486740000001,0
4690,1.0,0.0436641392,5.0,-0.17720155445,-0.17304854285,0.09869897360000002,1
4691,1.0,0.03863682985,5.0,-0.18542501855,-0.17951298775,0.10340141080000001,1
4692,0.0,0.0406942286,3.0,-0.30364311175,-0.25573223195,0.067830676,0
4693,2.0,0.0656953293,4.0,-0.1764832146,-0.12088995815,0.05813631464999999,1
4694,2.0,0.0606566905,4.0,-0.19715009719999999,-0.18226518120000001,0.065517548,1
4695,0.0,-0.00803793025,1.0,-0.1951934364,-0.11654946285,0.13820802305000002,0
4696,0.0,0.03931708135,1.0,-0.28357982345,-0.24943206615000002,0.0719322943,0
4697,1.0,0.0512737017,5.0,-0.18407478900000002,-0.176430396,0.0878188508,1
4698,0.0,0.04534913375,3.0,-0.21454389805,-0.17204725110000002,0.08024913125,0
4699,0.0,-0.04410586555,2.0,-0.1936980574,-0.13311145759999998,0.1868750773,0
4700,0.0,0.02816842225,3.0,-0.302743078,-0.2885458595,0.0919470783,0
4701,0.0,-0.06297857555,2.0,-0.20525488505,-0.1598234779,0.1966432126,0
4702,2.0,0.06166535819999999,3.0,-0.25336651365,-0.24142643084999998,0.07180730200000002,1
4703,0.0,0.032608302549999996,2.0,-0.28661837580000005,-0.24179480535,0.0839149111,0
4704,0.0,0.0277616738,1.0,-0.23437837509999998,-0.16166545165,0.09850299465000001,1
4705,0.0,0.0591068696,2.0,-0.20243138535,-0.16592689275,0.07507535475,0
4706,0.0,0.03925756295,4.0,-0.20397032645,-0.15219018099999998,0.06917388615,0
4707,0.0,0.0162860299,1.0,-0.18106329845000002,-0.14939194244999998,0.1147550747,0
4708,0.0,-0.010424391500000001,1.0,-0.20212627640000003,-0.12160955995,0.12977714494999998,0
4709,1.0,0.02610371545,3.0,-0.23897650825,-0.18353622209999998,0.10403273164999999,1
4710,0.0,0.05353379755,3.0,-0.20475895035,-0.15686825345,0.06112997435,0
4711,1.0,0.054754709750000005,5.0,-0.20424959780000002,-0.1575873488,0.0825287331,1
4712,1.0,0.056532540500000006,3.0,-0.19870840685000002,-0.14477968115,0.0821905676,1
4713,0.0,0.04394692835,3.0,-0.277778935,-0.25637990485,0.0673331396,0
4714,2.0,0.05801820965,4.0,-0.1850911129,-0.14223899555,0.077725907,1
4715,1.0,0.042633881299999996,3.0,-0.2174814522,-0.1893316769,0.0987806827,1
4716,1.0,0.05298405445,3.0,-0.2282891128,-0.1968952699,0.08103531435000001,1
4717,3.0,0.0465513289,7.0,-0.24350768615,-0.2204897488,0.09046017895,1
4718,0.0,0.050536042,3.0,-0.2806593321,-0.26144495285,0.06247350249999997,0
4719,2.0,0.055533038349999994,2.0,-0.19943873455,-0.16935110515000001,0.0824310207,1
4720,2.0,0.03982676025,4.0,-0.21656357135,-0.183929412,0.0857690662,1
4721,1.0,0.0397065292,3.0,-0.2280324399,-0.1952335812,0.09916981875,1
4722,0.0,0.03619419685,3.0,-0.20952821170000002,-0.1840714798,0.0680618888,0
4723,0.0,0.050677779150000005,2.0,-0.19490975015,-0.1681618091,0.07001383420000001,0
4724,0.0,-0.0022886077,1.0,-0.20369154565,-0.09371680665,0.14145520430000003,0
4725,1.0,0.0502755768,5.0,-0.22272734044999998,-0.16804821405,0.089631575,1
4726,0.0,0.01588480835,1.0,-0.1695416731,-0.11757684239999999,0.10083685205000001,0
4727,0.0,0.0353120284,2.0,-0.25578413195000005,-0.21719664285,0.08421584755,0
4728,0.0,0.0550493736,3.0,-0.2737332161,-0.25790967055,0.057440956599999995,1
4729,1.0,0.03280982455,3.0,-0.2343827493,-0.18401122205,0.09378620570000001,1
4730,1.0,0.04089505375,3.0,-0.2368855231,-0.17215729935,0.079840767,1
4731,0.0,0.0066575209,1.0,-0.18270917885,-0.08325999270000001,0.13497850215,0
4732,0.0,-0.024537610799999998,1.0,-0.19087809055,-0.0994879317,0.16201514755,0
4733,0.0,0.039389055199999995,3.0,-0.3079644268,-0.2520981444,0.08103536275,0
4734,0.0,0.022662208,2.0,-0.20544405999999998,-0.14969198595,0.10872226329999998,1
4735,0.0,0.0211709161,2.0,-0.2219849358,-0.16126736675,0.11412014135,1
4736,0.0,0.04533379025,1.0,-0.29244736815000005,-0.24904748685,0.07407925815,0
4737,0.0,0.0381196337,3.0,-0.27545538175,-0.19616245100000002,0.08472975075,0
4738,0.0,0.03308125535,4.0,-0.29508757475,-0.19987284975,0.09620200139999999,0
4739,2.0,0.0556155692,4.0,-0.2338833596,-0.10755080615,0.08613635095000001,1
4740,2.0,0.050173181250000004,4.0,-0.22716751955,-0.1116153506,0.09564092235,1
4741,0.0,0.036811906049999996,4.0,-0.2718252607,-0.20492752025,0.0833293385,0
4742,1.0,0.0502501175,5.0,-0.21810658965000002,-0.19022611185,0.0883572211,1
4743,0.0,0.0261750353,4.0,-0.2223353055,-0.20657650555,0.10914171319999999,1
4744,0.0,0.03515564365,3.0,-0.2743142351,-0.16754116154999998,0.0735479113,0
4745,0.0,0.03532288655,4.0,-0.22066671240000002,-0.197542769,0.10120795395000001,1
4746,2.0,0.050317103099999996,4.0,-0.23850682565,-0.19350621145,0.07891018729999999,1
4747,1.0,0.0475660294,3.0,-0.24061307145,-0.21079301215000001,0.08361265105,1
4748,1.0,0.044799193099999995,3.0,-0.22779189175,-0.2002173248,0.0904923259,1
4749,0.0,0.03561309755,3.0,-0.26473344050000003,-0.17400451135,0.0660149562,0
4750,0.0,0.0333942455,2.0,-0.27691743965000004,-0.2614022804,0.08938405164999999,0
4751,0.0,-0.00765410495,1.0,-0.19253078655,-0.1007101527,0.12262747365000001,0
4752,1.0,0.05402014995,3.0,-0.2349940001,-0.12916163055000002,0.08899579939999999,1
4753,2.0,0.06626528495,2.0,-0.2097048856,-0.18318729965000002,0.0704090832,1
4754,0.0,0.03519951905,3.0,-0.15114818265000002,-0.11706253255,0.1084963428,0
4755,0.0,0.04249920075,1.0,-0.2854390094,-0.24468515435,0.07116119905000001,0
4756,0.0,0.0354473495,3.0,-0.22172481345,-0.16989862735,0.0853681087,0
4757,0.0,0.0472753389,2.0,-0.2193741026,-0.17233321995,0.08935701700000001,1
4758,0.0,0.03514944045,2.0,-0.20371375965,-0.18252532005,0.10230698750000002,1
4759,0.0,0.03687911185,2.0,-0.2043018768,-0.153569115,0.0931075307,1
4760,0.0,0.0373719607,1.0,-0.2898528227,-0.2822446603,0.0775540911,0
4761,0.0,0.0415022295,2.0,-0.29622971075,-0.26336935375000003,0.08151678345,0
4762,0.0,-0.032025619,1.0,-0.21034364025000002,-0.15569100995000001,0.16706221525,0
4763,1.0,0.04771045565,3.0,-0.21828410464999998,-0.17989705275,0.08237346835,1
4764,1.0,0.04539834075,3.0,-0.1939345832,-0.1701413712,0.08270916470000002,1
4765,0.0,0.038987353350000004,1.0,-0.2995889838,-0.27722717779999995,0.08298650830000001,0
4766,1.0,0.04540440335,3.0,-0.18469503525,-0.12079634905,0.09525603385,1
4767,0.0,0.028723645,3.0,-0.2808351078,-0.26667792204999996,0.08655067985,0
4768,1.0,0.05391116895,3.0,-0.22199865395,-0.12027916375,0.08257670775,1
4769,0.0,0.0388377198,1.0,-0.2439391346,-0.20364169415,0.0685317342,0
4770,1.0,0.0425711745,3.0,-0.18327357975,-0.128037695,0.1001051023,1
4771,0.0,0.02502865175,4.0,-0.1700999389,-0.1272967536,0.11231509605000001,1
4772,2.0,0.04377974435,6.0,-0.21547191695,-0.1843306978,0.08136439109999999,1
4773,1.0,0.05875919,3.0,-0.21620951285,-0.1827076483,0.06804100345,1
4774,0.0,0.0133199696,4.0,-0.1973601323,-0.14918465335,0.11925284014999998,1
4775,0.0,0.03307654855,2.0,-0.27076725555000003,-0.2607514333,0.08785250354999999,0
4776,0.0,0.02465720055,1.0,-0.17027617385,-0.08323166735,0.1046715312,0
4777,0.0,0.02048606375,2.0,-0.2099464491,-0.1843450788,0.10721914800000001,1
4778,0.0,-0.0192222062,1.0,-0.2268007393,-0.11467303195,0.15830320505,0
4779,0.0,0.034737266350000004,3.0,-0.2752130037,-0.22067249695000002,0.08432972194999999,0
4780,0.0,-0.012634000400000001,1.0,-0.18028684555,-0.1447525658,0.15242213699999999,0
4781,1.0,0.0456625752,5.0,-0.20030355765000002,-0.10454395835,0.09188225435,1
4782,1.0,0.046413699350000004,5.0,-0.21249087765,-0.1180825116,0.08938448855,1
4783,0.0,0.00510162895,4.0,-0.1834851736,-0.13640986525,0.13231042225,1
4784,2.0,0.0594967915,4.0,-0.22648036155,-0.18823714385,0.07098568175,1
4785,2.0,0.0584719842,2.0,-0.22606327115,-0.19876830569999998,0.06962045874999999,1
4786,2.0,0.042083750399999995,4.0,-0.2202120598,-0.187039286,0.09573044675,1
4787,2.0,0.047920185549999994,4.0,-0.22467293045,-0.19501810915,0.08948714630000001,1
4788,1.0,0.04056967595,3.0,-0.23060124604999999,-0.1978682445,0.0985757102,1
4789,2.0,0.06445323085,4.0,-0.21574479445,-0.17206065865,0.0678119288,1
4790,2.0,0.054039581249999996,2.0,-0.21062296655,-0.1959214774,0.0808225041,1
4791,1.0,0.06477043025000001,3.0,-0.24718649455,-0.1984345542,0.06948896085,1
4792,0.0,-0.02461867065,1.0,-0.2106202468,-0.10760759335,0.13967512475000002,0
4793,1.0,0.06486983145,3.0,-0.2467687235,-0.2102553311,0.0656958965,1
4794,2.0,0.06507702679999999,4.0,-0.2289446614,-0.1353593818,0.0721976329,1
4795,1.0,0.04943385215,3.0,-0.20922467565,-0.1695722456,0.08864793499999998,1
4796,1.0,0.042444727200000004,3.0,-0.2260643967,-0.2166669757,0.0953693333,1
4797,0.0,0.048351358600000005,3.0,-0.2533753516,-0.16882195595,0.0476189793,0
4798,0.0,0.03558836765,2.0,-0.19277426785000001,-0.1880287084,0.0968336954,1
4799,0.0,0.034496120000000005,3.0,-0.3649804372,-0.23012875389999998,0.08589302615,0
4800,0.0,0.02342944045,3.0,-0.240118946,-0.20365492964999998,0.0878309327,0
4801,1.0,0.06037856515,3.0,-0.2599912019,-0.143286792,0.07217724675000001,1
4802,2.0,0.05918467915,4.0,-0.2418098923,-0.11617360785,0.0755400522,1
4803,0.0,0.04746704915,1.0,-0.26967178545000003,-0.253199548,0.06999085904999999,0
4804,1.0,0.05453391095,1.0,-0.2568081455,-0.22308221579999998,0.07010170765,1
4805,1.0,0.030324458050000003,3.0,-0.1817509359,-0.08381631265,0.11601607895,1
4806,1.0,0.0513619191,3.0,-0.1894793642,-0.17314856395,0.08281424590000001,1
4807,0.0,-0.014375406,1.0,-0.1626467446,-0.0930810019,0.14128819065,0
4808,0.0,-0.024554640250000002,1.0,-0.1959310598,-0.10854427935,0.1509141362,0
4809,0.0,-0.0084852301,1.0,-0.229607315,-0.18252015205,0.13176617215000003,0
4810,0.0,0.0400233649,1.0,-0.29240499425,-0.25673938625000003,0.08581646269999998,0
4811,1.0,0.0573337801,3.0,-0.23776253074999998,-0.14077720745,0.075967232,1
4812,2.0,0.06604988675000001,4.0,-0.20378412894999998,-0.10818407495,0.0718532137,1
4813,0.0,-0.0100083599,3.0,-0.19797765280000001,-0.15049283135,0.1446175783,0
4814,1.0,0.042155614349999995,3.0,-0.15458056055000002,-0.1272884006,0.096674578,1
4815,2.0,0.0511525543,4.0,-0.17867866485,-0.11340465945,0.0857984148,1
4816,2.0,0.051682079500000006,2.0,-0.1921598279,-0.14401375485,0.0898682978,1
4817,0.0,0.03568862205,1.0,-0.26403675765,-0.23660164220000002,0.08262584315,0
4818,2.0,0.06293803125,4.0,-0.19992848865,-0.12496006714999999,0.07626044239999999,1
4819,2.0,0.06493216305,2.0,-0.20479082515,-0.16352252579999998,0.06582226649999999,1
4820,2.0,0.04891243225,4.0,-0.2201365337,-0.1679589333,0.0815152899,1
4821,1.0,0.05502496915,4.0,-0.17628869665000002,-0.11680304175,0.08307372390000001,1
4822,0.0,0.03474779695000001,4.0,-0.20373995509999998,-0.17640120204999998,0.07585938754999999,0
4823,0.0,-0.037440391399999995,1.0,-0.17324230665,-0.15169063725,0.16466978475,0
4824,1.0,0.05343221145,3.0,-0.2377787412,-0.17812509240000002,0.08035019514999998,1
4825,2.0,0.043614554,2.0,-0.20206525135,-0.12611170195,0.0881881482,1
4826,0.0,0.036551601249999996,5.0,-0.19879793465,-0.13908874045,0.09605699725,0
4827,0.0,0.0317793371,5.0,-0.19401092465,-0.13754769345,0.10211491515,0
4828,0.0,0.0410657162,3.0,-0.2203592128,-0.18037055655,0.07568392775,0
4829,1.0,0.0585043117,3.0,-0.2032803142,-0.1813121733,0.07699211225,1
4830,1.0,0.05716395275,3.0,-0.20466676345,-0.17497609520000001,0.0811115955,1
4831,0.0,-0.0086598902,1.0,-0.2195971228,-0.203876362,0.1536089488,0
4832,0.0,0.037309672099999996,3.0,-0.26158888365,-0.23607957215,0.08155403095000001,0
4833,1.0,0.0510350891,5.0,-0.24342187005,-0.1553436467,0.08943702135,1
4834,0.0,0.0238487122,3.0,-0.31692744685,-0.226009933,0.10084075559999998,0
4835,0.0,0.0461243388,3.0,-0.2713408835,-0.24973150249999998,0.07627653405,0
4836,0.0,0.025862482550000003,4.0,-0.21057837610000002,-0.15412098400000002,0.10458152770000001,1
4837,0.0,0.01334091115,1.0,-0.2088426114,-0.14254244575,0.12129728645,0
4838,1.0,0.035058625149999995,3.0,-0.23357368875,-0.18516898910000001,0.09299011795,1
4839,1.0,0.04995079865,3.0,-0.2199372321,-0.16761135394999999,0.08642370955,1
4840,0.0,0.0393757791,1.0,-0.25974294995,-0.23377147775,0.0772072065,0
4841,0.0,0.0357961361,3.0,-0.2790189933,-0.24583214814999998,0.08070537120000001,0
4842,0.0,0.02246332505,2.0,-0.2023139861,-0.1477618677,0.10795615275,1
4843,0.0,0.03477308795,3.0,-0.1346114977,-0.11354146415,0.0956298656,0
4844,2.0,0.0392895102,4.0,-0.17236947665000002,-0.1549223094,0.07878563964999999,1
4845,2.0,0.0530121617,2.0,-0.17966888144999998,-0.1649918758,0.07321964249999999,1
4846,0.0,0.020414648299999998,2.0,-0.21386671429999998,-0.15805053395000002,0.11312261145,1
4847,0.0,0.0193526165,2.0,-0.1623340861,-0.0954533968,0.1156419351,0
4848,0.0,0.03454893815,3.0,-0.31547042270000003,-0.29688948295,0.0812287411,1
4849,0.0,0.0355342979,4.0,-0.2753631825,-0.2521452859,0.08405588865,0
4850,0.0,-0.014017133099999999,4.0,-0.2071915786,-0.1324359196,0.16521522765000002,0
4851,0.0,0.0449297223,1.0,-0.29994660085,-0.28244918505,0.07143494645000001,1
4852,0.0,0.03476849005,1.0,-0.15685865085,-0.1063286115,0.10736024990000001,0
4853,0.0,0.0290470644,2.0,-0.2374343031,-0.1734601316,0.09316480334999999,1
4854,1.0,0.04521803275,5.0,-0.2015396044,-0.14961675675,0.09219910149999999,1
4855,1.0,0.040408201899999996,3.0,-0.21744428175,-0.15079548955,0.09991542889999999,1
4856,0.0,0.029244800600000002,4.0,-0.29658413564999997,-0.23059445309999999,0.09383420975,0
4857,0.0,0.0414046155,2.0,-0.2807740235,-0.2372341688,0.07028511185,0
4858,1.0,0.05207746715,3.0,-0.2180327012,-0.16704801225,0.085205827,1
4859,0.0,0.015744622200000002,3.0,-0.26465302064999996,-0.21952337955,0.10434295635,0
4860,1.0,0.0426833848,3.0,-0.2233325894,-0.17026502135,0.09934009759999998,1
4861,0.0,0.0462832324,5.0,-0.24310527465,-0.14659959579999998,0.09517104185,1
4862,0.0,0.041531546350000004,3.0,-0.27744521099999997,-0.26641972835,0.08025969275,0
4863,0.0,-0.008854310649999999,1.0,-0.1824988771,-0.10647258849999999,0.1464090009,0
4864,1.0,0.051387551850000004,3.0,-0.24405336630000002,-0.1292458629,0.08867789740000001,1
4865,0.0,0.00447997665,1.0,-0.1680747021,-0.13211369335,0.12835094874999997,0
4866,0.0,0.0302799307,2.0,-0.2085571234,-0.154470787,0.099215073,1
4867,2.0,0.05428147665,2.0,-0.21938719965,-0.1645917452,0.07723136844999999,1
4868,0.0,-0.00597971065,1.0,-0.183050081,-0.08087200835,0.14683396929999998,0
4869,0.0,0.0043290883499999995,3.0,-0.22031180535,-0.08961771945,0.12549717155,0
4870,0.0,0.036167681300000004,2.0,-0.252767968,-0.1335738737,0.10834456280000002,1
4871,0.0,0.02353938765,1.0,-0.2475058686,-0.13886283675,0.12362530975,1
4872,0.0,0.036231590849999995,1.0,-0.2974413046,-0.25159832169999996,0.0868324112,0
4873,0.0,0.010555786349999999,1.0,-0.16728262459999999,-0.08648781394999999,0.11138443735,0
4874,0.0,0.00335094985,1.0,-0.20493230605,-0.0880635493,0.1195900795,0
4875,2.0,0.0686799409,4.0,-0.24959005694999997,-0.12290094125,0.07207778425,1
4876,0.0,-0.030800263100000003,1.0,-0.2106066693,-0.11987214245,0.15238824175,0
4877,2.0,0.05670670005,4.0,-0.23201345625,-0.1228115211,0.08650526495,1
4878,2.0,0.0532075399,4.0,-0.2185386791,-0.19640149865,0.08654744235,1
4879,0.0,0.0418766352,3.0,-0.27563341545,-0.24603886435,0.07203138284999999,1
4880,0.0,-0.0290374318,1.0,-0.2294428234,-0.1943151701,0.15561541574999999,0
4881,0.0,0.0301040537,1.0,-0.2084385722,-0.1607306437,0.09565761354999999,0
4882,1.0,0.028855216849999997,3.0,-0.18752753845,-0.1732360626,0.1039037569,1
4883,0.0,-0.0613760121,4.0,-0.20611266545,-0.17503172844999998,0.19732276525,0
4884,0.0,0.010071057750000001,2.0,-0.19460774175,-0.1770179317,0.11818949014999999,1
4885,1.0,0.02909498095,3.0,-0.186585421,-0.17031215675,0.09925647615,1
4886,0.0,-0.02818193465,1.0,-0.20920818145,-0.14632047565,0.16040280245,0
4887,1.0,0.06601055965,3.0,-0.2218438747,-0.14688769834999998,0.059970569999999994,1
4888,1.0,0.0334102378,5.0,-0.2146828275,-0.15752216000000002,0.1028886361,1
4889,0.0,0.04007725285,1.0,-0.20894515035,-0.1680228411,0.0715720607,0
4890,1.0,0.0447984932,4.0,-0.22794301005,-0.171792152,0.0568820052,0
4891,0.0,0.04052240205,2.0,-0.26257810245,-0.25976887309999996,0.06650631350000001,1
4892,1.0,0.0622418216,1.0,-0.22759415115,-0.18065880974999998,0.07306609705,1
4893,2.0,0.057700656850000004,3.0,-0.18476600145,-0.1390088967,0.08096522605,1
4894,1.0,0.07459611695,1.0,-0.2012843866,-0.14308000305000002,0.061363635,1
4895,0.0,-0.020336152099999998,4.0,-0.21528447135,-0.1447689299,0.1551050505,0
4896,0.0,0.0291952322,3.0,-0.22356857395000002,-0.17859370959999998,0.09334080615000001,0
4897,1.0,0.0486274592,1.0,-0.19649134945,-0.1671763724,0.08421730899999999,1
4898,1.0,0.043441028150000005,1.0,-0.1546225008,-0.09437277825000001,0.0920584169,0
4899,0.0,0.03468882825,1.0,-0.3035296287,-0.26020090015,0.08527775280000001,0
4900,0.0,0.032077556,4.0,-0.29596430279999997,-0.25609525774999997,0.08622413815,0
4901,0.0,0.0313913267,4.0,-0.30938491474999996,-0.1924381617,0.08469848320000001,0
4902,1.0,0.0383241603,3.0,-0.20582176935000002,-0.17649840555000001,0.0949080044,1
4903,1.0,0.041533424050000003,5.0,-0.1874977146,-0.15664772045,0.09997600420000001,1
4904,1.0,0.03580015775,5.0,-0.21368261005,-0.1713629807,0.10069213460000001,1
4905,0.0,0.0320450032,3.0,-0.3222993738,-0.2794440559,0.08913518295,0
4906,1.0,0.046550058650000004,3.0,-0.2117152476,-0.19184379135000001,0.07776064264999999,1
4907,1.0,0.0243255925,3.0,-0.21435330354999999,-0.19416560815,0.10637751995,1
4908,0.0,0.03108715585,3.0,-0.32332413935000004,-0.28504621625,0.09209673600000001,0
4909,0.0,0.0409690726,1.0,-0.29081885015,-0.25158436780000004,0.0838071143,0
4910,0.0,0.03719543755,2.0,-0.20633832154999998,-0.17981300755000001,0.10210441725,1
4911,0.0,0.03934176205,2.0,-0.18802954665,-0.13518957225,0.10175387835,1
4912,0.0,0.0377164526,4.0,-0.2119892576,-0.1916049357,0.0926938143,0
4913,0.0,0.0495957639,3.0,-0.29241865525,-0.26395553495,0.0567454527,0
4914,1.0,0.045053979,3.0,-0.22633626685,-0.20947507259999998,0.08826006014999999,1
4915,1.0,0.044878267050000004,3.0,-0.2104487622,-0.1732089018,0.0887565488,1
4916,0.0,0.0335474485,2.0,-0.19861144884999998,-0.10242861305,0.10053971279999999,1
4917,0.0,0.02264251915,1.0,-0.2173459791,-0.1838527183,0.1069785528,0
4918,1.0,0.0556716882,3.0,-0.20967448254999999,-0.1066781562,0.08138513770000001,1
4919,0.0,0.04056159735,3.0,-0.2283087116,-0.17055792279999998,0.0714834827,0
4920,0.0,0.03322737405,3.0,-0.20523881784999998,-0.16262038655,0.10471025375000001,0
4921,1.0,0.05151954235,3.0,-0.2348689048,-0.20457903389999998,0.08027780305000001,1
4922,0.0,0.04142974705,1.0,-0.20051522789999998,-0.1744529134,0.06404003929999999,0
4923,0.0,0.0101948999,3.0,-0.15254385474999999,-0.1374790179,0.1164060021,0
4924,0.0,0.0154837508,6.0,-0.2138546962,-0.15547606705,0.11193964504999998,1
4925,1.0,0.0512383185,3.0,-0.22492403384999998,-0.1051319024,0.08984283209999999,1
4926,0.0,0.03645815945,3.0,-0.21911075375,-0.17695795445,0.0743334427,0
4927,1.0,0.04987567885,3.0,-0.21847733585,-0.1142386156,0.08903623675,1
4928,0.0,0.03958900825,2.0,-0.23539496129999998,-0.1174281898,0.10144755479999999,1
4929,0.0,0.0337793494,4.0,-0.2307944384,-0.22422955225,0.08543810460000001,0
4930,0.0,0.03673808645,3.0,-0.2347755841,-0.20432689445000002,0.07298108209999998,0
4931,0.0,0.027333895900000002,3.0,-0.3049196274,-0.27641118239999996,0.0906475031,0
4932,1.0,0.05817226865,3.0,-0.23204216065,-0.12985586124999998,0.07988804265,1
4933,0.0,0.029466369649999997,3.0,-0.30370426515000004,-0.24075023280000002,0.08765651954999999,0
4934,0.0,0.024231117150000002,3.0,-0.2573491387,-0.22668159055,0.0959301424,0
4935,2.0,0.065452671,4.0,-0.1899421342,-0.0908164393,0.0669258616,1
4936,0.0,0.03202383,3.0,-0.3027654603,-0.25633048035,0.08425967349999999,0
4937,2.0,0.04664802375,4.0,-0.2389374379,-0.1882969374,0.08155089195,1
4938,2.0,0.057945154250000006,4.0,-0.19846094035,-0.0991201398,0.0790827717,1
4939,0.0,0.03446218345,3.0,-0.2982147849,-0.2705871199,0.08883178965,0
4940,1.0,0.05868658465,3.0,-0.21659883624999998,-0.19528725695,0.06913049055,1
4941,0.0,0.048703404650000004,3.0,-0.21890866125,-0.15041414445,0.07534817664999999,0
4942,0.0,0.0229316127,2.0,-0.19389705545000002,-0.1522330463,0.1173419032,1
4943,0.0,0.041479499,1.0,-0.28221366845,-0.2444815683,0.07042610125000001,0
4944,0.0,0.029194450599999998,3.0,-0.29268832580000004,-0.2189791155,0.0895369043,0
4945,0.0,0.03477549135,3.0,-0.27230194249999995,-0.19210692955,0.08396526274999999,0
4946,0.0,0.0267506116,4.0,-0.28506752385,-0.2170097782,0.102983771,0
4947,0.0,0.035797167,3.0,-0.2223765503,-0.1814974204,0.0701605711,0
4948,1.0,0.0462900114,3.0,-0.2024951701,-0.10796208360000001,0.09164386969999999,1
4949,0.0,0.0381111736,1.0,-0.2798079369,-0.26949511365,0.08088419090000001,0
4950,0.0,0.00410252075,1.0,-0.1725214609,-0.11278259625,0.12229125344999998,0
4951,0.0,-0.01520271325,1.0,-0.20604554800000002,-0.12030249745,0.1436413423,0
4952,1.0,0.048717245150000005,3.0,-0.19304024939999997,-0.17627672165000002,0.08454442835,1
4953,0.0,0.0393642766,4.0,-0.2699145101,-0.20258108185,0.07242696269999999,0
4954,0.0,0.044374479349999996,1.0,-0.26282716645000004,-0.20096118125,0.0712217349,0
4955,1.0,0.0493213953,3.0,-0.22309748494999998,-0.20152656424999998,0.0878295779,1
4956,1.0,0.04198306275,3.0,-0.18956868799999999,-0.09432034035,0.09425823955000001,1
4957,0.0,0.03294352005,3.0,-0.31633056055,-0.2645093661,0.08932581005000001,0
4958,0.0,0.04554878445,3.0,-0.23478570380000002,-0.2233717679,0.069315266,0
4959,0.0,-0.01242174875,1.0,-0.18927052835000002,-0.13579527400000002,0.1452843755,0
4960,0.0,0.0020579415,3.0,-0.1987000258,-0.14369739259999997,0.13604784545,0
4961,0.0,0.03371132185,2.0,-0.2874141508,-0.17449151725,0.0824298792,0
4962,0.0,0.037800430100000004,2.0,-0.2343195663,-0.120660878,0.10475341619999999,1
4963,0.0,0.0396330676,1.0,-0.29376234575,-0.2636898392,0.07885633805,0
4964,0.0,-0.01532020965,1.0,-0.20470890515,-0.14081301745,0.15399728725,0
4965,1.0,0.0532825207,3.0,-0.21428241874999998,-0.150652,0.084146718,1
4966,0.0,0.0067957897,1.0,-0.17023708155,-0.1338421897,0.11863858355000001,0
4967,0.0,0.04539969845,4.0,-0.21922192405,-0.16519858365,0.061244925199999994,0
4968,0.0,0.0048189926000000004,3.0,-0.16475702435,-0.13647018575,0.12327448860000001,0
4969,1.0,0.054078587250000004,3.0,-0.1758524974,-0.1393334798,0.08848287434999999,1
4970,0.0,0.01834425525,3.0,-0.22408432509999998,-0.1850563501,0.11125473485000001,0
4971,1.0,0.0459366175,3.0,-0.2408041642,-0.13086479374999999,0.09403395495,1
4972,0.0,0.02277854535,2.0,-0.2135609231,-0.1593043577,0.10562887395,1
4973,0.0,-0.0507612931,3.0,-0.22694382824999998,-0.16982679835,0.1769966905,0
4974,0.0,0.033455582750000004,4.0,-0.1979733079,-0.11025959105,0.09521852380000001,1
4975,0.0,0.03638485465,3.0,-0.3293474504,-0.28029845165,0.08270640535,1
4976,0.0,0.0348576071,4.0,-0.283732563,-0.1767307532,0.08028050005,0
4977,0.0,0.03892652695,3.0,-0.30772798754999997,-0.29166429565,0.0886072083,0
4978,0.0,0.026375256049999997,4.0,-0.2858814853,-0.17984908195,0.0871173407,0
4979,1.0,0.0351935763,3.0,-0.2350155504,-0.17488249225,0.0881416334,1
4980,0.0,0.04847971005,2.0,-0.2983911819,-0.2584238778,0.06705799715,0
4981,0.0,0.044733648050000005,3.0,-0.27891238394999995,-0.2417890163,0.07896159430000001,1
4982,0.0,-0.01722383395,1.0,-0.20317236765000002,-0.17372890655,0.14210933609999998,0
4983,1.0,0.05113878685,3.0,-0.3118378973,-0.27023579514999996,0.0602078142,0
4984,0.0,0.00837865805,1.0,-0.23019365954999998,-0.128844246,0.13146468839999997,0
4985,0.0,0.0217727383,3.0,-0.3003645388,-0.22987683465,0.09807424584999999,0
4986,0.0,0.03206351665,2.0,-0.1987688938,-0.0935126755,0.111437465,1
4987,3.0,0.049963098649999996,4.0,-0.2103511706,-0.08146826944999999,0.09080758175,1
4988,0.0,0.0405431725,1.0,-0.27300448494999996,-0.27165738665,0.0702662148,0
4989,2.0,0.056322605250000005,4.0,-0.18338024730000002,-0.14575203115000002,0.07535732184999999,1
4990,0.0,0.03673834205,5.0,-0.23947749685,-0.18887789589999998,0.07630235529999999,0
4991,0.0,0.0379014124,3.0,-0.2283365207,-0.1822120998,0.08507376485,0
4992,0.0,0.0265663096,1.0,-0.2003925508,-0.09937355789999999,0.10069750975,0
4993,2.0,0.0489156673,6.0,-0.19307304095,-0.1406097155,0.0936460473,1
4994,1.0,0.0382170931,3.0,-0.2000602372,-0.1800290216,0.09822897855,1
4995,0.0,0.03673341545,3.0,-0.29877817965,-0.18712126335,0.0767410656,0
4996,2.0,0.03999429465,5.0,-0.2356816186,-0.1070309756,0.10645135145,1
4997,0.0,0.0373133692,3.0,-0.26715120575,-0.25804328475,0.07041830909999999,1
4998,0.0,0.03838483685,3.0,-0.3025487423,-0.2466723375,0.08204455135,0
4999,1.0,0.05550248345,5.0,-0.1816616628,-0.09329302575000001,0.08194668,1
5000,0.0,0.0183452885,2.0,-0.19847624665,-0.1488666084,0.11720657205000001,1
5001,1.0,0.045387927450000004,3.0,-0.1934129501,-0.15327267625000002,0.08602411735,1
5002,0.0,0.0319181214,2.0,-0.2218651019,-0.1484915118,0.10875489825000001,1
5003,1.0,0.030570688149999997,3.0,-0.20480251385,-0.161470681,0.10814912580000001,1
5004,1.0,0.036706561900000004,3.0,-0.21493933245,-0.21056846964999998,0.09959427945,1
5005,1.0,0.051004981899999996,5.0,-0.2210495551,-0.16636203570000002,0.08440994995000001,1
5006,0.0,0.0130180287,1.0,-0.1823269194,-0.15121929185,0.11151741555,0
5007,2.0,0.06711432025,4.0,-0.19771217735,-0.10911420235,0.06934438765,1
5008,0.0,0.03435701965,4.0,-0.27673801045,-0.2477801275,0.0843145398,0
5009,0.0,0.055070459599999996,2.0,-0.23348821915,-0.2062197516,0.07289328775000001,1
5010,2.0,0.05212985975,4.0,-0.19893614510000002,-0.11810202025,0.08545493265,1
5011,2.0,0.060167614800000005,4.0,-0.1987201165,-0.14331575445,0.0815451975,1
5012,0.0,0.0079958258,1.0,-0.21243485875,-0.1793175151,0.11558555525,0
5013,0.0,0.018485599300000002,2.0,-0.22975336475,-0.1726820119,0.1146099065,1
5014,0.0,0.0017743739500000002,1.0,-0.20609389455,-0.17914600825,0.1283672578,0
5015,1.0,0.04699772135,3.0,-0.2740387423,-0.22012036964999998,0.07606124935,1
5016,1.0,0.054461983850000006,5.0,-0.2194993308,-0.1928192373,0.0788499137,1
5017,1.0,0.04885358575,1.0,-0.21498073645,-0.19532159659999998,0.0692786375,1
5018,2.0,0.065858378,4.0,-0.226716736,-0.09512401225,0.07246351565,1
5019,0.0,0.04794945885,2.0,-0.20592331095,-0.10318921405,0.0924267495,1
5020,0.0,0.0295923181,1.0,-0.22682003444999999,-0.19248128815,0.0852459141,0
5021,0.0,0.03185726825,4.0,-0.20022520685,-0.1458509884,0.10055699970000001,1
5022,0.0,0.040937619450000004,1.0,-0.2320614342,-0.18437772045,0.0621959498,0
5023,2.0,0.06035682185,2.0,-0.20022264515,-0.18541833085,0.07308374615,1
5024,0.0,0.0333342654,2.0,-0.21780543795,-0.16319659860000002,0.07269039285000001,0
5025,1.0,0.0306027079,3.0,-0.22588410285,-0.19261404185,0.0984222884,1
5026,2.0,0.05004848045,4.0,-0.2313233786,-0.1815406973,0.08094263070000002,1
5027,0.0,0.02720108455,1.0,-0.3095995117,-0.23311038709999998,0.08627967795,0
5028,2.0,0.05375877595,4.0,-0.1983928039,-0.1105580005,0.08528829145,1
5029,0.0,0.04474632555,1.0,-0.24916221784999998,-0.24062400839999998,0.0630490948,1
5030,0.0,0.0381319929,1.0,-0.24670154360000002,-0.23970286540000002,0.07469514405,1
5031,0.0,0.0543857777,1.0,-0.26396201995,-0.21036418810000002,0.0626787217,0
5032,0.0,0.0399904169,3.0,-0.21706848795,-0.18383196785,0.06777998925,0
5033,0.0,0.04048906105,4.0,-0.23496411065,-0.17764591865,0.0663513057,0
5034,0.0,0.033008966900000006,3.0,-0.2185527483,-0.185644253,0.0748634822,0
5035,0.0,0.036020131649999995,4.0,-0.2747279644,-0.2019073742,0.08066008445,0
5036,0.0,0.0441714668,2.0,-0.19619940785,-0.11638787149999999,0.09674106335,1
5037,0.0,0.0493891619,1.0,-0.2934355535,-0.2914238362,0.06398326509999999,1
5038,0.0,0.038026348200000004,3.0,-0.2860980326,-0.2556082062,0.0791036992,0
5039,0.0,0.04789487365,1.0,-0.2786827014,-0.19177156620000002,0.06576971155,0
5040,0.0,0.03098398065,2.0,-0.30427428744999996,-0.1963625873,0.0773897246,0
5041,0.0,0.039170239,3.0,-0.3002487334,-0.21735025915,0.061468678,0
5042,1.0,0.06261812795,3.0,-0.22749676265000002,-0.1298593331,0.07512112805,1
5043,0.0,0.04632157665,2.0,-0.25559466545,-0.23707272610000002,0.080076227,1
5044,1.0,0.0403228611,3.0,-0.23265765875,-0.1627015849,0.09708474830000001,1
5045,0.0,0.0053156913,1.0,-0.1652588457,-0.13688286535,0.12642725725,0
5046,0.0,0.024256035500000002,1.0,-0.1910244059,-0.18551550714999998,0.11270740779999999,1
5047,0.0,0.0279721832,3.0,-0.28923284865,-0.2456346646,0.09238614705,0
5048,0.0,0.03166977975,3.0,-0.22080641965,-0.17184877469999998,0.0720183649,0
5049,0.0,0.02897356415,3.0,-0.2979653205,-0.2533427271,0.09297778215,0
5050,1.0,0.0439279753,3.0,-0.1991234959,-0.15952386125,0.09160398335,1
5051,1.0,0.04697322155,3.0,-0.23759894650000002,-0.18028726765,0.09301063740000001,1
5052,1.0,0.04806254385,3.0,-0.2144332541,-0.1799510823,0.09054663255,1
5053,0.0,0.02826498735,3.0,-0.29636604035,-0.236667501,0.08388955379999999,0
5054,0.0,0.03506232715,3.0,-0.312714404,-0.25939687895,0.08548022649999999,0
5055,0.0,0.0440021783,1.0,-0.31551129525,-0.2847085494,0.07458975614999999,1
5056,0.0,-0.0156691341,1.0,-0.1989123551,-0.15088364245000002,0.1288598131,0
5057,1.0,0.03607075795,3.0,-0.14061838565,-0.1227704448,0.09617756065,1
5058,0.0,0.02059903255,2.0,-0.1975694452,-0.0864226374,0.11778721105,1
5059,0.0,0.01854967045,2.0,-0.19629385225,-0.09440173725,0.12079812105,1
5060,2.0,0.0691575773,4.0,-0.2122647861,-0.17504939515,0.06966211155,1
5061,2.0,0.0681790514,4.0,-0.19217507005,-0.0892873125,0.07035958009999999,1
5062,0.0,0.0270280244,4.0,-0.27252421984999997,-0.2491415656,0.09946394844999999,0
5063,0.0,-0.01503549525,5.0,-0.18814610415,-0.10924373039999999,0.1427784118,0
5064,2.0,0.0586971456,4.0,-0.2215846266,-0.19896354535,0.07535831794999999,1
5065,2.0,0.06354748115,2.0,-0.2366505364,-0.20830460605,0.07019808345,1
5066,0.0,-0.010828426450000001,1.0,-0.20557926725,-0.0569477059,0.1507445598,0
5067,2.0,0.06600610975,4.0,-0.2230035886,-0.1103718602,0.07304170430000001,1
5068,0.0,0.04028522135,1.0,-0.30204142205,-0.279947415,0.08065682915,1
5069,1.0,0.06007168905,1.0,-0.20356993145000002,-0.16787953915,0.08696128865,1
5070,0.0,0.0233330577,3.0,-0.32995197575,-0.31710997725,0.10693171615,0
5071,0.0,0.0545245486,4.0,-0.32408240755,-0.2097416486,0.057210589000000006,0
5072,1.0,0.0694061398,3.0,-0.19962216575,-0.16380502545,0.06498597195,1
5073,0.0,0.0288335997,1.0,-0.21181487225,-0.14855070555,0.1080681477,1
5074,0.0,-0.00054172045,1.0,-0.19479502505000001,-0.10534696395,0.1234125382,0
5075,1.0,0.05168378705,3.0,-0.31937672385,-0.26779519,0.058824742299999996,0
5076,1.0,0.047347702699999994,3.0,-0.2377223333,-0.14140905695,0.09245057115000001,1
5077,0.0,0.03320971435,2.0,-0.23589247559999998,-0.12965040925,0.10884269604999998,1
5078,0.0,0.04959859805,4.0,-0.2267603211,-0.13686018705,0.08972736715,1
5079,2.0,0.0628549124,4.0,-0.17567187385,-0.13116411025,0.08047637864999999,1
5080,0.0,0.05592732015,3.0,-0.2614183133,-0.2412337855,0.06256896125,0
5081,1.0,0.038268995050000004,3.0,-0.23162803345,-0.18916658025,0.0899194857,1
5082,0.0,0.0331004919,3.0,-0.22732569505,-0.2201141362,0.08449358435,0
5083,0.0,0.0497867276,2.0,-0.27910744185,-0.26404922545,0.06849199705,1
5084,0.0,0.0163340826,2.0,-0.19979033975,-0.16289918695,0.1193058528,1
5085,0.0,0.04898297405,1.0,-0.2762267503,-0.2503927184,0.06009550435,0
5086,0.0,0.04154975705,1.0,-0.28300767935000004,-0.2409016974,0.0783697567,0
5087,0.0,-0.0347665157,1.0,-0.1795573,-0.14127129700000002,0.15919706909999998,0
5088,0.0,0.036423391,3.0,-0.23714010525,-0.21574306705000001,0.0775614988,0
5089,0.0,0.03502686175,1.0,-0.23438812675,-0.20538915105,0.078935432,0
5090,0.0,0.03926953985,1.0,-0.26478360489999997,-0.24754683155,0.0821101146,0
5091,1.0,0.0390733674,3.0,-0.24573228930000002,-0.17161362675,0.09481302664999999,1
5092,1.0,0.02907684545,3.0,-0.23348011024999998,-0.16506728195,0.10367530554999999,1
5093,0.0,0.046196971850000004,3.0,-0.2786961112,-0.27532583935,0.06890960835,0
5094,2.0,0.04464215795,4.0,-0.17805354755,-0.14094322185,0.08647673044999998,1
5095,2.0,0.0579531163,4.0,-0.1938924037,-0.1593205208,0.07275453444999999,1
5096,0.0,0.02971431725,4.0,-0.21793241505,-0.1487338161,0.10811959575,1
5097,0.0,0.03353910015,4.0,-0.2511562035,-0.21749956585000002,0.08274442505000001,0
5098,0.0,0.03807908115,4.0,-0.310016501,-0.29673987625,0.0869134827,0
5099,0.0,0.025779869400000002,2.0,-0.22959738575,-0.15723495510000002,0.1137980206,1
5100,2.0,0.05849489795,4.0,-0.21115521850000002,-0.0942982804,0.08638212710000001,1
5101,2.0,0.0607349983,3.0,-0.22922928385,-0.09322776845,0.08537975045,1
5102,1.0,0.04658769405,3.0,-0.2187056614,-0.08825890894999999,0.0916012829,1
5103,0.0,0.02168137825,2.0,-0.20099144445,-0.08591813144999999,0.116375175,1
5104,0.0,0.021087963850000002,2.0,-0.1892498878,-0.14848102585,0.11931931365,1
5105,1.0,0.0619904528,5.0,-0.19379000125,-0.1655201784,0.0737163407,1
5106,0.0,0.03903717575,4.0,-0.2770958235,-0.241486625,0.07757134685,0
5107,2.0,0.048865476899999996,4.0,-0.2216631193,-0.10014472895,0.08810998984999999,1
5108,0.0,0.04171194285,4.0,-0.26416583675,-0.26118920214999997,0.07140021134999999,1
5109,0.0,0.03981831995,3.0,-0.28209957264999996,-0.24848017830000002,0.08040871409999999,1
5110,0.0,0.034157402899999995,3.0,-0.29126026810000005,-0.23428261104999998,0.08434902194999999,0
5111,0.0,0.040431980500000006,2.0,-0.1954402253,-0.07903024335,0.10674540364999999,1
5112,0.0,0.029921958050000003,4.0,-0.28153784395000003,-0.25447942599999995,0.09070098375,0
5113,2.0,0.0638775161,6.0,-0.18405243975000002,-0.12350726625,0.07464007825,1
5114,0.0,0.00472411815,3.0,-0.1929346896,-0.1051149042,0.1343117284,0
5115,0.0,0.023306959,2.0,-0.1912454318,-0.1703944479,0.11319527635,1
5116,0.0,0.02274420605,4.0,-0.1936324988,-0.15415923975,0.1098961191,1
5117,2.0,0.0582321015,4.0,-0.1939778371,-0.12627629969999998,0.0819997639,1
5118,0.0,0.03776093485,2.0,-0.2886282779,-0.21148840415,0.0851625796,0
5119,0.0,0.025855518549999998,6.0,-0.31523497489999996,-0.23860053145,0.08673637005,0
5120,2.0,0.0461727478,4.0,-0.2020294333,-0.1321733747,0.09392712765,1
5121,0.0,0.0266501837,4.0,-0.29751724960000003,-0.2809298051,0.09927192625,0
5122,2.0,0.06226008175,2.0,-0.2011595745,-0.16283831240000002,0.06771097135000001,1
5123,1.0,0.04846114765,3.0,-0.2133158373,-0.18697586435000002,0.09014554615,1
5124,1.0,0.06731241475,3.0,-0.19483963265,-0.1511482586,0.06681186565,1
5125,0.0,0.05253156465,2.0,-0.2080446937,-0.10202782904999999,0.09114024004999999,1
5126,0.0,-0.029168101850000003,1.0,-0.1703441832,-0.15427780455,0.14073159325,0
5127,2.0,0.05708780725,6.0,-0.16758404685,-0.09018971989999999,0.07991159035,1
5128,0.0,0.044814689399999996,3.0,-0.25208840245,-0.23391293670000002,0.07464726305,0
5129,1.0,0.064290422,3.0,-0.23446230535,-0.15346896285,0.0651802583,1
5130,0.0,0.043979094999999996,2.0,-0.2086280768,-0.1172068506,0.09415067765,1
5131,0.0,0.0416745492,3.0,-0.2717357702,-0.2488217727,0.0768525767,0
5132,0.0,0.037411760249999995,2.0,-0.23299961005,-0.14621039595000002,0.09954653930000001,1
5133,0.0,0.0313963269,3.0,-0.29967551810000004,-0.25946099570000003,0.08683496375000001,0
5134,0.0,0.0198875567,1.0,-0.17956323735000002,-0.13748515890000002,0.1100726286,1
5135,0.0,0.03002940215,3.0,-0.30510817619999997,-0.2288681415,0.0906586962,0
5136,0.0,0.02213223715,2.0,-0.16308368155,-0.1131777266,0.11154398774999999,1
5137,0.0,0.01815640655,2.0,-0.16335597894999998,-0.11576925685,0.11451383685,1
5138,0.0,0.031290340050000004,2.0,-0.28650909825000004,-0.28105540554999997,0.0869747398,0
5139,0.0,0.039062576700000004,2.0,-0.27825578605,-0.27216757305,0.0739150106,0
5140,1.0,0.0301863226,3.0,-0.19440761055,-0.15070022235000002,0.10219448710000001,1
5141,1.0,0.0377701124,3.0,-0.17301962905,-0.12616218964999998,0.09011672009999999,1
5142,1.0,0.0258766206,3.0,-0.2169807607,-0.1883728198,0.1059879648,1
5143,1.0,0.046862475449999996,5.0,-0.19836307135,-0.12806729245,0.0873450119,1
5144,0.0,0.0237471837,3.0,-0.31378957175,-0.29473268485,0.10029017779999999,0
5145,0.0,0.03548039165,2.0,-0.23649086214999998,-0.1748577967,0.09179839995,1
5146,0.0,0.0336794227,2.0,-0.2461047723,-0.16040979715,0.08812357000000001,1
5147,0.0,0.02431941815,2.0,-0.201942455,-0.11609028045,0.1090494316,1
5148,0.0,0.02931734405,3.0,-0.332098095,-0.3208685926,0.09935375145,0
5149,0.0,0.0287532971,3.0,-0.33219643555,-0.30568446155,0.09835794689999999,0
5150,0.0,0.027898339299999998,3.0,-0.2624217298,-0.20570672150000002,0.08270390629999999,0
5151,1.0,0.0042012570999999995,4.0,-0.21894171885,-0.1104206583,0.11824908350000002,0
5152,0.0,0.02577800175,3.0,-0.29016519279999997,-0.2850238378,0.09747716000000001,0
5153,1.0,0.05416065715,1.0,-0.2529879197,-0.2182685549,0.07197612905,1
5154,1.0,0.05748514935,5.0,-0.21737589505,-0.13720693034999998,0.07621944779999999,1
5155,1.0,0.044645049549999996,3.0,-0.22001157425,-0.1662098688,0.0850466164,1
5156,0.0,-0.02818315115,1.0,-0.1646797669,-0.0648109201,0.14373191155,0
5157,0.0,0.04338546055,2.0,-0.20355717369999998,-0.09551806465000001,0.10397588340000001,1
5158,1.0,0.0482382339,5.0,-0.2114026033,-0.1813865603,0.07384780405,1
5159,0.0,0.033317973099999995,2.0,-0.285755553,-0.26082373464999997,0.08147179265,0
5160,0.0,0.0385949089,1.0,-0.3114184557,-0.2281971848,0.06650790945,0
5161,0.0,0.028402605400000003,1.0,-0.14240924145,-0.1175031448,0.0987441761,0
5162,0.0,0.029003360800000003,3.0,-0.29181904869999997,-0.2721127435,0.09935191204999999,0
5163,0.0,0.02288764745,3.0,-0.30514624675,-0.23117531085,0.10232253035,0
5164,0.0,0.02967887055,3.0,-0.303492505,-0.2557752333,0.08892049865,0
5165,0.0,0.0255828149,3.0,-0.30851382605,-0.28207467885,0.09930742320000001,0
5166,0.0,0.0287453997,3.0,-0.2991337549,-0.28053652615,0.09838621624999999,0
5167,0.0,0.0074402779,3.0,-0.1909469446,-0.15360816254999998,0.11829170389999999,1
5168,0.0,0.036202547550000005,3.0,-0.3167072352,-0.268683868,0.08498139095,0
5169,2.0,0.05931699315,4.0,-0.16817288965,-0.12073984865000001,0.08590621955000001,1
5170,0.0,-0.0130223314,3.0,-0.17698018395,-0.1358445431,0.1454534986,0
5171,0.0,0.011659877,5.0,-0.16345320615,-0.10787785495,0.12266770020000001,0
5172,0.0,0.0284881064,3.0,-0.31115456220000004,-0.28979146175000003,0.10112258504999999,0
5173,0.0,0.042557908650000004,4.0,-0.27661048245,-0.2456507476,0.0751454403,0
5174,0.0,0.02066378735,3.0,-0.32374751575,-0.27601924050000004,0.11084070980000002,0
5175,1.0,0.04276671165,3.0,-0.194509033,-0.15833939419999998,0.08302325314999999,1
5176,1.0,0.03583146195,3.0,-0.20979760775,-0.1471713819,0.0947097124,1
5177,0.0,0.0425798544,2.0,-0.27716013429999997,-0.2622885476,0.08183087,0
5178,0.0,0.0262495758,3.0,-0.305163215,-0.25306214215,0.1005890223,0
5179,0.0,0.05038712105,5.0,-0.19196599175,-0.16292681695,0.0848581052,1
5180,2.0,0.0514404852,6.0,-0.13588077365,-0.08410266205,0.07942458475,1
5181,0.0,0.0316182807,3.0,-0.3010345204,-0.2783263109,0.09351524755,0
5182,0.0,0.034907561350000005,3.0,-0.27330711775,-0.26196048005,0.0906706729,0
5183,0.0,0.02962584435,3.0,-0.3503760092,-0.3047934539,0.09506658395,0
5184,1.0,0.07300974365,2.0,-0.16776480175,-0.1284985034,0.06695301025,1
5185,0.0,-0.04903574625,2.0,-0.2339255793,-0.1876140951,0.18716300800000002,0
5186,0.0,0.03168518515,4.0,-0.32137668509999995,-0.2659115365,0.08701758825,0
5187,0.0,0.03878200115,4.0,-0.29892959785,-0.23894016065,0.06626276449999999,1
5188,0.0,-0.005273973899999999,1.0,-0.17289017295,-0.15589971175,0.13136819704999997,0
5189,0.0,0.04122497765,3.0,-0.27966395645,-0.2642645787,0.08155906339999999,0
5190,2.0,0.06297263680000001,4.0,-0.20735726005,-0.09887111330000001,0.07458808549999998,1
5191,1.0,0.05287668595,3.0,-0.18725013224999998,-0.111161608,0.08534012845000001,1
5192,2.0,0.06452965090000001,6.0,-0.15010505154999998,-0.11799829615,0.070270481,1
5193,1.0,0.04846980535,5.0,-0.15392297454999998,-0.1477792031,0.08680685265,1
5194,0.0,0.02595206915,3.0,-0.26434231435,-0.2474530051,0.09171981575,0
5195,0.0,0.0575293732,3.0,-0.2778616815,-0.2414918185,0.052454208849999996,0
5196,1.0,0.043584272,3.0,-0.2092642838,-0.17395735495,0.0803736905,1
5197,1.0,0.0592956712,3.0,-0.19534403525,-0.14440091025000001,0.0792904194,1
5198,1.0,0.045642153549999995,1.0,-0.19722426469999998,-0.13686671220000002,0.09447828824999999,1
5199,2.0,0.0522327837,4.0,-0.1697716633,-0.13275380955,0.09459563780000001,1
5200,0.0,0.039418093200000004,4.0,-0.28269924020000003,-0.20721395445,0.07667393924999999,0
5201,2.0,0.046227311650000005,4.0,-0.18145826310000002,-0.13840561815,0.07229782495,1
5202,0.0,0.03392075355,3.0,-0.30278386945,-0.2100253079,0.07612487115,1
5203,1.0,0.05020090855,3.0,-0.2351734455,-0.14830059515,0.08230277385000001,1
5204,0.0,0.04541939145,3.0,-0.27062570075000003,-0.25871430685,0.09153313585,0
5205,1.0,0.0639760048,3.0,-0.23822333355,-0.1323938573,0.0769592475,1
5206,1.0,0.04964528925,3.0,-0.2273759795,-0.1231444226,0.09556447085,1
5207,0.0,0.027717393,4.0,-0.3047141687,-0.2493347531,0.0988907557,0
5208,0.0,0.042459445900000004,1.0,-0.2774848337,-0.25280741745,0.06566568285,0
5209,0.0,0.041169341649999996,3.0,-0.27652156380000004,-0.2580964877,0.06792601549999999,0
5210,0.0,0.0118074707,3.0,-0.1554557581,-0.12039903360000001,0.1266092296,0
5211,0.0,0.0504725771,3.0,-0.2921308595,-0.2539082025,0.055991902100000004,0
5212,0.0,0.0250326971,1.0,-0.1734148969,-0.1365424467,0.10817115175,1
5213,0.0,0.03755457625,4.0,-0.27995067809999996,-0.24013819615,0.07267734255000001,0
5214,2.0,0.0734710078,4.0,-0.22107034245,-0.11573770750000001,0.07077822305,1
5215,2.0,0.052207291749999996,4.0,-0.18502374465,-0.12502303380000002,0.08798722585000002,1
5216,0.0,0.02464327505,2.0,-0.19366012145,-0.14212734695,0.11398804394999999,1
5217,0.0,0.03838519485,3.0,-0.28978384515,-0.25445972625,0.07226105325,0
5218,0.0,-0.0071980328,2.0,-0.1989878563,-0.06476992985,0.1299168062,1
5219,1.0,0.05509267355,3.0,-0.20347364299999998,-0.16721037275,0.07627003265000001,1
5220,1.0,0.0364782388,5.0,-0.16514401839999998,-0.15767903090000002,0.09667698414999999,1
5221,0.0,0.041408527599999995,3.0,-0.2867892418,-0.257716449,0.0680694696,0
5222,0.0,0.0259903625,4.0,-0.3078491859,-0.2860821767,0.10493808334999999,0
5223,0.0,0.01958252805,2.0,-0.1848510095,-0.1793464039,0.10863283295000001,1
5224,0.0,0.033775719950000005,3.0,-0.3227311287,-0.2817368269,0.08687500545,0
5225,0.0,0.047974494199999995,3.0,-0.29748901699999997,-0.23308927615,0.0669793977,1
5226,1.0,0.04235920725,5.0,-0.22050061664999998,-0.1703150954,0.07999658475,1
5227,2.0,0.06759500685,4.0,-0.24853390295,-0.082547873,0.06873397649999999,1
5228,1.0,0.0749570611,4.0,-0.16502207905,-0.0928961403,0.06441180395,1
5229,0.0,0.027111537800000002,4.0,-0.32274266605,-0.30814816325,0.1037821374,0
5230,0.0,-0.0019677097,1.0,-0.20172453555,-0.10421992335,0.1300151041,0
5231,0.0,0.0400168741,4.0,-0.27600097705000004,-0.26893314115,0.0747828878,0
5232,0.0,0.0021071833,5.0,-0.1791006986,-0.11463231439999999,0.12477315309999999,0
5233,2.0,0.0528254853,4.0,-0.2342975993,-0.08101138445,0.0837360752,1
5234,0.0,0.027164316350000002,3.0,-0.34583182225,-0.3134533114,0.0982318781,0
5235,2.0,0.0527474332,4.0,-0.16478117565,-0.1409944743,0.0687552285,1
5236,2.0,0.058794520399999994,6.0,-0.15995101765,-0.13578123604999998,0.0756544519,1
5237,2.0,0.042863612950000005,4.0,-0.1739009991,-0.12716864615,0.09809867285000001,1
5238,0.0,0.03514589255,4.0,-0.21223638890000002,-0.1593652399,0.09574175875,1
5239,0.0,0.0311589052,2.0,-0.27013978165,-0.25347605725,0.07914604775,0
5240,1.0,0.05559827705,5.0,-0.168284035,-0.1017735677,0.09143577139999999,1
5241,0.0,0.0413743019,4.0,-0.18234077589999997,-0.1154126339,0.1057527341,1
5242,0.0,-0.00219031045,2.0,-0.2175039231,-0.15257549804999998,0.1396868443,0
5243,0.0,0.03084079865,2.0,-0.21402011625,-0.11532282890000001,0.0990963856,1
5244,0.0,0.029050034250000002,3.0,-0.29167879065,-0.26432409185,0.09508898735,0
5245,1.0,0.044736031849999996,3.0,-0.18031157125000002,-0.1177488634,0.10037997600000001,1
5246,0.0,0.02721149345,4.0,-0.26712417465,-0.26077656235,0.09620960545,0
5247,1.0,0.025722917300000002,3.0,-0.21820242880000001,-0.15151197915,0.1108543963,1
5248,0.0,-0.0376152582,1.0,-0.18113476265,-0.1011759884,0.14935549809999998,0
5249,1.0,0.02921329165,3.0,-0.2045734196,-0.1609677587,0.1087878884,1
5250,0.0,0.0358626196,3.0,-0.28142642245,-0.25203919985,0.08625193375000001,0
5251,0.0,-0.00698564445,1.0,-0.1718140537,-0.1378654473,0.14855161655,0
5252,0.0,0.0296918416,3.0,-0.3121967799,-0.26229742875,0.09230085705,0
5253,0.0,-0.0025744457,2.0,-0.22256555725,-0.17751249930000002,0.1308626184,1
5254,1.0,0.051152814899999996,3.0,-0.23013292200000002,-0.20237480805,0.07845872155,1
5255,0.0,0.03308317795,3.0,-0.28466722759999996,-0.25802033739999997,0.07737760175,0
5256,1.0,0.03371180135,5.0,-0.25331566569999997,-0.19334731435,0.1063176422,1
5257,0.0,0.0060768572,1.0,-0.19486680595,-0.16446614934999998,0.13674562275000002,0
5258,1.0,0.0286811446,3.0,-0.17490713055,-0.1519110614,0.10415535785,1
5259,0.0,0.03009895025,3.0,-0.3372506182,-0.26371968495,0.09630210845,0
5260,1.0,0.0381219411,3.0,-0.25260498565,-0.22131655765,0.08468108,1
5261,0.0,0.0615009858,3.0,-0.2421046535,-0.206384451,0.05909292794999999,0
5262,0.0,0.03040908605,3.0,-0.30057173385,-0.2829582142,0.09335891635,0
5263,1.0,0.0394959735,3.0,-0.274421783,-0.2188960512,0.09588760895,1
5264,0.0,0.0309880846,3.0,-0.29853553509999997,-0.2728532371,0.0943488918,0
5265,0.0,0.02404758165,3.0,-0.26147535450000003,-0.2524226384,0.09867557434999999,0
5266,0.0,0.02962338455,3.0,-0.3218747527,-0.26866597515,0.0920266323,0
5267,0.0,0.0144652179,2.0,-0.181966698,-0.1567302866,0.1080234959,1
5268,0.0,0.00332724795,2.0,-0.21922520215,-0.15796236074999997,0.13606973644999998,1
5269,0.0,0.0263667512,4.0,-0.3307308257,-0.3089567231,0.10473108165,0
5270,0.0,0.03318190885,2.0,-0.30678266365,-0.2932073824,0.07687843675,0
5271,1.0,0.03119059555,5.0,-0.24312972605,-0.17446588835,0.10311063355,1
5272,0.0,0.04016820725,4.0,-0.27493734155000005,-0.27078190155000004,0.07111274840000002,0
5273,0.0,0.0420683068,1.0,-0.31379532514999997,-0.3006779845,0.0644190145,0
5274,2.0,0.03176415085,4.0,-0.2083078176,-0.18246032225,0.09767876349999999,1
5275,1.0,0.06350076295,3.0,-0.19170531105,-0.13190189585,0.07261723780000001,1
5276,2.0,0.0511877895,4.0,-0.18916359325,-0.16021942174999998,0.0914736673,1
5277,1.0,0.0279866265,3.0,-0.2133640452,-0.19729693885,0.10861946525000002,1
5278,0.0,0.03168752055,3.0,-0.337729171,-0.3298457746,0.0994972472,0
5279,0.0,0.02865979825,4.0,-0.34061578680000004,-0.31970926735000005,0.09899892995000001,0
5280,2.0,0.028281373550000002,4.0,-0.2564633366,-0.2443087213,0.11335706685000001,1
5281,0.0,0.00108516065,1.0,-0.1753966305,-0.10545131434999999,0.13386175105,0
5282,0.0,0.0247100231,3.0,-0.31923743475,-0.27318573415,0.10610776425000001,0
5283,0.0,0.025530082449999998,3.0,-0.2915776223,-0.2747864014,0.09979376765,0
5284,0.0,0.027093320599999998,3.0,-0.32185766425,-0.30757229505,0.09825890030000001,0
5285,0.0,0.0299407485,3.0,-0.30760503274999995,-0.266450861,0.09192631270000001,0
5286,1.0,0.0537186531,5.0,-0.32474654324999996,-0.28975014855000003,0.0636131325,0
5287,1.0,0.0378470234,3.0,-0.19394443909999998,-0.1738376444,0.0909772887,1
5288,1.0,0.03995610415,3.0,-0.21282891264999998,-0.1452573839,0.09795164790000001,1
5289,0.0,0.043289933249999996,3.0,-0.30524456180000004,-0.27245685085000004,0.07220956910000001,0
5290,1.0,0.0219542447,3.0,-0.2140329125,-0.19842214535000002,0.11359458265,1
5291,1.0,0.04490644815,3.0,-0.21295190775,-0.15261600935,0.09488926389999999,1
5292,1.0,0.01715233535,3.0,-0.24548386965000002,-0.22632783015000002,0.1310576148,1
5293,0.0,0.03582915525,1.0,-0.2944226634,-0.2539219655,0.0829500218,0
5294,1.0,0.04315509645,3.0,-0.23294549539999998,-0.1823281442,0.0860805074,1
5295,1.0,0.05267505175,3.0,-0.2327925207,-0.1821091011,0.07439628255,1
5296,0.0,0.046576527,2.0,-0.2437167756,-0.2185599413,0.07944619004999999,1
5297,0.0,0.036308880249999995,3.0,-0.2838151809,-0.2746391357,0.07236049995,1
5298,0.0,0.0276245081,2.0,-0.17716440225000002,-0.14365443960000002,0.1025281171,1
5299,0.0,0.0314190929,2.0,-0.29106212509999996,-0.28120307445,0.0900911616,0
5300,0.0,0.0222250263,1.0,-0.15727934515,-0.07379370625000001,0.11556297709999999,0
5301,2.0,0.05796307915,4.0,-0.20290874674999998,-0.1238051981,0.0674712524,1
5302,1.0,0.051372665,3.0,-0.2749636666,-0.26473335745000004,0.0633509618,0
5303,0.0,0.009674352550000001,3.0,-0.170831491,-0.0850562646,0.12616511484999998,0
5304,0.0,-0.0073845977,1.0,-0.17242800875,-0.09288096145,0.1499092454,0
5305,1.0,0.0389649517,3.0,-0.2019807865,-0.19058557335,0.09354358374999999,1
5306,1.0,0.050047997100000005,3.0,-0.30398521325,-0.26579941585,0.0618192068,0
5307,1.0,0.02355663575,3.0,-0.22170022995,-0.1639108775,0.110886397,1
5308,0.0,0.048612824449999995,2.0,-0.2658110556,-0.2416686516,0.0646770068,0
5309,2.0,0.04211323295,2.0,-0.2031981953,-0.17390451615000002,0.0746918366,1
5310,1.0,0.057576775950000006,3.0,-0.20382860265,-0.11893701935,0.08650311855,1
5311,2.0,0.0471122382,4.0,-0.23671790539999998,-0.10948431205,0.09993952584999999,1
5312,0.0,0.0512427727,3.0,-0.2813954433,-0.2388030926,0.0665976188,0
5313,0.0,0.030341930750000003,2.0,-0.29654583219999997,-0.26715424425,0.09686961330000002,0
5314,0.0,0.0302530257,4.0,-0.29725701660000003,-0.28696477345,0.0975971642,0
5315,0.0,0.02853392885,3.0,-0.31286607879999995,-0.27990813325,0.09878632885,0
5316,2.0,0.037810953950000004,4.0,-0.2321842589,-0.16800053905,0.09381487555000001,1
5317,0.0,0.036047127400000004,1.0,-0.28071507565,-0.25759632295,0.0806036715,0
5318,0.0,0.0322369843,4.0,-0.284262211,-0.2612818832,0.09150884515,0
5319,0.0,-0.051984058,1.0,-0.24476099855,-0.15887229265,0.18540902185000002,0
5320,1.0,0.0518343536,3.0,-0.20047342725,-0.18865336265,0.07051743915,1
5321,0.0,0.024779105750000002,2.0,-0.19078155959999998,-0.16140652500000002,0.10650894595,1
5322,0.0,0.01477950255,2.0,-0.21542665184999998,-0.17230839375,0.11540238509999999,1
5323,1.0,0.0382232169,3.0,-0.21687433595,-0.182454796,0.07984483135,1
5324,0.0,0.027417169550000002,2.0,-0.20390321579999998,-0.17798837855,0.09434934765,1
5325,1.0,0.02135127275,3.0,-0.1908002838,-0.1587871156,0.1064934377,1
5326,0.0,0.02201534865,3.0,-0.19521769415,-0.1698952513,0.10633340209999999,1
5327,0.0,0.016523234300000002,2.0,-0.21888169145000003,-0.18818982235,0.11683123820000002,1
5328,1.0,0.0281734802,3.0,-0.2464284626,-0.16532018355,0.08878602225,1
5329,2.0,0.052572369650000006,4.0,-0.22016551229999998,-0.1755549894,0.06966630469999999,1
5330,2.0,0.041089206,2.0,-0.26950829,-0.2156209488,0.0799495301,1
5331,0.0,0.038591216299999995,2.0,-0.2987565985,-0.28692357079999997,0.08076475845,1
5332,1.0,0.0441683697,3.0,-0.23929399265,-0.18632644775,0.08478269584999999,1
5333,2.0,0.05094094615,2.0,-0.1994512509,-0.18560875405,0.08618060279999999,1
5334,0.0,0.0498951649,2.0,-0.29561982904999995,-0.28850543465,0.06302754415,0
5335,0.0,-0.02507355385,3.0,-0.21811984245,-0.15498620955,0.14571544335,0
5336,2.0,0.0501111171,4.0,-0.20345458885,-0.1573167473,0.08739121705,1
5337,0.0,0.0366775347,4.0,-0.3192599531,-0.28240044775,0.08794300275,0
5338,1.0,0.045711830950000004,3.0,-0.25969395155,-0.22175509324999998,0.07407713455,1
5339,0.0,-0.0234866583,4.0,-0.23263958655,-0.1477788016,0.1529555102,0
5340,1.0,0.04002628385,3.0,-0.21015384334999998,-0.19580180115,0.0836098243,1
5341,0.0,0.00379840015,1.0,-0.21117849755,-0.08893315875,0.1375266683,0
5342,1.0,0.0355205704,3.0,-0.20834685085,-0.1611971752,0.082906466,1
5343,0.0,0.01221488045,4.0,-0.24040476035,-0.16106535895000001,0.12038295915,1
5344,0.0,0.0274067286,2.0,-0.2275426607,-0.162145667,0.10154727790000001,1
5345,0.0,0.04331618095,2.0,-0.3011532911,-0.28681319485,0.07296278340000001,0
5346,0.0,0.0130372341,1.0,-0.2456712424,-0.13404523565,0.10605964749999999,0
5347,2.0,0.04621775895,2.0,-0.2206690567,-0.1752031522,0.09330512440000001,1
5348,0.0,0.011351387099999999,1.0,-0.24842507135,-0.12550553635,0.11690428959999999,0
5349,0.0,-0.00242357475,2.0,-0.22220852565,-0.1644621195,0.14211636854999998,1
5350,1.0,0.0603372982,3.0,-0.20109151895,-0.1765263714,0.0736130352,1
5351,2.0,0.05955987755,2.0,-0.20959327789999999,-0.19736990534999999,0.0766367485,1
5352,0.0,-0.057424648300000006,1.0,-0.20170474735,-0.14152603925,0.1951841506,0
5353,1.0,0.0413614242,3.0,-0.222415901,-0.17036856555,0.10349065560000001,1
5354,1.0,0.0478771218,3.0,-0.24594583905,-0.1793541031,0.09441571985,1
5355,0.0,-0.009342762000000001,1.0,-0.18653129145,-0.09915268725000001,0.12544839015,0
5356,0.0,0.0129138246,1.0,-0.20580955085000002,-0.15844924565000001,0.11492353045,0
5357,0.0,0.02707294375,1.0,-0.30115726425,-0.24550379055,0.08053691700000001,0
5358,1.0,0.0537948334,3.0,-0.2209332623,-0.09124502195,0.0877007276,1
5359,0.0,0.0009143904000000001,1.0,-0.16565794455,-0.10800192065,0.1200273148,0
5360,1.0,0.0514059561,3.0,-0.17316980405,-0.1223802436,0.08144442160000001,1
5361,2.0,0.06587517009999999,4.0,-0.20939246885,-0.09838721515,0.07236481720000001,1
5362,0.0,-0.00128440455,1.0,-0.25271059035,-0.13484734965,0.1333643438,0
5363,2.0,0.04028875995,4.0,-0.20137246655000002,-0.11610448535000001,0.1068894549,1
5364,0.0,0.035131755449999996,3.0,-0.29099215224999997,-0.24242055634999998,0.07460881445,0
5365,0.0,-0.029951246549999998,1.0,-0.2147091951,-0.122676642,0.14862532705,0
5366,0.0,0.01828806045,5.0,-0.1411056042,-0.13051404795,0.1036597411,0
5367,0.0,0.00731866385,1.0,-0.19509492595,-0.1436491473,0.10971668685,0
5368,0.0,0.0355671295,2.0,-0.33148869940000003,-0.29978352005,0.08399551529999999,0
5369,0.0,0.040105523850000005,4.0,-0.26234241475,-0.26085942809999996,0.07264412405,0
5370,0.0,0.0251054457,4.0,-0.2031156459,-0.1059961066,0.111210488,0
5371,0.0,0.03290154195,4.0,-0.32788871575,-0.31410960835,0.094522011,0
5372,0.0,0.04097378415,2.0,-0.2351943678,-0.22130308695,0.08618547565,1
5373,0.0,0.0033427485,1.0,-0.25243806245,-0.1303539067,0.12642994805000002,0
5374,0.0,0.01013707285,3.0,-0.22051211394999998,-0.13924909435,0.11364076149999999,0
5375,0.0,0.00125389975,3.0,-0.1664663041,-0.13849597214999998,0.12729468170000002,0
5376,0.0,0.023593270899999998,3.0,-0.31886533855,-0.26886723604999996,0.10417843925,0
5377,0.0,-0.035784157999999996,3.0,-0.2209848261,-0.1614893101,0.1605213221,0
5378,2.0,0.0610579072,4.0,-0.20973583345000002,-0.1803077049,0.0679099371,1
5379,1.0,0.0382049302,3.0,-0.2428244194,-0.21549664270000002,0.0907497662,1
5380,0.0,0.061283889999999994,3.0,-0.24257137735,-0.2235012785,0.05612570545000001,1
5381,1.0,0.03850669775,3.0,-0.27680074595000004,-0.2582838608,0.0653886489,1
5382,0.0,0.0139857662,2.0,-0.18699683695,-0.15472249295,0.12662974425,1
5383,0.0,0.0361472833,3.0,-0.2442160145,-0.18839668534999998,0.09164525295,0
5384,1.0,0.03774192135,5.0,-0.19862449729999998,-0.15710435779999998,0.1001451105,1
5385,0.0,0.0337969907,4.0,-0.3196736804,-0.3005081297,0.09477506315000002,0
5386,0.0,0.0126591896,1.0,-0.1988846667,-0.1066526475,0.1096058745,0
5387,0.0,0.0250754309,3.0,-0.30004891980000004,-0.20677737494999998,0.09309977175,0
5388,0.0,0.0143657066,1.0,-0.1997452981,-0.1045363371,0.11303704920000002,0
5389,2.0,0.044137286,4.0,-0.2060710245,-0.17993700969999998,0.0876385239,1
5390,0.0,-0.03141396145,3.0,-0.192254804,-0.114988623,0.1655058563,0
5391,1.0,0.04173531115,3.0,-0.22080791430000002,-0.21223926855,0.09080860895000001,1
5392,0.0,0.0481270033,2.0,-0.2680026218,-0.25990833795,0.0678793171,0
5393,1.0,0.0353119121,5.0,-0.20738953755,-0.17205727739999999,0.0951893264,1
5394,0.0,0.04101254925,3.0,-0.2914071026,-0.2840069778,0.08476906819999999,0
5395,0.0,0.009492702,1.0,-0.19453369185000002,-0.08916886015,0.115188727,0
5396,1.0,0.04014138095,1.0,-0.22865379019999998,-0.2147082479,0.09785322020000001,1
5397,0.0,0.0258129769,2.0,-0.1839778652,-0.14922895355,0.10111173055,1
5398,1.0,0.04432470955,3.0,-0.23429727565,-0.1909462496,0.08474582335,1
5399,0.0,0.03415822585,1.0,-0.21902380194999999,-0.2084830011,0.10122239465000002,1
5400,1.0,0.043367945899999996,3.0,-0.2153920995,-0.2041050388,0.08197741480000001,1
5401,0.0,0.01011665625,1.0,-0.18564400315000001,-0.08477566355,0.12017890245000001,0
5402,1.0,0.04414838445,3.0,-0.22878135495000002,-0.21030599635000002,0.08205708415,1
5403,2.0,0.0406688109,3.0,-0.22950847115,-0.1877649846,0.07931675465,1
5404,0.0,-0.0139349242,1.0,-0.18370296715,-0.12077419025,0.13399595435,0
5405,1.0,0.048021597,3.0,-0.20456608285,-0.17974838555,0.07545989535,1
5406,1.0,0.0488631069,3.0,-0.1998799298,-0.16334017950000002,0.09071929915000002,1
5407,2.0,0.0578738881,3.0,-0.2407932361,-0.1983896295,0.0727551808,0
5408,0.0,-0.0194837112,1.0,-0.19209926045,-0.13655787565,0.13188451325,0
5409,2.0,0.0552220469,6.0,-0.15779149825,-0.10050064880000001,0.0831936737,1
5410,0.0,0.06115193795,3.0,-0.2465191887,-0.2102589223,0.0555277114,1
5411,0.0,0.052045367349999996,3.0,-0.27384876805,-0.2392612546,0.07964005874999999,0
5412,0.0,0.03367825025,4.0,-0.30730828870000004,-0.3002805798,0.08656245405,0
5413,0.0,0.029407201600000002,4.0,-0.29309870355,-0.28343012315000005,0.09180162465,0
5414,0.0,0.052822283750000004,3.0,-0.27766972665,-0.25932974384999996,0.07651407554999999,0
5415,0.0,-0.08253971745,2.0,-0.20700233335,-0.19347316385,0.2024769142,0
5416,0.0,0.02572474265,1.0,-0.19984065169999998,-0.17990209540000002,0.0970291747,1
5417,1.0,0.0498796885,3.0,-0.21675353655000001,-0.1594896201,0.07119570509999999,1
5418,0.0,0.01317684905,4.0,-0.19462219775,-0.10099456235000001,0.12295822045000002,0
5419,0.0,0.0312104344,4.0,-0.3267567334,-0.2374225371,0.0925202161,0
5420,0.0,0.024990641049999998,3.0,-0.2744060216,-0.25228119655000003,0.09589297729999999,0
5421,0.0,0.0294810082,3.0,-0.33435446435,-0.22828673355,0.07906913815000001,0
5422,2.0,0.0438377654,4.0,-0.20083725289999999,-0.12027682155,0.1000274115,1
5423,0.0,0.04701702145,1.0,-0.28240834605,-0.27162184635,0.06826551234999999,0
5424,0.0,0.045820205,4.0,-0.18467893055,-0.1372752843,0.08811948995,1
5425,2.0,0.0613169779,6.0,-0.24239966035,-0.09512787485,0.07199663165,1
5426,2.0,0.06411870825,4.0,-0.22959639745,-0.09553730285,0.06832093319999999,1
5427,0.0,-0.034986317200000006,3.0,-0.19156694330000001,-0.09564652644999999,0.16214996015,0
5428,1.0,0.0453675645,3.0,-0.20977022495,-0.18451603584999998,0.08412477915,1
5429,2.0,0.053609348,2.0,-0.21833829675,-0.1753831723,0.07556191450000002,1
5430,2.0,0.053591218999999995,4.0,-0.22842306845,-0.18000698110000002,0.0779103779,1
5431,2.0,0.057292993,2.0,-0.2274879996,-0.20624862025000001,0.06658543475,1
5432,0.0,0.02337923715,2.0,-0.20814162695,-0.16291895299999998,0.11266671050000002,1
5433,0.0,0.023669022550000002,2.0,-0.2202778803,-0.1567688962,0.11252651694999999,1
5434,0.0,0.04850117325,2.0,-0.29696943095,-0.22664564055,0.06537812335000001,0
5435,1.0,0.0354111356,3.0,-0.228317704,-0.16094623619999998,0.09887907165000001,1
5436,0.0,0.0429644859,3.0,-0.2992537423,-0.28324273815,0.07811061720000001,0
5437,1.0,0.0417381839,3.0,-0.2169375971,-0.17875285870000002,0.09515729915000001,1
5438,1.0,0.03991118585,3.0,-0.19811525595,-0.14273231235,0.09252908955,1
5439,1.0,0.04682817205,3.0,-0.2226948593,-0.1859529082,0.0849775456,1
5440,0.0,0.03951689975,3.0,-0.30479249235,-0.3007747501,0.08129889485,0
5441,1.0,0.0373244868,3.0,-0.18694596895,-0.17045255355,0.09384161665000001,1
5442,0.0,-0.0092868448,1.0,-0.1700012672,-0.07743773155,0.13792544280000002,0
5443,0.0,0.0312840621,2.0,-0.18959328315,-0.17102660765,0.09479529065,1
5444,1.0,0.055913523349999994,3.0,-0.2137479038,-0.1283806907,0.0873071723,1
5445,0.0,0.0214481903,3.0,-0.29437815815,-0.28898988115,0.0983942217,0
5446,2.0,0.0524987966,2.0,-0.21085170485,-0.1745277149,0.07783659885000001,1
5447,1.0,0.050678833699999995,3.0,-0.2341820862,-0.16835850385,0.08688118035,1
5448,0.0,0.040286126199999994,4.0,-0.27793103045,-0.20739208580000001,0.07745253165,1
5449,0.0,0.0227971917,1.0,-0.28698358995,-0.23515598464999998,0.0913176967,0
5450,0.0,0.013907947050000001,2.0,-0.19234545274999998,-0.1671162431,0.11804266555000001,1
5451,0.0,0.0238344999,2.0,-0.21134913095,-0.17881219235,0.09853804115,1
5452,1.0,0.0387277362,3.0,-0.2067173232,-0.1741636284,0.09287980965,1
5453,1.0,0.0380751201,3.0,-0.20714677295,-0.16622183705,0.092455075,1
5454,1.0,0.0421383811,3.0,-0.2155093867,-0.17757301265,0.08789592115,1
5455,0.0,0.025087791900000003,3.0,-0.30206450465,-0.27581223720000003,0.09957066895,0
5456,0.0,6.589205e-05,1.0,-0.24886399,-0.19295743259999998,0.1123400259,0
5457,1.0,0.052206538,3.0,-0.18205681759999998,-0.14577320285,0.08244894285,1
5458,0.0,0.0180760062,2.0,-0.20775440725,-0.13637456944999998,0.12007135685,1
5459,0.0,0.0052754449,1.0,-0.19010293005,-0.10567887905000001,0.10352763784999999,0
5460,1.0,0.05360261095,3.0,-0.17382425925,-0.14417958905,0.0723693208,1
5461,0.0,0.040297324999999995,2.0,-0.29318338364999996,-0.27188716275,0.06971279429999999,1
5462,0.0,0.039680353200000004,1.0,-0.27484583195,-0.2674184133,0.07883904230000001,0
5463,0.0,0.050266459400000005,1.0,-0.2712653034,-0.24015490405,0.0625682294,0
5464,1.0,0.031500296,5.0,-0.18868562960000002,-0.1376163024,0.10745392139999999,1
5465,0.0,0.02304158585,4.0,-0.27653075579999997,-0.26973423955,0.10097309139999999,0
5466,2.0,0.06561693869999999,4.0,-0.2242127047,-0.09260707835,0.07321605545000001,1
5467,2.0,0.05981651105,4.0,-0.20006384519999998,-0.1160279511,0.08251298355,1
5468,2.0,0.05730049945,4.0,-0.2024584974,-0.13109849680000002,0.08449026565000001,1
5469,0.0,0.03475681705,1.0,-0.2914386359,-0.25698266385,0.0793382078,0
5470,0.0,-0.023481403499999998,3.0,-0.1999330553,-0.16791783975000002,0.1541380804,0
5471,0.0,0.03024469145,5.0,-0.2055947767,-0.15116378144999998,0.09898520924999998,1
5472,0.0,0.0455409025,2.0,-0.233370466,-0.1309478376,0.08436175300000001,1
5473,0.0,-0.039356734,3.0,-0.227985257,-0.16450329205,0.16680185825,0
5474,1.0,0.047326599999999996,3.0,-0.1684228395,-0.15234794825,0.09643940684999999,1
5475,2.0,0.056085438,3.0,-0.2193899071,-0.08167299424999999,0.08706790565,1
5476,1.0,0.0428690567,3.0,-0.21685579245,-0.10191046770000001,0.09441785390000001,1
5477,0.0,0.02458441595,3.0,-0.30572585315,-0.26313152665,0.10129662815000001,0
5478,2.0,0.0527527878,4.0,-0.16872266105,-0.0952723228,0.08848805000000001,1
5479,1.0,0.05412558035,3.0,-0.1801979309,-0.10648012285,0.08733060540000001,1
5480,0.0,0.02700300165,3.0,-0.29116262205,-0.24425543125,0.09555711895,0
5481,0.0,0.03739454195,2.0,-0.18342569074999998,-0.10180051195,0.1034783742,1
5482,0.0,-0.00575498835,1.0,-0.19773014695,-0.1184774456,0.123379233,0
5483,1.0,0.0646577878,3.0,-0.16530851655,-0.09889557275,0.07263776624999999,1
5484,0.0,0.0293176327,1.0,-0.3016527745,-0.26774058795,0.08031553805,0
5485,0.0,0.05257385275,3.0,-0.2516478116,-0.23239987885000002,0.06332655725,0
5486,1.0,0.04752070355,3.0,-0.19992787555,-0.11641372950000001,0.09568207445,1
5487,1.0,0.047204483699999994,3.0,-0.20646691150000002,-0.0929063982,0.09544958950000001,1
5488,1.0,0.0454949432,3.0,-0.2316754211,-0.10315163225,0.09481988425,1
5489,1.0,0.05463674195,3.0,-0.23188726275,-0.12942836894999998,0.08627821045,1
5490,0.0,0.0058876955500000005,1.0,-0.21576638075,-0.17792225455,0.1216094348,0
5491,1.0,0.057553533500000004,3.0,-0.20956176585,-0.12140059205,0.07767854285,1
5492,2.0,0.0465398904,4.0,-0.18143704170000002,-0.10626776285,0.08780671795,1
5493,0.0,0.0057475886,1.0,-0.21621591425,-0.18194247525,0.12166118599999999,0
5494,1.0,0.0516558038,3.0,-0.23369026,-0.1081704565,0.08676861470000001,1
5495,0.0,0.020811311399999997,3.0,-0.31722530795000004,-0.29118260939999996,0.10596263480000001,0
5496,0.0,0.0238673461,3.0,-0.28301459745,-0.2498865267,0.09683896725,0
5497,0.0,-0.00548278035,1.0,-0.2085204008,-0.0685116896,0.13938180155000002,0
5498,1.0,0.0533262996,3.0,-0.28036212024999996,-0.24784608105,0.058420088950000004,0
5499,0.0,-0.024202472750000002,1.0,-0.21697070364999999,-0.0711844998,0.15808712660000002,0
5500,1.0,0.03150942715,3.0,-0.1957187581,-0.15247412119999998,0.1024974043,1
5501,2.0,0.04753113595,4.0,-0.22459041475,-0.10159206905000001,0.09562516300000001,1
5502,1.0,0.06306004905000001,1.0,-0.21678805865,-0.19497773925,0.061839737299999996,1
5503,0.0,0.02585443745,2.0,-0.2067615216,-0.16615466185,0.11849722580000001,1
5504,1.0,0.0466794807,3.0,-0.1676399528,-0.12657998425,0.0798726158,1
5505,0.0,0.0047478647999999995,1.0,-0.17650441935,-0.11605125395,0.1261693914,0
5506,0.0,-0.02035642355,4.0,-0.21867380320000002,-0.11934986724999999,0.14585021545,0
5507,1.0,0.0399967591,3.0,-0.227414127,-0.1147440336,0.10021114614999999,1
5508,1.0,0.0387206351,3.0,-0.21141908375000001,-0.1708458671,0.10082994715000002,1
5509,0.0,-0.01619423,3.0,-0.25219278705000003,-0.24215786385,0.13294424405,0
5510,1.0,0.04547270715,3.0,-0.21336296745,-0.10644671405,0.08969176890000001,1
5511,0.0,-0.01917907575,1.0,-0.20366644205,-0.12782904255,0.14562616280000001,0
5512,2.0,0.037546946,4.0,-0.19544359095,-0.14981380275,0.07992631455,1
5513,2.0,0.04345015,4.0,-0.19828859794999998,-0.18530104845,0.08334651575,1
5514,0.0,0.03387042435,3.0,-0.34211767645,-0.2763792492,0.0879607578,0
5515,2.0,0.047777982100000005,4.0,-0.22323052815,-0.18755562455,0.0728133346,1
5516,1.0,0.04912272905,5.0,-0.2785858655,-0.2319209598,0.0747742456,1
5517,0.0,-0.05971656985,2.0,-0.1761769794,-0.1429336799,0.17933163629999999,0
5518,0.0,0.024947582250000003,3.0,-0.2167897755,-0.18193622520000002,0.11388572675,1
5519,0.0,0.031031729549999998,1.0,-0.3138779502,-0.29547106759999997,0.0946634091,0
5520,0.0,0.034457264900000006,3.0,-0.32641196125,-0.3227877898,0.0789319113,0
5521,0.0,0.03343986805,3.0,-0.3083717347,-0.2828578717,0.089740085,0
5522,0.0,0.0375117842,1.0,-0.32809673585,-0.2962968509,0.0769869066,0
5523,2.0,0.04201905175,4.0,-0.17397275125,-0.15331772065,0.0847204271,1
5524,1.0,0.04676822625,3.0,-0.2352843395,-0.13874292095000001,0.08889402874999999,1
5525,0.0,0.0409256873,1.0,-0.314742571,-0.27059556945,0.08340960915000001,0
5526,0.0,0.0325237507,3.0,-0.31110328765,-0.27575389395,0.0806503221,0
5527,0.0,0.01912407555,2.0,-0.20166682505,-0.1521024905,0.10919364225,1
5528,0.0,0.0226223754,2.0,-0.19796322924999998,-0.10611498694999999,0.1134370998,1
5529,1.0,0.04445127925,3.0,-0.24255693885000001,-0.17434251315,0.08344343779999999,1
5530,0.0,0.0358214726,1.0,-0.3417652467,-0.22996428219999998,0.07832776155,0
5531,1.0,0.04960392805,5.0,-0.17971613,-0.12814510515,0.09261052185000002,1
5532,0.0,0.0204307695,2.0,-0.19370814405,-0.16830603454999998,0.11734266185,1
5533,1.0,0.040989184149999996,3.0,-0.2073277763,-0.19402022495,0.09386356565,1
5534,0.0,0.0268313052,3.0,-0.3052136086,-0.2916556683,0.0888258596,0
5535,0.0,-0.0242588682,1.0,-0.1642368669,-0.14866053785,0.15024908530000003,0
5536,2.0,0.051415877400000004,4.0,-0.3052440693,-0.29183965665,0.057526512099999996,0
5537,0.0,0.04025097655,3.0,-0.2302720758,-0.1915685788,0.08242591885,0
5538,2.0,0.06479276165,2.0,-0.20254372175000002,-0.17165089595,0.0633313586,1
5539,2.0,0.06252538855,3.0,-0.21685559565,-0.2097107206,0.06914311205000001,1
5540,0.0,0.0491134411,3.0,-0.29652682065,-0.28295067090000003,0.07287355085,1
5541,0.0,0.04479070615,3.0,-0.3043518018,-0.29933909984999996,0.07386174815,0
5542,4.0,-0.10165120525,5.0,-0.14201226579999998,-0.09111224545,0.0848902614,1
5543,1.0,0.04378341685,3.0,-0.25025525285,-0.20265822444999998,0.078784073,1
5544,0.0,0.021994079149999998,3.0,-0.33019745545,-0.28546681934999996,0.0994249094,0
5545,0.0,0.020781107450000003,2.0,-0.23097548985,-0.17571959895,0.10882984155,1
5546,0.0,0.0270432148,3.0,-0.35959600025,-0.27914421455000005,0.08994757525,0
5547,1.0,0.039497417,3.0,-0.21321280865,-0.19845313255,0.0895894015,1
5548,1.0,0.04434889485,3.0,-0.22335270505,-0.19911210675,0.07862490075,1
5549,1.0,0.0421171714,5.0,-0.1989135124,-0.14804649405,0.09952017449999999,1
5550,0.0,0.03075356355,3.0,-0.30399273995,-0.2935208611,0.09058785105,0
5551,1.0,0.0420277691,3.0,-0.23333242645000002,-0.17128906929999999,0.07748874054999999,1
5552,0.0,0.03045191,3.0,-0.3296680278,-0.28369221915,0.09433250565000001,0
5553,0.0,0.024763947600000003,3.0,-0.31097833545,-0.28557094005,0.0980546053,0
5554,0.0,-0.0071714817,3.0,-0.1758048985,-0.1442266679,0.14061529115000002,0
5555,1.0,0.04222815835,3.0,-0.20569918185,-0.1488768011,0.09497651735,1
5556,2.0,0.05488261155,5.0,-0.24306180735,-0.1652252307,0.08339098410000001,1
5557,0.0,0.02258469615,2.0,-0.2121976918,-0.1565208753,0.11164641439999999,1
5558,1.0,0.027637938,3.0,-0.21348668945,-0.16882247145,0.10065355810000001,1
5559,0.0,-0.023870426950000002,1.0,-0.2236414943,-0.1476536067,0.12211486005,0
5560,0.0,0.027887209750000003,3.0,-0.32013767005,-0.2856816877,0.09695701740000001,0
5561,0.0,0.03113992065,3.0,-0.31864361785,-0.2902686901,0.08930651875000001,0
5562,0.0,0.05031861685,4.0,-0.18617880065,-0.1471287954,0.0875796041,1
5563,0.0,0.02643919795,2.0,-0.1951870174,-0.1395351944,0.11131588345000001,1
5564,1.0,0.0565115964,3.0,-0.21380099915,-0.18598143305,0.078738079,1
5565,2.0,0.05131345775,4.0,-0.23658267805,-0.22593240595,0.07211831689999998,1
5566,0.0,0.0443537884,1.0,-0.2892755501,-0.2504281847,0.07982575624999999,0
5567,0.0,0.03145125495,4.0,-0.30059398975,-0.24384653620000002,0.07621273265,0
5568,0.0,0.030530610399999998,2.0,-0.21532875765,-0.1645256934,0.10348163939999999,1
5569,0.0,-0.00012075895,3.0,-0.1756789631,-0.1411783518,0.13659486910000002,0
5570,0.0,0.0338259449,3.0,-0.28816343094999997,-0.2432984524,0.07329920595,0
5571,0.0,0.03964130965,3.0,-0.2982931111,-0.2763927711,0.0822027058,0
5572,0.0,0.0361274546,2.0,-0.23413344544999998,-0.2002038857,0.0786705455,0
5573,0.0,0.0303695993,3.0,-0.32812588205,-0.22946204799999997,0.09440623205,0
5574,0.0,0.0339622257,3.0,-0.3033060956,-0.2494110215,0.08999984085,0
5575,0.0,0.0295188064,1.0,-0.1236016567,-0.11980967255,0.1010769589,0
5576,0.0,0.0101426584,1.0,-0.2580621922,-0.14976506280000002,0.12800138779999998,0
5577,1.0,0.04270886345,3.0,-0.2386104601,-0.1156261702,0.09815998639999998,1
5578,2.0,0.06072169765,6.0,-0.2121928708,-0.1799806136,0.06393483659999999,1
5579,0.0,0.0289410492,3.0,-0.2920514388,-0.27749922520000003,0.0960904638,0
5580,2.0,0.053846031350000004,5.0,-0.23788919345,-0.18845577205,0.08351570529999999,1
5581,2.0,0.05306331645,4.0,-0.2407304418,-0.1840706279,0.08429253125,1
5582,1.0,0.0472223755,3.0,-0.24712911184999997,-0.17751077195,0.09420509729999998,1
5583,1.0,0.06643245785,3.0,-0.2457320932,-0.21118263235,0.06947763095,1
5584,1.0,0.07580725995000001,3.0,-0.23697609625,-0.13144046315,0.06929246900000001,1
5585,0.0,0.04360111345,1.0,-0.28234804989999995,-0.27418595235,0.07119525595,0
5586,2.0,0.0693091673,2.0,-0.17828618605000002,-0.14791119065,0.0670612986,1
5587,1.0,0.0649001672,1.0,-0.2335830607,-0.15193908745,0.06718235,1
5588,0.0,0.03088806695,3.0,-0.33473335615,-0.3277019387,0.09339088655,0
5589,0.0,0.0386330483,1.0,-0.3377690402,-0.30546923984999996,0.07183347935,1
5590,0.0,0.0249617164,3.0,-0.3424089561,-0.27567484025,0.09978628554999999,0
5591,0.0,0.00963808495,2.0,-0.2366501953,-0.17394955815000002,0.12232788630000002,1
5592,0.0,0.032328498799999994,2.0,-0.2265290358,-0.16193293155,0.09245057195,1
5593,1.0,0.049945116750000004,3.0,-0.27088007555000004,-0.20483581145000002,0.07481135820000001,1
5594,0.0,0.02917157275,3.0,-0.31077921929999996,-0.2564321836,0.09148253484999999,0
5595,0.0,0.03149159555,3.0,-0.27809592535,-0.26090637120000004,0.0879613471,0
5596,0.0,0.0198308393,2.0,-0.21007929395,-0.15606315875,0.11069786774999998,1
5597,0.0,0.0396202504,4.0,-0.3020433166,-0.2825460056,0.07433646960000001,1
5598,0.0,0.0207297258,2.0,-0.18806169075,-0.16052785165,0.11204135339999999,1
5599,0.0,0.00273970875,2.0,-0.21962857235,-0.17805059135,0.1328395428,1
5600,0.0,0.0150543128,2.0,-0.18818779089999998,-0.15279343020000002,0.11451876135000001,1
5601,2.0,0.0546478408,2.0,-0.2048037684,-0.17524083525,0.07041101435,1
5602,0.0,0.0221005254,1.0,-0.2366549657,-0.18141078715,0.10542692785000002,0
5603,2.0,0.0604785257,2.0,-0.20884361575,-0.11692103325,0.07811505695000001,1
5604,2.0,0.04250628795,4.0,-0.20411697855,-0.15364782724999998,0.0798350964,1
5605,0.0,-0.0311624499,1.0,-0.2285291793,-0.20914895444999998,0.14148803095,0
5606,1.0,0.0146542151,3.0,-0.21038615675,-0.1585691924,0.1228958024,1
5607,0.0,0.01449719105,5.0,-0.1604173391,-0.13882841105,0.1324232453,0
5608,1.0,0.025991125349999998,3.0,-0.22417768570000002,-0.16951353905,0.11011891155,1
5609,0.0,0.0155523033,1.0,-0.18420098680000002,-0.1683232195,0.11238215069999999,0
5610,1.0,0.03223414105,3.0,-0.20646389545,-0.1892990159,0.0982070689,1
5611,1.0,0.021824945999999998,3.0,-0.20669169515000002,-0.18989371719999998,0.1168762149,1
5612,1.0,0.015485149949999999,3.0,-0.22172853739999998,-0.15418240775,0.1214978328,1
5613,1.0,0.015383231050000001,3.0,-0.22087158299999998,-0.15660030375,0.12171774915,1
5614,2.0,0.06275259535,4.0,-0.2062862867,-0.1667115932,0.06962999480000001,1
5615,1.0,0.03179952365,3.0,-0.22564268965,-0.1668557371,0.09983482019999998,1
5616,0.0,-0.0501144644,3.0,-0.2559183207,-0.17561048425,0.1840421453,0
5617,0.0,0.0404596089,3.0,-0.30616261749999996,-0.2664220851,0.06495282085,1
5618,0.0,-0.0048831881,1.0,-0.21694001294999998,-0.1646454155,0.14001727619999998,0
5619,0.0,0.031976563449999995,2.0,-0.19957430535,-0.09896684175,0.10213895685,1
5620,2.0,0.041198309550000006,2.0,-0.2345962078,-0.20772525790000002,0.08183871104999998,1
5621,0.0,-0.0252512767,1.0,-0.14823154475,-0.10922690985,0.1516129348,0
5622,0.0,-0.0024593774,1.0,-0.24757184370000002,-0.19583670990000002,0.13617786415,0
5623,0.0,0.03715303715,4.0,-0.3027876582,-0.2811012466,0.07503413075,0
5624,0.0,0.04668343455,2.0,-0.31722062285,-0.3086329434,0.07257385695,0
5625,0.0,0.0294172152,3.0,-0.34122545165,-0.2800897084,0.09745943644999999,0
5626,0.0,0.03081218545,3.0,-0.339700169,-0.2690136971,0.09255351105,0
5627,0.0,0.029407986650000002,3.0,-0.34168664765,-0.31062133985,0.0959816802,0
5628,1.0,0.042508723,3.0,-0.22496831350000002,-0.1910722009,0.09335894794999999,1
5629,2.0,0.04209950035,4.0,-0.2105912468,-0.15763387255,0.08919497435,1
5630,1.0,0.02771335155,3.0,-0.2271184756,-0.1597301834,0.11121304695,1
5631,1.0,0.0512446013,3.0,-0.21613896555,-0.1865107413,0.084859201,1
5632,0.0,0.0384212685,4.0,-0.27181950774999997,-0.2543529674,0.0821717832,0
5633,0.0,0.03213002965,3.0,-0.32013329515,-0.24871884384999998,0.08226165595,0
5634,1.0,0.034732885399999996,3.0,-0.20629208955,-0.16167369004999999,0.10228442640000002,1
5635,1.0,0.05008675855,3.0,-0.20342196750000002,-0.14802950609999999,0.08119874305,1
5636,1.0,0.0378708234,3.0,-0.20347511740000002,-0.19383624865,0.0926836439,1
5637,1.0,0.0471101682,3.0,-0.20467537875,-0.1906821463,0.09143384945000001,1
5638,1.0,0.043803262800000006,3.0,-0.22147910910000002,-0.16581350575,0.09306300539999998,1
5639,0.0,0.0565238734,3.0,-0.2679949452,-0.21831598185,0.06015381555,0
5640,0.0,0.036741799650000004,2.0,-0.27373250579999997,-0.26259078515,0.07658186895,0
5641,1.0,0.04799937205,3.0,-0.24029107765000002,-0.12599812385,0.08732608950000001,1
5642,0.0,0.02689201445,3.0,-0.30503057705000003,-0.28747110865000003,0.09825332785000002,0
5643,0.0,0.02513085005,3.0,-0.3301359589,-0.3147788405,0.1044134605,0
5644,1.0,0.054579275499999996,5.0,-0.27348735925,-0.25225652229999995,0.059660014399999996,1
5645,2.0,0.0524583989,2.0,-0.1995719298,-0.1263612045,0.09164815139999999,1
5646,2.0,0.056757998999999996,5.0,-0.23252449790000002,-0.10256003655,0.07692052575,1
5647,0.0,-0.006217271,5.0,-0.21878815289999998,-0.15593882855000002,0.14299949039999998,0
5648,2.0,0.05505029735,2.0,-0.19886741025,-0.15568221045,0.0699753091,1
5649,1.0,0.0509052272,3.0,-0.19669605855,-0.14820288375000001,0.0784878866,1
5650,0.0,0.040013555699999995,2.0,-0.1968889476,-0.13597502725,0.0895993444,1
5651,0.0,0.02780110405,3.0,-0.29095740405,-0.2368175878,0.09607450455,0
5652,0.0,0.0403660126,2.0,-0.1901506433,-0.12532213835,0.1008152956,1
5653,0.0,-0.060825021699999995,1.0,-0.246609398,-0.22437542305000002,0.2105744084,0
5654,0.0,0.03363375385,4.0,-0.32768100785,-0.22525934015,0.09327507895,0
5655,1.0,0.024502052750000003,3.0,-0.20612873204999999,-0.13493958945,0.11243810815,1
5656,1.0,0.009123319849999999,3.0,-0.22805677330000002,-0.1567114363,0.12762193324999999,1
5657,1.0,0.024407451650000002,3.0,-0.2003297234,-0.15578892444999998,0.10710759454999999,1
5658,0.0,-0.02796381215,1.0,-0.1794571764,-0.15477108979999998,0.1652579758,0
5659,1.0,0.0360425904,3.0,-0.20051913770000002,-0.1436535008,0.09979707235,1
5660,0.0,0.0288237856,5.0,-0.1850920114,-0.1496652757,0.1113864676,1
5661,0.0,-0.06868792230000001,1.0,-0.23698586570000002,-0.1794718983,0.21051026095,0
5662,0.0,-0.018883285399999998,1.0,-0.24297108885000002,-0.1723878651,0.14030028095,0
5663,0.0,-0.0403698715,5.0,-0.2233912027,-0.17413487325,0.176446725,0
5664,0.0,0.02545390375,2.0,-0.18650848209999998,-0.1399237399,0.10077988075,1
5665,0.0,0.0217311596,1.0,-0.2058711479,-0.1203447188,0.1209178518,0
5666,0.0,0.04462129835,3.0,-0.2859855541,-0.2800738747,0.06136328504999998,0
5667,2.0,0.0640465823,4.0,-0.2317913961,-0.11723045505,0.073070153,1
5668,0.0,0.049649907800000004,3.0,-0.30423565119999996,-0.30008174825,0.06520593649999999,0
5669,0.0,0.0208857893,2.0,-0.2128697369,-0.14791919450000002,0.1202312912,1
5670,0.0,-0.0629191455,3.0,-0.21960464405,-0.15334977395,0.20286830905,0
5671,1.0,0.03275941785,3.0,-0.24411383055,-0.20596861045,0.091870923,1
5672,0.0,0.043333559300000005,1.0,-0.29541039845,-0.2786649967,0.07718960065,0
5673,0.0,0.029480875150000002,3.0,-0.32031384549999997,-0.2764082028,0.0942094769,0
5674,1.0,0.040955140400000006,3.0,-0.24434492305,-0.17895022384999998,0.10194684545000002,1
5675,0.0,0.04410314695,1.0,-0.2998770796,-0.2756831692,0.07439894945,1
5676,0.0,0.050999654150000004,1.0,-0.29837391925,-0.27660708015,0.0694363167,1
5677,1.0,0.056985394349999996,3.0,-0.20270232729999998,-0.1859225746,0.07679835739999999,1
5678,0.0,0.0244672656,3.0,-0.2966276393,-0.24082215294999998,0.0821139276,0
5679,2.0,0.061366336699999996,3.0,-0.25804926245000004,-0.2476093505,0.059447070600000006,1
5680,0.0,0.03370424635,3.0,-0.31156366515,-0.28315006654999997,0.0793679272,0
5681,0.0,0.0367902277,2.0,-0.324007918,-0.3178588952,0.0717293092,0
5682,2.0,0.0550271744,4.0,-0.21626455555000001,-0.2034042619,0.0757620128,1
5683,2.0,0.07344280105,4.0,-0.2085946923,-0.1714972691,0.05128176405,1
5684,0.0,0.044759310499999996,3.0,-0.29412643295,-0.28633004900000003,0.06994745605,0
5685,2.0,0.073461272,4.0,-0.20358344765,-0.15969265445,0.059761451849999994,1
5686,0.0,0.03122047725,3.0,-0.21618875334999998,-0.1526800104,0.10061606950000002,1
5687,0.0,0.02836184385,3.0,-0.3131338107,-0.29545389899999996,0.09329312450000002,0
5688,1.0,0.0378589868,3.0,-0.2463525521,-0.18235332425,0.10369559050000002,1
5689,2.0,0.04857587245,4.0,-0.2212321908,-0.1901339051,0.09436444004999998,1
5690,0.0,-0.04789720345,2.0,-0.22918285815,-0.1291967267,0.1840736307,0
5691,0.0,0.0235820741,2.0,-0.20318592759999998,-0.15531645045,0.10764622300000001,1
5692,0.0,0.0178258823,2.0,-0.21401097335,-0.1695338302,0.1160416294,1
5693,2.0,0.0496266718,4.0,-0.1815713145,-0.13830470275,0.08705241545,1
5694,0.0,0.04342139685,3.0,-0.32471956105,-0.28252871845,0.0729954003,1
5695,0.0,0.04223443605,3.0,-0.28184609855,-0.2468328045,0.0771977346,0
5696,2.0,0.06226070560000001,2.0,-0.20794166390000002,-0.1457938179,0.06556792804999999,1
5697,0.0,0.035648516549999995,3.0,-0.26860808245,-0.24089575095,0.07952727279999999,0
5698,1.0,0.03023018075,3.0,-0.2467860446,-0.17052962975,0.10841116775,1
5699,0.0,0.03988164445,2.0,-0.28124738535000005,-0.2680756475,0.07411563665,0
5700,2.0,0.056970478350000006,1.0,-0.22068030075,-0.2080117077,0.08010730585,1
5701,0.0,0.04519520065,3.0,-0.2831258314,-0.24559140595,0.0721205949,1
5702,0.0,-0.057162466450000005,2.0,-0.21477687515,-0.12907129925,0.18928142235,0
5703,2.0,0.0622896634,6.0,-0.18091969275,-0.1317280928,0.07238414915,1
5704,0.0,0.027980953,3.0,-0.2928760477,-0.26944740055000005,0.08948195440000001,0
5705,0.0,0.043323055400000005,3.0,-0.28170171545,-0.2457949958,0.0749564825,0
5706,1.0,0.05023629195,3.0,-0.20241066330000002,-0.1748336972,0.08608456429999999,1
5707,2.0,0.04882012735,4.0,-0.21195313324999998,-0.20690432800000003,0.08372812639999999,1
5708,1.0,0.0435143303,3.0,-0.20822970845,-0.1727879078,0.0899999722,1
5709,1.0,0.04686440605,3.0,-0.20847542824999998,-0.2031272322,0.0824583361,1
5710,0.0,0.04140977585,3.0,-0.2977280855,-0.25780674285,0.0792203455,0
5711,0.0,0.03088772,2.0,-0.19006100425,-0.16001331405000002,0.09759229585,1
5712,0.0,0.02195109475,2.0,-0.1911567224,-0.16178600645,0.1145171281,1
5713,0.0,0.041321937350000004,1.0,-0.2865469948,-0.2782388211,0.07681368860000001,0
5714,0.0,0.03298211725,3.0,-0.33539069904999996,-0.2623054922,0.09102504330000001,0
5715,1.0,0.029521032449999998,3.0,-0.23511355509999998,-0.16511049025000002,0.11317069045,1
5716,1.0,0.03480452045,3.0,-0.22783929014999998,-0.16178092700000002,0.10593304560000001,1
5717,1.0,0.03689039525,3.0,-0.23825031445,-0.172306262,0.11237241195,1
5718,1.0,0.0394963313,3.0,-0.23516220475,-0.17634445745,0.10268480195,1
5719,0.0,0.0304908247,1.0,-0.3007462681,-0.28533019425,0.08930810695,0
5720,1.0,0.015498951,3.0,-0.23760724125,-0.15050358274999998,0.1217010225,1
5721,0.0,-0.0042903642499999995,1.0,-0.23304810539999998,-0.1381486934,0.1385422668,0
5722,1.0,0.0276911309,3.0,-0.2557482875,-0.1798019983,0.11097266715000001,1
5723,2.0,0.042830190850000005,4.0,-0.1657124687,-0.1253625713,0.08972328514999998,1
5724,0.0,0.04155896615,3.0,-0.2801738629,-0.26823513955,0.07428867289999999,1
5725,0.0,-0.0073877179,3.0,-0.24287722109999998,-0.13595041305,0.12827372665,0
5726,0.0,-0.00998753485,1.0,-0.1816009859,-0.13637346105,0.13728257195,0
5727,0.0,-0.03249034845,1.0,-0.2065705074,-0.15474288320000001,0.16814501064999998,0
5728,0.0,0.0023403193,1.0,-0.18615687025,-0.1350604043,0.13218280594999998,0
5729,2.0,0.06571184775,4.0,-0.19448762005,-0.08231960425,0.07228095739999998,1
5730,0.0,0.029736608749999997,3.0,-0.32339882245,-0.30436274215000003,0.09681461015000001,0
5731,0.0,0.039818475699999994,3.0,-0.26400153395,-0.25830161240000005,0.0772444122,0
5732,0.0,0.0417452242,4.0,-0.26718234595,-0.26637876530000004,0.07633438305000001,0
5733,1.0,0.0467275162,5.0,-0.2962544171,-0.28348015635,0.059561912300000006,0
5734,1.0,0.051513674999999995,3.0,-0.21393166144999998,-0.1375240375,0.08001239635,1
5735,0.0,0.03055719655,3.0,-0.30297465035,-0.2934431253,0.08358189985,0
5736,1.0,0.04243350385,5.0,-0.18759266795,-0.1717439717,0.09876533215,1
5737,1.0,0.0377771071,5.0,-0.1831819958,-0.1597065917,0.1026125362,1
5738,0.0,0.04838276875,1.0,-0.31191938664999996,-0.29993752665,0.06992831229999999,0
5739,0.0,0.04758592955,1.0,-0.24083494175,-0.1588641687,0.07344764575,1
5740,0.0,0.0264206174,3.0,-0.2629109411,-0.2367692482,0.10059718725000001,0
5741,0.0,0.040409253049999996,4.0,-0.28065912475,-0.26532587235,0.08052821275000001,0
5742,0.0,0.038324022900000004,3.0,-0.29008242845,-0.24915527745,0.08270837675,0
5743,1.0,0.050997921599999996,3.0,-0.27109554989999995,-0.17632809915,0.08602484809999998,1
5744,0.0,0.03537156475,4.0,-0.2994750436,-0.25878209285,0.0882115549,0
5745,0.0,0.037101518050000004,4.0,-0.28974688995,-0.26043647425,0.08686037960000001,0
5746,0.0,0.021974790299999998,3.0,-0.29024017775,-0.27651779355,0.10108329220000001,0
5747,0.0,0.025199321349999998,3.0,-0.3310794204,-0.2857041234,0.0946562026,0
5748,2.0,0.04547116325,4.0,-0.25186823984999995,-0.15658606105,0.10061518515000001,1
5749,0.0,0.0368117137,4.0,-0.2287131944,-0.15614908560000001,0.0951209211,1
5750,1.0,0.03417994705,1.0,-0.2466515464,-0.1906108736,0.10155045734999998,1
5751,0.0,0.02590111205,3.0,-0.30329991030000003,-0.26764835195000003,0.08898890379999999,0
5752,0.0,0.01831248085,6.0,-0.1786459038,-0.12846683415,0.10467127595,0
5753,1.0,0.04817547925,3.0,-0.24679218045,-0.13501452284999998,0.08951089515,1
5754,2.0,0.05442374605,4.0,-0.23884907755,-0.1299149915,0.07435550974999999,1
5755,0.0,0.033923212,2.0,-0.32473716735,-0.29313272365,0.0801618767,0
5756,2.0,0.05044631765,4.0,-0.2321986992,-0.14473855275,0.09020094814999999,1
5757,0.0,0.0313731903,2.0,-0.23873586479999998,-0.12448521395,0.10573202135,1
5758,0.0,0.0430959164,2.0,-0.2248145375,-0.15135663245,0.08830104119999999,1
5759,2.0,0.055994923700000004,4.0,-0.2412405904,-0.1024142254,0.08319723899999998,1
5760,0.0,-0.0402389427,1.0,-0.1959624138,-0.1037309692,0.1746838611,0
5761,1.0,0.0418031787,3.0,-0.217193566,-0.14556937450000001,0.092671829,1
5762,1.0,0.04337960875,3.0,-0.25068247815,-0.1243462966,0.09792387915000002,1
5763,0.0,0.04079636485,2.0,-0.19775865744999999,-0.08454519205,0.10178204565,1
5764,0.0,0.02944146585,4.0,-0.21693261084999999,-0.1029240842,0.11754631900000001,1
5765,1.0,0.0392085976,3.0,-0.22807862439999999,-0.12113196095,0.10072738435,1
5766,1.0,0.0489068728,3.0,-0.21548757065000002,-0.15849268545,0.08473768209999999,1
5767,0.0,0.0197531658,3.0,-0.26345066694999997,-0.23466694770000002,0.0898398615,0
5768,0.0,0.012136638250000002,3.0,-0.3557790758,-0.35059192824999996,0.1033794837,0
5769,2.0,0.0537636863,4.0,-0.19035652265,-0.14116703555,0.08556064865000002,1
5770,0.0,-0.01399928125,3.0,-0.20920566015,-0.1700798814,0.12442641139999999,0
5771,0.0,0.04379985605,1.0,-0.29738831575,-0.2738732409,0.06857286565000001,0
5772,1.0,0.0438988066,3.0,-0.18488745365,-0.11958807785,0.0931172822,1
5773,1.0,0.0288666609,3.0,-0.20178244225,-0.15682636700000002,0.10494244815,1
5774,0.0,0.0444651363,2.0,-0.2787816704,-0.1339036602,0.09783716835,1
5775,0.0,-0.06798026504999999,5.0,-0.23314719215000002,-0.16717961380000002,0.1957005444,0
5776,0.0,0.01981307695,3.0,-0.34983327630000005,-0.29949823345000004,0.10112838580000001,0
5777,0.0,0.0297272739,1.0,-0.14801830555,-0.089948117,0.08756294185,0
5778,0.0,-0.0005126514,1.0,-0.16844845925000002,-0.1229888905,0.1165153451,0
5779,0.0,0.0339160882,4.0,-0.19580396995,-0.1682937625,0.09850794235,1
5780,0.0,0.042633938499999996,3.0,-0.27425474969999997,-0.2681560596,0.07472595085,0
5781,2.0,0.06323114175,4.0,-0.2156016994,-0.12225568754999999,0.07028949350000001,1
5782,1.0,0.04871982555,3.0,-0.25218999135,-0.13004164935,0.0904626353,1
5783,0.0,0.0276893607,3.0,-0.3012209041,-0.2894010645,0.07456346024999999,0
5784,1.0,0.0714331557,4.0,-0.1693382745,-0.11834742435000001,0.06594532045000001,1
5785,0.0,0.06605262214999999,4.0,-0.18109722565,-0.13639083165,0.07462565685000001,1
5786,0.0,0.03717188665,4.0,-0.27001553945,-0.26001003695,0.08054559644999999,0
5787,0.0,0.042705235,3.0,-0.29764860935000004,-0.2825449296,0.078737904,0
5788,0.0,0.0335672831,3.0,-0.27602990895,-0.26633608394999997,0.08223725130000001,0
5789,2.0,0.04777420415,4.0,-0.2419594134,-0.14163595355,0.09425779945000001,1
5790,2.0,0.0484761843,4.0,-0.22178470615,-0.0993794278,0.0908010888,1
5791,2.0,0.054500912799999995,4.0,-0.23816622215,-0.1302937295,0.08669379465000002,1
5792,0.0,0.03598453645,2.0,-0.1742517254,-0.16560970065,0.0953047765,1
5793,0.0,0.0502028208,1.0,-0.2051766874,-0.11244812155,0.08045122980000001,1
5794,1.0,0.04864322315,3.0,-0.22982635904999998,-0.14318721005,0.08886398250000001,1
5795,2.0,0.0474116661,4.0,-0.2165017504,-0.10278755415,0.08953280914999999,1
5796,2.0,0.0553780292,4.0,-0.2063408024,-0.07934171895,0.08166112639999999,1
5797,0.0,0.041665470999999996,1.0,-0.2926566061,-0.29054755615,0.06858651485,0
5798,0.0,0.0388533967,3.0,-0.2954367333,-0.28752957705000004,0.09833967085,0
5799,0.0,0.0330639511,3.0,-0.2873001958,-0.2405707025,0.09541138215,0
5800,0.0,0.03368997645,3.0,-0.30184785425,-0.28673055150000004,0.09061611945,0
5801,1.0,0.03569790695,3.0,-0.2129774716,-0.17731923605,0.10206565949999999,1
5802,0.0,0.030289036,2.0,-0.20812672189999998,-0.15794953905,0.09962593175,1
5803,1.0,0.06143434,3.0,-0.2680305468,-0.1193096277,0.08426224835,1
5804,0.0,0.0299437838,3.0,-0.3067298862,-0.21612576285,0.0905787348,0
5805,1.0,0.0528818646,3.0,-0.21295450570000002,-0.10062217265,0.07716206795,1
5806,2.0,0.04667589185,4.0,-0.2697049817,-0.0979452893,0.09700883899999999,1
5807,1.0,0.0407464373,3.0,-0.21001390614999998,-0.1428597851,0.09484747279999999,1
5808,2.0,0.03502616475,4.0,-0.20599758904999999,-0.1285710418,0.08487407595,1
5809,2.0,0.06391937825,4.0,-0.2287284947,-0.0939496009,0.07518206095,1
5810,0.0,0.0074311422,1.0,-0.1996036715,-0.10864767724999999,0.12329687975,0
5811,2.0,0.04341560455,2.0,-0.1918420223,-0.1473643134,0.0788687562,1
5812,0.0,0.0390176379,1.0,-0.32785309025,-0.30015694005000004,0.07743115905,0
5813,0.0,0.0189813707,1.0,-0.18550024765,-0.09461661355,0.10072320970000001,0
5814,0.0,0.0520595047,3.0,-0.2829438714,-0.26719828385,0.05611406065,0
5815,0.0,0.038444469999999994,3.0,-0.26621774384999997,-0.26149822855,0.06925559775000001,0
5816,0.0,0.02324753685,2.0,-0.1578877412,-0.1368023262,0.11113798625,1
5817,0.0,0.03610931795,3.0,-0.29254146175,-0.2762371171,0.0844921747,0
5818,0.0,-0.011434451549999999,3.0,-0.1682555024,-0.10552844905,0.14637864285000002,0
5819,2.0,0.05733617465,4.0,-0.2087117812,-0.1252060017,0.08124489635,1
5820,2.0,0.056752874849999996,4.0,-0.21839823609999998,-0.0916867188,0.0837526185,1
5821,2.0,0.0638684845,4.0,-0.23335345294999998,-0.13118117895,0.0777944203,1
5822,2.0,0.050066722349999995,2.0,-0.21519942735,-0.09199631925,0.08517994144999999,1
5823,2.0,0.0579629432,4.0,-0.22179980275,-0.09985029155,0.07103307375,1
5824,0.0,0.0405450225,3.0,-0.28964086885,-0.2750987678,0.0798898055,0
5825,0.0,0.0318910161,1.0,-0.30791481249999997,-0.254189656,0.08636082465,0
5826,1.0,0.0644447107,1.0,-0.24652818425,-0.1711952445,0.07168233724999999,1
5827,1.0,0.0499391221,3.0,-0.24860153325,-0.1550270614,0.08922157565,1
5828,0.0,0.03495147425,4.0,-0.2250630004,-0.1656898554,0.11078653125,1
5829,1.0,0.05938111825,3.0,-0.1954461075,-0.14088254155000002,0.07544674204999999,1
5830,0.0,0.012864397449999999,5.0,-0.23042973495,-0.17237200515,0.10936205375000001,1
5831,0.0,-0.0017725009499999999,2.0,-0.2126265443,-0.16295784645,0.12999826949999999,1
5832,0.0,0.01753514785,1.0,-0.14699974589999998,-0.09686157745,0.12424827664999999,0
5833,1.0,0.0085028307,3.0,-0.23953206575000002,-0.2065739077,0.12962586025,1
5834,1.0,0.03146617175,3.0,-0.20001315009999998,-0.19513524515,0.11461885975,1
5835,0.0,0.00722076095,2.0,-0.24117751615,-0.1840451285,0.12775300080000002,1
5836,0.0,0.00267247035,2.0,-0.2497937434,-0.18051562765,0.13917738035,1
5837,2.0,0.0366863947,4.0,-0.20765479025,-0.1880997907,0.10644862385000001,1
5838,0.0,-0.0025677547,2.0,-0.2514837542,-0.18732647025,0.14835871335,1
5839,0.0,0.0232961743,2.0,-0.19949504839999999,-0.15370552075,0.10755411334999998,1
5840,1.0,0.02653647395,3.0,-0.20933260175,-0.15013692965,0.10915356074999999,1
5841,0.0,0.03463165645,3.0,-0.28697240375,-0.27801663330000004,0.07524437974999999,0
5842,0.0,0.04676004055,3.0,-0.1972199564,-0.1651057676,0.08384079550000001,0
5843,2.0,0.0440301577,2.0,-0.23948251204999998,-0.2083780503,0.09408181399999999,1
5844,0.0,0.0227648123,2.0,-0.2621488506,-0.20259304595,0.12824670265000002,1
5845,1.0,0.04011825225,3.0,-0.23381200455,-0.13994499030000002,0.10016301805,1
5846,1.0,0.02784489155,5.0,-0.2112185954,-0.1422817967,0.10259513195,0
5847,2.0,0.05191947115,4.0,-0.2085358892,-0.17169363845,0.07775910725,1
5848,0.0,0.0205818293,3.0,-0.35304161865,-0.3442756559,0.10488521099999999,0
5849,1.0,0.045137518099999996,5.0,-0.22083911039999998,-0.16384903735,0.09590178665000001,1
5850,0.0,0.049520463,4.0,-0.21501220654999997,-0.17398147395,0.0887003381,1
5851,0.0,-0.0166864896,4.0,-0.18821215460000001,-0.12876892104999998,0.1488105227,0
5852,0.0,-0.0162524275,4.0,-0.1929601575,-0.12955027845,0.15281799140000002,0
5853,0.0,0.0214358068,3.0,-0.32948979074999996,-0.2193699065,0.0832492572,0
5854,0.0,0.023614101399999997,4.0,-0.19664212009999998,-0.1420827199,0.08028563385,0
5855,2.0,0.0534744541,4.0,-0.1560657697,-0.14313147375000002,0.08120186274999999,1
5856,2.0,0.03056169515,4.0,-0.20910066835000002,-0.19388066525,0.10555877775,1
5857,1.0,0.03822029875,3.0,-0.2072188811,-0.1714086766,0.09731568550000001,1
5858,2.0,0.0345212349,4.0,-0.2107789897,-0.19480366529999998,0.0894904773,1
5859,0.0,0.03573155515,3.0,-0.27125705385,-0.27036487835,0.0722865167,0
5860,0.0,0.06540070270000001,1.0,-0.20844437435000002,-0.19946213740000002,0.05400665405,0
5861,0.0,0.019303369299999998,3.0,-0.3025037672,-0.16984085575000002,0.1130955518,0
5862,1.0,0.06110836744999999,1.0,-0.202430045,-0.18409044165,0.06749411845,1
5863,0.0,0.03935204745,3.0,-0.27010057635,-0.2683675372,0.05744030455,0
5864,0.0,0.0317203034,3.0,-0.2909281039,-0.29008716619999997,0.06773116365000001,0
5865,1.0,0.04218924205,3.0,-0.23706525675,-0.22193454985,0.09085799484999998,1
5866,0.0,0.03145552225,4.0,-0.1898708169,-0.15038172290000001,0.1048707631,1
5867,0.0,0.0345368279,2.0,-0.2951043431,-0.2525242327,0.0760568523,0
5868,0.0,0.039828822,3.0,-0.29350896930000003,-0.27799725525,0.07261852669999999,0
5869,2.0,0.054514573649999995,4.0,-0.2144187772,-0.15735150555,0.07788877495000002,1
5870,1.0,0.05529363505,3.0,-0.3170686666,-0.26901549589999996,0.060920474249999995,0
5871,2.0,0.03660226975,2.0,-0.21686068585,-0.19341901615,0.08062052984999998,1
5872,0.0,0.0188574887,3.0,-0.27183079655,-0.19960123340000002,0.09293142039999999,0
5873,2.0,0.06772246779999999,4.0,-0.1927786238,-0.1394942328,0.06823651395,1
5874,0.0,-0.0413617412,1.0,-0.17545798425,-0.14162481005,0.17006095565,0
5875,0.0,0.03595973885,1.0,-0.33863821425,-0.30056697845,0.0807506404,0
5876,1.0,0.0501417596,5.0,-0.19104252459999999,-0.1370461761,0.08564846720000001,1
5877,1.0,0.06603002485000001,5.0,-0.203733587,-0.14631612805,0.07068651035000001,1
5878,0.0,0.02153424685,2.0,-0.20880989025,-0.1593289739,0.11341755055,1
5879,0.0,0.03108141615,3.0,-0.2981950203,-0.29359216545,0.07687918559999998,0
5880,1.0,0.0340931963,3.0,-0.2034979003,-0.15725080130000002,0.10075104939999999,1
5881,0.0,0.045837583400000007,3.0,-0.2114059633,-0.16789580715,0.07024381264999999,0
5882,1.0,0.03656583745,3.0,-0.21607452435000002,-0.19509436505,0.09462441475,1
5883,1.0,0.033280359450000005,3.0,-0.19149612665,-0.1632236498,0.10021127164999999,1
5884,0.0,0.02504903155,2.0,-0.21329371125000002,-0.153333199,0.11056278015000001,1
5885,0.0,0.012232845400000001,1.0,-0.16250088555,-0.0634701887,0.1245478801,0
5886,2.0,0.05960983615,2.0,-0.2034267226,-0.15095399404999998,0.07932538765,1
5887,0.0,0.06079355755,3.0,-0.2686133832,-0.18251494205000002,0.06589500205,0
5888,1.0,0.05233150985,3.0,-0.2692149699,-0.26219398145,0.0596020147,0
5889,0.0,-0.0118377613,1.0,-0.1709340262,-0.097056433,0.15335891634999999,0
5890,0.0,0.0451439817,2.0,-0.2939797625,-0.2521010727,0.06851134325000001,0
5891,0.0,0.020964443200000002,2.0,-0.17539299845,-0.11597465135,0.11241659885,1
5892,0.0,0.0507270322,2.0,-0.27785872775,-0.2710698769,0.06364376685,0
5893,0.0,0.029307230099999998,1.0,-0.29010103595000003,-0.276905128,0.0933639044,0
5894,0.0,0.02989482445,2.0,-0.22007395740000002,-0.12949075675,0.10210402875,1
5895,0.0,0.0162177815,2.0,-0.17101870930000002,-0.12166192275,0.1128635288,1
5896,0.0,0.03834884875,2.0,-0.29028463775,-0.2351540462,0.08793029559999999,0
5897,1.0,0.0475538332,3.0,-0.24091135684999998,-0.2094858687,0.07686920759999999,1
5898,1.0,0.0646617359,3.0,-0.2192730867,-0.17803023775,0.06627313359999999,1
5899,2.0,0.061545898099999996,3.0,-0.25522678885,-0.2271233148,0.07140482790000001,1
5900,0.0,0.04740168275,2.0,-0.2974134954,-0.28621014775,0.06870064605,0
5901,0.0,0.0310622826,2.0,-0.22175018,-0.20332876900000002,0.09573922234999999,1
5902,1.0,0.0567309059,3.0,-0.19489346894999998,-0.1390820444,0.08630778655,1
5903,1.0,0.033060109049999994,3.0,-0.19423168655,-0.15971577139999998,0.1117809307,1
5904,0.0,0.03943144675,2.0,-0.284107099,-0.2152929046,0.08287818635,0
5905,1.0,0.0555336735,3.0,-0.19899713284999998,-0.16932875775,0.0751770167,1
5906,2.0,0.0312733542,4.0,-0.196004122,-0.18309450725,0.09364657864999999,1
5907,0.0,0.0177293648,3.0,-0.27533553759999996,-0.198490094,0.09839645329999999,0
5908,0.0,0.028011702450000002,3.0,-0.3123250968,-0.2949665438,0.09767053375000001,0
5909,0.0,0.02199457935,2.0,-0.1873682202,-0.14598215344999999,0.11058405405,1
5910,1.0,0.0282576981,3.0,-0.22484939835,-0.15908370205,0.1006169586,1
5911,2.0,0.0321280947,4.0,-0.23387015235,-0.21095747135,0.0866907145,1
5912,1.0,0.0431523444,3.0,-0.20009066025,-0.1866090678,0.07656956005000001,1
5913,0.0,-0.0354791547,3.0,-0.17205159065,-0.0635471699,0.16813344955,0
5914,0.0,0.02579859425,2.0,-0.21616996184999998,-0.16495815754999998,0.10643071330000001,1
5915,1.0,0.04822474555,3.0,-0.2500320821,-0.1909270651,0.08151769589999999,1
5916,1.0,0.0564425199,3.0,-0.31012139660000004,-0.2979019612,0.05986179269999999,0
5917,0.0,0.020665695050000002,2.0,-0.205222998,-0.14714577820000002,0.10988441455,1
5918,0.0,0.00813695945,1.0,-0.18709617,-0.11603160870000001,0.1333877148,0
5919,0.0,0.0410061876,3.0,-0.2962860495,-0.28613552325,0.06701506845,0
5920,0.0,0.041053269899999995,4.0,-0.2976151661,-0.27513945495000003,0.08334325195,0
5921,2.0,0.04037500635,4.0,-0.17427048845,-0.1190576149,0.0833374756,1
5922,0.0,0.039534848149999996,2.0,-0.25724615515,-0.2014102525,0.10288672905000001,1
5923,1.0,0.056605364500000005,5.0,-0.20208520615,-0.1529114359,0.08509669389999999,1
5924,0.0,0.0403119532,1.0,-0.28165795425,-0.24653107955,0.08518417480000001,0
5925,0.0,0.0056892629,2.0,-0.21398182845,-0.17172951855000002,0.1387102732,1
5926,2.0,0.0318239244,4.0,-0.2157796471,-0.2049711558,0.11142791875,1
5927,1.0,0.0361351159,3.0,-0.22658554195,-0.21158954955,0.10488094479999999,1
5928,2.0,0.0315614401,4.0,-0.2024897096,-0.18456022075,0.1003050647,1
5929,1.0,0.024060964650000002,3.0,-0.19825982165,-0.1908608409,0.115384584,1
5930,0.0,0.0234874141,3.0,-0.32346170944999997,-0.26413792875,0.0918326193,0
5931,0.0,0.041251151550000004,1.0,-0.32738350865,-0.28189916569999995,0.0791761296,0
5932,0.0,0.03080173075,1.0,-0.13882606285,-0.09534243365,0.10613941895000001,0
5933,2.0,0.03717419965,4.0,-0.23565212115,-0.21792545175,0.11071711009999999,1
5934,2.0,0.0500792867,4.0,-0.22234061500000002,-0.10510180725000001,0.0935407356,1
5935,2.0,0.0537839824,4.0,-0.2485707578,-0.10554432929999999,0.09321522435,1
5936,0.0,0.03185668585,2.0,-0.32638855065,-0.2901951897,0.0909911377,0
5937,0.0,0.03735804595,3.0,-0.27377939855,-0.25390610999999996,0.0823533686,0
5938,0.0,0.0098338689,2.0,-0.20841778765,-0.150728988,0.12336062575000001,1
5939,0.0,0.02163112,2.0,-0.2141972584,-0.20163130894999998,0.1099552519,1
5940,0.0,0.01177684255,1.0,-0.1667070822,-0.09189964875000001,0.1281952787,0
5941,0.0,0.00473111485,4.0,-0.15832402439999999,-0.08995238524999999,0.1388339074,0
5942,0.0,0.0425537201,3.0,-0.2838070039,-0.2741349592,0.0719165296,1
5943,0.0,0.032862052850000004,3.0,-0.34111720465,-0.31387749035,0.08625834075,0
5944,1.0,0.03637492865,3.0,-0.21901821785,-0.19914573245,0.1042467785,1
5945,1.0,0.02764884285,3.0,-0.2075900985,-0.1938506386,0.11681280364999999,1
5946,0.0,0.04265283195,4.0,-0.2717918882,-0.2408768117,0.07668368605,0
5947,0.0,0.03501210205,2.0,-0.276234753,-0.21266881170000002,0.09984412659999999,1
5948,1.0,0.03132892705,3.0,-0.2179137331,-0.21067683599999998,0.1091761241,1
5949,2.0,0.0496097965,4.0,-0.2148939439,-0.1620061785,0.0911563231,1
5950,0.0,0.0349282487,4.0,-0.26067126765000004,-0.2562459253,0.0888505627,0
5951,0.0,0.03157335905,1.0,-0.2202494042,-0.2090454559,0.09759453679999999,0
5952,0.0,0.0031274817,4.0,-0.21821903334999998,-0.1559027392,0.1324775936,1
5953,2.0,0.0509233632,2.0,-0.1864173806,-0.16221210185,0.08340200095,1
5954,2.0,0.060214236549999994,2.0,-0.22693404395,-0.2114855968,0.0738550975,1
5955,0.0,0.06364210195,3.0,-0.2542398795,-0.2436641743,0.06877092485,1
5956,1.0,0.0512486546,1.0,-0.25500854159999997,-0.15025117885,0.0832663389,0
5957,2.0,0.04976247155,4.0,-0.2104028613,-0.15614290385000001,0.07650573205000001,1
5958,0.0,0.0315838622,3.0,-0.28144214415,-0.26072230995,0.08093356574999999,0
5959,2.0,0.0583625842,4.0,-0.16985741655,-0.14726549955,0.06973774995000001,1
5960,2.0,0.05583200475,4.0,-0.2197626994,-0.0945516916,0.08409931200000001,1
5961,1.0,0.06924644705,3.0,-0.2483387151,-0.2310897063,0.06302211769999999,1
5962,0.0,0.042502695650000005,2.0,-0.3073218962,-0.27044861755000005,0.07783996130000001,0
5963,0.0,0.03770469855,3.0,-0.3063391032,-0.2491163147,0.08496599685,0
5964,1.0,0.04341698435,3.0,-0.21970899314999998,-0.19112339265,0.091557044,1
5965,1.0,0.0383911241,3.0,-0.2697153405,-0.145719962,0.10418163365,1
5966,0.0,0.0349519586,1.0,-0.290598272,-0.26667499665,0.08723806,0
5967,1.0,0.0431600871,3.0,-0.2308780845,-0.12996528029999999,0.0962076123,1
5968,0.0,0.042728364549999995,1.0,-0.3009349518,-0.26874014925,0.08436293845000001,0
5969,0.0,-0.0106286703,4.0,-0.17538283945,-0.15084207719999998,0.16160260579999997,0
5970,2.0,0.0470491849,2.0,-0.23618109539999999,-0.15858494255,0.08451849665,1
5971,0.0,0.01953040115,1.0,-0.1769683877,-0.12501596185,0.11292521300000001,1
5972,2.0,0.05471396145,4.0,-0.19227565130000002,-0.12412868430000001,0.08553254554999999,1
5973,0.0,-0.02527153585,3.0,-0.2141760731,-0.1948448142,0.1408127751,0
5974,0.0,0.01655005885,2.0,-0.21022586695,-0.14979033414999998,0.1062762445,1
5975,2.0,0.061849545650000004,4.0,-0.18295853805,-0.11347532695,0.07358590085,1
5976,0.0,0.0082567466,4.0,-0.23534505225,-0.170349144,0.1274298627,1
5977,0.0,0.018106991599999997,1.0,-0.17031010530000001,-0.10479493005,0.10848045380000002,0
5978,0.0,-0.0095120859,1.0,-0.184511704,-0.14847545825,0.1455494792,0
5979,0.0,0.0103715777,2.0,-0.2350253447,-0.17327831049999998,0.1378569324,1
5980,0.0,0.02739939945,3.0,-0.20786981059999998,-0.1912826738,0.09075908125,0
5981,1.0,0.0021944596,5.0,-0.2188660743,-0.1666951095,0.1390373371,1
5982,1.0,0.013124149500000001,3.0,-0.22404044295,-0.15987218414999999,0.12632182355,1
5983,0.0,0.0275585171,3.0,-0.2603208214,-0.2463776694,0.0724888851,0
5984,0.0,0.0246931083,2.0,-0.1970973738,-0.10965022125000001,0.112416134,1
5985,0.0,0.016477069,3.0,-0.2789801855,-0.24463790759999998,0.1112522899,0
5986,0.0,0.02554945295,4.0,-0.20684931985,-0.1194728906,0.1159761051,1
5987,0.0,0.033219357899999996,3.0,-0.23449671449999998,-0.22819091715,0.08923285210000001,0
5988,0.0,0.01508261815,4.0,-0.20452032785,-0.15673921785,0.11593316384999999,1
5989,0.0,0.027181105400000002,2.0,-0.21469476170000001,-0.09350408715,0.117007078,1
5990,0.0,0.0374994352,1.0,-0.30386455850000005,-0.29381438235,0.0668370491,0
5991,0.0,0.032660054699999996,3.0,-0.33738095115,-0.2985201927,0.08309907115,0
5992,0.0,0.04414252075,1.0,-0.3032965243,-0.29717912775,0.06607044420000001,0
5993,0.0,0.018749528600000002,2.0,-0.20019435795,-0.15067414750000002,0.11357694225000001,1
5994,0.0,0.0146220607,2.0,-0.20666885265,-0.15910937954999999,0.12364356455,1
5995,1.0,0.039981018199999996,3.0,-0.2928745953,-0.28403921395,0.08979211975000001,1
5996,1.0,0.05045869015,3.0,-0.15544049705000001,-0.1422705196,0.068809197,1
5997,0.0,0.0363485861,4.0,-0.19849298119999997,-0.18711053045,0.08644656515000002,1
5998,0.0,0.01499121895,4.0,-0.22055324855,-0.1214897305,0.12178576285,0
5999,1.0,0.051676988300000004,1.0,-0.29387525709999995,-0.25333597735,0.053498145299999994,0
6000,1.0,0.040972055800000004,3.0,-0.23590028130000001,-0.18033262865,0.08299228595,1
6001,0.0,-0.01283956855,3.0,-0.26690144945000005,-0.24614786840000002,0.12717529444999998,0
6002,0.0,0.02016464955,1.0,-0.21850996839999998,-0.16498197679999999,0.10395092075000001,1
6003,0.0,0.029455296649999997,6.0,-0.2162657131,-0.1556257527,0.09418799175,1
6004,0.0,0.03983101535,2.0,-0.29452699695,-0.2604807407,0.07993091790000001,0
6005,0.0,0.040843438450000005,3.0,-0.28225577035,-0.2735768873,0.0816668023,0
6006,0.0,-0.01592973005,2.0,-0.1701246162,-0.13573736065,0.1309720138,0
6007,0.0,-0.030376065350000002,3.0,-0.2028538445,-0.14168421004999998,0.16942730185000002,0
6008,0.0,0.022277682049999997,3.0,-0.28989670385,-0.28066480355,0.0999460884,0
6009,0.0,0.02216513635,3.0,-0.3123372223,-0.29072549165,0.10746085024999999,0
6010,1.0,0.03442907765,3.0,-0.21312101960000002,-0.16600623199999998,0.09585355595,1
6011,0.0,0.03820067285,3.0,-0.27760109675,-0.26108940145000004,0.08747196585,0
6012,0.0,0.0425269941,3.0,-0.31815747305,-0.31157720219999996,0.05652457185000001,1
6013,2.0,0.02784555355,4.0,-0.19669696485,-0.1497392404,0.0942667445,1
6014,0.0,0.0367285178,1.0,-0.3218011527,-0.30548028285,0.07518533734999999,0
6015,1.0,0.046554609250000004,3.0,-0.1924563309,-0.18352171985,0.0743835366,1
6016,2.0,0.03113775635,4.0,-0.1818951024,-0.1713325949,0.08654195835,1
6017,1.0,0.02989166845,3.0,-0.2257197841,-0.1736446842,0.09515991385,1
6018,1.0,0.050363470199999996,5.0,-0.3079427498,-0.25444303745,0.059503426949999993,0
6019,0.0,0.0038734591,4.0,-0.2251213203,-0.1683711239,0.1323779495,1
6020,0.0,0.0046066925000000005,2.0,-0.2229121657,-0.17008604845,0.1236702999,1
6021,0.0,0.046486733249999995,3.0,-0.29431811765000004,-0.2655255342,0.07237960834999999,0
6022,2.0,-0.0046713842,4.0,-0.08268854035,-0.02562020585,0.0428739815,1
6023,2.0,0.05129294425,3.0,-0.2665057045,-0.20197589225,0.0657436821,1
6024,2.0,0.06363818395,4.0,-0.2681767507,-0.1398356162,0.07281475274999999,1
6025,0.0,0.039197350049999996,3.0,-0.31838056615,-0.304772663,0.0763744193,1
6026,0.0,-0.0501721358,1.0,-0.179530205,-0.1123586436,0.1853826073,0
6027,0.0,0.040900313,4.0,-0.31327778995,-0.30541576525,0.0755193643,0
6028,1.0,0.046250017399999996,3.0,-0.14907936994999998,-0.13396778990000002,0.07675873265,1
6029,1.0,0.054402782149999995,3.0,-0.19240415305,-0.16129694244999998,0.08345902965,1
6030,0.0,0.02903764505,3.0,-0.2924140759,-0.28144259735,0.0950130995,0
6031,0.0,0.039410675049999996,2.0,-0.3139490266,-0.26343107435,0.06837697530000002,0
6032,1.0,0.0315572522,3.0,-0.21992034124999998,-0.16022383425,0.09308934525000001,1
6033,2.0,0.0617664388,4.0,-0.17123038185,-0.1590728916,0.06591206790000001,1
6034,0.0,0.0384539947,1.0,-0.32111562755,-0.31568587675000004,0.0601948432,0
6035,0.0,0.0394971841,4.0,-0.28061328065,-0.26516529504999997,0.0791829254,1
6036,0.0,0.0556824187,1.0,-0.31369414780000004,-0.3012543379,0.0501539468,0
6037,0.0,-0.05430070625,1.0,-0.15442021435,-0.1305477495,0.19475315380000002,0
6038,2.0,0.03902023265,3.0,-0.19486993915,-0.1573340237,0.08247825095,1
6039,0.0,0.0438476307,1.0,-0.29050596544999996,-0.26652002915,0.059400839600000005,1
6040,0.0,0.0431019052,1.0,-0.31815695715000003,-0.24960346755,0.0620387321,0
6041,0.0,-0.0260599944,1.0,-0.1671125724,-0.1453275118,0.15761819975000002,0
6042,0.0,0.04563584315,3.0,-0.29239390795,-0.27263879355,0.064724433,0
6043,1.0,0.042396578899999995,3.0,-0.20141824235,-0.1888147967,0.0860686635,1
6044,1.0,0.0415488666,3.0,-0.19993215315,-0.1704948319,0.08862879755,1
6045,1.0,0.048251592999999995,3.0,-0.315835552,-0.2900075225,0.0710010931,0
6046,1.0,0.02872348015,3.0,-0.21225630345000002,-0.16245005610000002,0.1088137029,1
6047,1.0,0.05142753135,3.0,-0.30744120134999997,-0.30162698975,0.0587050202,0
6048,0.0,0.04026150095,1.0,-0.31980099424999997,-0.2860838395,0.08407805055,0
6049,1.0,0.053030095,3.0,-0.25296691255000003,-0.22065040915,0.0773678102,1
6050,1.0,0.044229391199999996,3.0,-0.2289058427,-0.1840516969,0.0850384866,1
6051,0.0,0.06850735590000001,2.0,-0.21252250635,-0.17552721100000002,0.0588433387,0
6052,0.0,0.0436758796,1.0,-0.28146618325,-0.27744040280000004,0.079336374,0
6053,0.0,-0.0359546242,3.0,-0.22473919485,-0.20469876495,0.17130710655000003,0
6054,0.0,0.0501549108,3.0,-0.25426679375,-0.2398610061,0.0709246876,0
6055,0.0,0.04089898115,3.0,-0.28393261205,-0.2449046416,0.07881225920000001,0
6056,1.0,0.039137528000000005,3.0,-0.2199853128,-0.1963371787,0.09625597505,1
6057,1.0,0.035749284199999995,3.0,-0.22563187045,-0.19459453205,0.09582512475,1
6058,1.0,0.03089796065,3.0,-0.20670607035,-0.16990449935000002,0.1092614064,1
6059,1.0,0.03534377175,3.0,-0.21550850594999998,-0.1834549292,0.10256425855000001,1
6060,0.0,0.041103942350000006,4.0,-0.27848517085,-0.2466763113,0.08589524119999999,0
6061,1.0,0.0461757847,5.0,-0.23048594360000002,-0.15982842815,0.09535060125,1
6062,0.0,0.033559287,2.0,-0.16488407360000001,-0.15911885975,0.10195069420000001,1
6063,1.0,0.06421761100000001,3.0,-0.21985242545,-0.12415863360000001,0.07094409995,1
6064,1.0,0.05027210325,3.0,-0.20530954429999998,-0.1280085889,0.08325354445,1
6065,2.0,0.05254279245,2.0,-0.21275315015000001,-0.09239325965,0.09121590724999999,1
6066,1.0,0.060316743699999995,1.0,-0.27135308734999997,-0.14107917235,0.07620803895,1
6067,1.0,0.03425706615,3.0,-0.23483491145000002,-0.1751559128,0.0971281746,1
6068,0.0,0.021962131250000003,1.0,-0.23536172475,-0.1641009245,0.10752522040000001,1
6069,0.0,0.023665887,2.0,-0.18497678055,-0.16340083360000002,0.11349465279999998,1
6070,2.0,0.062495277,4.0,-0.25286025489999997,-0.11496210655,0.07547240135,1
6071,1.0,0.048403227800000004,3.0,-0.25627661495,-0.128447353,0.08673679855000002,1
6072,0.0,0.02484481585,2.0,-0.21157436995,-0.15288139945,0.09421281385,1
6073,0.0,0.03408205235,1.0,-0.28568745284999997,-0.20333635690000001,0.0911856637,0
6074,0.0,0.02312663265,2.0,-0.2076594534,-0.15021862915,0.10354550985000001,1
6075,0.0,0.0317363897,1.0,-0.2996921085,-0.27839848305000003,0.09190829995,0
6076,0.0,-0.0427086611,1.0,-0.22649599274999999,-0.1576767582,0.1814582228,0
6077,0.0,0.043917148200000006,1.0,-0.2797684405,-0.2132456597,0.0771292234,0
6078,0.0,0.0161475772,4.0,-0.21889335315000003,-0.16345194485,0.11577414024999999,1
6079,0.0,0.01676362625,2.0,-0.21422896455,-0.1580171756,0.1112415115,1
6080,2.0,0.07004796265,2.0,-0.22548958460000001,-0.11994795525,0.06027904895,1
6081,0.0,0.005951431950000001,3.0,-0.21510816160000001,-0.17938372425,0.11055219910000001,0
6082,1.0,0.041900153100000004,3.0,-0.2019408196,-0.1703982381,0.0962076975,1
6083,0.0,0.0038070146000000003,1.0,-0.21587210089999997,-0.13869034835,0.12098714445,0
6084,1.0,0.05766103385,3.0,-0.22234982975,-0.20529803014999998,0.0802575851,1
6085,0.0,0.0376492714,3.0,-0.29274331475000004,-0.27726922735000004,0.08160640050000001,0
6086,0.0,0.03245098035,2.0,-0.2975487174,-0.2693244806,0.0888615725,0
6087,0.0,-0.0031828997,1.0,-0.2183024633,-0.13975290234999999,0.13711462705,0
6088,0.0,0.04263724645,3.0,-0.302535842,-0.2816163793,0.061982863250000006,1
6089,0.0,0.034572928700000005,2.0,-0.20333881425,-0.18978456135,0.086930798,1
6090,0.0,-0.0525806822,3.0,-0.22843142565000002,-0.2034028666,0.1968177666,0
6091,0.0,-0.0439820608,1.0,-0.20575231519999998,-0.1261035323,0.179684628,0
6092,1.0,0.04587645805,3.0,-0.21204462435,-0.19776204295,0.07361421265000001,1
6093,0.0,0.00174298675,2.0,-0.1967207902,-0.08845252484999999,0.1386757327,0
6094,0.0,0.0345470114,3.0,-0.3377089956,-0.24127591459999997,0.0869943478,0
6095,2.0,0.046272183450000004,4.0,-0.23849322155000002,-0.2018222363,0.07166605085000001,1
6096,0.0,-0.0574543753,1.0,-0.2335404089,-0.18838700705,0.19326048875,0
6097,2.0,0.04948400355,6.0,-0.22730036905,-0.0852912576,0.09548996985,1
6098,0.0,0.04350280365,1.0,-0.27653633175000003,-0.2485322868,0.07394159485000001,0
6099,2.0,0.062027647,4.0,-0.20312709,-0.14282464165,0.07264729245,1
6100,1.0,0.04867752695,3.0,-0.19213303475,-0.17282064175,0.07225989559999998,1
6101,0.0,0.04515470575,1.0,-0.29877279905,-0.24430413945,0.0738856783,0
6102,0.0,-0.05674720975,1.0,-0.2539708649,-0.16742338915,0.194452599,0
6103,0.0,0.01731714905,1.0,-0.25984533485,-0.1649703704,0.09818550025,0
6104,0.0,0.03247636595,3.0,-0.2543053258,-0.2371646723,0.0820544741,0
6105,0.0,0.044568619399999995,3.0,-0.2753455078,-0.2498251422,0.0761924732,0
6106,0.0,0.01734472315,4.0,-0.31393207754999997,-0.2634096841,0.11240242065,0
6107,1.0,0.06133507495,3.0,-0.2517225625,-0.10735348389999999,0.0683137803,1
6108,0.0,0.048687509399999995,1.0,-0.27552672075,-0.25519729,0.061450760800000004,0
6109,0.0,0.048559355,1.0,-0.29122736155,-0.27521726420000003,0.06352038700000001,0
6110,0.0,0.053924814099999996,3.0,-0.2455605616,-0.20592773295,0.0664197953,0
6111,0.0,-0.0879265306,1.0,-0.2662575209,-0.1793986764,0.21523050105000002,0
6112,0.0,0.0397525656,3.0,-0.32409198655000004,-0.29843037,0.0560246534,1
6113,0.0,0.047528515849999994,1.0,-0.2724952931,-0.26684230685,0.06358499565,0
6114,0.0,0.048881215199999994,2.0,-0.26896946035,-0.2646815215,0.0692481972,1
6115,0.0,-0.0645770336,5.0,-0.23419011374999998,-0.1671055381,0.19953890494999998,0
6116,1.0,0.04138199165,3.0,-0.20297444285,-0.17251769135,0.08660749775000001,1
6117,2.0,0.04445442905,4.0,-0.23532510020000003,-0.2046432013,0.07995286539999999,1
6118,1.0,0.03403720955,5.0,-0.24019542415,-0.17447316364999998,0.1002039897,1
6119,0.0,0.040503183799999995,2.0,-0.32829413275,-0.2667792204,0.07344439785,0
6120,1.0,0.0426758772,3.0,-0.20032884315,-0.17570700475,0.09020061924999999,1
6121,1.0,0.03077478215,3.0,-0.20540577195,-0.1660855879,0.10159749524999999,1
6122,0.0,0.00968670045,2.0,-0.2211612499,-0.15925328235000002,0.12874788185000002,0
6123,1.0,0.03733067695,5.0,-0.22628350315,-0.15082359909999998,0.0945640753,1
6124,0.0,0.042370472,4.0,-0.29223134495,-0.24282368895,0.07756625084999999,0
6125,2.0,0.059056700049999994,4.0,-0.23626392205000002,-0.0932332812,0.08617800440000001,1
6126,0.0,0.028746380100000003,4.0,-0.3135154455,-0.25226453844999996,0.09622831535,0
6127,2.0,0.065360157,4.0,-0.2079373593,-0.1145717173,0.07180275555,1
6128,1.0,0.05477163015,3.0,-0.23932818725,-0.11594923085,0.08523232,1
6129,1.0,0.051807497,3.0,-0.2758438465,-0.2609510172,0.05940517545,0
6130,2.0,0.0464520192,6.0,-0.1809500632,-0.11781354475,0.09587653455,1
6131,1.0,0.046414338,3.0,-0.23920446374999998,-0.09745311170000001,0.1002889476,1
6132,2.0,0.0588493051,6.0,-0.19030699185,-0.1465949754,0.0764803411,1
6133,0.0,0.032329646399999995,2.0,-0.22500412814999998,-0.1526818611,0.09064513965,1
6134,0.0,0.02451601365,2.0,-0.2180739729,-0.14827364064999998,0.09834930965,1
6135,1.0,0.04952595625,3.0,-0.29646997565,-0.23354696545,0.06426458085,0
6136,2.0,0.050574962949999996,4.0,-0.19791836140000002,-0.13340391755,0.07547500655,1
6137,0.0,0.04696268575,1.0,-0.30289383535000003,-0.21471228485,0.0784996964,0
6138,0.0,0.048471682249999995,4.0,-0.28986564984999996,-0.2721324209,0.0637391352,0
6139,0.0,0.0428331243,3.0,-0.2832221695,-0.26659445140000004,0.07691744765,0
6140,0.0,0.042794862200000006,1.0,-0.2815159002,-0.2714757607,0.07644646175,0
6141,0.0,0.037641796549999995,2.0,-0.28284877669999997,-0.24355500685,0.0807430143,0
6142,0.0,-0.051918696550000004,1.0,-0.23502376865,-0.14566424685,0.18531354379999998,0
6143,1.0,0.04164003625,3.0,-0.24028928015,-0.1973778094,0.08178274435,1
6144,0.0,0.05072091095,1.0,-0.30680507395,-0.27820023915000003,0.06375875375000001,0
6145,0.0,0.0440515649,3.0,-0.29651275180000003,-0.24038105399999998,0.07085818015,0
6146,0.0,0.00888574135,2.0,-0.21730401885,-0.16146963930000002,0.1280738723,1
6147,2.0,0.04823508295,4.0,-0.19755374720000002,-0.1582091443,0.08286349815,1
6148,0.0,0.03404287475,1.0,-0.28614740725,-0.2613844113,0.08627659944999999,0
6149,1.0,0.039837670650000004,3.0,-0.2121895343,-0.18400647635,0.08445841625,1
6150,1.0,0.0469272228,3.0,-0.24451440754999998,-0.21987769415000002,0.07922949315,1
6151,0.0,0.023515264600000002,2.0,-0.23882859569999998,-0.1570792258,0.11386343084999999,1
6152,0.0,0.04377500285,1.0,-0.28403567845,-0.25284922635,0.07373532245,0
6153,0.0,0.02968399805,3.0,-0.3089608229,-0.29971634719999996,0.08753690885,0
6154,0.0,-0.07770785285000001,5.0,-0.2433307972,-0.17581960345,0.21806016185,0
6155,1.0,0.046062468649999994,3.0,-0.30285733925,-0.284411163,0.06512184615,1
6156,1.0,0.0471531227,3.0,-0.1892507845,-0.1623084277,0.0784749937,1
6157,1.0,0.049787827699999995,3.0,-0.1992711573,-0.10545437425000001,0.09459816225,1
6158,2.0,0.058773326949999996,4.0,-0.17643030825,-0.09011527035,0.07346993809999999,1
6159,0.0,-0.0188884102,1.0,-0.21567442344999999,-0.1731369325,0.1478645501,0
6160,2.0,0.0533973631,6.0,-0.2298413647,-0.10332500145000001,0.08369774665,1
6161,1.0,0.0365878417,5.0,-0.21454270305,-0.1567482891,0.09570106715,1
6162,1.0,0.04173159835,3.0,-0.2177256836,-0.17189161790000002,0.0979998955,1
6163,0.0,0.028117724099999998,3.0,-0.2920124522,-0.25790288245000004,0.09368219985000001,0
6164,0.0,-0.034131854249999996,1.0,-0.2134396982,-0.16133182075,0.1724079947,0
6165,0.0,0.030896938800000003,3.0,-0.3223208567,-0.2820480578,0.092779855,0
6166,0.0,-0.017003988249999998,1.0,-0.20318076224999998,-0.054400309499999994,0.15648203354999998,0
6167,1.0,0.023449615200000003,3.0,-0.19583123060000002,-0.1669005255,0.11264724295,1
6168,0.0,0.0176553697,2.0,-0.2004392817,-0.16416090015,0.12440201605,1
6169,0.0,0.04663741165,1.0,-0.27526348615,-0.2557982149,0.0611116249,0
6170,1.0,0.027136157350000002,3.0,-0.25637496184999997,-0.18716232835000002,0.10969810669999999,1
6171,0.0,-0.05104615285,1.0,-0.20371746815000003,-0.11797960904999999,0.16851265785,0
6172,2.0,0.05663945895,4.0,-0.1642819305,-0.14858297510000001,0.07687880154999999,1
6173,0.0,0.0166251931,4.0,-0.2324261836,-0.16666760749999998,0.12166969150000001,1
6174,2.0,0.051678409450000004,4.0,-0.2248401819,-0.0910515306,0.09480675015,1
6175,0.0,0.0234882193,1.0,-0.249559418,-0.22736351664999999,0.09265043745,0
6176,1.0,0.04978598325,3.0,-0.22676583644999998,-0.21042880884999998,0.074779641,1
6177,0.0,0.0352976127,3.0,-0.2900987564,-0.28342956259999996,0.0812808079,0
6178,0.0,0.033028351,2.0,-0.21820342850000002,-0.1287740812,0.1020013281,1
6179,0.0,0.015772212950000003,4.0,-0.2254660178,-0.1655837181,0.11704992579999998,1
6180,0.0,0.04212948745,1.0,-0.30868853445,-0.28899938085,0.0727110833,0
6181,2.0,0.052692621349999996,4.0,-0.19261170449999998,-0.17485710775000002,0.0809165974,1
6182,0.0,0.0078212083,5.0,-0.24782521715,-0.16710509280000002,0.13294693149999998,0
6183,0.0,0.032329394,2.0,-0.19255515295,-0.15669113475000002,0.100439112,1
6184,0.0,0.02123850535,6.0,-0.19134283159999999,-0.1422315666,0.10992785289999998,1
6185,0.0,0.0435423527,1.0,-0.3017755634,-0.28958678485,0.06654373514999999,0
6186,1.0,0.0398026781,3.0,-0.22715795025,-0.16206845930000002,0.09007025029999999,1
6187,0.0,0.0370056551,3.0,-0.2868731697,-0.26793783299999996,0.0857611122,0
6188,0.0,0.03472786695,6.0,-0.1965998769,-0.15578002475,0.09807226220000001,1
6189,0.0,0.02682282625,2.0,-0.20518833990000002,-0.0923112556,0.1147060252,1
6190,1.0,0.03735270535,5.0,-0.17897887745000002,-0.1315185522,0.1047994353,1
6191,1.0,0.0551823455,3.0,-0.19890680095000002,-0.12024188514999999,0.08717425625,1
6192,1.0,0.03664774695,5.0,-0.21304719500000002,-0.10058109335000001,0.0998651371,1
6193,0.0,0.00763017175,1.0,-0.22851511545,-0.14250927600000002,0.1193505646,0
6194,0.0,-0.0090299473,3.0,-0.2531232272,-0.13635579635,0.13793458190000002,0
6195,0.0,0.0356431118,3.0,-0.26979541805,-0.21732435105,0.07974734524999999,0
6196,0.0,0.02717114105,2.0,-0.18648104505,-0.1456200398,0.11003051175,1
6197,1.0,0.050685207499999996,3.0,-0.19000941115,-0.1218522959,0.09042161205,1
6198,0.0,-0.00419396345,1.0,-0.20672684785,-0.15215219055,0.15406077735,0
6199,0.0,-0.0008645681499999999,1.0,-0.2089024634,-0.08870646355,0.1198405501,0
6200,0.0,-0.0287634516,1.0,-0.1743157447,-0.1577156235,0.17457605054999997,0
6201,0.0,-0.0125131471,4.0,-0.19399128189999998,-0.17653781175,0.15262905495,0
6202,2.0,0.053450739,6.0,-0.18890852065,-0.0918601034,0.08902037584999999,1
6203,0.0,0.0376879134,3.0,-0.22280508565,-0.18322640135,0.08976598125,0
6204,1.0,0.0465615068,3.0,-0.2265100838,-0.173644865,0.09189090365000001,1
6205,0.0,0.0411677983,1.0,-0.27184135905,-0.2283641598,0.07995795115,0
6206,1.0,0.048926751399999996,3.0,-0.18630068285,-0.14578058519999998,0.0851995516,1
6207,0.0,0.04652739255,1.0,-0.28492781619999996,-0.2184761527,0.0658735216,0
6208,2.0,0.05731050435,4.0,-0.24478559449999998,-0.21593057215,0.07121461120000001,1
6209,2.0,0.04038483295,2.0,-0.24408199730000002,-0.20290526875,0.0815914845,1
6210,0.0,0.0312079926,2.0,-0.24180886985,-0.2050628163,0.0736243499,0
6211,0.0,0.0328651887,3.0,-0.31519831330000003,-0.24464747879999998,0.0873111121,0
6212,0.0,0.03007629615,3.0,-0.35241659125,-0.25142158335,0.09701702165,0
6213,0.0,0.0193666454,3.0,-0.2414431383,-0.1897340837,0.1027439577,0
6214,1.0,0.03153840725,3.0,-0.1845332046,-0.14246234665000002,0.09817970235000001,1
6215,3.0,0.04088703305,5.0,-0.15589011205,-0.14723416055,0.07572525159999999,1
6216,2.0,0.0482015458,4.0,-0.20268297405,-0.1827701213,0.07165730435,1
6217,2.0,0.0442961457,4.0,-0.1834359723,-0.1672547256,0.0816780684,1
6218,1.0,0.017320749500000003,3.0,-0.21321538810000001,-0.15517941905,0.11703500145,1
6219,0.0,0.0241912798,3.0,-0.1504923902,-0.0999550771,0.10798875100000001,0
6220,0.0,-0.01216486615,1.0,-0.1908657349,-0.1320768015,0.15067769675000003,0
6221,0.0,0.010714224849999999,2.0,-0.21069066735,-0.14793653645,0.12337217254999999,1
6222,2.0,0.05021385655,4.0,-0.2328452868,-0.0959032018,0.09546433565000001,1
6223,1.0,0.043539770049999996,3.0,-0.2402396392,-0.0955701649,0.10276251455,1
6224,1.0,0.0404836229,3.0,-0.24159994955,-0.1027808851,0.10584923965,1
6225,0.0,0.04028757865,1.0,-0.3097107648,-0.2505771465,0.0758462774,0
6226,0.0,0.02238756665,2.0,-0.1970556911,-0.1449912425,0.11603945895000001,1
6227,0.0,0.0213395161,1.0,-0.21590855485,-0.1576944118,0.12310485700000001,1
6228,1.0,0.040570651750000006,3.0,-0.24466340679999998,-0.19249961985000003,0.09510294705,1
6229,0.0,-0.05472682455,1.0,-0.18597354915,-0.17513576720000001,0.19611825184999998,0
6230,0.0,0.0037262592,1.0,-0.19691123,-0.0480820478,0.13255406135,0
6231,0.0,-0.0084004832,2.0,-0.20872856690000002,-0.05940336215,0.1457661387,0
6232,1.0,0.0440681649,3.0,-0.25010528049999997,-0.19933006085,0.08958727150000001,1
6233,0.0,-0.01024592035,1.0,-0.20424574045,-0.05787075215,0.14974450909999998,0
6234,0.0,-0.0024959688,1.0,-0.2128993983,-0.0638562543,0.1458167495,0
6235,0.0,-0.00219306875,1.0,-0.20029739345,-0.06646591985,0.14453098225,0
6236,1.0,0.03739904485,5.0,-0.21755601,-0.15333846795,0.0995151759,1
6237,0.0,0.031880391450000004,4.0,-0.22227234395,-0.1485431606,0.10535061034999998,1
6238,2.0,0.06620206105000001,4.0,-0.22542167655,-0.17961488825,0.0665359073,1
6239,0.0,-0.00919358965,1.0,-0.1905235071,-0.06648336105,0.15212523945,0
6240,0.0,0.025615850449999998,3.0,-0.292001179,-0.22230062025000003,0.09781369235000001,0
6241,1.0,0.03939932145,3.0,-0.24160790355,-0.1545085588,0.0972469511,1
6242,0.0,-0.009019200750000001,1.0,-0.1807941448,-0.12353172829999999,0.1321294165,0
6243,1.0,0.040951444249999996,3.0,-0.20687777065000001,-0.19092943675000001,0.09329285955,1
6244,2.0,0.03332950845,4.0,-0.23152297205,-0.20476062025,0.08956826495,1
6245,0.0,0.05720577375,3.0,-0.27442897320000004,-0.25627621720000004,0.05831802135,1
6246,2.0,0.06315998025,2.0,-0.21409232585,-0.17154382955,0.06002248690000001,1
6247,0.0,0.03124113595,3.0,-0.29853023745,-0.2713203131,0.0890028717,0
6248,0.0,0.02596982745,5.0,-0.20557973615,-0.1498577687,0.1075525882,0
6249,0.0,0.02189354465,1.0,-0.20391113105,-0.0890969654,0.12341791355,0
6250,0.0,0.0248169849,4.0,-0.20586395315,-0.13681417645,0.1119073978,1
6251,2.0,0.0597578249,4.0,-0.18435970885,-0.14908030700000002,0.0725763472,1
6252,3.0,0.0595563056,3.0,-0.18149609174999998,-0.1584635148,0.07882257305,1
6253,2.0,0.06340146934999999,4.0,-0.19942173754999998,-0.15211867169999999,0.07280350725000001,1
6254,0.0,0.047076675400000004,1.0,-0.30099488475,-0.27586226025000005,0.07027130814999999,0
6255,0.0,0.0317830021,1.0,-0.1154436401,-0.10245082565,0.11551754884999998,0
6256,0.0,0.01588795225,2.0,-0.1937826159,-0.1606574612,0.12904745535,1
6257,0.0,0.0154476715,2.0,-0.2000806946,-0.16026769665,0.1263870163,1
6258,0.0,0.02558150585,1.0,-0.12759095025,-0.12271834265,0.10817315585000001,0
6259,0.0,0.0373256483,3.0,-0.2918825155,-0.25024581855,0.08663315740000001,0
6260,2.0,0.05216101895,4.0,-0.2069643021,-0.10422682595,0.09418890895000001,1
6261,2.0,0.0581579738,4.0,-0.22984212929999998,-0.19980381855,0.06467341775,1
6262,0.0,0.03565692215,2.0,-0.19613530775,-0.14177904105,0.10422940875,0
6263,2.0,0.055960124949999995,4.0,-0.2208267524,-0.20046739215,0.07184136634999999,1
6264,1.0,0.0397865117,3.0,-0.21720216385,-0.1982374235,0.088157208,1
6265,0.0,0.03426812755,1.0,-0.27094998049999997,-0.25684163969999996,0.08591641350000001,0
6266,1.0,0.0581610953,3.0,-0.2323293881,-0.2176449862,0.0717476218,1
6267,2.0,0.05214009925,4.0,-0.2292342435,-0.19442097895,0.0785319387,1
6268,2.0,0.05182820705,4.0,-0.21712710145,-0.1719892449,0.07849378330000001,1
6269,2.0,0.0621435949,4.0,-0.20529530395,-0.1650298362,0.0714490616,1
6270,2.0,0.051759034849999996,4.0,-0.21576214385,-0.1993199413,0.082989464,1
6271,0.0,0.036778208300000004,2.0,-0.22064437205,-0.15950740149999998,0.09200938955,1
6272,1.0,0.05327554135,3.0,-0.3100077496,-0.27395141385,0.05745714724999999,1
6273,0.0,0.0344514966,2.0,-0.17622662509999998,-0.1238412397,0.10512422755,0
6274,0.0,0.04005020135,3.0,-0.29529913875,-0.26955351024999996,0.07930729725,0
6275,0.0,0.0402869951,3.0,-0.2895888596,-0.26038110345,0.07252204745000002,0
6276,2.0,0.0523949471,4.0,-0.1735866279,-0.1584310725,0.07466914834999999,1
6277,1.0,0.0119933325,3.0,-0.2144540227,-0.17327988784999998,0.12062133445,1
6278,0.0,0.0408660327,1.0,-0.2938129741,-0.26725041935,0.0692405479,0
6279,1.0,0.014684008,3.0,-0.21805805525,-0.1723678755,0.11391193570000001,1
6280,0.0,0.0136600559,1.0,-0.20821766655,-0.19144301155,0.1272312281,0
6281,2.0,0.0440673106,4.0,-0.2357808938,-0.1027671435,0.09243988725,1
6282,2.0,0.06431404915,4.0,-0.24535846945,-0.10580060055000001,0.077601481,1
6283,3.0,0.057876253200000005,4.0,-0.25081762004999997,-0.0821660863,0.0772212461,1
6284,2.0,0.044977853649999996,4.0,-0.19486468545,-0.1347806155,0.0832536462,1
6285,1.0,0.040795566150000004,3.0,-0.24307692155,-0.17723049365,0.09294342579999999,1
6286,3.0,0.05677554405,3.0,-0.19220118825,-0.15419436050000002,0.06712843540000002,1
6287,0.0,-0.00206052695,1.0,-0.18573555330000002,-0.1468995811,0.12921908250000003,0
6288,2.0,0.04603209375,4.0,-0.23744224775,-0.2095186221,0.08581856184999999,1
6289,2.0,0.0711678503,5.0,-0.16658485705,-0.14636345765,0.06490412535,1
6290,1.0,0.04362597355,3.0,-0.20906706275,-0.17072458229999998,0.09166148005,1
6291,0.0,0.0170366585,4.0,-0.1975297848,-0.1312544017,0.1177251792,1
6292,1.0,0.04549656305,3.0,-0.2327799183,-0.20969017825,0.08977085080000001,1
6293,0.0,0.01519490605,2.0,-0.21500795709999998,-0.15309032630000002,0.12418218425,1
6294,0.0,0.0286230213,3.0,-0.31367738185,-0.24605494545,0.09140574015,0
6295,0.0,0.03261825975,1.0,-0.22955009885,-0.1097713622,0.10719873255,0
6296,2.0,0.055167945600000004,4.0,-0.2271459163,-0.11912587120000001,0.08702322670000001,1
6297,0.0,0.0171663947,2.0,-0.23366851755,-0.160414162,0.12217819105000001,1
6298,2.0,0.06346736735,2.0,-0.23554344030000002,-0.14745406285,0.06905590595000001,0
6299,1.0,0.04821414165,1.0,-0.27480319185,-0.2390254908,0.0941850917,1
6300,1.0,0.0499535731,3.0,-0.1867665114,-0.13095487985,0.09590557785,1
6301,0.0,0.0300941132,3.0,-0.19882459045,-0.09049349714999999,0.11416276275000001,0
6302,1.0,0.06195304835,3.0,-0.22807537960000002,-0.10477824969999999,0.07377505775,1
6303,0.0,0.03183823215,2.0,-0.18933392765,-0.14071756415,0.11123829304999999,1
6304,0.0,0.04350829585,3.0,-0.31196916705,-0.2794570689,0.0730765855,0
6305,2.0,0.06905957695,4.0,-0.1624551074,-0.12405739515,0.06523633300000001,1
6306,2.0,0.04934568165,4.0,-0.1957968893,-0.11116863205,0.0864954882,1
6307,0.0,0.050331738449999996,2.0,-0.3104475641,-0.2692487888,0.06706424775,0
6308,2.0,0.05575757555,4.0,-0.18556787065000002,-0.0879554073,0.08698856875000001,1
6309,0.0,-0.0234760538,1.0,-0.21674512095,-0.15830097599999998,0.15027082945000003,0
6310,0.0,0.030735412900000002,3.0,-0.3342355132,-0.25255248925,0.09120612255,0
6311,0.0,0.032583124350000006,3.0,-0.32879929495000004,-0.24563398225,0.0806444654,0
6312,1.0,0.06285218705000001,3.0,-0.175914534,-0.09053855915,0.07436898015,1
6313,0.0,0.0440687245,3.0,-0.3177143198,-0.29315332520000004,0.07547039330000001,0
6314,1.0,0.02801734285,3.0,-0.21200519795,-0.11422754939999999,0.11458627735,1
6315,2.0,0.0532788524,3.0,-0.2369847696,-0.10161248585,0.0900600742,1
6316,0.0,0.03876033065,2.0,-0.21268248605,-0.16734144569999998,0.09171262764999999,1
6317,1.0,0.0684320152,3.0,-0.24939507505,-0.0902344042,0.06657547805,1
6318,2.0,0.044414953650000005,4.0,-0.21194491464999998,-0.14526434995,0.09091563115,1
6319,0.0,0.0536675385,4.0,-0.31087365985000004,-0.2909493307,0.05862846335,0
6320,2.0,0.06145577125,4.0,-0.2170398578,-0.10355282125,0.0762094539,1
6321,1.0,0.05030063285,3.0,-0.25149028175,-0.11628572495,0.09386596575,1
6322,1.0,0.0578516748,3.0,-0.2345880534,-0.11185482375,0.07951927845,1
6323,2.0,0.059179414050000004,4.0,-0.2183935907,-0.08877172045000001,0.08160026775000001,1
6324,1.0,0.05522552785,3.0,-0.2398963288,-0.11735127315,0.0808192821,1
6325,2.0,0.06143827785,4.0,-0.23160914955,-0.12638896985,0.07686679165000002,1
6326,0.0,0.03805075755,3.0,-0.32214489585,-0.2727775709,0.07774839395000001,0
6327,0.0,0.038536374750000005,3.0,-0.28012149235,-0.27379791384999996,0.0767554681,0
6328,2.0,0.0620455005,2.0,-0.2021455966,-0.13101445379999999,0.0716300645,1
6329,0.0,0.0318794667,4.0,-0.2089817611,-0.08629464715,0.11160054740000001,1
6330,0.0,-0.0381817971,1.0,-0.2292160371,-0.1682769338,0.16932707055000001,0
6331,0.0,0.02241013,1.0,-0.21110618105,-0.09367271305,0.11674281225,0
6332,0.0,0.0063765656,1.0,-0.1732250996,-0.13454236875,0.1146976068,0
6333,0.0,-0.0057797023,1.0,-0.1933475808,-0.09333968209999999,0.1341953508,0
6334,0.0,0.0431740603,1.0,-0.30275888105000004,-0.28565761985,0.07535021765000001,0
6335,0.0,-0.0374756849,1.0,-0.19292604219999998,-0.1182975158,0.17829000605,0
6336,1.0,0.0508911083,3.0,-0.20684360955,-0.15910133475,0.0787550091,1
6337,0.0,0.04147412675,2.0,-0.19556386320000002,-0.16219393385,0.0954998462,1
6338,1.0,0.020017357649999998,3.0,-0.2104790492,-0.1995684821,0.11772947155,1
6339,0.0,0.04504342905,1.0,-0.26019292485,-0.253494248,0.07353386954999999,0
6340,2.0,0.05554080215,6.0,-0.2476442256,-0.09215903410000001,0.07929153234999999,1
6341,0.0,0.0406042081,1.0,-0.25848857905,-0.24388947514999998,0.07732391965,0
6342,1.0,0.058239944200000004,3.0,-0.24694593935,-0.09788169925000001,0.08227832345,1
6343,2.0,-0.0340258962,3.0,-0.16714451754999998,-0.0696734379,0.15691288209999998,0
6344,0.0,0.0127895584,3.0,-0.223955521,-0.15073553855,0.120999156,0
6345,0.0,0.040975989850000005,2.0,-0.26509524845,-0.23515725710000002,0.06352457210000001,0
6346,2.0,0.0333855732,4.0,-0.16487505624999998,-0.13236492770000002,0.0949812721,1
6347,0.0,0.03372491125,5.0,-0.2826163034,-0.27084552075,0.08878686164999999,0
6348,1.0,0.046268574,3.0,-0.20245465855,-0.16988825805,0.0877021248,1
6349,1.0,0.04576826145,3.0,-0.21679698045,-0.10352018125000001,0.0910275918,1
6350,1.0,0.04269059855,3.0,-0.25476131449999995,-0.10981078025,0.1043661518,1
6351,1.0,0.03763645235,3.0,-0.2727482971,-0.12152913609999999,0.11317090309999998,1
6352,0.0,0.04389976455,3.0,-0.2779178652,-0.2657379178,0.07042727134999999,0
6353,2.0,0.052655376749999996,4.0,-0.19094599475000001,-0.09652800195,0.08810726434999999,1
6354,0.0,0.01854268595,4.0,-0.1933406302,-0.1385862034,0.10868349805,1
6355,0.0,-0.0015516401,1.0,-0.22234752894999998,-0.17363617225,0.13218366850000002,0
6356,0.0,0.008307220149999999,2.0,-0.2229566506,-0.16238380455,0.1274625176,1
6357,0.0,0.037563065,3.0,-0.30327894190000004,-0.29081684205,0.07889735810000001,0
6358,0.0,0.049601399350000006,1.0,-0.31853645914999995,-0.2868924456,0.07098699235,0
6359,0.0,0.0425250058,3.0,-0.28191160025,-0.25142709345,0.07650125735,0
6360,0.0,0.000510096,1.0,-0.22220379955,-0.19279473245,0.14257693205,0
6361,0.0,0.03997076375,3.0,-0.31937790875,-0.2641807265,0.07791564950000002,0
6362,0.0,0.044112907699999995,1.0,-0.3090840707,-0.27979126315,0.06970956240000001,0
6363,0.0,0.042836480450000006,3.0,-0.2925504934,-0.275802648,0.06911072264999998,0
6364,2.0,0.044653956349999996,4.0,-0.20990335435,-0.19104180415,0.08898761725000001,1
6365,0.0,0.0265162118,4.0,-0.2926972671,-0.2476657287,0.09284478865,0
6366,0.0,0.02160850945,3.0,-0.3492273626,-0.2933030275,0.10897779160000001,0
6367,0.0,0.03026698665,2.0,-0.2907804459,-0.2536914945,0.08367643829999999,0
6368,0.0,0.037428854600000006,1.0,-0.29915325995,-0.25716226265,0.08656915400000001,0
6369,1.0,0.046001213299999996,3.0,-0.2000230405,-0.18363387115000002,0.07950857345,1
6370,0.0,-0.08078606769999999,1.0,-0.19158304315000002,-0.1738482787,0.20881071565,0
6371,0.0,0.0103840298,1.0,-0.18581664635,-0.16133906274999998,0.12665546775,0
6372,2.0,0.0561238419,4.0,-0.18416790765000002,-0.1666092723,0.075077092,1
6373,2.0,0.05858706965,4.0,-0.2044033237,-0.14559986075,0.07344305770000001,1
6374,1.0,0.044325064250000004,4.0,-0.2311160663,-0.1822889529,0.07998221535,1
6375,1.0,0.04785167765,3.0,-0.19696154584999997,-0.17197487525,0.0870505238,1
6376,0.0,0.0403224579,1.0,-0.30020566260000003,-0.23080656659999998,0.08040652409999999,0
6377,0.0,0.0200349468,2.0,-0.17758804055,-0.122479228,0.1122399989,1
6378,1.0,0.02455803405,3.0,-0.23012369765000001,-0.13476395505,0.10877322425000001,1
6379,0.0,0.02204640535,2.0,-0.1957447125,-0.1423989563,0.1066318507,1
6380,0.0,0.0448909323,3.0,-0.2695597598,-0.2622568513,0.07331447760000001,0
6381,0.0,0.0380038812,1.0,-0.2483579193,-0.1861789233,0.09515710399999999,0
6382,1.0,0.042939470800000004,3.0,-0.20287509245000002,-0.1794690082,0.1010622254,1
6383,0.0,0.0331409666,4.0,-0.29593813,-0.25372508105,0.09243539355000001,0
6384,1.0,0.04905548905,3.0,-0.22376192285000002,-0.16381525489999998,0.08184881094999999,1
6385,0.0,0.0440470674,4.0,-0.31770148205000004,-0.3013196673,0.08100436615,0
6386,0.0,0.0232302413,2.0,-0.21167464144999998,-0.2070272077,0.11832455114999998,1
6387,0.0,0.0471009126,3.0,-0.27368702195,-0.2414209373,0.07026632599999999,0
6388,1.0,0.0344858079,3.0,-0.19847922,-0.18126233185,0.10638148004999999,1
6389,0.0,0.021121942050000002,1.0,-0.2274769643,-0.16179768700000002,0.11411254174999999,0
6390,0.0,0.01894290195,4.0,-0.21112271625,-0.20202928795000002,0.12419607605,1
6391,1.0,0.0298804301,3.0,-0.21049883325000002,-0.16204511659999998,0.11154991564999998,1
6392,0.0,0.0045725811,2.0,-0.20743525810000002,-0.16102901120000002,0.12020674375,1
6393,1.0,0.040626766950000004,3.0,-0.2256447656,-0.17499960205,0.10759202600000001,1
6394,0.0,0.05069740865,1.0,-0.31007449245,-0.28958931784999997,0.06492814654999998,0
6395,1.0,0.037482409349999996,3.0,-0.2471844668,-0.24030501625,0.10769933905,1
6396,0.0,-0.0800504165,3.0,-0.21840314335,-0.17595606284999998,0.22149210190000002,0
6397,0.0,-0.0107718301,1.0,-0.18668279385,-0.15030873955000001,0.14778493325000003,0
6398,0.0,0.051451762449999994,3.0,-0.27276332994999997,-0.256674688,0.0568517172,0
6399,1.0,0.0431916733,3.0,-0.22664291175,-0.17174953755,0.09118729980000001,1
6400,1.0,0.02104902725,3.0,-0.2125442525,-0.15422282345,0.11507392,1
6401,0.0,-0.093263864,3.0,-0.20436831265,-0.1842772358,0.22550680205,0
6402,0.0,0.0370472686,1.0,-0.2871685087,-0.25737236345000003,0.08257928935,0
6403,2.0,0.0398231768,4.0,-0.1843092985,-0.1245920643,0.07931286544999999,1
6404,0.0,-0.08312688430000001,1.0,-0.1838186916,-0.17783714285,0.2041560644,0
6405,3.0,0.047260169399999996,5.0,-0.1605713827,-0.1369882292,0.08442291825,1
6406,2.0,0.050562381049999994,4.0,-0.19602653235,-0.1867928439,0.07733006425000001,1
6407,2.0,0.0378991635,4.0,-0.19175148225,-0.173289679,0.08294704010000001,1
6408,1.0,0.0433043801,3.0,-0.2407128477,-0.1797532093,0.09846358365,1
6409,0.0,-0.08079644085000001,3.0,-0.2047515086,-0.18316901585,0.2077690771,0
6410,0.0,-0.10850140685,5.0,-0.25327456245,-0.1875656906,0.23713990534999999,0
6411,1.0,0.01600593555,3.0,-0.20359592115,-0.14361091474999998,0.1147062968,1
6412,0.0,0.0306780558,4.0,-0.31400190250000004,-0.2869923123,0.09003619530000001,0
6413,0.0,0.030525926850000003,3.0,-0.31297799155,-0.2858431936,0.0963035831,0
6414,0.0,0.035104421,4.0,-0.19967416195,-0.10832628899999999,0.09854045075,1
6415,0.0,0.0280673541,2.0,-0.18967197554999998,-0.13858007215,0.09996561365000001,1
6416,0.0,0.03428928205,3.0,-0.30607555895000005,-0.25636692215,0.0884647773,0
6417,0.0,0.0061912040000000005,2.0,-0.2207966131,-0.15174794945,0.1339354734,1
6418,0.0,0.00053255565,1.0,-0.256579883,-0.12382523285,0.1455011808,0
6419,0.0,0.042242317599999996,3.0,-0.29401247725,-0.26477798145,0.08309819175,0
6420,0.0,0.027377655100000002,3.0,-0.30955148315000003,-0.3025612966,0.08285211515,0
6421,1.0,0.0436672703,5.0,-0.2548946574,-0.19503572145,0.09889459225,1
6422,1.0,0.0255071853,5.0,-0.21709949164999998,-0.16281263105,0.1146965556,1
6423,2.0,0.0324291788,4.0,-0.19922784840000002,-0.1764579626,0.1028736985,1
6424,0.0,0.0366512831,1.0,-0.27590392285,-0.23900900414999998,0.0863445187,0
6425,0.0,0.04780370965,1.0,-0.31291296045,-0.26340322824999995,0.07468274645,1
6426,0.0,-0.0436922813,1.0,-0.21485867465000003,-0.10929454725,0.1842617813,0
6427,2.0,0.04528864145,4.0,-0.16538793435,-0.126296796,0.08955225,1
6428,0.0,-0.053738668850000004,2.0,-0.21793084885,-0.1258213041,0.1925642203,0
6429,0.0,0.03128422245,4.0,-0.2994909681,-0.2811164181,0.09727322364999999,0
6430,0.0,-0.0142813342,1.0,-0.2073464204,-0.11884989269999999,0.15579354245,0
6431,0.0,0.00765762595,1.0,-0.20053704405,-0.10750816504999999,0.13426017095,0
6432,2.0,0.0490656005,6.0,-0.2216221952,-0.08876971415000001,0.08974565744999999,1
6433,0.0,0.02036845255,2.0,-0.20093985535,-0.15421298835,0.1129739015,1
6434,0.0,0.034019801249999995,2.0,-0.20113806,-0.15048063705,0.099983085,1
6435,1.0,0.04169526355,3.0,-0.22865044635,-0.20721738085000002,0.08600315775,1
6436,2.0,0.04433578985,4.0,-0.2418370066,-0.1940372977,0.08758507335,1
6437,0.0,-0.02646040925,1.0,-0.20026624050000003,-0.0951424016,0.1666140441,0
6438,0.0,-0.0006617898,1.0,-0.20532458380000002,-0.0918243121,0.13637043805,0
6439,2.0,0.049634561,6.0,-0.21910522265,-0.09783877465,0.08591631520000001,1
6440,0.0,-0.032013688299999996,1.0,-0.21739658705,-0.12828195955,0.16607567995,0
6441,2.0,0.04685912565,6.0,-0.2158175321,-0.1015543833,0.0907513275,1
6442,2.0,0.0499789358,4.0,-0.1808730014,-0.12347310595,0.050924445,1
6443,0.0,0.048838859449999994,1.0,-0.3197057958,-0.29334952975,0.06656447515000001,0
6444,1.0,0.033500545300000004,3.0,-0.27944223005,-0.25387502024999997,0.09361130320000001,1
6445,0.0,0.038940971399999996,1.0,-0.29224076315,-0.26460669045,0.08293293755,0
6446,1.0,0.042735742800000004,3.0,-0.2140290521,-0.17207923805,0.09449128949999999,1
6447,0.0,0.015781651350000002,1.0,-0.1920566291,-0.106848618,0.11726993645,0
6448,0.0,0.0412787486,3.0,-0.28996354355,-0.27850290629999996,0.07179097795,1
6449,0.0,0.0249225736,2.0,-0.2194883786,-0.15074384955,0.0982212303,1
6450,0.0,0.023334974799999998,1.0,-0.1729277077,-0.10085026725,0.10449587895000001,0
6451,0.0,0.0338276541,3.0,-0.27928565255000004,-0.27588838685,0.07904551605,0
6452,2.0,0.060987831000000006,4.0,-0.2388349336,-0.07297526915,0.06420536195,1
6453,2.0,0.06417253705,4.0,-0.1717173996,-0.15302297145,0.07771296674999999,1
6454,0.0,0.04098289525,4.0,-0.277221455,-0.2731543824,0.06975864825,0
6455,0.0,0.03042807535,3.0,-0.32620579295,-0.2813347308,0.0957401,0
6456,0.0,0.031090156100000002,1.0,-0.1926787451,-0.0938844142,0.10010850985,0
6457,0.0,0.030691273650000003,3.0,-0.33926798604999997,-0.31738447169999995,0.09210657045,0
6458,2.0,0.04999321575,4.0,-0.19138197695,-0.1550938453,0.07507122555000001,1
6459,0.0,0.00070973385,1.0,-0.207019956,-0.16583060975,0.12713465705,0
6460,0.0,0.01228885505,1.0,-0.18247086325,-0.16215516515,0.1050398893,1
6461,0.0,0.030815290699999998,1.0,-0.1771664907,-0.09829360625,0.10355136670000001,0
6462,1.0,0.04265597635,3.0,-0.1529412371,-0.13900344455,0.0807339184,1
6463,0.0,0.018471637899999997,4.0,-0.3218571371,-0.25570767775000003,0.1144261215,0
6464,0.0,0.0210549788,4.0,-0.20365947115,-0.18701657314999998,0.09761303674999999,1
6465,2.0,0.04938613115,4.0,-0.18054097079999998,-0.16681935035,0.0690895398,1
6466,1.0,0.05751888915,1.0,-0.24193677679999998,-0.22142362435000001,0.08018528879999998,1
6467,0.0,0.0414896929,3.0,-0.27738021605,-0.26842068605,0.07581775945,0
6468,1.0,0.029120020150000002,3.0,-0.20233328485000002,-0.16806315370000002,0.09796189965,1
6469,0.0,0.044660919199999996,1.0,-0.30046512854999996,-0.286680404,0.07795452189999999,0
6470,0.0,0.029621153650000002,3.0,-0.29193004865,-0.2770122706,0.0854970837,0
6471,1.0,0.02954267245,3.0,-0.2028867948,-0.179354551,0.10112168090000001,1
6472,0.0,-0.022555158649999997,1.0,-0.25494033574999997,-0.1783805827,0.17011570264999998,0
6473,1.0,0.04039772875,3.0,-0.21350192535,-0.1851508055,0.08503248325,1
6474,1.0,0.026740697049999998,3.0,-0.24721827305,-0.18737610715000003,0.11400512360000001,1
6475,2.0,0.06357589875,4.0,-0.20265143279999998,-0.18479080695,0.06727018459999999,1
6476,0.0,0.02648998835,3.0,-0.2635365367,-0.25383881205,0.10017814915,0
6477,0.0,0.03095095875,3.0,-0.31090737675,-0.29860092785000003,0.09181875475000001,0
6478,0.0,0.03745342075,3.0,-0.304063707,-0.26419582264999997,0.08385789125000001,0
6479,0.0,0.0464725357,1.0,-0.2997641403,-0.27871488079999995,0.0671113222,0
6480,0.0,0.03891203965,1.0,-0.29092107565,-0.27435506255,0.08923790159999999,0
6481,0.0,-0.018937999599999998,1.0,-0.20377164755,-0.16757085114999998,0.13913274390000002,0
6482,0.0,0.04008610365,4.0,-0.2872565049,-0.27946561515,0.07344718765,0
6483,1.0,0.0254963832,3.0,-0.22065175990000002,-0.1496587056,0.10809100845,1
6484,0.0,-0.00998692785,1.0,-0.2243879579,-0.1554441163,0.1397658967,0
6485,0.0,0.036988922800000004,3.0,-0.31313633325,-0.25215002779999995,0.08042393525,0
6486,0.0,0.008707849699999999,2.0,-0.22128885045000002,-0.14231609925,0.1201496254,1
6487,0.0,0.036950770800000005,2.0,-0.28872224615,-0.26410970635,0.0693703805,1
6488,0.0,0.01166372725,1.0,-0.2423842404,-0.16048573425,0.11914361025,0
6489,2.0,0.03925112765,4.0,-0.20585090485000002,-0.1338378666,0.09773130610000001,1
6490,2.0,0.043185308650000004,4.0,-0.2257104928,-0.18836884180000002,0.09455548594999999,1
6491,0.0,-0.024214433100000002,1.0,-0.23518073639999998,-0.1708111009,0.1682311616,0
6492,1.0,0.019939007699999997,5.0,-0.23003563235,-0.15682993565,0.1159256682,1
6493,2.0,0.0425980601,4.0,-0.23713216455,-0.1968838329,0.0959670923,1
6494,1.0,0.06924837489999999,3.0,-0.1931696504,-0.15779551060000002,0.06455697005,1
6495,0.0,-0.04167176915,1.0,-0.2544820062,-0.21463236975,0.17992407985,0
6496,0.0,0.029142980899999997,2.0,-0.1925469962,-0.16647939385,0.10274068800000001,1
6497,0.0,0.0028842092499999994,1.0,-0.22449099835,-0.1390138251,0.1179610629,0
6498,0.0,0.03304473395,3.0,-0.33904922595,-0.25949934770000005,0.0908134927,0
6499,1.0,0.0385493111,5.0,-0.2348379002,-0.17972964635,0.10832494185,0
6500,0.0,0.0207809884,4.0,-0.2075172644,-0.15875682694999999,0.12152989355,1
6501,0.0,0.03516046085,3.0,-0.30858221565,-0.26410552135,0.07695060205,0
6502,1.0,0.0331053377,3.0,-0.22891000179999998,-0.164652173,0.1022654051,1
6503,0.0,-0.00874182655,1.0,-0.23772463849999997,-0.13161148765000003,0.15234283565,0
6504,0.0,0.055947890550000004,3.0,-0.25671125595,-0.1940273804,0.0710063759,0
6505,0.0,0.022659080800000002,3.0,-0.30967666164999996,-0.27386480835000004,0.1023960467,0
6506,0.0,0.05049710005,4.0,-0.26636404599999997,-0.2365778825,0.07586770764999999,0
6507,2.0,0.0565727781,2.0,-0.2537144489,-0.14933900690000002,0.07943265399999999,1
6508,1.0,0.040928137049999994,3.0,-0.20672771425,-0.1750237445,0.09784620629999999,1
6509,1.0,0.02480298175,3.0,-0.20979339219999998,-0.16310824629999998,0.11006607745000001,1
6510,0.0,0.0138433247,2.0,-0.1873059694,-0.15626110725,0.12673927115,1
6511,2.0,0.03545445815,4.0,-0.18619498029999998,-0.15471971725,0.09958375395,1
6512,1.0,0.03151978105,3.0,-0.1931999109,-0.16445839765,0.10628486465,1
6513,0.0,0.01304115055,2.0,-0.2033606072,-0.1600229849,0.1206987629,1
6514,0.0,0.045147245749999995,4.0,-0.28411128195,-0.27627187465,0.07865406005,0
6515,0.0,0.04344729715,1.0,-0.32006353605,-0.30099651145,0.06918793315,1
6516,2.0,0.05034197,6.0,-0.2358120373,-0.0882275619,0.09704130105,1
6517,0.0,0.0321344379,4.0,-0.19762048235000002,-0.0898466584,0.11447405164999999,1
6518,2.0,0.050457504550000004,4.0,-0.16542142875,-0.1236204975,0.08209699449999999,1
6519,0.0,0.03731688775,4.0,-0.2949038046,-0.2789096686,0.07968396485,0
6520,0.0,0.03245201765,2.0,-0.21018727939999998,-0.11399833919999999,0.10546668949999999,1
6521,2.0,0.0503185298,6.0,-0.2339842127,-0.10084958285,0.09289035620000001,1
6522,0.0,0.038381620150000004,3.0,-0.29888981405000004,-0.25769527215,0.08424296325,0
6523,0.0,0.03884470445,1.0,-0.29581162375000003,-0.28458571104999997,0.07548748195,0
6524,2.0,0.05293803105,6.0,-0.2226654712,-0.09505063429999999,0.08588615345,1
6525,0.0,0.012748673299999999,1.0,-0.19208472295,-0.17038772845,0.13358891565,0
6526,2.0,0.049652586299999996,6.0,-0.2331197249,-0.1036197545,0.0877507636,1
6527,1.0,0.054318276799999995,3.0,-0.2284636112,-0.15714415269999998,0.0882388466,1
6528,0.0,0.03281212995,1.0,-0.31297539795,-0.25330120805,0.0924510464,0
6529,0.0,-0.0170999772,1.0,-0.26100115305,-0.21831699794999998,0.2144202289,0
6530,0.0,-0.018582084399999997,1.0,-0.1807611206,-0.1623199764,0.1634334562,0
6531,0.0,0.04051366005,3.0,-0.3205665445,-0.2951678098,0.0795761187,0
6532,0.0,0.039660849,1.0,-0.2954147614,-0.2145019896,0.0849054441,0
6533,0.0,0.04358609905,3.0,-0.31264989239999996,-0.30222882725,0.07462612795,0
6534,0.0,0.048192757700000005,3.0,-0.2738090041,-0.22167438015000002,0.08131522009999999,0
6535,0.0,0.0048993384,1.0,-0.2372605097,-0.09489444475,0.12874950870000001,0
6536,2.0,0.05854254765,4.0,-0.22517020845,-0.09626720224999999,0.08094020499999999,1
6537,2.0,0.06304174495,4.0,-0.24258607955,-0.0915517859,0.07119780249999999,1
6538,0.0,0.0367976951,4.0,-0.26534417215,-0.21106683595,0.0835537931,0
6539,0.0,0.026597947099999998,4.0,-0.24288126155,-0.16562018025,0.1012693563,0
6540,0.0,-0.0050636278,3.0,-0.25761714840000005,-0.24996195555,0.13456549615,0
6541,0.0,0.01912852315,2.0,-0.2171225548,-0.15674327275,0.1143298871,1
6542,2.0,0.0563278767,4.0,-0.2225785364,-0.117004286,0.07935041205000001,1
6543,2.0,0.0489876784,4.0,-0.24658534845,-0.12267448195,0.08920478239999999,1
6544,1.0,0.041780375499999994,3.0,-0.2575304993,-0.11362323095,0.09973626975,1
6545,1.0,0.05242494005,4.0,-0.28061369355,-0.26477541915,0.0614275932,0
6546,2.0,0.052461569099999994,4.0,-0.1695245713,-0.14716945345,0.0780915348,1
6547,0.0,0.0149096856,1.0,-0.20690536715000002,-0.07642065175,0.1298577014,0
6548,1.0,0.0449856102,3.0,-0.1953060391,-0.0982942688,0.09499685805000001,1
6549,0.0,0.04453653835,2.0,-0.20574072095,-0.1078476323,0.09429067775,1
6550,1.0,0.04805477005,3.0,-0.19784530395,-0.14003491465,0.08918599275,1
6551,0.0,0.032849528749999996,4.0,-0.2996732326,-0.2931725304,0.08106526195,0
6552,2.0,0.058016128,4.0,-0.20245230295,-0.17378582815,0.0653589991,1
6553,0.0,-0.0059129017499999995,1.0,-0.2477844829,-0.13337836175,0.136143598,0
6554,0.0,0.0139590777,1.0,-0.20855687715,-0.16206098295,0.11240635410000001,0
6555,2.0,0.05007926225,4.0,-0.1933487602,-0.1620956754,0.08130625185,1
6556,0.0,0.0200816255,1.0,-0.2226654279,-0.18416941955,0.11754713405,0
6557,2.0,0.056063445249999996,4.0,-0.18202887525,-0.15691247535,0.07719149380000001,1
6558,0.0,-0.04580974585,1.0,-0.23488643355,-0.1431567063,0.1915554881,0
6559,1.0,0.04781770305,3.0,-0.2190863539,-0.20006510715,0.08374601915,1
6560,0.0,0.025243112499999998,6.0,-0.20651338505,-0.14062108145000002,0.10876664374999999,1
6561,0.0,0.02827311775,3.0,-0.3335312153,-0.3033112759,0.0993323644,0
6562,1.0,0.027466404549999997,3.0,-0.2130577453,-0.19920386810000001,0.11228502729999999,1
6563,2.0,0.0595248748,4.0,-0.21495239535,-0.1860375964,0.07584348269999999,1
6564,0.0,0.01132535365,2.0,-0.22267023149999998,-0.148960536,0.12136043105,1
6565,2.0,0.0378382737,4.0,-0.1930590813,-0.10827346815,0.090823503,1
6566,1.0,0.020388062800000002,3.0,-0.20798289735,-0.1555836568,0.10576880329999999,1
6567,0.0,0.0327200047,1.0,-0.3187216332,-0.28760851785,0.09179314150000001,0
6568,2.0,0.0601961585,2.0,-0.2181396278,-0.18669325165,0.06434575965,1
6569,2.0,0.06036517835,2.0,-0.18165951325000002,-0.15879095734999998,0.0692433874,1
6570,2.0,0.05287148665,4.0,-0.20630939469999998,-0.17849644035,0.07519862164999999,1
6571,4.0,0.06729838704999999,4.0,-0.21119389535,-0.18390074220000002,0.054064458899999994,1
6572,2.0,0.056554014799999996,4.0,-0.16964748965,-0.1582572903,0.07096788485,1
6573,2.0,0.0519897193,4.0,-0.21738742405,-0.1792255855,0.07608565085,1
6574,0.0,0.0158486823,1.0,-0.15923350925000002,-0.15021005085,0.1282484619,0
6575,0.0,0.03170317235,3.0,-0.19159562245,-0.12772551189999998,0.09727940065,0
6576,0.0,0.00177723935,1.0,-0.19040553995,-0.15645125194999998,0.14355085735,0
6577,1.0,0.0394381589,5.0,-0.21796400455,-0.13843849605,0.09424716720000001,1
6578,0.0,-0.00543137555,1.0,-0.1731979402,-0.11110957745,0.1459761424,0
6579,1.0,0.0563211877,3.0,-0.17335584225,-0.1429016162,0.08087684215,1
6580,1.0,0.03347067095,5.0,-0.218448655,-0.15834471605,0.11022922299999999,1
6581,0.0,-0.013794330550000001,1.0,-0.19738514164999998,-0.15854887315,0.14529083195000003,0
6582,1.0,0.0446124466,3.0,-0.26633574844999997,-0.23926551805000001,0.09519210695,1
6583,0.0,0.04165733775,2.0,-0.29127208680000005,-0.21453240745000002,0.077017427,0
6584,0.0,0.0458593419,3.0,-0.33059713945,-0.30085467065,0.06694762215,1
6585,1.0,0.0482806526,3.0,-0.2610895565,-0.2089974761,0.0815709134,1
6586,0.0,0.033238396249999996,2.0,-0.2802989062,-0.2657110038,0.08944220745,0
6587,0.0,0.04396510245,1.0,-0.27584010345,-0.2704577869,0.07770413205,0
6588,0.0,0.038026937250000004,2.0,-0.3094225802,-0.30145680654999996,0.08540423485,0
6589,0.0,0.02592836005,2.0,-0.19531254925,-0.14802399984999998,0.11097628970000001,1
6590,0.0,0.022255280500000002,1.0,-0.16051488284999998,-0.1194234223,0.11666626229999999,0
6591,0.0,0.02547198985,4.0,-0.2167066852,-0.16354873555,0.11325650275,1
6592,2.0,0.044249618000000004,4.0,-0.21087343305,-0.19178126304999998,0.080487198,1
6593,0.0,0.0172750996,3.0,-0.1595887547,-0.1144667784,0.12366372819999999,0
6594,1.0,0.0467610571,3.0,-0.1972052405,-0.14351409945,0.08590747735000001,1
6595,0.0,0.049187345349999995,1.0,-0.3108630869,-0.28330204555,0.06532499435,1
6596,0.0,0.047118631650000006,2.0,-0.30397900990000004,-0.2885282792,0.06575128479999999,1
6597,0.0,0.0338900256,4.0,-0.2023344615,-0.1104422155,0.1081841026,1
6598,0.0,0.0224828169,1.0,-0.16550141029999998,-0.11195847165,0.10327913159999999,1
6599,2.0,0.0537916055,6.0,-0.24165178945,-0.12299938925000001,0.09079682550000001,1
6600,0.0,0.03555935965,4.0,-0.34155712309999997,-0.33670307825,0.08301008970000001,0
6601,1.0,0.038270203249999996,3.0,-0.20752537275,-0.1157284794,0.10696663914999999,1
6602,2.0,0.0414585295,4.0,-0.1710182085,-0.12333851205,0.09106533114999998,1
6603,2.0,0.0430752483,4.0,-0.17092615104999997,-0.1253987329,0.08961829415,1
6604,0.0,0.0262625246,2.0,-0.14528416054999999,-0.11200399175,0.1167030304,0
6605,1.0,0.02785887915,3.0,-0.20307839025,-0.1544829071,0.10709711895,1
6606,1.0,0.034071645750000004,5.0,-0.2120240649,-0.1598117889,0.09732082185,1
6607,0.0,0.0227136701,3.0,-0.3456920026,-0.31722710225,0.1025455664,0
6608,0.0,0.041901863,5.0,-0.307308859,-0.28099690135,0.0719936734,1
6609,0.0,-0.02263146105,3.0,-0.1827332068,-0.13732526535,0.1551707973,0
6610,0.0,0.0413815528,1.0,-0.15441524169999998,-0.11351436695,0.11022717425,0
6611,0.0,0.0191721301,1.0,-0.15757718055,-0.1166568652,0.13494986215,0
6612,2.0,0.05226328915,4.0,-0.2102820315,-0.20104117665,0.06229294005000001,1
6613,0.0,-0.0245513253,1.0,-0.19171830504999998,-0.1557594684,0.16022089395,0
6614,0.0,0.043228322,3.0,-0.29196460625,-0.2900290631,0.075958041,0
6615,2.0,0.05459617125,4.0,-0.17484381929999998,-0.14783856304999998,0.0882913374,1
6616,0.0,0.0391231049,3.0,-0.2824255024,-0.26147671225,0.08296415215,0
6617,0.0,0.046273837600000006,3.0,-0.32641733694999997,-0.2694291201,0.06562803945,0
6618,0.0,0.03866910705,2.0,-0.29925538075,-0.26063646655,0.07951743845,0
6619,2.0,0.05845557925,4.0,-0.17923703925,-0.1486736407,0.07689687115,1
6620,2.0,0.0491450977,4.0,-0.17659636725,-0.14508563089999998,0.0852794334,1
6621,2.0,0.05159136835,4.0,-0.2306937077,-0.1174117138,0.08925318994999999,1
6622,2.0,0.045103916349999995,4.0,-0.18071925365,-0.14905282320000002,0.09310361889999999,1
6623,1.0,0.04602739485,3.0,-0.22645720330000002,-0.19638503105,0.08858715389999999,1
6624,0.0,0.02527741545,1.0,-0.2177817227,-0.1621110805,0.11166862515,1
6625,2.0,0.0456281016,2.0,-0.18122832205,-0.16020005655,0.09331002,1
6626,0.0,0.04236114745,1.0,-0.29524557014999997,-0.2787834672,0.0791005206,0
6627,0.0,-0.0391928996,1.0,-0.22040106990000002,-0.20820280694999999,0.1856666662,0
6628,2.0,0.05389676245,4.0,-0.18059225634999998,-0.14763542655,0.0790578766,1
6629,1.0,0.02971346235,3.0,-0.2111098762,-0.1856236144,0.10886286639999998,1
6630,2.0,0.058702864199999996,4.0,-0.23438268005000001,-0.20972483875,0.07409954665,1
6631,2.0,0.043643235700000005,4.0,-0.20104084525,-0.153653365,0.0906725581,1
6632,2.0,0.05587950595,4.0,-0.2164037871,-0.17140526455,0.0783395238,1
6633,1.0,0.0527604183,3.0,-0.2377430667,-0.2214022887,0.0810939228,1
6634,2.0,0.0496952494,4.0,-0.17696950615,-0.15278447515,0.0870197118,1
6635,1.0,0.04801002355,3.0,-0.1771251331,-0.15989821464999998,0.09651946050000001,0
6636,2.0,0.0530544481,4.0,-0.24156153765,-0.10121517145,0.0858438041,1
6637,0.0,0.00153741615,2.0,-0.20387496015,-0.17914125755,0.1239800784,1
6638,0.0,0.04253468665,3.0,-0.3026294916,-0.26962844610000003,0.07501289084999999,0
6639,1.0,0.0425264043,3.0,-0.2169235418,-0.18529996065,0.08509270724999998,1
6640,0.0,0.03432926725,4.0,-0.32182038545,-0.26196629429999996,0.0857230857,0
6641,1.0,0.07306429095,5.0,-0.1623498538,-0.12290591755,0.06475633785000001,1
6642,0.0,0.032821057449999996,2.0,-0.3326770617,-0.2642103936,0.09101941755000001,0
6643,0.0,0.023222979749999997,1.0,-0.14689729505,-0.1180560688,0.11667670485000001,0
6644,2.0,0.06651466315,4.0,-0.16448121225,-0.12587269015000002,0.06832809670000001,1
6645,0.0,0.03418210075,2.0,-0.19358885905,-0.14912314799999998,0.08071969055,1
6646,0.0,0.04001645125,3.0,-0.2838526121,-0.2567468248,0.07532059799999999,0
6647,0.0,0.048874004400000004,1.0,-0.2814663107,-0.2605352988,0.06527130839999999,0
6648,2.0,0.05411379105,4.0,-0.19680752275,-0.15866083250000002,0.0840885068,1
6649,0.0,0.03845830755,4.0,-0.22674550015,-0.2099380198,0.0795756304,0
6650,1.0,0.045392643950000006,3.0,-0.22600737915,-0.19233550900000002,0.09056368529999999,1
6651,0.0,0.02981159925,1.0,-0.14714016354999998,-0.11922797904999999,0.11573004804999999,0
6652,1.0,0.05519699035,3.0,-0.24208001965,-0.2217644332,0.07191005365,1
6653,2.0,0.05095652225,4.0,-0.17373383405,-0.1368918229,0.0926005612,1
6654,0.0,0.0449619509,3.0,-0.28549897385,-0.2677439283,0.07386011810000001,0
6655,1.0,0.0518869522,3.0,-0.23224749020000002,-0.19692160790000002,0.08160941005,1
6656,2.0,0.0469181093,4.0,-0.1913747059,-0.14056764724999998,0.09624429695,1
6657,0.0,0.03691058715,4.0,-0.3224696211,-0.29464242305,0.07357532354999999,0
6658,0.0,0.0434916701,3.0,-0.31745689685,-0.25523051505,0.07235952875,0
6659,0.0,-0.0489119784,1.0,-0.2158156004,-0.18938783315000002,0.17925771764999998,0
6660,0.0,0.036519762649999996,4.0,-0.32224900599999995,-0.2984503052,0.0867403422,0
6661,0.0,0.037677868899999994,1.0,-0.31919190065,-0.30551110045,0.08479668855,0
6662,0.0,0.039098376500000004,3.0,-0.30594370625,-0.27685919635,0.06699976044999999,1
6663,1.0,0.04197039785,3.0,-0.18035696499999998,-0.142208141,0.091749903,1
6664,0.0,-0.0447105036,1.0,-0.22053770195,-0.1714396472,0.1806385114,0
6665,2.0,0.06326046855,2.0,-0.21066614575,-0.1689786579,0.07300285414999999,1
6666,0.0,0.033646138549999996,3.0,-0.30647588319999997,-0.2622764095,0.0953321033,0
6667,1.0,0.0493220661,3.0,-0.3115749959,-0.26989908735,0.0641432652,0
6668,0.0,-0.007345526349999999,5.0,-0.1761478948,-0.16233408575,0.14142142615,0
6669,0.0,0.036373422700000005,3.0,-0.2677249105,-0.24575035025,0.08619458225000001,0
6670,2.0,0.05714307625,4.0,-0.19907170655,-0.16428926440000002,0.08124005025,1
6671,0.0,0.0153799802,1.0,-0.19146628965,-0.08118365129999999,0.12087997349999999,0
6672,0.0,0.04060620475,1.0,-0.27057049425,-0.2538141774,0.077915178,0
6673,0.0,0.04001492395,3.0,-0.27475573875000003,-0.2615524545,0.08137458075000001,0
6674,0.0,0.04378483265,1.0,-0.319582236,-0.2885394999,0.073896824,0
6675,1.0,0.0497333645,3.0,-0.2472540615,-0.2206100252,0.07785953975000001,1
6676,2.0,0.06544298770000001,4.0,-0.19097536315000002,-0.1449690377,0.07224278935,1
6677,2.0,0.0442863745,4.0,-0.19937519204999998,-0.16354515884999998,0.08679660184999999,1
6678,1.0,0.0627691408,1.0,-0.186870739,-0.16968632945,0.0699049849,1
6679,2.0,0.04812844645,4.0,-0.2298131499,-0.20058426365,0.07129522545,1
6680,0.0,0.04778907635,1.0,-0.31642969095,-0.2985510836,0.067395076,0
6681,0.0,0.0386660869,3.0,-0.32501091705,-0.30086323575,0.09218669159999998,0
6682,2.0,0.06118718255,4.0,-0.16107130409999998,-0.1177341554,0.06309689584999999,1
6683,0.0,0.00195993325,3.0,-0.20284466010000002,-0.08942099295,0.1410930973,0
6684,2.0,0.0693365998,4.0,-0.19823538245,-0.17160390285,0.0668175291,1
6685,0.0,0.0257654764,3.0,-0.3484108535,-0.32951010855,0.09644990875,0
6686,0.0,-0.0022376389,1.0,-0.18397002434999998,-0.05814541675,0.13547168375,0
6687,0.0,0.047653223849999995,1.0,-0.3307874275,-0.29048976564999995,0.06983981905,0
6688,0.0,0.040171112999999994,1.0,-0.28721833955,-0.26345139665,0.08164962525,0
6689,0.0,-0.01165172955,1.0,-0.24272184460000001,-0.10094448010000001,0.15778882,0
6690,0.0,0.04291264175,1.0,-0.286429225,-0.23605583025,0.08769911405,0
6691,0.0,0.0333283581,3.0,-0.27179911895,-0.25464160729999996,0.08707738649999999,0
6692,0.0,0.01540089795,1.0,-0.23105754569999998,-0.16982123505000002,0.1180577704,1
6693,0.0,-0.0346974595,1.0,-0.24527443885,-0.1627095148,0.1716719821,0
6694,0.0,0.01691783145,2.0,-0.16752790080000002,-0.11170130415,0.12520944974999998,0
6695,0.0,-0.0145799829,1.0,-0.22729649795,-0.1130933338,0.148496734,0
6696,0.0,-0.00713038575,3.0,-0.19533246965,-0.13495495735000002,0.1501169256,0
6697,0.0,-0.04690039825,1.0,-0.2269563851,-0.21354778915,0.16764918010000002,0
6698,2.0,0.06229444345,4.0,-0.2043258876,-0.14439041035,0.07787474929999999,1
6699,0.0,-0.0052042098,1.0,-0.2061500634,-0.12385991595000001,0.14474899214999998,0
6700,2.0,0.05880544235,4.0,-0.19595546870000002,-0.1584972044,0.08200353635,1
6701,2.0,0.05893312465,4.0,-0.1724743318,-0.12933484265,0.06711036585,1
6702,0.0,-0.00082300965,1.0,-0.2131105683,-0.13389443955000002,0.14269591669999998,0
6703,0.0,-0.0389316024,2.0,-0.2312141009,-0.15988726814999998,0.16305886385,0
6704,0.0,0.05332078965,3.0,-0.2917009029,-0.2820460877,0.060189920550000005,0
6705,0.0,0.045476310199999995,1.0,-0.2992441437,-0.2974974089,0.06869364260000001,0
6706,2.0,0.0398522987,4.0,-0.17233645175,-0.1426202745,0.0914767933,1
6707,2.0,0.050911490350000005,4.0,-0.18012282595,-0.1519830567,0.08639898474999999,1
6708,0.0,0.04532809095,1.0,-0.31208546454999997,-0.2816612023,0.06598538675,0
6709,2.0,0.0553803623,4.0,-0.18294030020000002,-0.14533548089999998,0.08001988130000001,1
6710,0.0,-0.00952624485,3.0,-0.22286054795,-0.12752988385000003,0.1449846068,0
6711,1.0,0.05703332495,3.0,-0.25706160595000005,-0.19930723425,0.06579696385,1
6712,0.0,0.01936151495,4.0,-0.32220416685,-0.28476200684999997,0.1128048005,0
6713,1.0,0.048422902500000004,5.0,-0.25797269215,-0.2153439574,0.07474791805,1
6714,0.0,0.0588264126,3.0,-0.3027738445,-0.28519106965,0.0625247005,1
6715,0.0,0.00056166585,1.0,-0.21123443205,-0.1538947601,0.14271787055000001,0
6716,1.0,0.04343540875,3.0,-0.26886807749999997,-0.2656769137,0.07475528149999999,1
6717,0.0,-0.02472725315,3.0,-0.23489061295000002,-0.1607114078,0.16149581845,0
6718,0.0,0.03902497755,1.0,-0.29883041104999997,-0.2813973592,0.0838024572,0
6719,1.0,0.04160178715,3.0,-0.1417127237,-0.12721844615,0.09300043795,1
6720,0.0,0.025680075599999998,3.0,-0.1535644246,-0.1374435737,0.11008788,1
6721,0.0,-0.00567545075,1.0,-0.19371015935,-0.0896978118,0.1424859537,0
6722,0.0,0.0336734489,2.0,-0.31515012665,-0.28721317170000005,0.0956867084,0
6723,0.0,0.027551566149999998,6.0,-0.18813386115,-0.17656250205000001,0.10430975975000001,1
6724,0.0,0.0200815234,1.0,-0.2453584806,-0.18866395075,0.10598989645000001,0
6725,2.0,0.068438334,2.0,-0.18832951395,-0.16901142530000002,0.06768913224999998,1
6726,1.0,0.053663782699999996,5.0,-0.22394388025,-0.21114718929999998,0.06818822125000001,1
6727,0.0,0.0209015229,1.0,-0.14162069885,-0.11038175095,0.10684129245,0
6728,0.0,0.027433390000000002,1.0,-0.22126741119999999,-0.16638303705000002,0.10150889755,0
6729,0.0,0.027765621,1.0,-0.22015692775,-0.1659642559,0.10235616175000001,0
6730,1.0,0.044677124900000004,3.0,-0.2452696409,-0.22358051555,0.08862351975,1
6731,1.0,0.039282031349999996,3.0,-0.1965853596,-0.1800043451,0.07981590015000001,1
6732,0.0,0.02002557265,2.0,-0.1598553957,-0.08390354794999999,0.12482402180000002,0
6733,0.0,0.0128787689,1.0,-0.16828686865,-0.08789955755000001,0.13323176365,0
6734,0.0,0.0388054828,1.0,-0.2394172812,-0.18236795395,0.08442161925,0
6735,1.0,0.04629090825,3.0,-0.19235503225,-0.115960495,0.09092824105,1
6736,0.0,0.0440355057,3.0,-0.2508596074,-0.23750066995000002,0.06062997465,1
6737,1.0,0.048610370099999994,3.0,-0.19613687035,-0.18811142515,0.07954314009999999,1
6738,0.0,0.02265867235,3.0,-0.3330226009,-0.29119414585000003,0.1003643733,0
6739,0.0,0.0240423737,3.0,-0.32445110405,-0.28146414855,0.0975285561,0
6740,0.0,0.026063474,3.0,-0.28452576525,-0.27983215515000004,0.09280463825,0
6741,0.0,0.04221909395,1.0,-0.25789302115,-0.2572756007,0.05397231615,1
6742,0.0,0.0358749582,1.0,-0.14645118070000002,-0.12613514825,0.0921782204,0
6743,0.0,0.04021968675,3.0,-0.265966298,-0.25782222899999996,0.05357587,1
6744,0.0,-0.00026756995000000016,2.0,-0.157114493,-0.1297500308,0.13354573545,0
6745,1.0,0.06733339155000001,3.0,-0.20095787535,-0.18484432369999998,0.06120870575,1
6746,1.0,0.04906112095,1.0,-0.25198076005000003,-0.24412328,0.0855148234,1
6747,1.0,0.032392023049999996,3.0,-0.23059740439999998,-0.1659316005,0.08595028145,1
6748,0.0,0.0305892388,1.0,-0.15232098994999999,-0.1357348532,0.1003106442,0
6749,0.0,0.05364379125,3.0,-0.24940342875,-0.2390304243,0.0631255634,0
6750,1.0,0.07367523819999999,3.0,-0.20898311879999998,-0.1896209292,0.06036579464999999,1
6751,0.0,0.041965807,4.0,-0.20521786505,-0.16976545425,0.09813642730000001,1
6752,0.0,0.02961849985,3.0,-0.30942221449999996,-0.27181072545,0.08407432385000001,0
6753,0.0,0.038107084750000006,1.0,-0.2484897734,-0.2405452057,0.07153293915,0
6754,1.0,0.06169112625,3.0,-0.226599952,-0.21081722725,0.07579253055000001,1
6755,0.0,-0.0019173194,1.0,-0.15049367725,-0.127594852,0.13920531484999998,0
6756,2.0,0.0566909243,4.0,-0.22936662605,-0.18630310085000001,0.08189961965,1
6757,1.0,0.057131739449999996,3.0,-0.20360566075,-0.1558731251,0.0761568499,1
6758,0.0,0.03951250565,2.0,-0.31026073155,-0.2925383146,0.0812904582,0
6759,0.0,0.026795311500000002,1.0,-0.27319680125,-0.2707776389,0.07730773455,0
6760,1.0,0.049484606400000006,3.0,-0.21840993865,-0.202637639,0.09036917445,1
6761,0.0,0.03595032955,3.0,-0.2987260314,-0.23807106760000002,0.09493270675000001,0
6762,0.0,0.033808621250000004,2.0,-0.2214795576,-0.20697760845000002,0.10475457645,1
6763,1.0,0.052334286300000005,1.0,-0.2434419538,-0.2132269963,0.07779469975,1
6764,0.0,0.03903504945,1.0,-0.26156268564999996,-0.25054074695,0.09103154165,1
6765,0.0,0.0455729295,3.0,-0.3115370031,-0.27583385595,0.06867327855,0
6766,0.0,-0.0313697966,1.0,-0.2412432909,-0.1267313498,0.1745112791,0
6767,0.0,0.040481974850000005,2.0,-0.2891896079,-0.2809375744,0.08173253105,0
6768,0.0,0.042399355449999995,3.0,-0.30238746365,-0.27828088915000004,0.0770749444,0
6769,0.0,0.0424546398,3.0,-0.2872033653,-0.28265896275,0.07827587375,0
6770,0.0,0.041271646950000004,3.0,-0.29227788855000003,-0.2804788809,0.0783624568,0
6771,0.0,-0.02521734975,1.0,-0.2060306143,-0.1242561229,0.1742836399,0
6772,0.0,0.03984364905,3.0,-0.29595467615000004,-0.282036004,0.08493713995000002,0
6773,1.0,0.05152841255,3.0,-0.27376934045,-0.23099064190000002,0.07556195865000001,1
6774,0.0,0.0010909879000000002,1.0,-0.23036465905,-0.16412522219999998,0.11726128620000001,0
6775,1.0,0.07558312975,3.0,-0.2265606768,-0.1988642819,0.05382472535,1
6776,1.0,0.0494015432,3.0,-0.22401236245,-0.2074973241,0.0897179225,1
6777,0.0,0.03268522455,3.0,-0.34908783015,-0.32869176040000003,0.0909554668,0
6778,2.0,0.0593951345,4.0,-0.1732834044,-0.15368545360000002,0.0834247701,1
6779,0.0,0.038407991,1.0,-0.28513088885,-0.27678821499999995,0.08640981334999999,0
6780,1.0,0.0573839045,3.0,-0.2282737797,-0.22026001555,0.07773916750000001,1
6781,0.0,0.053038693250000005,1.0,-0.2895607269,-0.26368797355,0.0707755029,0
6782,2.0,0.05911300145,2.0,-0.2584118137,-0.2447941439,0.07306835565,1
6783,0.0,-0.06279127055,3.0,-0.2250190928,-0.18028988210000002,0.2008927482,0
6784,0.0,0.03169157705,2.0,-0.22506580415,-0.19350456435000002,0.10053038769999999,1
6785,0.0,0.0438858022,3.0,-0.2983467929,-0.27649223615,0.0754566805,0
6786,1.0,0.0443942447,3.0,-0.19592551445,-0.1024839523,0.09158136105,1
6787,2.0,0.04645258645,4.0,-0.16376123380000002,-0.15620069365,0.08665220779999999,1
6788,2.0,0.06805479910000001,4.0,-0.19483630405000002,-0.16711037620000002,0.06441370215,1
6789,1.0,0.057504867200000004,3.0,-0.20951072399999998,-0.19636699889999998,0.07545037765,1
6790,1.0,0.04360226915,3.0,-0.24201643914999998,-0.22563390044999998,0.09179612365,1
6791,0.0,0.016893274399999998,4.0,-0.2135041184,-0.1489567621,0.09843675525000001,1
6792,0.0,0.042500856000000004,1.0,-0.29352551415,-0.2798833015,0.07701802675,0
6793,0.0,0.04997762065,2.0,-0.29301561705,-0.26216721099999996,0.06613348425,0
6794,0.0,0.0214728378,4.0,-0.21739308559999998,-0.2084118868,0.11865211640000001,1
6795,0.0,0.0584077586,4.0,-0.29828249405,-0.26728120595000004,0.07240830485,1
6796,0.0,-0.0560550155,4.0,-0.18187427280000001,-0.15279794014999998,0.18366822135,0
6797,2.0,0.0637099459,4.0,-0.24718337685,-0.22481226189999998,0.07210628785,1
6798,0.0,0.041847944600000006,3.0,-0.3115859551,-0.29840763885,0.05539957970000001,0
6799,2.0,0.052859897249999996,1.0,-0.26718287679999997,-0.2280608357,0.07818277035,1
6800,0.0,0.054403401899999995,1.0,-0.31170211130000003,-0.28412662525,0.0729930637,0
6801,1.0,0.05295603605,3.0,-0.23858460915000002,-0.2192106478,0.08038931190000001,1
6802,0.0,0.025575168699999998,2.0,-0.19731205255,-0.1541185363,0.0948887511,1
6803,0.0,-0.0345441683,1.0,-0.1516412271,-0.07315045635,0.1742608219,0
6804,0.0,0.0309793532,1.0,-0.3293623358,-0.29855413975,0.08131558864999999,0
6805,0.0,0.037592214,3.0,-0.31336856705,-0.30996254455,0.08382295035000001,0
6806,1.0,0.05587605025,3.0,-0.24321473864999998,-0.21208395084999998,0.0696519523,1
6807,0.0,-0.01256652905,1.0,-0.2075860569,-0.0964015432,0.1504666603,0
6808,0.0,-0.023586591349999998,1.0,-0.207716487,-0.11384788495,0.1594357648,0
6809,1.0,0.05413599785,3.0,-0.26231271925,-0.23406637405,0.07141365385,1
6810,0.0,0.00689300895,2.0,-0.22540412035000001,-0.18700796835,0.1283278554,1
6811,0.0,0.029212444150000003,1.0,-0.33290521765000003,-0.29889628905,0.08901924915,0
6812,2.0,0.06136910105,2.0,-0.2123474139,-0.18807444639999998,0.0726567978,1
6813,0.0,0.0071108232000000006,4.0,-0.23199578755,-0.1657167767,0.1270620145,1
6814,0.0,-0.01820141705,4.0,-0.18455127664999998,-0.12116793740000001,0.14975335955000002,0
6815,0.0,0.02655044265,3.0,-0.3094447649,-0.2985678549,0.09155434739999999,0
6816,0.0,-0.00259123335,4.0,-0.23058571384999998,-0.16388592764999999,0.13087375915,1
6817,0.0,0.015490118050000001,2.0,-0.22146875585,-0.19953162595,0.11119643415,1
6818,1.0,0.06296347,3.0,-0.23573786515,-0.21980968890000002,0.06310279434999999,1
6819,1.0,0.056077629399999995,3.0,-0.20530008695000002,-0.1912777725,0.0784314888,1
6820,0.0,0.03887328935,3.0,-0.2852812452,-0.2552555702,0.07496236034999999,0
6821,0.0,-0.00799444225,1.0,-0.15718788305,-0.13375417434999998,0.14827795095000001,0
6822,0.0,0.00955890055,1.0,-0.16218558789999998,-0.1051974374,0.12864838825,0
6823,1.0,0.06619165955,3.0,-0.20800195275,-0.1555440294,0.06258036245000001,1
6824,0.0,0.034916917150000004,4.0,-0.19941345910000002,-0.17584529095,0.10348028664999999,1
6825,1.0,0.0402059954,3.0,-0.21987615230000002,-0.16510613575,0.0950446699,1
6826,2.0,0.06337610365,4.0,-0.25164958195,-0.2356719046,0.06978350444999999,1
6827,0.0,-0.03660386,1.0,-0.2024060299,-0.13889047335,0.17873755345,0
6828,0.0,0.0087954046,1.0,-0.1759534847,-0.089540233,0.1387754257,0
6829,1.0,0.04266496435,3.0,-0.14542533715,-0.13158892255,0.06734161285000001,1
6830,0.0,0.02565447055,4.0,-0.2045791494,-0.19442116905,0.10011533555000002,1
6831,0.0,0.009892775,2.0,-0.20979382415,-0.1641589568,0.1233415018,1
6832,0.0,0.0116349073,2.0,-0.2093692943,-0.16564052075000002,0.12131327349999999,1
6833,0.0,-0.016041975899999998,4.0,-0.20624039995,-0.14022326995,0.13818759835,0
6834,2.0,0.04696707815,4.0,-0.19625802404999998,-0.1679859629,0.08776835050000001,1
6835,0.0,0.0425876619,2.0,-0.19913892179999998,-0.19290092285,0.08833441845000001,1
6836,0.0,0.037747708899999996,4.0,-0.2793595111,-0.27055940565000003,0.08618447115,0
6837,1.0,0.02366246625,3.0,-0.23786150635,-0.1916084773,0.10811252084999999,1
6838,1.0,0.05120969265,5.0,-0.18466213809999998,-0.17440450345,0.08722577125,1
6839,0.0,0.0372921328,2.0,-0.27154328645,-0.25204269884999997,0.08680326955,0
6840,1.0,0.04977157,3.0,-0.20835552975,-0.19628188405000002,0.07684506804999999,1
6841,0.0,0.019194175100000002,2.0,-0.2216152588,-0.1627503823,0.11227521785,1
6842,1.0,0.024041614349999997,3.0,-0.2207551724,-0.16178084775,0.08814366865,1
6843,0.0,0.03951949315,4.0,-0.2906098436,-0.2582800409,0.08807006935,0
6844,0.0,0.01669602405,2.0,-0.20932294125,-0.1553348149,0.09341977195000001,1
6845,0.0,0.0252328739,2.0,-0.1954741824,-0.14596408030000002,0.11331216565,1
6846,0.0,-0.02206374015,3.0,-0.21675373744999998,-0.1664679106,0.16895089945,0
6847,0.0,0.0352649172,1.0,-0.3041804052,-0.28453006955,0.08713057535,0
6848,0.0,0.03946826075,3.0,-0.27282153365,-0.21845778175,0.07759152879999999,0
6849,0.0,0.02459903005,2.0,-0.1933529833,-0.14259323340000002,0.10374527370000002,1
6850,0.0,-0.039834534549999995,1.0,-0.2489351305,-0.13080873934999998,0.19074941880000001,0
6851,0.0,0.03469988585,4.0,-0.27677750915,-0.271329131,0.08998688045,0
6852,1.0,0.05888658405,3.0,-0.2281852496,-0.21551475144999999,0.0658591238,1
6853,2.0,0.05959783065,3.0,-0.22594437415000002,-0.2108139019,0.08328600739999999,1
6854,1.0,0.0607263116,3.0,-0.2061222768,-0.19119891255,0.0692035774,1
6855,1.0,0.0550851471,3.0,-0.20230448480000002,-0.19371048615,0.08169993025,1
6856,0.0,0.03374468255,4.0,-0.31048147125000003,-0.24366467530000002,0.09041579250000001,0
6857,0.0,0.03580542465,4.0,-0.3108487043,-0.28904717734999996,0.08815252265000001,0
6858,1.0,0.060858572250000006,3.0,-0.2358056428,-0.2166981154,0.0702901507,1
6859,0.0,0.0414254222,4.0,-0.28669404244999996,-0.24069155195,0.07586844100000001,0
6860,0.0,0.03531857295,2.0,-0.21081041244999998,-0.16422718225,0.08790303505000001,1
6861,0.0,0.0414697304,3.0,-0.28564519335000005,-0.2492593388,0.07169821035,0
6862,1.0,0.04507519935,3.0,-0.19577362965,-0.1801220494,0.08027393694999999,1
6863,0.0,0.039758470000000004,4.0,-0.269146177,-0.2650840131,0.07437409425,0
6864,0.0,0.0377475381,3.0,-0.27274631665000004,-0.2686436568,0.0740254466,0
6865,0.0,0.030167063350000002,4.0,-0.3108876857,-0.2710814494,0.09091187455,0
6866,1.0,0.0519555675,3.0,-0.23515783125,-0.1785421502,0.057937309349999994,1
6867,1.0,0.04890979345,3.0,-0.19075015955000002,-0.17844255925,0.0696301844,1
6868,1.0,0.05204441875,3.0,-0.20322029295,-0.19022357885,0.0794775762,1
6869,0.0,0.033786886550000006,2.0,-0.22190582685,-0.21436876645,0.09486098295,1
6870,1.0,0.0546472071,3.0,-0.18737208395,-0.17803545999999998,0.0717601695,1
6871,2.0,0.046169455649999996,2.0,-0.1847147772,-0.15955453800000002,0.08805118435,1
6872,1.0,0.0597428084,3.0,-0.20879235905,-0.1932528493,0.06483019995,1
6873,1.0,0.058997562350000005,3.0,-0.2057508533,-0.1905254109,0.0666245502,1
6874,1.0,0.05450157965,5.0,-0.19404186765,-0.18102708885000002,0.07090995045000001,1
6875,1.0,0.046427040399999994,5.0,-0.20050764515,-0.1747556859,0.0918286784,1
6876,0.0,-0.0154313805,2.0,-0.20960839055,-0.1995033887,0.16389338865,0
6877,0.0,0.041007842850000004,4.0,-0.34198405784999997,-0.3025075789,0.059792286300000004,1
6878,1.0,0.0322153669,3.0,-0.21764314955,-0.1649901531,0.08482505770000001,1
6879,0.0,0.0293511074,3.0,-0.20002789659999998,-0.14514546425,0.07689814265,1
6880,0.0,0.026753319050000002,2.0,-0.197981737,-0.14198534294999998,0.07407476995000001,1
6881,0.0,0.035982597549999995,4.0,-0.3037886074,-0.25702051845,0.07757324645,0
6882,0.0,0.016965153650000002,2.0,-0.20577108835000002,-0.1521846544,0.09777725749999999,1
6883,0.0,-0.01748894405,3.0,-0.23173683750000001,-0.22539518575,0.1555820175,0
6884,1.0,0.03713158655,3.0,-0.28850412895,-0.27196811465000004,0.09469443330000002,1
6885,1.0,0.04928081915,3.0,-0.2460052664,-0.21764153125000002,0.0835037817,1
6886,2.0,0.07432020025,4.0,-0.20105186745,-0.17164724495,0.05728540675000001,1
6887,3.0,0.06139296975,5.0,-0.18154647825,-0.164856027,0.061947081599999995,1
6888,2.0,0.06334723235,4.0,-0.18997694485,-0.167993138,0.06189404814999999,1
6889,0.0,0.03119422515,3.0,-0.3081885485,-0.26913606375,0.07309515275,0
6890,0.0,0.02456415755,3.0,-0.36785935875,-0.30998514455000004,0.10016753815,0
6891,0.0,0.028577208399999998,3.0,-0.2967020639,-0.2828573856,0.08957123745,0
6892,1.0,0.053188936650000004,1.0,-0.29411294470000005,-0.2811607381,0.056905165699999996,1
6893,0.0,0.0220782016,2.0,-0.19904928805,-0.1533926865,0.1041113853,1
6894,1.0,0.057409796250000006,3.0,-0.20212755015,-0.1829404334,0.07954274954999999,1
6895,2.0,0.044406549249999996,4.0,-0.1906719657,-0.16576769295,0.0838187719,1
6896,0.0,0.01508728815,2.0,-0.20148717335,-0.14802940850000001,0.1225410377,1
6897,2.0,0.04031365015,2.0,-0.20306234455,-0.1707463657,0.0968588846,1
6898,0.0,0.020409681,3.0,-0.34390134115000004,-0.32348646335,0.123672628,0
6899,0.0,0.039828888349999994,3.0,-0.30899291895000003,-0.270991898,0.07687754869999999,0
6900,0.0,0.03653850415,2.0,-0.317102371,-0.29380259119999996,0.08017163170000001,0
6901,0.0,0.03231255275,1.0,-0.28920709840000003,-0.26242055105,0.0782302436,0
6902,2.0,0.05521610145,4.0,-0.20013001255,-0.1825721518,0.06941554055000002,1
6903,1.0,0.05490337275,3.0,-0.21456235,-0.18917697979999998,0.07339767050000001,1
6904,2.0,0.03986184445,2.0,-0.23290562895,-0.21934935854999998,0.09016225065000001,1
6905,1.0,0.04494408625,3.0,-0.14474957615,-0.13244946470000002,0.0790819436,1
6906,0.0,0.021077368149999998,4.0,-0.20066568535,-0.14000744240000002,0.10248173315,1
6907,1.0,0.044004727,3.0,-0.2979779967,-0.2469510594,0.06677530984999999,0
6908,0.0,0.0304667386,2.0,-0.20362791745,-0.13959086059999998,0.08822915395,1
6909,0.0,0.04563339885,3.0,-0.30191056434999997,-0.23560985405,0.0765770058,0
6910,0.0,0.029795195650000002,2.0,-0.20940175915,-0.15207101774999998,0.09571447415,1
6911,0.0,0.02552894265,2.0,-0.20608716875,-0.1455364998,0.09978965550000002,1
6912,0.0,0.04321722215,3.0,-0.3558525588,-0.34761360185,0.084970644,0
6913,0.0,0.05946044665,2.0,-0.28853655445000004,-0.27111335125,0.07519206020000001,0
6914,0.0,0.0522893895,3.0,-0.2746285461,-0.2612502384,0.07769398584999998,0
6915,0.0,0.03260130915,2.0,-0.19412136435,-0.1459149498,0.09685589555,1
6916,0.0,0.0275042201,2.0,-0.1956632248,-0.14113222765,0.08975958989999999,1
6917,0.0,0.04096290275,3.0,-0.2802443866,-0.27295107274999997,0.08097972025,0
6918,0.0,0.0205808961,1.0,-0.22254456085000002,-0.19328590340000001,0.11611777260000002,1
6919,1.0,0.0577100489,3.0,-0.1902974155,-0.1700834833,0.0736616951,1
6920,0.0,0.0391068491,3.0,-0.3067100038,-0.29996099480000005,0.08015181255,0
6921,0.0,0.04168942775,1.0,-0.29900790885,-0.27746857059999996,0.08022308985,0
6922,0.0,0.044230685000000006,4.0,-0.26998112085,-0.2609738975,0.08359553154999999,0
6923,0.0,0.0405307107,2.0,-0.27739990675000004,-0.24381082245000002,0.0849378118,0
6924,0.0,0.03912964715,2.0,-0.31300219205,-0.3006929144,0.06809391565,1
6925,2.0,0.0561146275,4.0,-0.2249659323,-0.17560447585,0.06996239905,1
6926,0.0,0.0424727393,1.0,-0.26274907820000004,-0.25502227425,0.08043201505,0
6927,0.0,0.0403989008,3.0,-0.29663836595,-0.25753320065,0.0723475891,0
6928,2.0,0.0607687222,4.0,-0.16361376145,-0.1374257686,0.07611976845,1
6929,0.0,0.04141199105,2.0,-0.29617632964999996,-0.28772484239999996,0.0750999533,0
6930,0.0,0.0350673983,4.0,-0.18971141475,-0.17612407545,0.0905038779,1
6931,0.0,0.023465441400000002,4.0,-0.1931274915,-0.1773161185,0.10399120395,1
6932,0.0,0.0363054022,4.0,-0.1771399656,-0.16942190015,0.0963528735,1
6933,0.0,0.04000554725,3.0,-0.30990721555,-0.29994467,0.09465042285,0
6934,2.0,0.052195297749999994,4.0,-0.1784696002,-0.1445048186,0.0869986222,1
6935,0.0,0.036909413749999995,3.0,-0.35070023819999996,-0.32824992785,0.0966869623,0
6936,1.0,0.02679485075,3.0,-0.18048012694999999,-0.16766331915,0.11143152075,1
6937,0.0,0.006648136549999999,4.0,-0.2121678909,-0.15282867545,0.12862070025,1
6938,1.0,0.0390038301,3.0,-0.19823400000000002,-0.17918596939999998,0.08620734730000001,1
6939,1.0,0.04478753915,3.0,-0.23052943395,-0.2104479693,0.0830253687,1
6940,1.0,0.05398963805,3.0,-0.24820638805,-0.23837044419999998,0.07120546815,1
6941,0.0,0.055718392650000004,2.0,-0.2649968975,-0.26396371445,0.0608958213,1
6942,0.0,0.0294666737,4.0,-0.23079213665,-0.1688872737,0.10810593075000001,1
6943,0.0,0.01119308305,2.0,-0.2155130863,-0.15104632315,0.11267057,1
6944,0.0,0.04808790525,3.0,-0.3067201988,-0.29662536635000003,0.07552679835,0
6945,0.0,0.0466338866,1.0,-0.2746037794,-0.2718674694,0.05615915525,1
6946,2.0,0.0345473193,4.0,-0.2052927001,-0.1742768022,0.09035599865,1
6947,2.0,0.06672405244999999,3.0,-0.15559423555000002,-0.12956936345,0.06318698815000001,1
6948,0.0,0.033211844350000005,1.0,-0.22368808595,-0.17888854595,0.09852158145,0
6949,0.0,0.04540936825,3.0,-0.28168781875,-0.24893975625000003,0.08416539465,0
6950,0.0,0.033680035,1.0,-0.36298635245,-0.29866250915000003,0.09429796885,0
6951,2.0,0.044743759450000004,2.0,-0.18457572375,-0.1585122581,0.08431294615000001,1
6952,2.0,0.05649160015,4.0,-0.18879502435,-0.16563144075,0.0639457564,1
6953,2.0,0.0452812468,4.0,-0.19165772650000001,-0.17981399869999998,0.0725912776,1
6954,0.0,0.0310613145,4.0,-0.2702845033,-0.26002819035,0.09374626024999999,0
6955,0.0,0.03085055885,4.0,-0.3180660159,-0.31725819774999997,0.1078626181,0
6956,2.0,0.03545402125,4.0,-0.19394492195000002,-0.17509501205,0.0796006074,1
6957,2.0,0.046979059249999996,4.0,-0.2123722642,-0.1831633961,0.061491582249999996,1
6958,0.0,0.0373563614,4.0,-0.26506654910000005,-0.2622396344,0.0696658562,0
6959,1.0,0.044457552649999996,3.0,-0.20711250204999998,-0.1930399099,0.0792730694,1
6960,0.0,0.042900238300000004,2.0,-0.2155126086,-0.17255375504999998,0.08864144,1
6961,0.0,0.041101907199999996,3.0,-0.26935040305,-0.25502063555,0.0702491938,0
6962,0.0,0.03988705615,4.0,-0.34797667200000004,-0.347905084,0.08587722179999999,0
6963,0.0,0.0397343809,3.0,-0.3135232725,-0.29919300185,0.08032129625000001,0
6964,2.0,0.05942124585,4.0,-0.22559325985,-0.22054693965,0.06580339830000001,1
6965,0.0,0.04096074515,4.0,-0.3168890016,-0.2982773971,0.07519109974999999,1
6966,0.0,0.03659815035,4.0,-0.3179069844,-0.30622605459999996,0.0803624523,0
6967,0.0,0.0399655287,4.0,-0.30076801665,-0.2779422925,0.06837274600000001,1
6968,0.0,0.040303371350000006,1.0,-0.2970784091,-0.25774158215,0.06959916699999999,0
6969,0.0,0.0329838453,3.0,-0.30135991824999997,-0.29574479985,0.08332432784999999,0
6970,1.0,0.041492447599999996,3.0,-0.2195545293,-0.19979665140000002,0.09559532285000001,1
6971,0.0,-0.0009385861,1.0,-0.1912109782,-0.14034576370000001,0.1328376423,0
6972,0.0,-0.06502890935,2.0,-0.16661402435,-0.0907811494,0.1958516578,0
6973,0.0,-0.0273893926,4.0,-0.15806566384999998,-0.044126412000000004,0.17172340655,0
6974,2.0,0.06925586454999999,2.0,-0.1736912538,-0.14327558245,0.061477834099999996,1
6975,0.0,0.03472744435,2.0,-0.20105429585,-0.17021680845,0.0888960623,1
6976,0.0,0.0472408265,1.0,-0.2779750844,-0.2249989805,0.07142203805,0
6977,0.0,0.04422970075,3.0,-0.29596930295,-0.2805885769,0.0739958377,0
6978,1.0,0.030570602250000002,3.0,-0.211633898,-0.1677441915,0.0979640283,1
6979,0.0,-0.0330772183,3.0,-0.17218233595,-0.064238987,0.17778183025,0
6980,0.0,0.027090315900000002,4.0,-0.20729980074999999,-0.16269286654999998,0.09781313479999999,1
6981,0.0,0.041898408299999995,1.0,-0.29793518090000004,-0.28255597065000004,0.0751811432,0
6982,3.0,0.06391894884999999,4.0,-0.2545719165,-0.0714420317,0.05947548754999999,1
6983,0.0,-0.0089049639,1.0,-0.2207822795,-0.1604199537,0.14609075175,0
6984,1.0,0.0476294061,3.0,-0.20439458255,-0.1602933906,0.08309585255,1
6985,1.0,0.02268844555,3.0,-0.2217172903,-0.15390652324999998,0.10055174659999999,1
6986,0.0,0.01794117055,2.0,-0.2507348001,-0.17851294265,0.13012131909999997,1
6987,0.0,0.04392914965,3.0,-0.3127821697,-0.28366510825,0.07404466815,0
6988,2.0,0.0390847488,4.0,-0.19812573314999998,-0.13079230025,0.09092241899999998,1
6989,2.0,0.0605476435,6.0,-0.2465889221,-0.11295916289999999,0.06950440535,1
6990,0.0,0.039737795699999995,3.0,-0.32255428045,-0.30128739675,0.06548320115,1
6991,0.0,0.05607738515,3.0,-0.28600947875,-0.27080097035,0.06227948540000001,0
6992,0.0,0.047901974050000004,1.0,-0.29695077375,-0.28640008549999996,0.06614494185000001,0
6993,0.0,0.0504529333,3.0,-0.2993723315,-0.24676902825,0.061918629350000004,0
6994,0.0,0.040636228299999994,3.0,-0.30303417815,-0.2813433955,0.08166389464999999,0
6995,0.0,0.0330153188,3.0,-0.29421364715,-0.286715548,0.09329604605,0
6996,0.0,0.02044444065,4.0,-0.17368306285000001,-0.15642716239999999,0.087447447,1
6997,0.0,0.0061985446,2.0,-0.21542757904999998,-0.17137980245,0.11335641974999999,1
6998,0.0,0.039225611699999996,3.0,-0.2870881936,-0.26745759625,0.08343763265000001,0
6999,0.0,0.037490957500000005,3.0,-0.27689496515,-0.26729691315,0.06710159065,0
7000,0.0,0.03605666785,1.0,-0.29590511919999996,-0.2727097019,0.08647343515,0
7001,0.0,0.041236471,3.0,-0.3126695386,-0.28348005200000004,0.07588507025,0
7002,1.0,0.051803612449999994,5.0,-0.18864577895,-0.18056700645,0.07760998685,1
7003,0.0,0.06323598550000001,4.0,-0.22796411655,-0.1998447176,0.05330915275,0
7004,2.0,0.047979409,4.0,-0.1923944296,-0.16681718585,0.07913076900000002,1
7005,3.0,0.05294776185,5.0,-0.17362637185000002,-0.114433828,0.0747445839,1
7006,1.0,0.035453941749999995,3.0,-0.2112223319,-0.197713495,0.09362980875000002,1
7007,0.0,0.039022366700000005,4.0,-0.3099068077,-0.3070342896,0.0876486759,0
7008,0.0,0.01160761835,4.0,-0.2137935846,-0.17022965695,0.1111330264,1
7009,1.0,0.07098712469999999,3.0,-0.20889167455000002,-0.19384705275000003,0.054965388350000005,1
7010,0.0,0.0335483092,3.0,-0.2751520075,-0.2375835909,0.08438696239999999,0
7011,1.0,0.03604696585,6.0,-0.26991081755,-0.21290207435,0.0935361227,1
7012,0.0,0.02607213,4.0,-0.22730213295,-0.17426097115,0.10123796330000001,1
7013,0.0,0.02535950355,2.0,-0.2050485622,-0.1482997657,0.09832797609999999,1
7014,0.0,0.03885818285,3.0,-0.31874499835000003,-0.26182556225,0.0690786659,0
7015,0.0,0.0346829035,3.0,-0.31668452545000003,-0.3071588442,0.0870408326,1
7016,0.0,0.041669159600000005,1.0,-0.2906761111,-0.2551191687,0.08367940609999999,0
7017,0.0,0.0456289801,3.0,-0.29468862245,-0.2691022008,0.0774385157,0
7018,0.0,0.03948960185,3.0,-0.2830725801,-0.2290128081,0.0764138491,0
7019,1.0,0.02854737975,3.0,-0.1961299488,-0.1464571532,0.09444670705000001,1
7020,1.0,0.0333076749,5.0,-0.18693301150000002,-0.14432632925,0.08160338190000001,1
7021,3.0,0.06053621595,4.0,-0.1761825258,-0.16284762095,0.07105143835,1
7022,0.0,0.0403179585,2.0,-0.3021953496,-0.28555287760000003,0.067801241,1
7023,0.0,0.031180363699999998,3.0,-0.19667214975,-0.14211136405000002,0.0774059073,1
7024,0.0,0.04997994155,3.0,-0.2566345164,-0.22388112915,0.05812329175,0
7025,0.0,0.0208560672,4.0,-0.19626144325,-0.14737124855,0.10759868184999999,1
7026,0.0,0.042368892049999995,3.0,-0.29145533385,-0.26223387045,0.07164552375,0
7027,2.0,0.06325213304999999,4.0,-0.1864447097,-0.17000287954999999,0.0767876361,1
7028,2.0,0.0633330214,4.0,-0.1925213734,-0.17242151935,0.07748419875000001,1
7029,2.0,0.0578170725,4.0,-0.18205915904999997,-0.15545120375,0.0726257448,1
7030,0.0,0.04492973405,1.0,-0.28271054154999997,-0.23450602915,0.07250781619999999,0
7031,0.0,-0.00955318,3.0,-0.24832742385,-0.18563539565,0.14066286995,1
7032,1.0,0.04614193415,3.0,-0.21106581484999998,-0.15363814469999998,0.09123319995000001,1
7033,0.0,0.0404345951,3.0,-0.2671799029,-0.26341591295,0.07422644305000001,0
7034,1.0,0.0418388615,3.0,-0.22414511465,-0.17718938,0.0968133467,1
7035,1.0,0.0581401738,3.0,-0.22119449865,-0.1768235625,0.0748180672,1
7036,2.0,0.05482302305,2.0,-0.2359977116,-0.17515843450000002,0.07484101570000001,1
7037,0.0,0.03698975235,1.0,-0.32249163425,-0.30003612150000003,0.0791795349,0
7038,1.0,0.0380244968,3.0,-0.2376704468,-0.18060239379999998,0.0911496889,1
7039,1.0,0.0144549316,3.0,-0.22711143085000002,-0.16566035969999998,0.11920271680000001,1
7040,2.0,0.0551237958,2.0,-0.18993554795,-0.18379534415,0.07621530600000001,1
7041,2.0,0.046513347100000005,2.0,-0.21957033580000002,-0.19684091809999998,0.08179684540000001,1
7042,0.0,0.04579533095,2.0,-0.2887425264,-0.27710088239999997,0.06266541960000001,1
7043,0.0,0.07336581240000001,1.0,-0.25851850585,-0.19855322235,0.060459753549999995,0
7044,0.0,0.04271925035,1.0,-0.29844503035000003,-0.2425646974,0.0674906196,0
7045,0.0,0.05520718405,3.0,-0.236255118,-0.1842722138,0.06576808315,0
7046,0.0,0.039698521,4.0,-0.27067579195,-0.2682021871,0.06443630945,1
7047,1.0,0.056074085499999995,5.0,-0.2090945348,-0.18802083990000001,0.07550175170000001,1
7048,0.0,0.014981861450000002,3.0,-0.18238506975000002,-0.1231637898,0.11746997585,0
7049,2.0,0.0441169119,4.0,-0.2367307272,-0.1428322401,0.08226514825,1
7050,2.0,0.056981968800000005,2.0,-0.20505470474999998,-0.19309679894999998,0.0724193944,1
7051,1.0,0.03274995195,3.0,-0.22384889945,-0.16071834815,0.0934677029,1
7052,0.0,0.0465286219,3.0,-0.2872976132,-0.2310920295,0.07512445915,0
7053,1.0,0.0496470377,3.0,-0.1477139167,-0.13345294894999998,0.07830304735,1
7054,0.0,0.041519973749999994,1.0,-0.24216981755,-0.1893383405,0.08819488605,1
7055,0.0,0.04914543725,1.0,-0.2661900634,-0.21186823935,0.07560448965,0
7056,0.0,0.04891916715,4.0,-0.26956587060000003,-0.2215019158,0.07195092395,0
7057,0.0,0.0275340915,4.0,-0.30524121505,-0.28669307875000005,0.09299641405,0
7058,1.0,0.0572241475,5.0,-0.190994103,-0.15339539675,0.07825619195,1
7059,0.0,0.0354800521,4.0,-0.200714181,-0.1847880324,0.10538717354999999,1
7060,1.0,0.035862715899999995,5.0,-0.21084662565,-0.1508392913,0.08833417365000001,1
7061,0.0,0.0481802566,4.0,-0.28478253635,-0.2683264055,0.0693744932,0
7062,0.0,0.04074096745,4.0,-0.28304657040000003,-0.2779366787,0.0628699982,1
7063,0.0,0.037903133650000004,4.0,-0.29224209805,-0.28385886485,0.07157272290000001,0
7064,1.0,0.02557528605,5.0,-0.20268069090000002,-0.15411568949999999,0.10078194995,1
7065,0.0,0.0282802984,4.0,-0.1973865399,-0.1508042815,0.1034621724,1
7066,0.0,0.052463263499999996,3.0,-0.21787689664999998,-0.1953911795,0.07104725705,0
7067,2.0,0.062495377899999996,4.0,-0.1654773999,-0.1533586966,0.0709166544,1
7068,2.0,0.04893211125,4.0,-0.18908399295,-0.1267693199,0.0831224498,1
7069,0.0,0.0385637967,3.0,-0.2854509897,-0.2688504663,0.0844213818,0
7070,2.0,0.03913436645,2.0,-0.16841103135,-0.13581003414999998,0.0821140437,1
7071,0.0,0.0399805302,1.0,-0.30186303265000003,-0.26880052460000003,0.078562379,0
7072,0.0,0.02680648805,2.0,-0.192651321,-0.13781354275000002,0.08578542745,1
7073,0.0,0.03693874605,2.0,-0.20553006675000002,-0.14686359319999998,0.07947212880000001,1
7074,0.0,0.033906349249999995,4.0,-0.2788544558,-0.27413724534999995,0.09542151655,0
7075,0.0,0.0325166214,4.0,-0.289567616,-0.27368528275,0.0895484543,0
7076,2.0,0.0445040372,4.0,-0.2155144275,-0.19989325154999998,0.0707125653,1
7077,2.0,0.06252673335,4.0,-0.23675486704999998,-0.21625551605,0.0562942175,1
7078,0.0,0.03023448265,4.0,-0.2149807977,-0.15703114785,0.0787454181,1
7079,2.0,0.0483279475,4.0,-0.17145276895,-0.1387201277,0.0836002687,1
7080,2.0,0.05230155605,4.0,-0.24343918245,-0.18663313609999999,0.0690587933,1
7081,0.0,0.019517884899999997,4.0,-0.2002520827,-0.14114032885,0.111451374,1
7082,1.0,0.03083305635,3.0,-0.24077280164999998,-0.16365711575,0.10068830479999999,1
7083,0.0,0.05779571095,1.0,-0.2606205871,-0.2248955656,0.07481736665,1
7084,0.0,0.039987708649999995,2.0,-0.29504370455,-0.2736179243,0.0814701474,0
7085,0.0,0.048468987399999997,3.0,-0.31171596475,-0.26419642405,0.06895315499999999,0
7086,2.0,0.0267982101,4.0,-0.2260571165,-0.18939355060000002,0.0828704828,1
7087,2.0,0.04480475395,4.0,-0.19184826245,-0.1406089323,0.0810749648,1
7088,0.0,0.0458122812,3.0,-0.2959883111,-0.27873057145,0.0784711598,0
7089,2.0,0.045291323349999996,4.0,-0.19352076525,-0.14549548215,0.08235853639999999,1
7090,0.0,0.0172971655,6.0,-0.20850875665000002,-0.14904479775,0.10375508285000001,1
7091,0.0,0.031147694150000002,3.0,-0.28957015815,-0.28455869865,0.0761228931,1
7092,0.0,0.0258995021,4.0,-0.20629776735,-0.1441521112,0.0956246679,1
7093,1.0,0.03897148475,5.0,-0.22302050925,-0.1635171836,0.0772044253,1
7094,1.0,0.028771426949999998,3.0,-0.2421722267,-0.18754455460000002,0.08682339725,1
7095,1.0,0.0319549243,3.0,-0.19745210105,-0.18287049090000002,0.0974435256,1
7096,0.0,0.0280493928,3.0,-0.2940952022,-0.24863075480000002,0.09082285335000001,0
7097,0.0,0.041630622049999996,3.0,-0.26914157595,-0.23712443165,0.0787778791,0
7098,0.0,0.02825735775,1.0,-0.3051165793,-0.29082077645000004,0.0952031191,0
7099,1.0,0.0563986137,5.0,-0.20120099005,-0.1814976124,0.06957579445,1
7100,1.0,0.0371643096,3.0,-0.2029802129,-0.16291232830000002,0.09706363535,1
7101,0.0,0.036247713900000006,2.0,-0.1999175951,-0.15439985185,0.09505115085,1
7102,2.0,0.04931757775,4.0,-0.2139502815,-0.20085937785,0.08078762920000002,1
7103,2.0,0.05298434235,4.0,-0.2124144731,-0.18442270805,0.08110722834999999,1
7104,1.0,0.0473478575,5.0,-0.2367959859,-0.1953329121,0.0808196795,1
7105,0.0,0.050201339299999995,3.0,-0.31858368454999997,-0.29141689439999996,0.059123675099999995,0
7106,1.0,0.0654461888,5.0,-0.26933472849999995,-0.18078041995,0.06351351689999998,1
7107,0.0,0.033927592549999996,4.0,-0.2902636412,-0.24235190715,0.09252474945,0
7108,1.0,0.0271680448,5.0,-0.19586103485,-0.15372437935,0.10949147355,1
7109,0.0,0.0528050089,4.0,-0.27633615455000005,-0.22137430765,0.061730647599999994,0
7110,2.0,0.0615407813,4.0,-0.21192505914999998,-0.0760768382,0.07740261999999999,1
7111,0.0,0.03863156875,1.0,-0.29510408,-0.23809611605,0.08132012475,0
7112,1.0,0.0489960219,3.0,-0.18346032155,-0.1242775733,0.08270525025,1
7113,2.0,0.05114703105,4.0,-0.235333909,-0.10637891995,0.0857637515,1
7114,2.0,0.059796426099999994,1.0,-0.21285594079999998,-0.13068528765,0.077457468,1
7115,0.0,0.03522991055,3.0,-0.2936920155,-0.27877893480000004,0.07924209945,0
7116,0.0,0.03962153325,4.0,-0.29548307245,-0.29009691545,0.0793300554,0
7117,0.0,0.0489156078,1.0,-0.2746863384,-0.25725553084999997,0.0670301251,0
7118,0.0,0.02273207415,2.0,-0.2022014059,-0.1526511855,0.1093396695,1
7119,1.0,0.03879574895,3.0,-0.2203428399,-0.1536292388,0.0960152002,1
7120,2.0,0.062501592,5.0,-0.2541366338,-0.0953048652,0.07718467279999999,1
7121,1.0,0.050262797299999995,3.0,-0.21347341065,-0.14292730955,0.08943315345,1
7122,2.0,0.03287283135,4.0,-0.22922969975,-0.18900603955,0.1126361751,1
7123,2.0,0.03195506965,4.0,-0.23994892899999998,-0.20575264910000002,0.11211493715,1
7124,1.0,0.022067431300000002,3.0,-0.2146949665,-0.13974448545,0.09975595274999999,1
7125,2.0,0.03897842905,4.0,-0.1782708254,-0.1748080341,0.09396264234999999,1
7126,0.0,0.0088667004,4.0,-0.22912277450000001,-0.1549678266,0.13657182834999998,1
7127,1.0,0.0239955931,3.0,-0.22081931815,-0.14612246455,0.11011050195,1
7128,0.0,0.04398085725,1.0,-0.29072055245,-0.24050728524999998,0.0777251087,0
7129,2.0,0.05985647915,4.0,-0.1856854243,-0.1708342105,0.07536623879999998,1
7130,0.0,0.0448982542,1.0,-0.26925469535,-0.2393292669,0.0760741211,0
7131,0.0,0.0250852983,2.0,-0.23542320035,-0.1536366351,0.11331068655000001,1
7132,0.0,0.04861773725,1.0,-0.30305898075000004,-0.2343934367,0.0671372391,0
7133,1.0,0.041929111,5.0,-0.21434558705,-0.1876973391,0.09010593765000001,1
7134,0.0,0.01468840615,2.0,-0.2054419065,-0.17625313175,0.12469230765,1
7135,1.0,0.0456554941,3.0,-0.20535423005,-0.1761363775,0.07964275625,1
7136,0.0,0.0365712735,4.0,-0.32162907495000004,-0.2572530115,0.08215378015,0
7137,0.0,0.036897932349999996,1.0,-0.19246964625000001,-0.16655075195000002,0.09957420225,1
7138,0.0,0.040989997550000004,3.0,-0.3174750338,-0.2964280191,0.0706064286,1
7139,1.0,0.056182384550000006,3.0,-0.1924552299,-0.12659619095,0.08796554474999999,1
7140,0.0,0.0391065699,4.0,-0.3290623089,-0.22563096924999998,0.08705355405000001,0
7141,2.0,0.0648667667,6.0,-0.17846344484999999,-0.119433107,0.06657348755,1
7142,2.0,0.04121736185,2.0,-0.17938773075,-0.1450502851,0.0783803982,1
7143,2.0,0.0556967066,4.0,-0.20492952585000002,-0.18910986289999998,0.07870741610000001,1
7144,1.0,0.05429020415,3.0,-0.19541139235,-0.17962316865,0.06838555595000001,1
7145,0.0,0.0172732772,2.0,-0.20580879365,-0.1486134823,0.1112134517,1
7146,0.0,0.02388761935,2.0,-0.20992581185,-0.1513920259,0.10355010885,1
7147,0.0,0.03311297,5.0,-0.2807930501,-0.26594979885000003,0.0912750566,0
7148,2.0,0.0677468457,6.0,-0.19509883565,-0.1369924148,0.06787502080000002,1
7149,2.0,0.0737562347,2.0,-0.16722450020000001,-0.10558566920000001,0.06803735075,1
7150,0.0,-0.025763469900000002,1.0,-0.1873894928,-0.1803005453,0.1641887896,0
7151,0.0,-0.0319652905,1.0,-0.1934088323,-0.17734247144999998,0.1702593304,0
7152,1.0,0.0426676322,3.0,-0.21881866160000002,-0.16439890485,0.08433286044999999,1
7153,1.0,0.037048498400000004,3.0,-0.2444414312,-0.1802400671,0.08903710155,1
7154,2.0,0.059804593700000006,2.0,-0.23007411755,-0.078743034,0.07559503995,1
7155,1.0,0.0596559574,3.0,-0.21327605595,-0.1539809131,0.07697729824999999,1
7156,0.0,0.0468041858,1.0,-0.29077145410000005,-0.23174626775,0.06619365865,0
7157,0.0,0.0252841132,1.0,-0.3287762489,-0.27539653104999995,0.09550547115,0
7158,1.0,0.050212581549999996,3.0,-0.30443145005,-0.2892690498,0.05862082865,0
7159,2.0,0.047232303850000004,4.0,-0.1832735625,-0.13368846169999998,0.09102404220000002,1
7160,1.0,0.050971785699999994,4.0,-0.28912066785,-0.26984525454999997,0.0638481897,0
7161,2.0,0.05959012605,6.0,-0.22016123745,-0.0920653122,0.08039425735,1
7162,0.0,0.043415998750000004,4.0,-0.32615148185,-0.28927340255,0.06871637275,1
7163,0.0,0.030357713,1.0,-0.20949647999999998,-0.18235278845000003,0.0949374,1
7164,0.0,0.046122227,2.0,-0.28669920810000005,-0.2435159816,0.0706118945,0
7165,1.0,0.035267513099999995,3.0,-0.18999118885,-0.16128225355,0.094470798,1
7166,0.0,0.03636448835,3.0,-0.26779110105000004,-0.2607367695,0.0794758827,0
7167,0.0,0.04974538,1.0,-0.2793459774,-0.21663977834999998,0.0619896301,0
7168,0.0,0.00963808985,4.0,-0.2299735887,-0.17224694229999998,0.12462225974999999,1
7169,1.0,0.04220088465,3.0,-0.2028396051,-0.178028185,0.08815135295000001,1
7170,0.0,0.02536860275,3.0,-0.36950552245,-0.30183245205,0.09693917965,0
7171,0.0,0.0119993582,2.0,-0.20832571825,-0.16071352945,0.125264827,1
7172,0.0,0.02532778215,2.0,-0.19954110390000002,-0.14894977375,0.1091183605,1
7173,2.0,0.048695519300000004,4.0,-0.17528382295,-0.1185010739,0.08160540420000001,1
7174,0.0,0.0277573675,3.0,-0.3123685425,-0.30221204305000005,0.0958089194,0
7175,1.0,0.043763915400000006,3.0,-0.18276311095,-0.1734810614,0.0944681902,1
7176,0.0,0.02453137385,3.0,-0.34265638765,-0.29076223805,0.10450254414999999,0
7177,2.0,0.06517181080000001,4.0,-0.1986231634,-0.1585099747,0.06642023885000001,1
7178,0.0,0.015082419350000001,2.0,-0.21615338475,-0.14751998965000002,0.1101855185,1
7179,0.0,0.0413517865,3.0,-0.3093715976,-0.2749584991,0.07797864865,1
7180,2.0,0.0636964024,4.0,-0.21950441765,-0.17853827265,0.07610826444999999,1
7181,0.0,-0.0062194113,2.0,-0.22474955805,-0.1666361238,0.13262304,0
7182,0.0,0.04484971795,2.0,-0.149635038,-0.12986371305,0.0770228122,1
7183,0.0,0.0391585232,3.0,-0.30726031600000003,-0.2854825138,0.08328996529999999,0
7184,0.0,0.041913280649999995,2.0,-0.1519299124,-0.12743435855000002,0.0862833585,1
7185,0.0,0.0406011994,2.0,-0.26658277215000004,-0.249101029,0.0728629405,0
7186,0.0,0.041359962400000005,3.0,-0.2670576379,-0.2475697419,0.07367678035,1
7187,0.0,0.0401214057,2.0,-0.2871871581,-0.2789508276,0.08306570534999999,0
7188,2.0,0.05794715985,4.0,-0.22838974485,-0.2111975293,0.06868578225,1
7189,1.0,0.052877894,5.0,-0.27604999134999997,-0.2549160898,0.053826506149999995,0
7190,0.0,0.02532987515,1.0,-0.2248852687,-0.19566120425,0.1097251944,1
7191,2.0,0.057015698049999994,2.0,-0.2292588194,-0.20719257655,0.0708850636,1
7192,1.0,0.0367012427,3.0,-0.22752347995,-0.20813132385,0.10174100579999999,1
7193,2.0,0.047340871,4.0,-0.1746521325,-0.1314722756,0.08531726305000001,1
7194,0.0,0.045579874349999994,3.0,-0.27439581739999996,-0.2501932146,0.07292098870000001,0
7195,0.0,0.036625699149999996,3.0,-0.27158818475,-0.26423963635000003,0.08463864415000001,0
7196,2.0,0.05276192065,4.0,-0.23148093355,-0.1798849024,0.06807360485,1
7197,1.0,0.054565239749999994,3.0,-0.22698053105,-0.20352659965,0.07467430965000002,1
7198,2.0,0.0436556511,4.0,-0.2286371372,-0.20121541715000002,0.09221589325,1
7199,0.0,0.02104058925,1.0,-0.2158345639,-0.09324029989999999,0.12123486850000001,0
7200,2.0,0.05501976125,2.0,-0.2521842139,-0.22415423305,0.07086891565,1
7201,1.0,0.04837924675,3.0,-0.23967872735,-0.18609246364999998,0.08640113685,1
7202,0.0,0.0469468093,1.0,-0.26351537845,-0.24097260335,0.07330533989999999,0
7203,1.0,0.0387869726,3.0,-0.24718677625000002,-0.1804795854,0.08889956964999998,1
7204,0.0,0.0313457007,2.0,-0.20734922215,-0.15326277715,0.10472198125,1
7205,2.0,0.0540537943,2.0,-0.24681430495,-0.2174998593,0.06505491525000001,1
7206,0.0,0.03665223855,2.0,-0.28237847465,-0.25313015954999996,0.08490956124999999,0
7207,1.0,0.056894745999999996,3.0,-0.19617232405,-0.158291351,0.0767297457,1
7208,0.0,0.061656610550000004,4.0,-0.23461508755,-0.2076794612,0.06652859189999999,0
7209,0.0,0.04417836805,3.0,-0.2797263573,-0.2653328341,0.07621429114999999,0
7210,0.0,0.04182921825,1.0,-0.30601107215,-0.26712376675,0.0728099869,1
7211,1.0,0.0543290015,3.0,-0.2485562247,-0.21986666295,0.0688741248,1
7212,0.0,0.042098202550000005,3.0,-0.30564395045000003,-0.2894928837,0.07986961705,0
7213,0.0,0.04154726415,2.0,-0.19019928405,-0.14054956685,0.09611474675,1
7214,0.0,0.040875891250000004,3.0,-0.27117775785,-0.2449667733,0.0771489211,0
7215,1.0,0.06355505924999999,3.0,-0.18774923575,-0.1219853207,0.06725351425000001,1
7216,0.0,0.036749844899999995,4.0,-0.27342249425,-0.2500978498,0.08381118325,0
7217,0.0,0.050071073650000006,1.0,-0.2863072378,-0.2581484434,0.0612472288,0
7218,0.0,0.0370057448,3.0,-0.29880899445,-0.2210734668,0.08129091775,0
7219,2.0,0.055230610900000005,4.0,-0.2149952292,-0.13002040920000002,0.08422354574999999,1
7220,1.0,0.0421973497,5.0,-0.20328114375,-0.17251616275,0.086747189,1
7221,0.0,0.039842126150000004,3.0,-0.2854249197,-0.23942399945,0.07287996990000001,0
7222,0.0,0.06026930950000001,3.0,-0.2402296854,-0.21502669014999998,0.06974762144999999,0
7223,0.0,0.04373045015,2.0,-0.3220992808,-0.23698662585,0.06815265649999999,0
7224,1.0,0.0491073851,3.0,-0.22024147455,-0.09347646379999999,0.08985425200000001,1
7225,0.0,0.0422348648,1.0,-0.3061225811,-0.2502292813,0.07310141345,0
7226,0.0,0.022392681249999997,2.0,-0.20925250620000002,-0.15678816065,0.09831164120000001,1
7227,0.0,0.0221754918,2.0,-0.21081886265,-0.16702663005,0.09770858385,1
7228,0.0,0.0332500474,3.0,-0.27021528625,-0.25318408405000004,0.08324465395,0
7229,1.0,0.052393168350000005,3.0,-0.1925338507,-0.17450353675000002,0.07671055674999999,1
7230,1.0,0.0522481824,3.0,-0.21365194345,-0.1988610512,0.08141132720000001,1
7231,0.0,0.044338956,1.0,-0.31297069315,-0.3000527797,0.0656270389,1
7232,0.0,0.04848952955,2.0,-0.3018707193,-0.2443671635,0.06733611645,0
7233,0.0,0.0261101969,2.0,-0.23386803325,-0.17917398785,0.1093608512,1
7234,2.0,0.06474678945000001,3.0,-0.1951474736,-0.15376314279999997,0.06349362064999999,1
7235,1.0,0.0640647251,5.0,-0.188516142,-0.14344398405,0.07062778050000001,1
7236,1.0,0.05122830125,5.0,-0.18025815335,-0.17070169325,0.08712095495,1
7237,2.0,0.0614059198,4.0,-0.22097481285,-0.09570398775,0.0742423174,1
7238,1.0,0.0612608603,3.0,-0.1798140098,-0.13474710645,0.07651724045,1
7239,0.0,0.04423615635,3.0,-0.3203756783,-0.22376507810000001,0.070961056,0
7240,2.0,0.061382522800000006,4.0,-0.22146999295000003,-0.1253563565,0.0810689145,1
7241,0.0,0.029585781999999998,3.0,-0.31180229054999997,-0.27506579905,0.09248761450000001,0
7242,1.0,0.0352182375,5.0,-0.21844028765,-0.17576274195,0.10136808154999999,1
7243,1.0,0.03347955455,3.0,-0.21496098805,-0.1430036729,0.10670591324999999,1
7244,1.0,0.030398042,3.0,-0.22710220739999998,-0.1843813454,0.11568896129999999,1
7245,1.0,0.04816583275,5.0,-0.18655858525,-0.16606143045,0.08385924930000001,1
7246,1.0,0.04858827395,3.0,-0.18836155965,-0.1831067105,0.08863199240000001,1
7247,2.0,0.0633962426,4.0,-0.2424571002,-0.18059889019999997,0.0778889609,0
7248,1.0,0.053588965749999995,3.0,-0.22431793755,-0.10152206205,0.08181877875,1
7249,1.0,0.046105196,3.0,-0.2213250054,-0.09849283710000001,0.09183313715,1
7250,1.0,0.0588165241,3.0,-0.23056937895000001,-0.12387203275,0.0768637787,1
7251,0.0,0.04100153105,1.0,-0.31260912500000004,-0.30008562800000005,0.08046833545000001,0
7252,0.0,0.0365098873,4.0,-0.27690548319999997,-0.2693137338,0.08178589559999999,0
7253,0.0,0.0371088738,3.0,-0.32146334475,-0.29205785965,0.08822758619999999,0
7254,2.0,0.05126266385,4.0,-0.2171007114,-0.1825706078,0.0813646067,1
7255,0.0,0.029012144150000002,1.0,-0.19154803455,-0.15358377295,0.0982741178,1
7256,2.0,0.06578713655,2.0,-0.2122975312,-0.17066079115,0.07551727155,1
7257,1.0,0.058696429,3.0,-0.22272412345,-0.17868960620000002,0.0831415557,1
7258,2.0,0.06453515265000001,3.0,-0.21455003685000001,-0.09170822595,0.0622345173,1
7259,2.0,0.0629423331,2.0,-0.21827545464999998,-0.20170359835,0.0681245354,1
7260,1.0,0.04467482585,3.0,-0.1903505431,-0.15971198609999998,0.09097822905,1
7261,1.0,0.0504851355,1.0,-0.321249264,-0.30209892205,0.057742290599999996,0
7262,0.0,0.01556019125,2.0,-0.1876035667,-0.16916409495,0.1253772422,1
7263,0.0,0.009559206399999999,4.0,-0.19615874490000001,-0.1785644133,0.13151717695,1
7264,0.0,0.01591301415,2.0,-0.20881405585,-0.1706322505,0.12314685719999999,1
7265,1.0,0.01729692275,3.0,-0.2128691519,-0.17299707245,0.12178971844999999,1
7266,1.0,0.0332126163,3.0,-0.19049598375,-0.1530370656,0.09344075935000001,1
7267,0.0,0.045880134350000004,3.0,-0.32328901374999996,-0.31916825019999995,0.0698697112,0
7268,0.0,0.03738296445,3.0,-0.31958303955,-0.3087389404,0.08450714975000001,0
7269,1.0,0.0289035041,3.0,-0.2066905558,-0.16569426355,0.10213326005,1
7270,1.0,0.050623238550000005,3.0,-0.21181322055000001,-0.1696578767,0.07662671374999999,1
7271,1.0,0.0445607031,3.0,-0.23531195005,-0.20971914965,0.0797574499,1
7272,0.0,0.04114317525,3.0,-0.28094054290000003,-0.27184210435,0.06915280374999999,0
7273,2.0,0.0556208277,4.0,-0.20119606625,-0.18403495775,0.0834268002,1
7274,0.0,0.037646003250000004,1.0,-0.30500203635,-0.27707541955000003,0.0707766037,0
7275,1.0,0.038622941349999995,3.0,-0.23616620770000002,-0.21215123005,0.095080433,1
7276,0.0,-0.0615200652,1.0,-0.21595055045,-0.1614791021,0.19319487415,0
7277,1.0,0.021092810349999998,3.0,-0.1953088314,-0.16061852275,0.11963834029999999,1
7278,0.0,0.018719374849999998,2.0,-0.1887475543,-0.14568769175000001,0.1139146,1
7279,0.0,0.017622553649999997,2.0,-0.21423269725,-0.1491379002,0.12359591419999999,1
7280,0.0,-0.07853351115000001,1.0,-0.2527402702,-0.21247591995,0.20043529355,0
7281,0.0,0.02611187575,2.0,-0.19970197935,-0.15860088914999998,0.1085321544,1
7282,0.0,-0.022597610900000002,3.0,-0.19482568025000002,-0.1804651523,0.1533586182,0
7283,0.0,0.0367862646,3.0,-0.28887994335,-0.2617248666,0.0825746494,0
7284,2.0,0.06267598085000001,2.0,-0.23662363895,-0.1258624726,0.0652204257,1
7285,1.0,0.0497412265,5.0,-0.2365686887,-0.12766428555,0.08203865045,1
7286,0.0,-0.020737557150000002,2.0,-0.19418288815,-0.17807664025,0.15238367889999999,0
7287,0.0,-0.028369498649999998,1.0,-0.19828366684999998,-0.1767401188,0.15580554000000002,0
7288,0.0,-0.0459039377,1.0,-0.22921144459999998,-0.20291176090000002,0.1637415126,0
7289,2.0,0.050193286350000005,6.0,-0.16791084280000002,-0.11012593175,0.08249807545,1
7290,0.0,0.041626578250000004,2.0,-0.28941958075,-0.28033505525,0.07524502875,0
7291,2.0,0.06275026615,4.0,-0.19510969849999998,-0.09957696175,0.06702568995,1
7292,0.0,0.03128716985,2.0,-0.2977316205,-0.2844269982,0.0832024943,0
7293,0.0,-0.04147698375,1.0,-0.21186237284999998,-0.1661927459,0.1765633782,0
7294,1.0,0.05254240705,3.0,-0.25093903065,-0.1296102067,0.09160303754999999,1
7295,0.0,0.0145271715,2.0,-0.205784358,-0.15392778964999998,0.1137923931,1
7296,0.0,0.01789196485,2.0,-0.202894662,-0.1486148127,0.1064187946,1
7297,0.0,-0.0705944073,1.0,-0.23543944965,-0.1837900869,0.19216614835,0
7298,1.0,0.0463637629,5.0,-0.1856901452,-0.12886349305,0.09540185409999999,1
7299,1.0,0.04703289335,3.0,-0.2904996901,-0.2449033188,0.06821964529999999,1
7300,0.0,0.04182881825,3.0,-0.26904629695000004,-0.24595826134999998,0.06520192250000001,0
7301,0.0,-0.0147097495,3.0,-0.18826787605,-0.17837542844999998,0.1428601785,0
7302,1.0,0.05267537195,3.0,-0.2047920175,-0.17726065835,0.08372842375,1
7303,0.0,-0.0409736265,1.0,-0.21549516545,-0.20822065095,0.15813515685,0
7304,2.0,0.05503536725,4.0,-0.22791202645,-0.1862857545,0.0748407487,1
7305,2.0,0.0554667649,4.0,-0.18223027705,-0.1681057803,0.085726154,1
7306,2.0,0.066626826,4.0,-0.18798187375,-0.1476241962,0.07071183865,1
7307,0.0,0.0225317394,4.0,-0.18869121309999998,-0.14591119865000002,0.1170198964,1
7308,0.0,0.0381154805,4.0,-0.30214426845,-0.26579564575000003,0.0819280424,0
7309,1.0,0.037065855349999996,3.0,-0.24685132579999997,-0.2234627944,0.10057070840000001,1
7310,0.0,-0.01499781465,3.0,-0.24182326505,-0.20589772574999998,0.15253577564999998,0
7311,0.0,-0.015052682250000001,3.0,-0.1802283871,-0.16669305925,0.12539260035,0
7312,0.0,0.0196880313,2.0,-0.19715499005,-0.1811871856,0.0978869835,0
7313,0.0,-0.002282613,1.0,-0.19387820700000002,-0.1803369533,0.11862952789999999,0
7314,1.0,0.06242707460000001,1.0,-0.22235240315,-0.18695117925,0.0701032235,1
7315,0.0,-0.05359316935,1.0,-0.2280075539,-0.19470434105,0.16907910185,0
7316,1.0,0.04695027785,3.0,-0.2186881043,-0.1018012099,0.08267065615000001,1
7317,2.0,0.0566590747,4.0,-0.18310626084999998,-0.11741398045000001,0.0799824978,1
7318,2.0,0.0652192406,2.0,-0.20939263060000002,-0.1146357485,0.06755021645,1
7319,1.0,0.0474967558,3.0,-0.2083927446,-0.16270231564999998,0.09444732914999998,1
7320,2.0,0.051135646,4.0,-0.1753223917,-0.11805900059999999,0.0814136922,1
7321,1.0,0.045047333849999996,3.0,-0.19042760115000001,-0.13655633625000002,0.09320923685,1
7322,0.0,-0.0620255443,2.0,-0.24250713155,-0.2171792599,0.1803680277,0
7323,0.0,0.03863398005,4.0,-0.2783006699,-0.2683435553,0.07728390555,0
7324,2.0,0.045384152100000005,4.0,-0.2316593367,-0.09150362165,0.09516793779999999,1
7325,2.0,0.0590893805,4.0,-0.23054667150000002,-0.20324330624999998,0.0847637807,1
7326,0.0,0.036642572,2.0,-0.29968977525,-0.26126695695,0.08186083595,0
7327,2.0,0.0677635171,2.0,-0.2446469974,-0.1507120351,0.06626924075,1
7328,1.0,0.0555267394,3.0,-0.2325104019,-0.19641162745000001,0.07331336969999999,1
7329,2.0,0.0537825554,4.0,-0.19888874905,-0.16333356835,0.08308624640000001,1
7330,1.0,0.0395209444,5.0,-0.2219200268,-0.18882200685,0.09713966639999999,1
7331,1.0,0.05361814685,3.0,-0.240838063,-0.2013946337,0.08143074315,1
7332,0.0,0.0230460504,2.0,-0.22648170825,-0.14967149555,0.11139701260000001,1
7333,0.0,0.0228659435,1.0,-0.21771871110000002,-0.205284321,0.1146787543,0
7334,2.0,0.0493635628,6.0,-0.2484403068,-0.07264847615,0.09580395385000001,1
7335,0.0,0.04277869345,4.0,-0.2228309167,-0.13645137400000001,0.0932505364,1
7336,2.0,0.0499911827,4.0,-0.2051289109,-0.1075851326,0.08400422134999999,1
7337,0.0,0.03019264855,3.0,-0.34527007035,-0.2605946618,0.0921913606,1
7338,0.0,0.02775060585,1.0,-0.1618943255,-0.11747925015,0.09713938985000001,1
7339,0.0,0.0549625738,3.0,-0.26142978829999997,-0.25468628245,0.0576060267,0
7340,1.0,0.0445888668,3.0,-0.192469643,-0.11485725515,0.08405151450000001,1
7341,0.0,0.02882840575,2.0,-0.1979421047,-0.13732950825,0.10342751409999999,1
7342,2.0,0.05590467535,6.0,-0.2508939832,-0.11331346889999999,0.08423932825,1
7343,0.0,0.0030085521499999997,1.0,-0.2041505708,-0.1652909233,0.1300681397,0
7344,2.0,0.05339228735,2.0,-0.17695343219999998,-0.1075121608,0.09567375935,1
7345,2.0,0.058779412249999996,2.0,-0.1900937312,-0.11469303005,0.08749377565,1
7346,0.0,0.04081149335,1.0,-0.3082393853,-0.24693766855,0.070896106,0
7347,1.0,0.033876939450000004,3.0,-0.20758810135,-0.1532241101,0.10785032354999999,1
7348,0.0,0.04217398095,1.0,-0.31109334055,-0.27888735075,0.0735554695,0
7349,0.0,-0.01028751155,3.0,-0.28863590195,-0.2311372446,0.13332972059999998,0
7350,1.0,0.03492951815,3.0,-0.20334271240000001,-0.14420567605,0.10244219035,1
7351,2.0,0.0648179236,4.0,-0.1950610127,-0.1563706134,0.06893513675,1
7352,1.0,0.057246142449999995,3.0,-0.2591734673,-0.1626479085,0.079024713,1
7353,0.0,0.0250422204,3.0,-0.32645317085,-0.27583509945,0.09442462295,0
7354,1.0,0.0447000181,3.0,-0.21555619125,-0.16623732985,0.08187989944999999,1
7355,1.0,0.057929604800000006,5.0,-0.20157917815,-0.1120360581,0.08540230944999999,1
7356,1.0,0.0487082192,5.0,-0.21073148425,-0.12558178695,0.09403722005000001,1
7357,0.0,0.02501075325,3.0,-0.20129935765,-0.1396581987,0.0848343724,0
7358,0.0,0.0363375735,3.0,-0.32641741204999997,-0.25557803614999997,0.07519571465,0
7359,2.0,0.05209449155,4.0,-0.190274472,-0.1300860425,0.08235320005,1
7360,2.0,0.07016354775,4.0,-0.19206836395,-0.1530362401,0.06374963004999999,1
7361,2.0,0.06469585575,4.0,-0.2145017531,-0.1601832936,0.06976316865,1
7362,0.0,0.0029156700499999998,1.0,-0.2199463858,-0.1519449047,0.10947250705,0
7363,0.0,0.0316136968,2.0,-0.2124129521,-0.08981515370000001,0.10535863910000001,1
7364,1.0,0.0439600318,3.0,-0.2099830259,-0.08673506855,0.0886084446,1
7365,0.0,0.039414406250000006,2.0,-0.21033721885,-0.09105491215,0.0939303995,1
7366,0.0,0.0326764261,2.0,-0.19414404945,-0.1821632401,0.0929056843,1
7367,0.0,-0.0161998788,1.0,-0.2192434811,-0.20565743135,0.09665151925000001,0
7368,1.0,0.0616627944,3.0,-0.24941101445,-0.1848947213,0.06959448230000001,1
7369,2.0,0.05754739155,4.0,-0.20917569055000002,-0.19311837165,0.08776678754999999,1
7370,0.0,0.04953527185,3.0,-0.2887453883,-0.26980888994999996,0.06489860795,0
7371,1.0,0.0437066864,3.0,-0.20711997464999998,-0.14215227975,0.07972227095,1
7372,1.0,0.0646544008,5.0,-0.23173788605,-0.1155030392,0.07810143095,1
7373,0.0,0.02338491815,3.0,-0.19367658235000001,-0.1537129723,0.12178820525,0
7374,2.0,0.0539105518,4.0,-0.19699624885,-0.15644438044999998,0.07246434239999999,1
7375,2.0,0.0572186348,2.0,-0.24466270935,-0.11152763815,0.08146578334999999,1
7376,1.0,0.0512074982,1.0,-0.2353328767,-0.12328977890000001,0.09278721945000001,1
7377,1.0,0.0334227455,3.0,-0.2072845622,-0.1643063115,0.0987678863,1
7378,1.0,0.0387986506,3.0,-0.2084363574,-0.16664587835,0.09617524765,1
7379,1.0,0.04085220505,3.0,-0.19080341515,-0.1548864915,0.09401853165,1
7380,2.0,0.05359502265,4.0,-0.16531768975,-0.1254433359,0.0731831301,1
7381,2.0,0.058932408549999996,4.0,-0.17060134854999998,-0.08527832465,0.06682176525,1
7382,0.0,0.0170750775,2.0,-0.19762449775000002,-0.14075989584999998,0.11154252615,0
7383,1.0,0.0466821035,5.0,-0.1765208475,-0.09286893245,0.09017892285000001,1
7384,0.0,0.04571427285,3.0,-0.27185572724999996,-0.2607904054,0.06891611789999999,0
7385,1.0,0.04027366815,3.0,-0.23439131175,-0.1823668847,0.09796642675,1
7386,1.0,0.04437440345,3.0,-0.21748432410000001,-0.17742201670000002,0.09372971574999998,1
7387,1.0,0.02772062425,3.0,-0.2300572272,-0.1598968935,0.10899539855,1
7388,1.0,0.023669344350000003,3.0,-0.23176253195000002,-0.1640442863,0.1117269098,1
7389,0.0,0.0258097162,1.0,-0.30895349790000004,-0.29466680665,0.0988046823,0
7390,2.0,0.056612343249999995,6.0,-0.19792119349999998,-0.15577080515000002,0.07660707035,1
7391,1.0,0.05694611205,3.0,-0.1962189621,-0.14614590595,0.0751783777,1
7392,0.0,0.0241682408,3.0,-0.34410622265,-0.3094251014,0.10282093525,0
7393,1.0,0.054985922199999995,3.0,-0.20608902639999999,-0.1861403688,0.08321079179999999,1
7394,0.0,0.0463749183,3.0,-0.29266807684999996,-0.23653821415,0.07301230680000001,0
7395,1.0,0.0189485316,3.0,-0.248796345,-0.1900722094,0.122459059,1
7396,1.0,0.047459906149999995,3.0,-0.21220299645000001,-0.2038866821,0.09063805995,1
7397,1.0,0.0487708939,5.0,-0.28078906725,-0.2290878648,0.0608016814,0
7398,0.0,0.031284421199999995,3.0,-0.285841269,-0.2390397091,0.0887559736,0
7399,0.0,0.013712706049999999,4.0,-0.19176275215,-0.14656380005000003,0.12108672120000001,1
7400,1.0,0.03054447325,3.0,-0.25454254080000005,-0.17523963245000002,0.10676493125,1
7401,1.0,0.04321432215,3.0,-0.22703980545,-0.19354181185,0.0891935874,1
7402,0.0,0.02986538105,4.0,-0.34328725405,-0.25999183555,0.09702628945000001,0
7403,0.0,0.023288518850000002,4.0,-0.36213204375,-0.28564740695,0.1113901231,0
7404,0.0,0.03874373785,1.0,-0.30382243305,-0.2717071121,0.0783545032,0
7405,0.0,0.0429828748,3.0,-0.28010373904999997,-0.259080421,0.07694891265,0
7406,2.0,0.026085600049999998,4.0,-0.19168024885,-0.17866248455,0.0902819166,1
7407,2.0,0.0326515291,4.0,-0.190757333,-0.13670330320000001,0.09333623795000001,1
7408,0.0,0.01243039305,1.0,-0.2404528036,-0.1859337386,0.12177300764999999,0
7409,0.0,0.029187213,3.0,-0.2364685687,-0.2051349396,0.10566928865,0
7410,0.0,0.03105267775,2.0,-0.31864328705,-0.23969070505,0.08976038535,0
7411,2.0,0.04464953115,4.0,-0.19278762295000001,-0.1817237102,0.090799195,1
7412,0.0,0.016985272750000002,2.0,-0.20312219660000003,-0.13696217265,0.1176568405,1
7413,2.0,0.03624750485,4.0,-0.20721301535,-0.1864645011,0.10445866445,1
7414,0.0,0.014753635800000001,2.0,-0.21488024445,-0.14106570905,0.12397974349999999,1
7415,0.0,0.033410685100000004,1.0,-0.2943937719,-0.27578639935,0.08642762805,0
7416,0.0,0.019014782,4.0,-0.21551779194999998,-0.13243610249999999,0.1250318769,0
7417,0.0,0.038844128049999996,1.0,-0.2924692672,-0.2352132786,0.07889930035,0
7418,0.0,0.0354770877,2.0,-0.2761351447,-0.25088489075,0.08362749894999999,0
7419,0.0,0.0129238113,4.0,-0.2224683355,-0.1525730154,0.114620219,1
7420,1.0,0.0494803735,3.0,-0.2504508038,-0.2360807313,0.07361393409999999,1
7421,1.0,0.0405378232,3.0,-0.25462182575,-0.23657455485,0.09187554685,1
7422,1.0,0.05623429565,3.0,-0.2079035549,-0.19038452505,0.08360356479999999,1
7423,0.0,0.03464090065,2.0,-0.28828130655,-0.26992420695,0.07665563175000001,0
7424,1.0,0.0516234743,3.0,-0.21456383429999998,-0.14146998165,0.07566719405,1
7425,1.0,0.05750115415,3.0,-0.19451556415,-0.18173511375,0.072093653,1
7426,0.0,0.03682207155,2.0,-0.3078226805,-0.29804334185000003,0.0866527601,0
7427,1.0,0.04412145445,3.0,-0.21954131500000001,-0.18373175660000002,0.08922721395000001,1
7428,0.0,0.0402553408,3.0,-0.2996505816,-0.28561546530000004,0.07313107905,0
7429,0.0,-0.0063331316,4.0,-0.2133840935,-0.1768850328,0.1481470531,0
7430,1.0,0.019997251,3.0,-0.22028367575,-0.17431720795,0.11678391145,1
7431,0.0,0.00780733045,2.0,-0.2158120599,-0.175217444,0.13309762814999998,1
7432,1.0,0.062363991699999996,3.0,-0.24799341495,-0.19784895015,0.0582531568,1
7433,0.0,0.0343697049,2.0,-0.28246483335,-0.27673717345000004,0.08977750179999999,0
7434,0.0,0.0037600138,1.0,-0.20108551895,-0.1750245691,0.13955393565000002,0
7435,1.0,0.04700922065,3.0,-0.1899684142,-0.09813774375,0.08862953055,1
7436,0.0,0.03778045535,5.0,-0.2897166772,-0.23333331615,0.08845407070000001,0
7437,2.0,0.0539655116,4.0,-0.15786268195,-0.11004743025,0.0764396972,1
7438,0.0,0.0355717583,1.0,-0.1803655918,-0.14563949985,0.09599566840000001,1
7439,1.0,0.05833818475,3.0,-0.19536610605,-0.17091663629999998,0.07192443024999999,1
7440,1.0,0.0466195158,3.0,-0.1949066796,-0.16376139565,0.08484556404999999,1
7441,1.0,0.0439768452,3.0,-0.21844176925,-0.1876190232,0.08207298034999999,1
7442,0.0,0.03982734365,3.0,-0.30336138285,-0.2897021954,0.08599381944999998,0
7443,2.0,0.054129609100000003,4.0,-0.18226065715,-0.1223724778,0.07999013284999999,1
7444,0.0,0.03557988135,2.0,-0.30169394235,-0.27882145795,0.08194412949999999,0
7445,0.0,0.0402611652,1.0,-0.3090568559,-0.29847598345000004,0.0687165283,1
7446,0.0,0.0247236579,2.0,-0.21331240865,-0.1698585286,0.09526065605,1
7447,1.0,0.03061164415,3.0,-0.2209534709,-0.1730291074,0.09590462115000001,1
7448,1.0,0.0453644698,3.0,-0.20918711364999998,-0.1638094632,0.0734325046,1
7449,1.0,0.04153558815,3.0,-0.241252268,-0.2061280025,0.0798954601,1
7450,0.0,0.032791096650000004,3.0,-0.31661529285,-0.28278092345,0.08614304775,0
7451,1.0,0.0609164331,3.0,-0.24417855195,-0.1912010522,0.0681135777,1
7452,0.0,0.045002351450000005,3.0,-0.2711821471,-0.2481700459,0.07419727065000001,0
7453,0.0,0.0142811442,1.0,-0.22262306025,-0.1449210977,0.1254269356,0
7454,0.0,-0.02848327475,5.0,-0.23610683100000002,-0.14362659955,0.16215744515,0
7455,0.0,0.0266516075,2.0,-0.21792987615,-0.15752871985,0.09929275405,1
7456,1.0,0.0461560317,1.0,-0.2955680894,-0.28407901485,0.06742478235,1
7457,1.0,0.0541045314,3.0,-0.21180654585,-0.0823785236,0.07541483645,1
7458,1.0,0.0514261362,3.0,-0.21665680185,-0.1012266236,0.0782909459,1
7459,1.0,0.04374444075,5.0,-0.23695260820000003,-0.16866553285,0.09540628845,0
7460,0.0,0.02353605625,4.0,-0.21529993135,-0.16129280925,0.10200027619999999,1
7461,2.0,0.05638239465,4.0,-0.2202648619,-0.08891374469999999,0.07076822224999998,1
7462,2.0,0.058920322,4.0,-0.1971774444,-0.15667518975,0.06911308200000002,1
7463,2.0,0.06330010655,4.0,-0.22247882315,-0.09256478805,0.06711894630000001,1
7464,0.0,0.0141523324,2.0,-0.19360534705,-0.14735314335,0.12405809745000002,1
7465,0.0,0.04569398845,1.0,-0.30338876304999995,-0.2854684292,0.0583811267,0
7466,0.0,0.00519428405,2.0,-0.22702120755,-0.16449582480000002,0.1316507467,0
7467,0.0,0.0405847519,4.0,-0.3137647874,-0.2979261028,0.07648614365,1
7468,1.0,0.04445286425,5.0,-0.17226102715000002,-0.15795051835,0.08484702360000002,1
7469,0.0,0.0373339742,3.0,-0.2879343573,-0.26477716955,0.0684044248,0
7470,1.0,0.05441013465,1.0,-0.21934675025,-0.204549926,0.08063777875,0
7471,2.0,0.047691251399999995,4.0,-0.19762563789999998,-0.19086076915,0.08349602105,1
7472,0.0,0.0218105622,1.0,-0.19362658275,-0.17088801399999998,0.11028351214999998,0
7473,0.0,0.0092753616,2.0,-0.21382657265,-0.1470538519,0.1251524971,1
7474,1.0,0.026276818450000003,3.0,-0.2374170303,-0.16321257475,0.10959536784999999,1
7475,0.0,0.0090208149,2.0,-0.21977546315000002,-0.16562655685,0.12214304344999999,1
7476,0.0,0.04242223855,3.0,-0.28625072615,-0.22959946035,0.06939633975000001,0
7477,1.0,0.05399261925,5.0,-0.19797152005000002,-0.14614997210000003,0.0836994734,1
7478,2.0,0.059054160950000004,4.0,-0.20917066195,-0.0888409632,0.0778087771,1
7479,0.0,0.0458772172,1.0,-0.3016435379,-0.26012268574999997,0.064943562,0
7480,1.0,0.0641469356,5.0,-0.200360839,-0.09175317634999999,0.0780899352,1
7481,0.0,0.03150854425,2.0,-0.19058577305,-0.15005429879999999,0.10154881774999999,1
7482,2.0,0.0502727971,4.0,-0.20316835165,-0.17811894475,0.08602023135000002,1
7483,1.0,0.0434693357,3.0,-0.2190855263,-0.21035482849999998,0.08050539375,1
7484,0.0,0.02080840745,2.0,-0.18812941085,-0.1715841133,0.10494126379999999,1
7485,0.0,-0.053045804099999996,3.0,-0.1891728137,-0.1765770824,0.1854159467,0
7486,0.0,-0.0009144151500000001,6.0,-0.1742868904,-0.1480740257,0.1381226793,0
7487,1.0,0.02343833815,3.0,-0.2019426098,-0.18898766905,0.10952327989999999,1
7488,0.0,0.0422110619,1.0,-0.30404865265000003,-0.264758663,0.0753228414,1
7489,0.0,0.01944284635,2.0,-0.23500519274999998,-0.15119659265,0.12568961505,1
7490,0.0,0.0245663599,3.0,-0.31513321964999996,-0.2480505213,0.0921662647,0
7491,1.0,0.029378820700000002,3.0,-0.2343707642,-0.1594193743,0.11034230004999998,1
7492,1.0,0.048171934050000004,3.0,-0.2061607572,-0.17224554685,0.09041960315,1
7493,1.0,0.03780306325,3.0,-0.26614141425000004,-0.20369839775,0.0982930776,1
7494,0.0,0.010391119050000001,2.0,-0.20624492355000001,-0.16785857915000002,0.12617554914999998,1
7495,2.0,0.05292745625,4.0,-0.23175683735,-0.10555916074999999,0.08821727260000001,1
7496,0.0,0.02109249975,2.0,-0.19829536285,-0.1537364416,0.1168309783,1
7497,0.0,0.037333260650000005,4.0,-0.28599065265,-0.26243499225,0.07637305335,0
7498,0.0,0.034481786949999996,4.0,-0.3092626994,-0.2865987219,0.08475383605,0
7499,2.0,0.0510916392,4.0,-0.22333358005,-0.09602551795,0.08000854985,1
7500,2.0,0.052590602900000005,6.0,-0.2498758587,-0.14146554135,0.08556375019999998,1
7501,2.0,0.06569536895,4.0,-0.2172739616,-0.09332405534999999,0.074174942,1
7502,0.0,0.03627289785,4.0,-0.3000867389,-0.27367397855,0.08391119325,0
7503,2.0,0.05916220985,4.0,-0.22149936975,-0.10087187905,0.07742714085000002,1
7504,2.0,0.0487683676,4.0,-0.2137675625,-0.0833644419,0.09307195655,1
7505,1.0,0.0530106519,3.0,-0.2004383221,-0.1187474474,0.08238001989999999,1
7506,2.0,0.06068743385,2.0,-0.2340880957,-0.13684736674999998,0.07986759025000001,1
7507,2.0,0.06445291610000001,4.0,-0.22990889674999998,-0.1140270845,0.07943948329999999,1
7508,2.0,0.06925728554999999,2.0,-0.23455875110000002,-0.1575477001,0.06115123205,1
7509,2.0,0.03752768255,4.0,-0.20439017605,-0.1404284193,0.10282297674999999,1
7510,0.0,0.06220591395,1.0,-0.2396241954,-0.21699033415,0.05505603815,1
7511,0.0,0.03340266735,3.0,-0.30281032524999996,-0.29443683745,0.0936856222,0
7512,0.0,0.020531418750000002,2.0,-0.1973209019,-0.13424988975000002,0.1086504196,1
7513,0.0,0.0390997715,4.0,-0.3147072449,-0.24692319145,0.0738165477,1
7514,1.0,0.0724041368,6.0,-0.1951422105,-0.1722044264,0.07027681935,1
7515,0.0,0.0315548073,2.0,-0.20349735495,-0.17565128000000002,0.1044785845,1
7516,0.0,0.0243695344,3.0,-0.33522354740000004,-0.32555867485,0.10999725370000002,0
7517,0.0,0.03441976995,2.0,-0.1999291574,-0.13568801195000002,0.09650350854999999,1
7518,0.0,-0.0066955247,1.0,-0.1612021591,-0.14928471599999998,0.1453603504,0
7519,2.0,0.0612245887,4.0,-0.1680711398,-0.1529691936,0.05880350654999999,1
7520,0.0,-0.017479038000000002,1.0,-0.18927807515,-0.13659524065,0.14679776155000002,0
7521,0.0,0.0389785656,1.0,-0.2933139803,-0.27816853795,0.08366553275,0
7522,0.0,0.03642057675,2.0,-0.20872643935000001,-0.18533292085,0.09841124705000001,1
7523,0.0,0.039687960849999995,4.0,-0.29111254779999995,-0.25429734795000003,0.08274559015,0
7524,2.0,0.0549843655,4.0,-0.21490943735,-0.17801838614999999,0.07602445610000001,1
7525,0.0,-0.017910498599999998,3.0,-0.1809807127,-0.1584946054,0.1515693234,0
7526,2.0,0.0499123251,4.0,-0.228437039,-0.19490861874999998,0.07763946305,1
7527,1.0,0.0573705976,3.0,-0.20919638499999998,-0.1655751708,0.08514604640000001,1
7528,0.0,-0.00186202285,1.0,-0.1784731714,-0.1428528893,0.13459707345,0
7529,0.0,0.0073807595,2.0,-0.26066600065,-0.1886682599,0.11712447485,1
7530,0.0,0.03066948565,2.0,-0.18681321345000002,-0.12024694665,0.10129726165,0
7531,0.0,0.0292780128,4.0,-0.33288702855,-0.3190687703,0.0805794043,1
7532,1.0,0.0377623521,5.0,-0.2600734076,-0.18290348065,0.08820059905,1
7533,0.0,0.034972439849999995,4.0,-0.31896689375,-0.27809011945,0.08706524004999999,0
7534,0.0,0.0164794013,2.0,-0.18328563965,-0.14998444905000002,0.11521453439999998,1
7535,3.0,0.062073150949999996,2.0,-0.18045135445,-0.17033280955000002,0.06359946919999998,1
7536,2.0,0.046065615399999996,4.0,-0.21692822915,-0.17634049485,0.08362837004999998,1
7537,0.0,0.03849222765,3.0,-0.30838017035,-0.2846354745,0.0868596666,0
7538,1.0,0.041782107750000005,3.0,-0.19997802874999998,-0.1602987771,0.08595487974999999,1
7539,1.0,0.0507166963,3.0,-0.21888676025,-0.18405025075,0.0680046535,1
7540,1.0,0.042454098950000005,3.0,-0.26125426165,-0.2282163237,0.09315237765,1
7541,0.0,0.020207470800000002,2.0,-0.2297661501,-0.13280099865,0.1211628375,1
7542,1.0,0.04519726905,3.0,-0.21114521535,-0.10917624245,0.08472819275000001,1
7543,0.0,0.0332492313,3.0,-0.2929782621,-0.2402067761,0.07597718540000001,0
7544,0.0,0.03602040745,4.0,-0.32301460775,-0.27184559105,0.0707375318,1
7545,2.0,0.0518758032,4.0,-0.20082659185,-0.141882507,0.0878512509,1
7546,0.0,0.0349616807,1.0,-0.29549187985,-0.2705212487,0.08238507095,0
7547,0.0,0.01936815485,1.0,-0.2161595095,-0.1557773,0.10877881785,0
7548,2.0,0.05574344845,2.0,-0.23255277855,-0.19274559400000002,0.07842393055,1
7549,0.0,0.02207312565,2.0,-0.21772953175,-0.17097776205,0.10818076425,1
7550,0.0,0.02916107905,3.0,-0.3297390853,-0.3097954108,0.0987112739,0
7551,2.0,0.055514838600000005,1.0,-0.26046424655,-0.24954823660000003,0.0866144946,1
7552,0.0,0.0196795307,1.0,-0.2474508865,-0.19852958310000002,0.09951279679999998,0
7553,0.0,0.029376006099999998,1.0,-0.32379045185,-0.2986642927,0.09721210620000001,0
7554,2.0,0.058198851149999994,4.0,-0.1924044,-0.17706061945,0.06935354875,1
7555,1.0,0.0276171679,3.0,-0.2197384002,-0.15714715210000002,0.08941491595,1
7556,0.0,0.0568279216,3.0,-0.27523333365,-0.24713390345,0.06582189730000002,0
7557,2.0,0.04909246545,4.0,-0.19976013565,-0.18602327435,0.0701822971,1
7558,2.0,0.062129470699999995,2.0,-0.214375166,-0.17036607495,0.05809517139999999,1
7559,0.0,0.02923776335,2.0,-0.22730021655,-0.18818892245000002,0.11555509694999999,1
7560,2.0,0.0609342947,4.0,-0.20668669745,-0.15287563425,0.07582681205,1
7561,1.0,0.030066806600000003,3.0,-0.24703054315,-0.18577280494999998,0.10059782965,1
7562,2.0,0.0665715523,4.0,-0.20464423399999998,-0.17865448655,0.06901808329999998,1
7563,2.0,0.0507923043,4.0,-0.2403959195,-0.0980927657,0.09090452304999999,1
7564,1.0,0.05322226285,3.0,-0.27410157905,-0.21968184564999998,0.06898262945,1
7565,1.0,0.03605425875,3.0,-0.2224200926,-0.1645978554,0.08509149775000001,1
7566,0.0,0.021096800300000003,2.0,-0.1593569848,-0.12832177044999998,0.11289502935000001,1
7567,2.0,0.05569525374999999,2.0,-0.19732360475,-0.10890644955,0.0901515815,1
7568,0.0,0.01519275755,3.0,-0.37858157735,-0.34829957945,0.11362403855,0
7569,2.0,0.0610830604,4.0,-0.24027978255,-0.2222844442,0.06600103395,1
7570,0.0,0.0142814091,2.0,-0.2253067999,-0.16567925615,0.11137075660000001,1
7571,0.0,0.03233541155,2.0,-0.30082225524999995,-0.29039647935,0.0875718643,0
7572,0.0,0.0425277798,1.0,-0.31244469555,-0.26691646830000004,0.0766184354,1
7573,0.0,0.0389947749,4.0,-0.26583379225000003,-0.2634599736,0.07641472525,1
7574,0.0,0.03265833675,4.0,-0.33628671865000004,-0.3199042086,0.0814569002,1
7575,0.0,0.0354451919,2.0,-0.21832061435,-0.17287470255,0.09098628939999999,1
7576,0.0,0.0028975682,2.0,-0.2172491304,-0.16246369965000002,0.13225432450000002,1
7577,1.0,0.047813234999999996,3.0,-0.1890825542,-0.1383345246,0.08506632679999998,1
7578,0.0,0.0317332658,3.0,-0.29253086154999997,-0.24078845589999998,0.0965691055,0
7579,0.0,0.01518271425,2.0,-0.2092984802,-0.1425704399,0.12151926315,1
7580,0.0,0.032923727900000005,3.0,-0.29998739595,-0.28984078550000003,0.0704137397,0
7581,0.0,0.04921308465,3.0,-0.28090900679999997,-0.23745173395000002,0.0671945947,0
7582,0.0,0.04534729575,1.0,-0.2543151609,-0.24626196425,0.07238206495,0
7583,1.0,0.0483492571,3.0,-0.22139941395,-0.17144096715,0.07860363135,1
7584,1.0,0.0261033101,3.0,-0.20560498319999998,-0.1560450948,0.0977971698,1
7585,2.0,0.0534994785,4.0,-0.1572962002,-0.13519527295,0.04751785485,1
7586,0.0,0.0348059364,1.0,-0.30772928215,-0.28499247920000004,0.0789054093,0
7587,0.0,0.0201497869,2.0,-0.21845133775,-0.15720534635,0.11305315954999999,1
7588,1.0,0.047503456400000005,3.0,-0.24767827035,-0.1876070135,0.07293270724999999,1
7589,0.0,0.0315678802,3.0,-0.29464151755,-0.27887846865,0.09506196724999999,0
7590,0.0,0.03396398965,2.0,-0.20854604300000001,-0.1668869797,0.0843153353,1
7591,1.0,0.0456527308,3.0,-0.24311013305,-0.17240539705,0.08486146545,1
7592,0.0,0.03216444855,3.0,-0.29294856719999995,-0.2360038958,0.091500976,0
7593,2.0,0.050863294850000004,2.0,-0.2758458357,-0.1498852502,0.07916937815,1
7594,1.0,0.06604887165000001,3.0,-0.24261301225,-0.16425084005,0.06831774909999999,1
7595,1.0,0.03176960165,3.0,-0.2308445404,-0.16007137529999999,0.10865872785,1
7596,1.0,0.0150972277,3.0,-0.21409794175,-0.16251148675,0.1222126795,1
7597,0.0,0.0021407978,4.0,-0.2346799661,-0.15752570859999998,0.13520261605,1
7598,0.0,0.00688826885,2.0,-0.22292244490000002,-0.16885371799999999,0.13564692714999999,1
7599,0.0,0.0318528775,3.0,-0.29262943005,-0.2780549226,0.07775367675,0
7600,0.0,0.03478111875,3.0,-0.29896796235,-0.28471621589999996,0.0854289456,0
7601,0.0,0.022356161149999998,2.0,-0.28031226929999997,-0.24724692765,0.10216101685000001,1
7602,1.0,0.043082285649999996,5.0,-0.1991378606,-0.17843405410000002,0.08634496745,1
7603,2.0,0.058304206799999994,2.0,-0.19834336865000002,-0.18502112865,0.08630584675,1
7604,0.0,0.02829688565,3.0,-0.3380261093,-0.30387404375000004,0.10061468735,0
7605,0.0,0.030403925499999998,2.0,-0.2059923703,-0.16977164825000002,0.09514060215,1
7606,0.0,0.026871265249999998,4.0,-0.32084539884999996,-0.30624587940000003,0.1033319621,0
7607,3.0,0.0673754947,5.0,-0.1618396211,-0.1434274076,0.05193960465,1
7608,1.0,0.0434890369,3.0,-0.18547756375,-0.17761878255000002,0.07656996555000001,1
7609,0.0,0.052869895550000004,3.0,-0.2533749634,-0.21893275769999998,0.0741647518,0
7610,0.0,0.0068142021,2.0,-0.2201949743,-0.1548101799,0.12600926150000002,1
7611,0.0,0.03659086395,3.0,-0.29818658815,-0.2541378033,0.07478208435,0
7612,0.0,0.041834319999999994,1.0,-0.28300976479999995,-0.21447443445,0.08693036220000001,0
7613,0.0,0.024456553800000003,4.0,-0.19387096804999998,-0.15293531225,0.10460678279999999,1
7614,1.0,0.03924443235,3.0,-0.227979394,-0.2174879803,0.10057305859999999,1
7615,2.0,0.056518147899999996,2.0,-0.21627436395,-0.17211564885,0.08390123220000001,1
7616,2.0,0.0592726614,4.0,-0.23149312854999998,-0.0693960748,0.06948425175,1
7617,1.0,0.043335079299999996,3.0,-0.13791038755,-0.12767427274999998,0.07931389820000001,1
7618,0.0,0.04732009305,3.0,-0.26844487689999996,-0.21709638879999998,0.06503503625000001,0
7619,1.0,0.0445795377,3.0,-0.144155935,-0.12660708394999998,0.08408959685,1
7620,1.0,0.04480318285,3.0,-0.2148831396,-0.1846806973,0.0937609837,1
7621,0.0,0.04756647925,4.0,-0.29885097655000004,-0.2436490724,0.0729423591,0
7622,0.0,0.021927144750000002,4.0,-0.32245422305,-0.27999187859999997,0.10382853845000001,0
7623,0.0,0.0271699079,2.0,-0.20572992625,-0.15205954835000002,0.0927324061,1
7624,0.0,0.044050926399999996,1.0,-0.2913773932,-0.26140197629999995,0.080283153,0
7625,1.0,0.04941874965,3.0,-0.1916249016,-0.1824428823,0.07780589459999998,1
7626,0.0,0.02820796475,2.0,-0.1983985319,-0.1409860582,0.08809471065,1
7627,1.0,0.04715822465,3.0,-0.22873526175,-0.1786526504,0.069165116,1
7628,1.0,0.045553371999999995,3.0,-0.2406821836,-0.1845373753,0.0696630164,1
7629,0.0,0.039786348949999994,3.0,-0.3128927907,-0.27743057515,0.055465297350000005,1
7630,0.0,0.03541780065,3.0,-0.30249709425,-0.2969159255,0.0617567881,1
7631,0.0,0.031815408850000004,3.0,-0.30625235684999996,-0.25711758325,0.0958184653,0
7632,0.0,0.00806076275,2.0,-0.1955697855,-0.17202387689999998,0.127869414,1
7633,0.0,0.022754809600000002,2.0,-0.21641125295,-0.16149762035,0.117273305,1
7634,0.0,0.01317065005,2.0,-0.18048713965,-0.1535088554,0.12538579025000002,1
7635,2.0,0.0597763623,4.0,-0.23055319885,-0.11209759394999999,0.07660378884999999,1
7636,0.0,0.03980171525,4.0,-0.29924082955,-0.28591870875000003,0.0670344132,1
7637,0.0,0.04311171105,3.0,-0.30201463100000003,-0.27454378290000003,0.07868621535,0
7638,0.0,0.03699912765,3.0,-0.28926249930000003,-0.2398881,0.08612770455,0
7639,0.0,0.01352598595,1.0,-0.19072063345,-0.15263641305,0.12035551305,0
7640,0.0,0.04428775935,1.0,-0.2870017151,-0.2334505439,0.0738109396,0
7641,1.0,0.047152009450000004,3.0,-0.23941672284999999,-0.10642863620000001,0.09278174285000002,1
7642,0.0,0.02194967875,1.0,-0.2007760326,-0.16613527005,0.11495735839999999,0
7643,1.0,0.03835093475,3.0,-0.19248848564999999,-0.16455024445,0.09532286495,1
7644,0.0,0.033024027649999996,3.0,-0.315821934,-0.2881086288,0.09595627340000001,0
7645,0.0,0.05164679955,3.0,-0.3028697143,-0.2661300098,0.055449390900000006,1
7646,2.0,0.0410991646,4.0,-0.22724623389999998,-0.17702215025,0.08116395579999999,1
7647,0.0,0.036850048600000004,2.0,-0.24361006205,-0.2253843156,0.0964776817,1
7648,1.0,0.0377986317,3.0,-0.21351397360000002,-0.13933794500000002,0.095712441,1
7649,0.0,0.01581577785,1.0,-0.19077492865,-0.16664160114999998,0.1183253996,0
7650,1.0,0.03842464595,3.0,-0.23607239035,-0.1621976725,0.0902973918,1
7651,0.0,0.022539775499999998,3.0,-0.3067308806,-0.26723496105,0.10543004164999999,0
7652,0.0,0.0309028473,3.0,-0.297602382,-0.26196421000000003,0.09548943285,0
7653,0.0,0.0255028677,2.0,-0.22538461780000002,-0.15535062524999999,0.10520121204999999,1
7654,2.0,0.055181990050000004,5.0,-0.22966016914999998,-0.07864489335,0.07543021475,1
7655,0.0,0.03843862845,1.0,-0.28312183550000003,-0.25083304975,0.07898914595,0
7656,1.0,0.03328329005,5.0,-0.2018947868,-0.16198930705,0.1075212811,1
7657,1.0,0.0244223865,3.0,-0.18932083915,-0.16734462205,0.1154085595,1
7658,0.0,0.016870718299999997,2.0,-0.2019632698,-0.16138081565,0.12345501305,1
7659,0.0,0.01878470405,4.0,-0.21400571135,-0.175462687,0.11759803569999999,1
7660,0.0,0.04011325885,2.0,-0.27030334875,-0.22835432830000002,0.08459852309999999,0
7661,0.0,0.04156706865,3.0,-0.31503578615,-0.2915244964,0.06548017860000001,1
7662,2.0,0.052419877899999995,4.0,-0.24180963225000002,-0.09327726495,0.07836448129999998,1
7663,0.0,0.040125394950000004,3.0,-0.307110565,-0.27528968725,0.0742814301,1
7664,0.0,0.0412123596,1.0,-0.3018846983,-0.29303029025,0.06884338755,1
7665,0.0,0.05302256575,1.0,-0.30781248145,-0.29446641575,0.060186677300000005,1
7666,0.0,0.03619292095,3.0,-0.2711131265,-0.2698004489,0.08271806810000001,0
7667,1.0,0.05257038185,3.0,-0.22101135385,-0.1492733074,0.0907826078,1
7668,0.0,0.0209658015,2.0,-0.191682093,-0.13601552755000001,0.10882843195,1
7669,2.0,0.05491794455,6.0,-0.22908164250000002,-0.07642443460000001,0.07406791595000001,1
7670,0.0,0.0122747102,1.0,-0.2184715673,-0.151659654,0.11688201435,0
7671,2.0,0.06048576715,4.0,-0.24348407300000002,-0.0840473443,0.07115117380000001,1
7672,2.0,0.06341047805,4.0,-0.2158706993,-0.08930611634999999,0.06331555025,1
7673,2.0,0.0465611208,4.0,-0.20989556755,-0.14551060370000002,0.08961912415,1
7674,1.0,0.03842554655,3.0,-0.20229232325,-0.15065895115,0.08654756965000002,1
7675,2.0,0.03794293805,4.0,-0.1947257224,-0.1361068425,0.0897488179,1
7676,2.0,0.061384311,4.0,-0.2037577404,-0.0901449812,0.06819780835,1
7677,1.0,0.0594115734,3.0,-0.24376744835,-0.11863537595,0.07013393435000001,1
7678,1.0,0.05084254365,3.0,-0.25382350745,-0.11385112480000001,0.07564248850000001,1
7679,1.0,0.0642581387,3.0,-0.25366985885000004,-0.1298334233,0.06340070265000002,1
7680,0.0,0.03632317585,2.0,-0.20690091049999998,-0.08147729275,0.08984694694999999,1
7681,1.0,0.0295346105,5.0,-0.2058685824,-0.15329685324999998,0.10817985235,1
7682,0.0,0.01440097365,3.0,-0.33330129695,-0.31172341589999997,0.11385551390000001,0
7683,1.0,0.0257321075,3.0,-0.21202288065,-0.1845027807,0.10922170255000001,1
7684,0.0,0.03314047355,2.0,-0.20413508925,-0.15552941069999998,0.10984763084999999,1
7685,2.0,0.07035113885,7.0,-0.2268259183,-0.06960173745,0.060661568199999995,1
7686,2.0,0.06580693135,4.0,-0.1784726244,-0.13072024445000002,0.0589508143,1
7687,0.0,0.008045189099999999,2.0,-0.19604889135,-0.15924836879999998,0.1236707705,0
7688,2.0,0.07359431494999999,2.0,-0.19752565789999998,-0.1392285164,0.0585633332,1
7689,0.0,0.05056390725,3.0,-0.26970801385,-0.24339582965,0.07285014345,1
7690,0.0,0.025067846400000003,3.0,-0.3163471992,-0.30537464189999997,0.0977815151,0
7691,2.0,0.05838322745,4.0,-0.18538036795,-0.16331210725,0.07738441899999998,1
7692,0.0,-0.00469169895,2.0,-0.2290575287,-0.1695528787,0.14694421535000002,1
7693,0.0,0.0189411294,3.0,-0.17405686455,-0.10857157619999999,0.10452826755,1
7694,0.0,0.031314168399999995,1.0,-0.32773957885,-0.27599733205,0.08484996750000001,0
7695,1.0,0.01881299525,3.0,-0.22209525375,-0.16383294040000002,0.12209093080000001,1
7696,0.0,0.0028993697000000004,4.0,-0.22180279130000002,-0.16493939865,0.13321679535,1
7697,0.0,0.006812902,2.0,-0.22673673830000002,-0.16589237904999998,0.1355777466,1
7698,1.0,0.02997141495,5.0,-0.22537601935,-0.160775804,0.1111237771,1
7699,0.0,0.0471898059,2.0,-0.29720646554999997,-0.28532008880000004,0.0656885219,0
7700,1.0,0.0199805506,3.0,-0.22728724505,-0.16518923845,0.11968247209999999,1
7701,2.0,0.0641695968,4.0,-0.18611238025,-0.16324963215,0.07504561300000001,1
7702,0.0,0.028281594,3.0,-0.2962500056,-0.27664049749999997,0.08720394195,0
7703,0.0,0.02904486235,4.0,-0.29374704625000003,-0.2748786855,0.09536027729999999,0
7704,0.0,0.03045002435,3.0,-0.312592015,-0.28880462095000003,0.08665207785000001,0
7705,2.0,0.05772568605,4.0,-0.1851213257,-0.14169624115,0.07720325465,1
7706,1.0,0.02111048635,3.0,-0.241948708,-0.1774079945,0.104369622,1
7707,2.0,0.06357143600000001,4.0,-0.22534996670000002,-0.167300885,0.06843925569999999,1
7708,0.0,0.03654468535,3.0,-0.28231739255,-0.249734148,0.08180291995,0
7709,2.0,0.0586274504,4.0,-0.22168760215,-0.20334694185000002,0.06558651204999999,1
7710,0.0,0.04068692755,2.0,-0.306545937,-0.289378515,0.06931728705,1
7711,0.0,0.03039206445,3.0,-0.2876444778,-0.27556853994999997,0.09381608405,0
7712,0.0,0.02728362835,3.0,-0.3328119355,-0.29469228199999997,0.10179344734999998,0
7713,2.0,0.061736543549999995,6.0,-0.24125755975000002,-0.08002394045,0.07237063064999999,1
7714,2.0,0.0540820385,6.0,-0.22249993085,-0.1063459892,0.07813453819999999,1
7715,2.0,0.06201851485,6.0,-0.22781403835,-0.0886382225,0.06844423815,1
7716,0.0,0.02597521485,4.0,-0.30617842289999997,-0.2734581078,0.0992795498,0
7717,1.0,0.037739971600000005,3.0,-0.21488970429999998,-0.08911937480000001,0.0942313853,1
7718,2.0,0.0563190015,6.0,-0.24141087135,-0.0881065752,0.07011934365,1
7719,1.0,0.0278484993,3.0,-0.21557106055,-0.16384044814999998,0.0988268611,1
7720,0.0,-0.016814920400000002,1.0,-0.23313666160000002,-0.12223733540000001,0.1489838397,0
7721,2.0,0.043910403,4.0,-0.21089207524999998,-0.17229830525,0.0784546113,1
7722,2.0,0.047640442150000004,4.0,-0.21869123465,-0.19308391884999998,0.08557851119999998,1
7723,0.0,0.040398998000000005,1.0,-0.27872968119999997,-0.2523550765,0.0815982716,0
7724,2.0,0.0540034271,4.0,-0.17929887644999998,-0.1312453733,0.0731892354,1
7725,2.0,0.0508323673,4.0,-0.18378370195,-0.17859788715,0.0747524623,1
7726,2.0,0.0508249025,4.0,-0.2270632066,-0.218667621,0.07292844935,1
7727,1.0,0.06540993175,2.0,-0.20563464059999997,-0.1699414803,0.0657839452,1
7728,0.0,0.01556065075,2.0,-0.21051213735000002,-0.15223719185,0.1043044155,1
7729,0.0,0.03647849385,3.0,-0.31506318695,-0.2704843912,0.07942855055,0
7730,0.0,-0.03158334265,3.0,-0.25071057695,-0.24527792925,0.1537357435,0
7731,0.0,0.038903625750000004,3.0,-0.32857008395,-0.29169862235,0.06578816369999999,1
7732,0.0,0.03714211035,3.0,-0.33073959675,-0.32049704685,0.0767532936,0
7733,1.0,0.0570068954,3.0,-0.1970311579,-0.1554058238,0.0805788446,1
7734,0.0,0.058756175800000005,2.0,-0.25807622085000004,-0.2417166774,0.07262798300000001,1
7735,0.0,0.025645670199999998,4.0,-0.20155514600000002,-0.14470482755,0.10519411545,1
7736,0.0,0.038644054600000005,4.0,-0.3121430978,-0.3021721874,0.07046838184999998,1
7737,0.0,0.0533236405,3.0,-0.2947276028,-0.27899672065000003,0.058195914249999994,0
7738,0.0,0.0432792869,1.0,-0.2925541987,-0.262210645,0.07724813815,0
7739,2.0,0.05523045975,4.0,-0.20277759885000002,-0.1533195003,0.086078945,1
7740,2.0,0.042589549899999996,4.0,-0.2044831995,-0.18665199365000001,0.09553535505,1
7741,2.0,0.0414515469,4.0,-0.19046138359999998,-0.13491147344999999,0.10249582945,1
7742,1.0,0.0208571665,3.0,-0.21424090265,-0.15149868325,0.11901930445,1
7743,0.0,0.0073769915,2.0,-0.2200975068,-0.15794208869999998,0.1311042195,1
7744,0.0,0.023892478850000003,1.0,-0.22623065525,-0.15606680834999997,0.10681271105000001,0
7745,1.0,0.0205688177,5.0,-0.2126308052,-0.1474471121,0.11974664439999999,1
7746,2.0,0.03357119655,4.0,-0.21629179285,-0.19640018215,0.10458171335,1
7747,1.0,0.01308247375,5.0,-0.22343878639999998,-0.16739895755,0.1236085549,1
7748,1.0,0.03501957125,3.0,-0.22413873504999998,-0.2107089433,0.103068679,1
7749,2.0,0.038998141050000004,4.0,-0.20455743495,-0.19506329745,0.09559405759999999,1
7750,2.0,0.053283485049999996,4.0,-0.20940747095,-0.1748059868,0.07972991695000001,1
7751,0.0,0.058040146050000005,3.0,-0.28138442669999997,-0.24884581444999998,0.06496012105,0
7752,2.0,0.055041215,4.0,-0.23184218405,-0.11377683150000001,0.08030850805,1
7753,2.0,0.05628475785,2.0,-0.24158893775,-0.12410825254999999,0.07605588704999999,1
7754,0.0,0.0433105023,4.0,-0.32014062364999996,-0.31688029009999996,0.0634397991,1
7755,1.0,0.0549568246,3.0,-0.2096913262,-0.1536465836,0.08147916145,1
7756,1.0,0.0529078244,3.0,-0.2227366975,-0.1736175236,0.07918403255,1
7757,0.0,0.046006701,3.0,-0.25030634395,-0.22124839055,0.07157809300000001,0
7758,2.0,0.03918606249999999,4.0,-0.1899471178,-0.14179309425,0.1033177382,1
7759,0.0,0.02628950255,2.0,-0.21267517414999998,-0.12348570284999999,0.1137007584,1
7760,0.0,0.00646631795,1.0,-0.21804166625,-0.12239235600000001,0.11972347375,0
7761,2.0,0.04862425805,4.0,-0.1808312689,-0.1372779074,0.0925676061,1
7762,1.0,0.053500367199999996,3.0,-0.28654463305,-0.26194339675,0.05720911095,0
7763,0.0,0.042246181349999995,3.0,-0.26274301040000003,-0.22710590625,0.07166893290000001,0
7764,1.0,0.0252168728,3.0,-0.2076980695,-0.19241268485000002,0.09966600205000001,1
7765,1.0,0.0649506174,3.0,-0.17489833825,-0.1290307573,0.07772150825000002,1
7766,0.0,0.03081748645,1.0,-0.27587441115,-0.26670008275,0.0904808656,0
7767,0.0,0.039199532149999994,1.0,-0.27180523195,-0.23817896900000002,0.07636347260000001,0
7768,2.0,0.049802425649999996,4.0,-0.18810118715000002,-0.12203689485,0.08669951335000001,1
7769,2.0,0.053390806,4.0,-0.17729114755,-0.13234398515,0.0865711146,1
7770,2.0,0.03856464995,4.0,-0.16404629865,-0.13035187665,0.0986331956,1
7771,0.0,0.02858432915,3.0,-0.3233903212,-0.2970374393,0.10165605559999999,0
7772,0.0,0.0417489357,3.0,-0.2947433404,-0.2715590318,0.07508481705,0
7773,2.0,0.0361901787,4.0,-0.18194972125,-0.14629474944999998,0.09287517825,1
7774,0.0,0.0376143476,3.0,-0.27748628109999995,-0.255752493,0.07965191185,0
7775,1.0,0.026787581300000002,3.0,-0.2281739954,-0.1596502784,0.09221787484999999,1
7776,0.0,0.04591190775,2.0,-0.19369581775,-0.15110090245000002,0.08541849300000001,1
7777,0.0,0.008432465149999999,2.0,-0.2143467294,-0.1563905583,0.10079330550000001,1
7778,1.0,0.042519344449999996,3.0,-0.26588286834999997,-0.21886504935,0.06995495395000001,1
7779,0.0,0.0430657322,1.0,-0.2785220798,-0.2611515767,0.0736099162,0
7780,2.0,0.042331512700000004,4.0,-0.13889283575,-0.1293371728,0.07952517170000001,1
7781,2.0,0.0463714903,4.0,-0.1360841035,-0.122087669,0.07404595544999999,1
7782,0.0,0.05565991175,3.0,-0.27096386455,-0.2390026167,0.07692011700000001,0
7783,2.0,0.06569805335000001,2.0,-0.18059064870000002,-0.16566416185,0.0442408116,1
7784,0.0,0.0381725823,4.0,-0.2813196444,-0.2721553879,0.0590957691,1
7785,0.0,0.039508805,3.0,-0.25380539550000003,-0.23413269805,0.06072181555,1
7786,0.0,0.044880310300000004,1.0,-0.2980522237,-0.25512763865,0.07679504715,0
7787,0.0,0.04413174145,4.0,-0.2644905515,-0.25316185435,0.058047466500000006,1
7788,0.0,0.0369608403,1.0,-0.27947757875,-0.2627386356,0.0884764618,0
7789,0.0,0.03506686195,1.0,-0.31618406845,-0.30584880015000004,0.08300326840000001,0
7790,0.0,0.0480510898,2.0,-0.2953600019,-0.26385226240000004,0.06625405505,0
7791,0.0,0.04304195885,3.0,-0.26404936354999997,-0.26339911000000005,0.04276799070000001,1
7792,0.0,0.0297881917,4.0,-0.22055057275,-0.16405684725,0.07390102865,1
7793,0.0,-0.0071492382,2.0,-0.22271631925000002,-0.16096663435000003,0.14371436225,0
7794,0.0,0.02787645295,2.0,-0.1817630327,-0.14233607650000002,0.10644882490000002,1
7795,0.0,-0.029998335850000002,1.0,-0.20489026095,-0.17349491645,0.16959540825000002,0
7796,0.0,0.0550018105,3.0,-0.25290130175000003,-0.20482001645,0.06952239190000001,0
7797,1.0,0.04873466065,3.0,-0.21586237749999998,-0.20723227784999998,0.06862525914999999,1
7798,0.0,0.02683132605,1.0,-0.19523466865,-0.14437120445,0.1095707487,1
7799,0.0,0.0224792013,4.0,-0.19843180035,-0.14937949350000002,0.11422771920000001,1
7800,0.0,0.03616554355,3.0,-0.30566018405,-0.24742835725,0.0892182217,0
7801,2.0,0.0584162876,4.0,-0.17352761490000002,-0.13719024964999998,0.0663650905,1
7802,0.0,0.038812343,1.0,-0.29913429955000004,-0.28849328134999996,0.0776356111,0
7803,2.0,0.0453320871,2.0,-0.18931873785,-0.1694555828,0.09180337864999999,1
7804,2.0,0.050876423000000004,2.0,-0.2020950793,-0.17944029979999998,0.08176180250000001,1
7805,2.0,0.056833907350000004,4.0,-0.2230851615,-0.1873977254,0.07869898355,1
7806,0.0,0.04050547755,3.0,-0.3065796956,-0.2640922905,0.07394324360000001,0
7807,0.0,0.02147368475,3.0,-0.3317093031,-0.29703220665,0.10554771375,0
7808,2.0,0.052747267050000005,4.0,-0.1979645237,-0.1651891606,0.08956274945,1
7809,3.0,0.06023685675,5.0,-0.18743348064999998,-0.1715673204,0.06056365895000001,1
7810,2.0,0.07179416664999999,2.0,-0.2117705288,-0.1700443088,0.059149608050000003,1
7811,2.0,0.06361402255,4.0,-0.20182759655,-0.1938000947,0.0704775534,1
7812,1.0,0.048771887,3.0,-0.2014055279,-0.18905136820000001,0.08692524215,1
7813,0.0,0.0440624498,3.0,-0.3041190608,-0.2942192971,0.07613148765,0
7814,2.0,0.05246276655,4.0,-0.2536512498,-0.19790502515,0.0725196459,1
7815,0.0,0.04411011685,3.0,-0.30074559030000003,-0.29230477575,0.07335067205000001,0
7816,0.0,0.025006761699999998,2.0,-0.20335051665,-0.157195244,0.10500024795000001,1
7817,0.0,0.03951006485,3.0,-0.2775668754,-0.26328360225,0.08726259575,0
7818,1.0,0.0529429985,3.0,-0.20412747055000002,-0.1726122907,0.0720407894,1
7819,1.0,0.05675303975,3.0,-0.1941758652,-0.15811743015,0.06825222715,1
7820,0.0,0.0055434915,2.0,-0.213872634,-0.1629846621,0.12652787385,1
7821,0.0,0.0451076374,3.0,-0.2865678906,-0.2396285788,0.07388226025,0
7822,0.0,0.016999674700000002,1.0,-0.18792961954999998,-0.1474265912,0.10123238674999999,0
7823,2.0,0.05445419445,4.0,-0.1898967733,-0.14021032885,0.08372015925,1
7824,0.0,0.04447266355,2.0,-0.2925272463,-0.2814870271,0.09292771024999999,0
7825,0.0,0.04442769895,3.0,-0.2958747484,-0.25150168284999996,0.0758276149,0
7826,0.0,0.03368027485,3.0,-0.29131212775,-0.28409372555,0.082723145,0
7827,1.0,0.0259605136,3.0,-0.19527103695,-0.1484942394,0.10635554749999998,1
7828,2.0,0.04662094815,2.0,-0.19912452479999998,-0.1520278802,0.06508851345,1
7829,0.0,0.02227520735,2.0,-0.203180111,-0.15589009404999998,0.10815838085000001,1
7830,0.0,0.00778802825,1.0,-0.2080992661,-0.14040924045,0.1307384665,0
7831,2.0,0.045543660449999995,2.0,-0.18372346005,-0.14512527335,0.09284286325,1
7832,2.0,0.05622522865,4.0,-0.21474152185,-0.1744837621,0.08066121255,1
7833,1.0,0.0392306461,3.0,-0.2404222137,-0.1679906637,0.08709343724999999,1
7834,2.0,0.0579711106,4.0,-0.18033924795,-0.14161772160000002,0.07548278890000001,1
7835,0.0,0.0445872677,1.0,-0.30296637714999997,-0.27838856795,0.07869734589999998,0
7836,0.0,0.01893089145,2.0,-0.19438584085,-0.14687115195,0.11647561185,1
7837,0.0,0.0391392957,4.0,-0.3070716132,-0.30278643515,0.06176080585,1
7838,1.0,0.05334140845,3.0,-0.20455923445000002,-0.15964547325,0.06769184084999999,1
7839,0.0,0.039738366799999994,3.0,-0.31827066844999996,-0.26821104135,0.0840345958,0
7840,1.0,0.022489487199999998,3.0,-0.2219742333,-0.1605094967,0.08899406095,1
7841,1.0,0.025886173,3.0,-0.20330967584999998,-0.14918518060000002,0.07884354525000001,1
7842,1.0,0.0529445226,3.0,-0.28800350585,-0.2730821967,0.06028198055,0
7843,1.0,0.035073267699999994,3.0,-0.2211867187,-0.16519612449999999,0.07110890105,1
7844,2.0,0.06799968719999999,2.0,-0.1883961463,-0.1613462364,0.06263606994999998,1
7845,2.0,0.060486132,4.0,-0.19294292899999999,-0.15227264935,0.07282060185,1
7846,2.0,0.0598864063,4.0,-0.18562205495,-0.16981291069999999,0.07416431855,1
7847,1.0,0.06500962064999999,1.0,-0.2369329037,-0.22028871395,0.06748077629999999,1
7848,2.0,0.03760845335,4.0,-0.2588192268,-0.22937622165,0.08573904995000001,1
7849,0.0,0.0223037817,5.0,-0.2139963646,-0.14608011365,0.11295381775,0
7850,2.0,0.04380820955,3.0,-0.21343897885000002,-0.1800066019,0.0875184018,1
7851,1.0,0.056131264050000004,3.0,-0.2212353085,-0.17996685395,0.07510453264999999,1
7852,2.0,0.0686472645,3.0,-0.1915905463,-0.1701625974,0.06085347989999999,1
7853,0.0,0.038995978,4.0,-0.32789561045,-0.29947728165,0.0657614806,1
7854,0.0,0.0242788471,2.0,-0.1910655825,-0.13678307915,0.09115144865000001,1
7855,0.0,0.03861716135,3.0,-0.32323274690000003,-0.2952028858,0.06356334364999999,1
7856,1.0,0.040230194600000005,3.0,-0.24996016985,-0.19150589234999998,0.082985683,1
7857,0.0,0.0192227768,5.0,-0.2099045397,-0.1483653183,0.11767430655,1
7858,0.0,0.024273482149999998,4.0,-0.19016052075,-0.13275206295000003,0.1106360814,1
7859,0.0,0.0340626626,3.0,-0.3078492422,-0.2887250254,0.08459739235,0
7860,0.0,0.0409336237,2.0,-0.1494195656,-0.13196459675,0.0783045612,1
7861,0.0,0.018203294199999998,1.0,-0.2283520923,-0.2030155895,0.11511713585,0
7862,0.0,0.03915150035,1.0,-0.30552229235,-0.30180326339999997,0.06043328545,1
7863,0.0,0.0252103251,4.0,-0.22650862895,-0.2084378865,0.1138344398,0
7864,0.0,0.02570037075,2.0,-0.19268612105,-0.14392161435,0.10212753659999999,1
7865,0.0,0.00687956285,1.0,-0.18594462369999998,-0.1625841618,0.12757247135,0
7866,3.0,0.062490863199999996,5.0,-0.17434383074999998,-0.13505648035,0.07008489355,1
7867,1.0,0.06199963594999999,3.0,-0.20995876055,-0.1602854852,0.06580278585,1
7868,2.0,0.05145762625,4.0,-0.20696726780000002,-0.1877722929,0.08031066115,1
7869,0.0,0.027081654349999998,3.0,-0.32970385830000004,-0.2877713365,0.09622194365,0
7870,2.0,0.056603365950000005,2.0,-0.1969744927,-0.1551330192,0.06652372679999999,1
7871,2.0,0.06028628775,4.0,-0.2666448052,-0.2437420594,0.06598314375,1
7872,2.0,0.06170867149999999,4.0,-0.1922165471,-0.1502412675,0.06838779980000001,1
7873,1.0,0.045063645900000004,3.0,-0.2078891427,-0.1467221877,0.09196230859999999,1
7874,1.0,0.03078313145,5.0,-0.21935469835,-0.1541717535,0.08305929465,1
7875,0.0,0.02860540755,3.0,-0.3178879873,-0.2502468996,0.09341161315,0
7876,1.0,0.04725323235,3.0,-0.18747238405,-0.1813216718,0.07480049905,1
7877,2.0,0.0551094922,4.0,-0.18085235445,-0.16556099359999998,0.0551307811,1
7878,0.0,-0.00434401425,5.0,-0.1990009092,-0.1876872644,0.1272247647,0
7879,0.0,0.03185886145,1.0,-0.28425970535,-0.27015037515,0.08642035355,0
7880,0.0,0.040622918800000005,3.0,-0.2919733393,-0.28061051810000004,0.0857449243,0
7881,1.0,0.0478945519,1.0,-0.29618217265,-0.248895446,0.06600723829999999,0
7882,0.0,0.02198557475,1.0,-0.19980425559999998,-0.14997960605,0.11445981045,0
7883,3.0,0.050437442250000006,5.0,-0.15868616219999998,-0.12885891430000002,0.08926297109999999,1
7884,0.0,0.039105295649999997,3.0,-0.3131013544,-0.28905723265,0.07611405909999999,0
7885,3.0,0.046441910350000004,3.0,-0.17075408195,-0.12629314445,0.0877904052,1
7886,0.0,0.051568218400000004,3.0,-0.27350567459999997,-0.25686621185,0.0657192724,0
7887,0.0,0.0219627824,4.0,-0.1940431126,-0.1467531727,0.11256577304999998,1
7888,2.0,0.056944603149999995,2.0,-0.1748835157,-0.1503087211,0.08049607160000001,1
7889,1.0,0.0614072282,3.0,-0.1780062904,-0.15591265495,0.0727910675,1
7890,0.0,0.040929295049999995,2.0,-0.23908231315,-0.17963248315000002,0.0928798682,1
7891,1.0,0.02090856435,5.0,-0.2030625186,-0.15109183739999998,0.11863947105,1
7892,2.0,0.06589056225,4.0,-0.22567096585000002,-0.19808634995000002,0.06859211125,1
7893,0.0,0.0284116112,3.0,-0.314674573,-0.27507544085,0.09959735950000001,0
7894,2.0,0.0511070288,4.0,-0.1726882543,-0.1536696018,0.06394289435,1
7895,2.0,0.03236559965,4.0,-0.25808775135,-0.23846688515,0.0949683478,1
7896,0.0,0.029630924099999997,3.0,-0.2908258058,-0.2776709667,0.09329636420000001,0
7897,0.0,0.043630473749999996,4.0,-0.26137605249999996,-0.24749249935,0.08634958039999999,0
7898,1.0,0.0498875951,3.0,-0.22978714595,-0.17165390295,0.0735905272,1
7899,0.0,0.01639214965,2.0,-0.21302139720000002,-0.1512387747,0.10897175405,1
7900,0.0,0.02473857255,2.0,-0.216274525,-0.14801016449999999,0.09761327515,1
7901,0.0,-0.00824671995,1.0,-0.2360020672,-0.136520381,0.1459422654,0
7902,0.0,0.040635471,4.0,-0.3068753164,-0.2966112372,0.0683205533,1
7903,1.0,0.0315245094,3.0,-0.2200912349,-0.18844632449999998,0.09614115139999999,1
7904,2.0,0.0663946812,3.0,-0.25531652520000003,-0.077405931,0.054490270349999995,1
7905,2.0,0.06375800245,4.0,-0.1773985018,-0.15558361980000002,0.0784647194,1
7906,0.0,0.02360017975,4.0,-0.19348231725,-0.14560504565,0.1004008691,1
7907,2.0,0.0616709606,4.0,-0.1660566847,-0.15333748715,0.0706498407,1
7908,1.0,0.032398118249999996,3.0,-0.2155369096,-0.19126171720000001,0.100770829,1
7909,2.0,0.05913212885,5.0,-0.23250954224999998,-0.09983603355000001,0.0732499482,1
7910,0.0,0.03743524675,2.0,-0.2688758829,-0.24724364119999998,0.0852143472,0
7911,2.0,0.06495132525,6.0,-0.24483322964999998,-0.08039943815,0.06429842245,1
7912,0.0,0.0389797397,1.0,-0.2944315531,-0.25932398635,0.07798727445,0
7913,0.0,0.0314705275,3.0,-0.28015829130000003,-0.25902412555,0.09713423175000001,0
7914,2.0,0.056734383900000004,2.0,-0.22130171095,-0.19192367745,0.06004920169999999,1
7915,2.0,0.05937384095,4.0,-0.22285516,-0.1984498045,0.0592892597,1
7916,0.0,0.04638427805,1.0,-0.31608350755000003,-0.3029721385,0.06918568729999999,1
7917,0.0,0.0407759542,1.0,-0.30985909450000004,-0.30656095780000003,0.060731277150000006,1
7918,0.0,0.035051317400000004,3.0,-0.2907333844,-0.2796713888,0.077254352,0
7919,1.0,0.0351492813,3.0,-0.20330730055000001,-0.17235526099999998,0.09547918290000001,1
7920,1.0,0.0308455013,3.0,-0.21524883415,-0.1863066834,0.0969939414,1
7921,0.0,0.025480254049999998,2.0,-0.20639020185,-0.17453486195,0.10973319494999999,1
7922,0.0,0.027974632450000002,4.0,-0.21569835215,-0.1440563118,0.10086251710000001,1
7923,0.0,0.00958131345,1.0,-0.20304914485,-0.1450596825,0.12417803145,0
7924,1.0,0.039362304,3.0,-0.2289683025,-0.1558818128,0.08617873969999999,1
7925,0.0,0.039158944700000003,3.0,-0.28246497405000004,-0.24583957895,0.0607475264,1
7926,0.0,0.0411187376,3.0,-0.3106534016,-0.29422543535,0.0675292743,1
7927,0.0,0.02962013265,1.0,-0.34257870085,-0.3019411032,0.08004862515,0
7928,1.0,0.05605087745,3.0,-0.22285260825,-0.09985032455000001,0.0739419234,1
7929,1.0,0.04848732395,3.0,-0.19428147795,-0.16238623975,0.0735079381,1
7930,0.0,0.05089602765,4.0,-0.27693760219999997,-0.2055531995,0.07926564324999999,0
7931,1.0,0.0411000905,5.0,-0.20832349675,-0.16932015595,0.08087059475,1
7932,0.0,0.02913146305,3.0,-0.30363697580000004,-0.26651522829999996,0.08885339619999999,0
7933,0.0,0.0261581494,2.0,-0.20366672525,-0.15570598995,0.09285647165,1
7934,0.0,0.0405480659,4.0,-0.29714270325000003,-0.27788005940000005,0.06269445315,1
7935,0.0,0.040807770300000004,3.0,-0.3225426345,-0.28351157169999996,0.08367164665,0
7936,2.0,0.05394661985,4.0,-0.22595480685000002,-0.11107840869999999,0.0786444664,1
7937,0.0,0.0329111927,4.0,-0.30272510264999997,-0.2634142386,0.08808995214999998,0
7938,0.0,0.03147282085,1.0,-0.18201503125000001,-0.14595884975,0.09739472065,1
7939,2.0,0.0735121898,2.0,-0.18684495595,-0.1560902224,0.05305562225,1
7940,0.0,0.0273803491,4.0,-0.18463323185,-0.1451245546,0.1032579798,1
7941,0.0,0.03914636255,4.0,-0.30866425845,-0.30260829884999996,0.06737953045,1
7942,2.0,0.06098587745,4.0,-0.22758954615,-0.1185391929,0.06864746845,1
7943,0.0,0.03940690965,1.0,-0.2932147913,-0.28184501165,0.08481252115000001,0
7944,0.0,0.04122278315,3.0,-0.30399282260000005,-0.2974377599,0.06464876225,1
7945,0.0,0.023677900850000003,2.0,-0.2200751887,-0.12456452505,0.0987735667,1
7946,2.0,0.0568089646,6.0,-0.260815508,-0.0869944174,0.07777255645,1
7947,2.0,0.04835895205,2.0,-0.19532958104999998,-0.12742646415,0.0891153958,1
7948,0.0,0.030824178049999998,3.0,-0.30783261265,-0.25981635994999996,0.09429370385000001,0
7949,2.0,0.05692965065,2.0,-0.18100580379999998,-0.10161311635,0.08226450295000001,1
7950,2.0,0.05429872195,4.0,-0.21858619315,-0.14678593195,0.0861739114,1
7951,0.0,0.01944350405,3.0,-0.32682684935,-0.22351059764999998,0.10072036055,0
7952,1.0,0.05592620965,3.0,-0.21966496375,-0.09605962795,0.0736646358,1
7953,0.0,0.02948015555,1.0,-0.33073733790000004,-0.31765252359999996,0.0911311437,0
7954,0.0,0.039702555050000005,3.0,-0.29463409485000003,-0.23391290645,0.06081835945,1
7955,2.0,0.0443997519,4.0,-0.17585024105,-0.1158494987,0.08513170475000001,1
7956,0.0,0.02920154955,3.0,-0.3226070296,-0.3017168393,0.0936317156,0
7957,0.0,0.0232862486,4.0,-0.1716426158,-0.13958923569999998,0.08661102885,1
7958,1.0,0.061109438349999996,3.0,-0.19114660690000002,-0.113768708,0.07816991279999999,1
7959,2.0,0.0629300127,4.0,-0.2691165159,-0.10360485920000001,0.07462162515,1
7960,0.0,0.025272031299999997,4.0,-0.1997568867,-0.13461089565,0.11972387645,1
7961,0.0,0.0208003769,4.0,-0.21667794805,-0.12717077145,0.124828382,1
7962,0.0,0.02767697585,4.0,-0.1778643787,-0.14988801745000002,0.10097721495,1
7963,0.0,0.04091159625,3.0,-0.3164046588,-0.28192161530000004,0.07995056995,0
7964,2.0,0.04682214335,2.0,-0.1733153661,-0.1586146138,0.06807013705,1
7965,0.0,0.037755037350000006,3.0,-0.217917558,-0.183612407,0.09848971005,0
7966,2.0,0.03917893965,4.0,-0.19491347050000002,-0.16675951295,0.08134159839999999,1
7967,2.0,0.0522946297,4.0,-0.1648266662,-0.14892311495,0.07841479875,1
7968,2.0,0.037035221699999996,4.0,-0.20016752255,-0.16875503544999998,0.08182425100000001,1
7969,0.0,0.03226294975,3.0,-0.29076383475,-0.2254601945,0.08684172810000002,0
7970,0.0,0.0379493548,2.0,-0.32226428925,-0.2285077279,0.0757652447,0
7971,0.0,0.029432151650000002,4.0,-0.2890722441,-0.20732090715,0.0839514695,0
7972,0.0,0.037913846949999996,3.0,-0.26878552945,-0.24740843099999998,0.08316049730000001,0
7973,2.0,0.051131525,4.0,-0.19808915195,-0.1801668507,0.07515205785000001,1
7974,1.0,0.039421698049999995,3.0,-0.19862133935,-0.166392614,0.08458519,1
7975,0.0,0.0443574335,3.0,-0.27497722655,-0.2370084908,0.0727713408,0
7976,1.0,0.04845972255,3.0,-0.24444067065,-0.19524289350000001,0.07277425355,1
7977,2.0,0.04794536495,4.0,-0.2209390956,-0.09256025515,0.07432155909999999,1
7978,0.0,0.019799678799999998,2.0,-0.2100898393,-0.1820934142,0.1167168125,0
7979,0.0,0.01601299515,2.0,-0.1931074183,-0.15467643265,0.1111286753,1
7980,0.0,0.04448397355,3.0,-0.2831530956,-0.26011033910000003,0.06534995465,0
7981,0.0,0.0331258264,4.0,-0.32226142030000005,-0.25969729245,0.08832639090000001,0
7982,1.0,0.020814071,3.0,-0.1920752813,-0.14941152754999998,0.10344248525,1
7983,1.0,0.023278620450000002,3.0,-0.1997451749,-0.1605372297,0.11742939865,1
7984,1.0,0.0413772829,3.0,-0.22760158930000002,-0.19201295375,0.08045768385,1
7985,0.0,0.026283778299999998,3.0,-0.3154144014,-0.29428352955000003,0.10132705345,0
7986,0.0,0.00680415275,1.0,-0.21143228055,-0.17528327435000002,0.1260146284,0
7987,0.0,0.027262944650000002,3.0,-0.3323845334,-0.2984440466,0.0915171166,0
7988,1.0,0.0319464908,3.0,-0.21652958519999999,-0.16482170035,0.09351193285,1
7989,0.0,0.036536609,2.0,-0.2023828378,-0.1480777417,0.10113442780000001,1
7990,2.0,0.04200950185,4.0,-0.1562697496,-0.14824448875000001,0.06646588730000001,1
7991,1.0,0.030442243049999998,3.0,-0.22834033785,-0.15967095455,0.0912556722,1
7992,1.0,0.02435604785,3.0,-0.21359532535,-0.14521475385,0.09552347110000001,1
7993,1.0,0.01247766945,3.0,-0.22154509475,-0.1606889078,0.10877493615,1
7994,2.0,0.047702554300000005,4.0,-0.17011708525000002,-0.1518561449,0.08623319955,1
7995,1.0,0.01423935275,3.0,-0.23346992135,-0.1658069898,0.11338654804999998,1
7996,1.0,0.03206057155,5.0,-0.23560164975,-0.16373626575,0.09094408414999999,1
7997,0.0,0.04323483155,1.0,-0.31360792845,-0.3066532244,0.0600220927,1
7998,1.0,0.04453022455,3.0,-0.23090245445,-0.20113505485,0.07868605175,1
7999,0.0,0.0307995401,4.0,-0.3003918115,-0.25918254004999997,0.089249049,0
8000,0.0,0.0280750976,2.0,-0.18679442535000002,-0.1611042481,0.0934191944,1
8001,0.0,0.023641587999999998,1.0,-0.18894503899999998,-0.1597266162,0.11608555124999999,1
8002,0.0,0.027523741499999997,1.0,-0.20060167055,-0.1693031439,0.10936495495,1
8003,2.0,0.0447607438,2.0,-0.19565731414999998,-0.1715855401,0.0742273879,1
8004,0.0,0.01641221555,1.0,-0.2068768025,-0.1438438694,0.11940746284999999,0
8005,2.0,0.041834177550000004,4.0,-0.19730963715,-0.1855452934,0.07752879815,1
8006,0.0,-0.04353255835,3.0,-0.24555243205,-0.16050723385,0.17156191095,0
8007,2.0,0.06458673579999999,6.0,-0.2478519232,-0.1336288203,0.055749448,1
8008,2.0,0.070314951,4.0,-0.18128463205,-0.12325621179999999,0.0457699826,1
8009,0.0,0.021543157049999997,2.0,-0.20528613175,-0.13856385929999998,0.1003118528,1
8010,0.0,0.023327578850000003,4.0,-0.19559355295,-0.14737682775,0.09221526799999999,1
8011,0.0,0.01277017095,2.0,-0.20780254885,-0.14893314125,0.1025502317,1
8012,2.0,0.05761194575,4.0,-0.19615898765,-0.18132086355,0.0585891716,1
8013,2.0,0.05801733895,2.0,-0.2328216995,-0.22077005395,0.07460480009999998,1
8014,0.0,0.02880749975,2.0,-0.2115130524,-0.151252495,0.08709430395000001,1
8015,3.0,0.04838196565,5.0,-0.1846744773,-0.12585850145,0.0913854603,1
8016,0.0,0.042611121,3.0,-0.3354249744,-0.2942174676,0.0613807065,1
8017,0.0,0.037914995300000004,3.0,-0.3479840398,-0.30968646375,0.06734009599999999,1
8018,0.0,0.023961275599999998,1.0,-0.2328984509,-0.17811710060000002,0.09964342945,1
8019,1.0,0.0316638059,3.0,-0.21251636385,-0.16161968245000002,0.08769854165,1
8020,0.0,0.033307165550000004,4.0,-0.3102912039,-0.2527378957,0.085370683,0
8021,0.0,0.0366299411,2.0,-0.32792232224999995,-0.3055311449,0.09225790525000001,0
8022,0.0,0.028697731249999997,3.0,-0.31097973075,-0.2823123178,0.09008416550000001,0
8023,0.0,0.04548196325,3.0,-0.28785725745,-0.22852505094999997,0.07054686045,0
8024,2.0,0.0578427267,4.0,-0.150215348,-0.1465352124,0.0815354977,1
8025,1.0,0.0519136241,3.0,-0.18888379125,-0.1330522731,0.07552587695,1
8026,0.0,0.042685151399999996,1.0,-0.26320586985,-0.25257441515,0.07777619725,0
8027,0.0,0.0377740615,3.0,-0.3218517052,-0.30661692065,0.06463288475000001,1
8028,2.0,0.0443744162,4.0,-0.17826310365,-0.1232251698,0.08794129610000001,1
8029,2.0,0.056187488800000004,6.0,-0.2157430138,-0.0912499253,0.0746972935,1
8030,2.0,0.0566989358,4.0,-0.2395815825,-0.0975633692,0.07558486875,1
8031,0.0,0.0268659,4.0,-0.18644602675,-0.1379054274,0.10100003430000001,1
8032,0.0,0.032666350250000004,2.0,-0.20693950775,-0.179963467,0.09525633205,1
8033,0.0,0.0367166253,2.0,-0.2803684598,-0.26505585275,0.0855148253,0
8034,1.0,0.06606084479999999,3.0,-0.19899813075,-0.1654615364,0.0646027007,1
8035,0.0,-0.0131245565,1.0,-0.25037979525,-0.18117856329999998,0.1317713688,0
8036,0.0,-0.028168064649999998,1.0,-0.27600290225,-0.21288168165,0.14183597635,0
8037,0.0,0.01911858795,1.0,-0.2892929439,-0.252209793,0.11896715995000001,0
8038,2.0,0.0346184078,4.0,-0.14742074645,-0.10455925325,0.09892675995,1
8039,2.0,0.027699240649999998,4.0,-0.15775210755000002,-0.12575719685,0.08718984660000001,1
8040,1.0,0.05044913945,3.0,-0.27328331325,-0.2629040211,0.060637831700000006,0
8041,0.0,0.03663750165,2.0,-0.1890086279,-0.1387226183,0.08563277185,1
8042,2.0,0.06273934655,4.0,-0.240877923,-0.2194836957,0.07277317875,1
8043,2.0,0.04987074475,4.0,-0.2096510116,-0.18257742505000002,0.0738607897,1
8044,2.0,0.05897013875,4.0,-0.20971268035,-0.1746240465,0.06526573064999999,1
8045,2.0,0.0580259098,4.0,-0.19348019195,-0.16898248775,0.06848409305,1
8046,1.0,0.0515488591,3.0,-0.2501083389,-0.245007588,0.08443945394999999,1
8047,0.0,0.0162134879,3.0,-0.34473320009999997,-0.32405160239999997,0.11793161320000001,0
8048,0.0,0.0412377156,3.0,-0.3026387765,-0.28874034565,0.07754850564999999,0
8049,1.0,0.05389572725,3.0,-0.2536376749,-0.24379995924999998,0.06450484425,1
8050,2.0,0.0623632138,4.0,-0.20955681785000002,-0.16885347725,0.04864565555,1
8051,1.0,0.04189581865,3.0,-0.19183700435,-0.18066792934999998,0.07318873795,1
8052,0.0,0.022111284250000002,2.0,-0.21381956245,-0.15642515895,0.08642023425,1
8053,1.0,0.0514507412,3.0,-0.28583391145000003,-0.24584477335,0.061339591400000004,0
8054,0.0,0.045431070000000004,4.0,-0.28068177385000004,-0.24518857245,0.07215627894999999,0
8055,2.0,0.053899473899999994,4.0,-0.2166303838,-0.1757549626,0.06342397455,1
8056,0.0,0.02889899105,2.0,-0.19503900815,-0.14583767595,0.09930706909999999,1
8057,1.0,0.02830049205,3.0,-0.20021759165,-0.15310975005,0.09700612724999999,1
8058,0.0,0.03469270765,4.0,-0.2922299256,-0.2349360339,0.08540387854999999,0
8059,0.0,0.03890992075,1.0,-0.29197978194999996,-0.24129035199999999,0.08849137025,0
8060,1.0,0.05523705615,3.0,-0.18683785284999999,-0.1779828611,0.0713367546,1
8061,0.0,0.037808781799999996,3.0,-0.30235552025,-0.26733073905,0.08045680934999999,0
8062,0.0,0.010898525499999999,2.0,-0.2160999123,-0.15514227645,0.1173739024,0
8063,1.0,0.0269768922,3.0,-0.1966385554,-0.15025316815,0.0968369828,1
8064,2.0,0.07491919385000001,1.0,-0.18147754785,-0.1658120567,0.051159024199999986,1
8065,0.0,0.023110396050000002,2.0,-0.2133918186,-0.150777681,0.0934981215,1
8066,2.0,0.05626362285,4.0,-0.15838655029999998,-0.12131945815,0.0720646731,1
8067,0.0,0.0466818078,1.0,-0.30315759955,-0.29102248305,0.06998177850000001,0
8068,2.0,0.04247846715,2.0,-0.21305340295,-0.18409064675,0.08083935565,1
8069,0.0,0.029482307149999998,6.0,-0.20244521155,-0.15175064565000002,0.09076416785,1
8070,1.0,0.03303450445,5.0,-0.2038683259,-0.1539124023,0.08318800015,1
8071,0.0,0.02342336185,3.0,-0.29982349015,-0.29253266494999997,0.09422644955000001,0
8072,0.0,0.0394585898,1.0,-0.2872291959,-0.27920884725,0.0714975806,0
8073,0.0,0.0287852284,2.0,-0.1985627978,-0.1424864607,0.07610331825,1
8074,1.0,0.0350290803,3.0,-0.21792935205,-0.15240722,0.0896554896,1
8075,1.0,0.029310581750000002,3.0,-0.20331303345,-0.14039878919999998,0.0917611809,1
8076,1.0,0.02269111905,3.0,-0.23430145485,-0.17317099555,0.09873142365,1
8077,0.0,0.0390484782,4.0,-0.32996542615,-0.2960724327,0.06130093195,1
8078,0.0,0.04662279625,1.0,-0.32390257344999995,-0.3032286146,0.06538380145,1
8079,2.0,0.05903157665,2.0,-0.2246702233,-0.20169084539999999,0.07166370125,1
8080,1.0,0.0502018087,3.0,-0.3077429028,-0.2929197394,0.061602866049999996,0
8081,0.0,0.01672305265,2.0,-0.20782596250000002,-0.16472084385,0.10825169409999999,1
8082,0.0,-0.03930800595,3.0,-0.22354316705,-0.14826807074999998,0.1775326593,0
8083,4.0,-0.0771844946,5.0,-0.1361679377,-0.0937768645,0.0576056219,1
8084,0.0,0.047262050050000004,3.0,-0.27494173705,-0.2671886458,0.0602237045,0
8085,0.0,0.019979531949999997,6.0,-0.20687705010000002,-0.11801532035,0.11681559495,0
8086,1.0,0.0620343453,3.0,-0.20796941019999998,-0.1903971724,0.05285222695,1
8087,0.0,0.05805070649999999,3.0,-0.27733404824999996,-0.25126400969999996,0.06536080600000001,0
8088,1.0,0.05577335395,5.0,-0.20178686075000002,-0.17913522999999998,0.05822447875,1
8089,0.0,0.03653555155,3.0,-0.3027950293,-0.28969963384999997,0.08877548560000001,0
8090,0.0,0.0340989561,3.0,-0.289437118,-0.2720960467,0.08230622309999999,0
8091,0.0,0.0410694512,3.0,-0.3072513039,-0.29391714965000004,0.0582978414,1
8092,0.0,0.035633755899999994,4.0,-0.32960097025,-0.30512343155,0.06186353309999999,1
8093,0.0,0.0232390455,2.0,-0.1915095443,-0.1682452827,0.09199411945,1
8094,0.0,0.016708157100000003,1.0,-0.2357117346,-0.18668246775,0.11759655834999999,0
8095,1.0,0.037294942799999994,3.0,-0.2007215138,-0.16758452335000001,0.0739695876,1
8096,2.0,0.053047061,4.0,-0.200059717,-0.16492371625,0.06085076725000001,1
8097,0.0,0.0287121245,3.0,-0.3326532076,-0.31573937240000005,0.09708775775,0
8098,0.0,0.0149530823,1.0,-0.21937375250000002,-0.13181022825,0.12855706984999998,0
8099,0.0,0.0433551086,1.0,-0.30246694795,-0.2934850594,0.055465902649999996,1
8100,0.0,0.03875810455,3.0,-0.30114514015,-0.29712494255,0.060000899249999996,1
8101,2.0,0.055775059,4.0,-0.2488808406,-0.22213942375,0.07247892130000001,1
8102,2.0,0.05503338225,4.0,-0.2285503404,-0.18935487055,0.0697267179,1
8103,1.0,0.0231187099,3.0,-0.21734173499999998,-0.1476092321,0.09550322024999999,1
8104,1.0,0.06342004635000001,3.0,-0.23121884705,-0.20411866725,0.056004737549999996,1
8105,1.0,0.01414509125,3.0,-0.20014861125,-0.1505956538,0.10166064265,1
8106,0.0,0.035199459,3.0,-0.3019755088,-0.29617139375,0.08887899599999999,0
8107,2.0,0.054766658100000004,4.0,-0.17212025265,-0.1648688115,0.0880274892,1
8108,0.0,0.042486686100000004,3.0,-0.2995544417,-0.2875856721,0.06956334535,0
8109,0.0,0.040437309,4.0,-0.30396737149999997,-0.2814916548,0.08495180114999999,0
8110,0.0,0.0330407801,3.0,-0.3102500546,-0.24343057195,0.09797265955000001,0
8111,0.0,0.04159040785,3.0,-0.3027582863,-0.27910701005,0.08248397865,0
8112,0.0,0.038291739549999995,3.0,-0.2993058822,-0.27783785995,0.08362375005,0
8113,1.0,0.05011946075,3.0,-0.1395794472,-0.12539348114999999,0.05955179299999999,1
8114,0.0,0.02094077385,4.0,-0.17177801635,-0.15443814435,0.08189673174999999,1
8115,0.0,0.0180093094,4.0,-0.1693759973,-0.15434875004999998,0.08960223995,1
8116,0.0,0.02938148455,3.0,-0.28214417194999997,-0.26720036859999996,0.0934637563,0
8117,0.0,0.010801644,3.0,-0.16697060855,-0.1323976943,0.13204761415,0
8118,0.0,0.03788911785,4.0,-0.29956258105,-0.29124655745,0.05137100135,1
8119,0.0,0.0315997045,2.0,-0.18884259245,-0.17792832975,0.08109883520000001,1
8120,0.0,0.038402287199999996,3.0,-0.30891044074999996,-0.2190488298,0.09036640585,0
8121,1.0,0.026864342649999998,3.0,-0.1930474788,-0.14734235364999998,0.08932485814999999,1
8122,0.0,0.0367125306,3.0,-0.30348434015,-0.2986826629,0.059981668749999995,1
8123,3.0,0.06066364985,3.0,-0.19685653395000002,-0.1669238871,0.06693696245,1
8124,0.0,0.03864673515,3.0,-0.30339589364999997,-0.28408324455,0.07913201245,0
8125,3.0,0.05549356045,3.0,-0.1765990899,-0.14527286675,0.0691739153,1
8126,1.0,0.0587257004,3.0,-0.19789669685,-0.181187146,0.05795940945,1
8127,1.0,0.038084424549999996,3.0,-0.20183894055,-0.18425157715,0.10272869215,1
8128,2.0,0.05351817585,3.0,-0.28530069385,-0.22472140024999998,0.07808186975,0
8129,2.0,0.059919290050000004,4.0,-0.1944208288,-0.18611823719999998,0.054451130449999996,1
8130,0.0,0.02747136645,1.0,-0.22722715415,-0.1818083033,0.10503694820000001,0
8131,1.0,0.0370450059,3.0,-0.22267353880000001,-0.16166417045,0.070209415,1
8132,0.0,0.04537895415,3.0,-0.3275769989,-0.30977384555,0.05360145625,1
8133,0.0,0.0458954308,1.0,-0.30017903560000003,-0.27775617750000003,0.076883115,0
8134,0.0,0.034376756,3.0,-0.2893822788,-0.2594098182,0.0870629807,0
8135,2.0,0.05550664885000001,2.0,-0.16163872705,-0.1528222719,0.04729200225,1
8136,0.0,0.0458896259,3.0,-0.31718998715,-0.2896497734,0.07881644524999999,0
8137,0.0,0.02769666975,4.0,-0.19300755619999999,-0.1480621778,0.08369960135,1
8138,0.0,0.0443730824,4.0,-0.27610987055,-0.2522224267,0.08898452785,0
8139,3.0,0.06809256115000001,5.0,-0.1714377641,-0.12470582945,0.045303917699999995,1
8140,0.0,0.02989248185,3.0,-0.32630632304999996,-0.3131567368,0.06950979670000001,1
8141,0.0,0.03839372225,2.0,-0.2867029171,-0.27373485535,0.07768367255,0
8142,0.0,0.03147436525,3.0,-0.3000040315,-0.263975069,0.087927703,0
8143,0.0,0.035011424,3.0,-0.3557457142,-0.30535817155,0.05990894965,1
8144,0.0,-0.00601660215,4.0,-0.21953192929999998,-0.15678159495,0.1408504031,0
8145,0.0,0.025632335,4.0,-0.2043013041,-0.14785929775,0.07444585025,1
8146,2.0,0.04004216135,4.0,-0.20916262395000002,-0.18951538140000002,0.0702456898,1
8147,0.0,0.04033417295,1.0,-0.3032345065,-0.29306120395,0.07615519545,0
8148,1.0,0.062364549650000004,1.0,-0.15250046115,-0.1010629696,0.06526194704999999,1
8149,0.0,0.061465048450000004,2.0,-0.23009430705,-0.18917437915000002,0.0567885515,1
8150,0.0,0.03026664355,1.0,-0.33912200309999996,-0.3321948586,0.08199997985,0
8151,2.0,0.0489426243,2.0,-0.19558910410000002,-0.1428168366,0.07740220009999998,1
8152,0.0,0.03865437805,2.0,-0.18566146765000002,-0.1155780518,0.0843135797,1
8153,1.0,0.055249967100000005,3.0,-0.14219363755,-0.10121738055,0.07543372305000001,1
8154,0.0,0.0387196895,2.0,-0.18784518595,-0.11525144725,0.08471260875,1
8155,1.0,0.05006603775,3.0,-0.16288579485,-0.12560817940000002,0.07812059815,1
8156,1.0,0.06071984785,3.0,-0.19648374475,-0.15448807409999998,0.071343463,1
8157,0.0,0.02175021445,3.0,-0.30379656915,-0.29453300309999997,0.09914591035,0
8158,0.0,0.0005161726500000001,3.0,-0.17324645945,-0.13825600635000002,0.13099309860000002,0
8159,1.0,0.0455709694,3.0,-0.1773834452,-0.11177364635,0.08371186374999999,1
8160,0.0,0.052807110500000004,2.0,-0.25438394405000003,-0.20667398995,0.08676201025,0
8161,0.0,0.047017651699999996,2.0,-0.17612220285000002,-0.1299104012,0.08642255979999999,1
8162,0.0,0.05257412255,2.0,-0.18198296095,-0.1323069938,0.07934520540000002,1
8163,0.0,0.03403687525,4.0,-0.1799284155,-0.1314485441,0.103778111,1
8164,1.0,0.05149196435,3.0,-0.16914202890000002,-0.1560576787,0.08691641694999999,1
8165,0.0,0.0389340209,2.0,-0.19958238065,-0.11931973065,0.08769109380000001,1
8166,1.0,0.04164095925,3.0,-0.1841346873,-0.1246071835,0.08838288550000001,1
8167,0.0,-0.02572245685,5.0,-0.19898022725,-0.1576012325,0.1553445611,0
8168,0.0,-0.00709786175,3.0,-0.21721682335,-0.19802375789999999,0.135015243,0
8169,0.0,0.0289437127,2.0,-0.20552463675,-0.12418486645,0.10340218995,1
8170,0.0,0.04064077255,4.0,-0.24378213255,-0.19505698065,0.0690946503,1
8171,0.0,0.036239645550000005,4.0,-0.2858098203,-0.20306107055,0.0714404182,1
8172,0.0,0.0008711065,4.0,-0.1820383398,-0.13887522835,0.13145731160000002,0
8173,2.0,0.06267403915,2.0,-0.12181980395,-0.09674512725000001,0.06304619719999999,1
8174,0.0,0.03536186425,3.0,-0.29684279645,-0.2888401001,0.0894605424,0
8175,1.0,0.04257985295,3.0,-0.1846182397,-0.12370450834999999,0.09004474585,1
8176,0.0,0.03605304055,3.0,-0.3422802852,-0.24297673855000002,0.08029306750000001,0
8177,1.0,0.061650973100000006,3.0,-0.13573308960000002,-0.10215213385,0.07983869865000001,1
8178,1.0,0.04603944605,3.0,-0.20825307505,-0.13240410554999998,0.0927083253,1
8179,0.0,0.0311185503,3.0,-0.3404005439,-0.27159547959999997,0.08964913845,0
8180,0.0,0.026659525500000003,3.0,-0.19428149700000003,-0.08668205635000001,0.11127565025,0
8181,0.0,-0.00787031275,3.0,-0.16923580864999999,-0.1345478839,0.14094301235,0
8182,1.0,0.0489387627,3.0,-0.2096285975,-0.12708700480000001,0.08676763850000001,1
8183,1.0,0.0588687784,3.0,-0.20502260675,-0.10288335900000001,0.06967595655,1
8184,0.0,0.036027793749999995,4.0,-0.1544903111,-0.09176714485000001,0.08909407690000001,1
8185,1.0,0.04098271195,5.0,-0.16618863550000001,-0.11244387015,0.095011821,1
8186,0.0,0.0425789902,2.0,-0.1180116241,-0.09745419265,0.0903542551,1
8187,1.0,0.0435095541,3.0,-0.19690454195,-0.11547549630000001,0.08707926634999999,1
8188,1.0,0.0461906795,3.0,-0.2058282686,-0.10484236975,0.08902096395,1
8189,1.0,0.037482951449999996,3.0,-0.15987755675,-0.08792052385,0.08818487680000002,1
8190,0.0,0.06520927605,3.0,-0.18112140459999998,-0.1736986204,0.058447856199999995,1
8191,0.0,0.0317446937,1.0,-0.2983758579,-0.27074128075000004,0.08558479515,0
8192,1.0,0.05150794235,3.0,-0.2133337324,-0.1359034054,0.0859648304,1
8193,1.0,0.06951354515,1.0,-0.20762012065000002,-0.14890841100000002,0.06493420794999999,1
8194,0.0,-0.0044916124,1.0,-0.1776027958,-0.1446654997,0.13851129885000002,0
8195,1.0,0.044216525199999995,3.0,-0.138260706,-0.09629858245,0.09460882404999998,1
8196,1.0,0.06252768495,1.0,-0.2049817381,-0.15078463344999998,0.06456296445000001,1
8197,0.0,0.0224701837,2.0,-0.2023479667,-0.1478375113,0.11159540455,0
8198,0.0,0.05018185535,1.0,-0.15048229810000002,-0.1212397794,0.09004928905000001,1
8199,0.0,0.01615507795,2.0,-0.16847033185,-0.11909510840000001,0.11684281140000001,0
8200,0.0,-0.00368675475,1.0,-0.1802687188,-0.1513957333,0.14402668635,0
8201,0.0,0.03411725275,3.0,-0.23655802325,-0.11683547520000001,0.1131665076,1
8202,1.0,0.06346601909999999,3.0,-0.2056155677,-0.12587976765,0.06494629095000001,1
8203,1.0,0.052704637750000005,5.0,-0.14082266259999998,-0.111613567,0.08185945724999999,1
8204,1.0,0.05790166015,1.0,-0.1917824068,-0.1320384833,0.07059082030000001,1
8205,0.0,0.0336741832,2.0,-0.1484576688,-0.13193422315,0.08866573945,1
8206,1.0,0.05279559315,3.0,-0.1827697283,-0.1457109054,0.0724732595,1
8207,1.0,0.052399903299999995,3.0,-0.1995394755,-0.15653764265,0.07991979975,1
8208,1.0,0.05819134395,3.0,-0.21847247225,-0.13888308545,0.0648533249,1
8209,1.0,0.05316838205,3.0,-0.15569694239999998,-0.1113811859,0.07855308650000001,1
8210,2.0,0.0556820896,3.0,-0.26684232620000004,-0.20374954480000002,0.0771228965,0
8211,0.0,0.00302057815,2.0,-0.2109869052,-0.16021051155,0.1205129728,1
8212,0.0,0.02549866735,3.0,-0.34170337895,-0.3243270897,0.09667909875000001,0
8213,1.0,0.0472091901,5.0,-0.27601856185,-0.2396579445,0.0765802032,1
8214,0.0,0.0534579327,3.0,-0.28986597525,-0.21772491215,0.06070509269999999,0
8215,1.0,0.0350770776,3.0,-0.24676781825,-0.13740846025,0.1056000255,1
8216,1.0,0.06883138565,3.0,-0.12884040495,-0.09780073765,0.055236968100000006,1
8217,0.0,0.047829370149999995,5.0,-0.29718411899999997,-0.28093060410000004,0.058420708550000006,0
8218,0.0,0.04673546095,1.0,-0.29380588585,-0.2472714435,0.06571662149999999,0
8219,1.0,0.0311219403,3.0,-0.1973796946,-0.13791978625,0.0996671469,1
8220,0.0,-0.016960066750000002,2.0,-0.20371678075,-0.11823010345000001,0.15802564575,0
8221,2.0,0.02317184745,2.0,-0.2226720002,-0.20795798869999998,0.085163095,1
8222,1.0,0.05080752105,3.0,-0.25679404625,-0.23110298099999999,0.09323003084999999,1
8223,0.0,0.027047895199999998,3.0,-0.27828464365,-0.2372116731,0.0796256342,0
8224,0.0,0.030818451150000002,3.0,-0.3398834742,-0.24933841545000002,0.08923876424999999,0
8225,1.0,0.06773922405,3.0,-0.15358595165,-0.1124203271,0.069744207,1
8226,0.0,0.02846352575,2.0,-0.1439417543,-0.126439469,0.11252691475000001,1
8227,0.0,0.0420476432,2.0,-0.1907638123,-0.10903357150000001,0.08870861739999998,1
8228,0.0,0.04512588805,1.0,-0.16842779275,-0.09870290895,0.08783927835000001,1
8229,1.0,0.04564882515,3.0,-0.16997138925,-0.11947328345,0.08540293915,1
8230,1.0,0.06572467245,3.0,-0.1457038429,-0.08605267550000001,0.0715497987,1
8231,0.0,0.0411880848,3.0,-0.11805370255,-0.1064620813,0.09761403830000001,1
8232,0.0,0.0223459241,6.0,-0.2121258151,-0.1276426565,0.10602517205,0
8233,0.0,-0.0232939133,5.0,-0.2203425235,-0.1546909816,0.1528170276,0
8234,1.0,0.0735728809,3.0,-0.12852755,-0.09254144805,0.059626860049999994,1
8235,0.0,-0.0038627071,3.0,-0.2430177139,-0.1586299667,0.14393047185000002,0
8236,2.0,0.05213628085,2.0,-0.22563899705,-0.10094627605,0.08004350125000001,1
8237,1.0,0.0326603529,2.0,-0.2516211928,-0.17384688075,0.10313285615,0
8238,1.0,0.059409929400000006,5.0,-0.24032384105,-0.12073293895000001,0.0637883387,1
8239,0.0,0.03809361365,2.0,-0.12086634195,-0.09932313755,0.08928314369999998,1
8240,1.0,0.05019888535,3.0,-0.1547187584,-0.1118446136,0.0764276022,1
8241,0.0,0.02297897,4.0,-0.3168888029,-0.2677826899,0.10392481419999999,0
8242,0.0,0.0126136461,2.0,-0.22705808755,-0.1890352218,0.12783185489999999,1
8243,0.0,0.02581870835,2.0,-0.21589399674999998,-0.147015013,0.0862777545,1
8244,0.0,0.029821410950000002,4.0,-0.23572652625,-0.17416060605,0.0974083054,1
8245,0.0,0.0111206017,2.0,-0.2231495137,-0.13867318164999998,0.12491692615000001,0
8246,1.0,0.0553548371,3.0,-0.2051776182,-0.11023194929999999,0.06706728840000001,1
8247,0.0,0.031850022150000004,4.0,-0.3257094127,-0.3130401413,0.08994197865,0
8248,1.0,0.03681987305,3.0,-0.1774049231,-0.10838580580000001,0.1047151951,1
8249,2.0,0.05841536405,4.0,-0.14834782880000003,-0.12382998885,0.07871402389999999,1
8250,0.0,0.0065721309499999995,1.0,-0.22080937239999998,-0.16039965815,0.11964691670000001,0
8251,0.0,-0.00128653025,5.0,-0.20603433475,-0.17145448195000002,0.12874349495,0
8252,0.0,0.0453672511,2.0,-0.16205492575,-0.1015371478,0.0766602906,1
8253,0.0,-0.06126346145,3.0,-0.2248412789,-0.1883554844,0.18825001645,0
8254,0.0,0.0071255922,1.0,-0.2127613137,-0.15375948745,0.125529721,0
8255,1.0,0.07405917865,3.0,-0.1544963634,-0.11017458125,0.06342364140000001,1
8256,1.0,0.06610979189999999,4.0,-0.13850829825,-0.09656362805,0.07384131055,1
8257,1.0,0.05197313025,3.0,-0.17681895585000001,-0.11687070005,0.07295402745000001,1
8258,1.0,0.0603536689,3.0,-0.15339196255,-0.127457969,0.07766083195,1
8259,1.0,0.05293565075,3.0,-0.163565515,-0.1233949228,0.0876029737,1
8260,2.0,0.055333259499999995,2.0,-0.2243330225,-0.16990810875,0.05072216944999999,1
8261,0.0,0.06065172170000001,3.0,-0.2264703546,-0.2010966263,0.051997059799999995,1
8262,0.0,0.05572324495,3.0,-0.263133967,-0.2349031574,0.0752712487,0
8263,0.0,-0.00367584805,2.0,-0.21730347825000002,-0.15850573974999999,0.1336906082,0
8264,0.0,0.03266032175,2.0,-0.18794375265000002,-0.11246946415,0.0924831842,1
8265,1.0,0.0422273978,3.0,-0.1926478842,-0.1354960026,0.10287177659999999,1
8266,0.0,0.0253832483,2.0,-0.19104583614999998,-0.1486851992,0.10040734185,1
8267,1.0,0.052235137550000005,3.0,-0.14529854505,-0.10738000284999999,0.08536503195,1
8268,1.0,0.0635077834,2.0,-0.15109261395,-0.10402688239999999,0.0693426453,1
8269,0.0,0.055829486250000004,4.0,-0.1504737734,-0.1006744693,0.08076640169999999,1
8270,0.0,0.0290531858,2.0,-0.18838462775,-0.11960344889999999,0.10828195639999999,1
8271,1.0,0.05121557755,3.0,-0.1793188134,-0.1244394778,0.08475412019999999,1
8272,0.0,0.040993632249999995,2.0,-0.17767211075,-0.08867127895,0.100864367,1
8273,0.0,0.02172135445,1.0,-0.33086052590000004,-0.258751152,0.10784697255,0
8274,0.0,0.03764787905,4.0,-0.17798811155,-0.1099227914,0.09884038195,1
8275,0.0,0.047042456149999995,2.0,-0.17257703065000002,-0.08985618715,0.09547658215,1
8276,1.0,0.033537933049999996,3.0,-0.1770328465,-0.12873557295,0.0888678293,1
8277,0.0,0.01488186955,4.0,-0.1876376851,-0.1332444569,0.12559020575,1
8278,1.0,0.043848063650000005,5.0,-0.13659479545,-0.12224510165,0.09186936065000001,1
8279,0.0,0.0514740485,4.0,-0.26397748195,-0.20370938095000002,0.0813382804,0
8280,0.0,0.0416267336,3.0,-0.30764519115,-0.23493941255,0.0834597352,0
8281,1.0,0.0468852788,3.0,-0.16630085449999998,-0.11696239915000001,0.08733326225,1
8282,0.0,0.04624785905,4.0,-0.26802970905,-0.256841704,0.06971382674999999,0
8283,1.0,0.04775167225,3.0,-0.2001499327,-0.1638018518,0.1001838758,1
8284,2.0,0.06290946595,3.0,-0.15679909795,-0.08598555645,0.07330475219999999,1
8285,0.0,0.0531966453,4.0,-0.152224134,-0.09407824925,0.0875038222,1
8286,0.0,0.05603328885,2.0,-0.13566799045,-0.10676191204999999,0.0865489925,1
8287,0.0,0.02014464355,3.0,-0.3477002576,-0.3126338855,0.11428770690000001,0
8288,0.0,0.0362561191,3.0,-0.29723405435,-0.27944791275,0.07558794379999999,0
8289,0.0,-0.00404586275,2.0,-0.22976188935,-0.1710402132,0.1429782898,0
8290,0.0,0.037771974550000004,2.0,-0.1899110752,-0.13532106700000002,0.09870148000000001,1
8291,0.0,0.0360877292,3.0,-0.27479079935,-0.2682361109,0.08335626905,0
8292,0.0,0.018505106049999998,6.0,-0.18061461865,-0.09491235449999999,0.10864810195,1
8293,0.0,0.04894200045,4.0,-0.2575513108,-0.235794906,0.0802120608,0
8294,0.0,0.03078539055,1.0,-0.34321830025,-0.32889151785,0.09957202435,0
8295,0.0,0.04200114645,3.0,-0.2260907349,-0.19298537924999998,0.06755516635,1
8296,1.0,0.06607290469999999,3.0,-0.14065809805,-0.10971509505,0.07554910795,1
8297,0.0,0.035513585599999994,2.0,-0.27838418065000003,-0.27714606264999997,0.08047991180000001,0
8298,1.0,0.05798366835,3.0,-0.1478629777,-0.12018174345,0.07300041805,1
8299,0.0,0.02973524785,2.0,-0.14477220525,-0.12005388935,0.1063222887,1
8300,1.0,0.04259177415,3.0,-0.19943466259999998,-0.12474983515,0.10107286665,1
8301,0.0,0.0630361685,2.0,-0.26473600789999996,-0.22146295985,0.06283757925,0
8302,1.0,0.05435118975,3.0,-0.2137202325,-0.14190994725,0.07131840075,1
8303,0.0,0.00529603405,6.0,-0.21948847215,-0.1568915277,0.1381556879,0
8304,0.0,0.029012364,2.0,-0.30154927395,-0.2725033848,0.0964340784,0
8305,0.0,0.035729275899999996,4.0,-0.17931654065000002,-0.0885456009,0.1065895225,1
8306,0.0,0.028177684100000003,3.0,-0.29370371985,-0.23723741729999998,0.085435139,0
8307,0.0,0.033863447549999995,3.0,-0.3092186886,-0.29890842705,0.0920733745,0
8308,1.0,0.057955453,4.0,-0.1361094455,-0.09252044545,0.07431930070000001,1
8309,2.0,0.0559845831,2.0,-0.1887224679,-0.1393393234,0.06730854475,1
8310,0.0,-0.030989640399999997,1.0,-0.18562032255,-0.16365364755,0.15642475695000002,0
8311,0.0,0.04115896685,2.0,-0.19553377695000002,-0.11485620105,0.08875292535,1
8312,0.0,-0.03357974,1.0,-0.19787832319999998,-0.17769085195,0.1536140375,0
8313,1.0,0.04504509165,3.0,-0.19387323210000001,-0.13181437235,0.0862831322,1
8314,0.0,0.0386731503,2.0,-0.19581943145,-0.11329419199999999,0.09488395725,1
8315,1.0,0.04176341885,3.0,-0.19754544759999998,-0.12385959315,0.09614981049999999,1
8316,1.0,0.0672518486,4.0,-0.12084143589999999,-0.09246814275,0.06648805205,1
8317,0.0,0.039159076699999996,3.0,-0.27206025795,-0.26438743675,0.09549077665,0
8318,0.0,0.02344966985,3.0,-0.308379937,-0.2867598094,0.10376183514999998,0
8319,1.0,0.0515783506,3.0,-0.20025073980000002,-0.0961508524,0.08155393699999999,1
8320,1.0,0.03480995155,3.0,-0.16291167965,-0.0860873839,0.09771747659999999,1
8321,0.0,0.045379415549999996,1.0,-0.31508692835,-0.22402016735,0.0695172976,0
8322,2.0,0.0569459831,2.0,-0.14069087,-0.0920675589,0.08019110935,1
8323,1.0,0.02976555925,3.0,-0.1909505151,-0.1046659414,0.1041380365,1
8324,1.0,0.04895128695,3.0,-0.16694201005,-0.14950319039999999,0.08277623899999999,1
8325,1.0,0.038314060600000005,3.0,-0.1839073313,-0.11191171255,0.0964375819,1
8326,0.0,0.03381037365,2.0,-0.18839912199999997,-0.126408841,0.10641470889999999,1
8327,0.0,0.02823437645,4.0,-0.1386449617,-0.12802429955,0.11173747315000002,1
8328,0.0,0.0186992803,1.0,-0.2663690404,-0.2012139041,0.10909397195000001,0
8329,1.0,0.05999803295,3.0,-0.14567087645,-0.10240072755,0.07412428369999999,1
8330,0.0,0.026030047299999998,3.0,-0.2092673219,-0.14963064580000002,0.10964525405,0
8331,0.0,0.031482202699999996,3.0,-0.2844599994,-0.2774093272,0.08667321380000001,0
8332,0.0,0.03250290915,1.0,-0.33037650910000005,-0.27004431004999996,0.08958023400000001,0
8333,1.0,0.058486738450000006,3.0,-0.14668400669999998,-0.09865613305,0.08108063874999999,1
8334,0.0,0.02511245545,2.0,-0.20022287454999999,-0.11536019885,0.11284143020000001,1
8335,1.0,0.06532876544999999,2.0,-0.13417354505,-0.10013306945,0.0653992334,1
8336,0.0,0.04171674385,2.0,-0.18963550764999998,-0.12200211645,0.08865002055000001,1
8337,1.0,0.06345871315,3.0,-0.13227626120000002,-0.09891922880000001,0.06658558114999999,1
8338,0.0,0.040621736549999996,1.0,-0.3285121125,-0.30605307044999996,0.0785054491,0
8339,1.0,0.05143497035,3.0,-0.17590915625,-0.11643537075,0.08864197715000001,1
8340,0.0,0.0383950151,3.0,-0.31386079705000003,-0.29875558420000004,0.0836229484,0
8341,0.0,-0.0007534064499999999,1.0,-0.2124292273,-0.1506724462,0.13492464415,0
8342,2.0,0.07095024835,4.0,-0.12442793695,-0.08294035375,0.05897460335000001,1
8343,0.0,0.04238702935,3.0,-0.30051118305,-0.287015634,0.07722326785,0
8344,0.0,0.01610634805,2.0,-0.22200930819999998,-0.11788319035,0.12007366605000001,0
8345,0.0,0.040832524,2.0,-0.2204416426,-0.19180656155,0.06802028134999999,1
8346,0.0,0.017550597850000002,1.0,-0.187517197,-0.116614362,0.11491507734999999,1
8347,1.0,0.05678687515,4.0,-0.25932555695000004,-0.2220237764,0.049973694,1
8348,1.0,0.02804866425,3.0,-0.25951660175,-0.16709356335,0.11359880945,1
8349,1.0,0.049934541900000004,5.0,-0.14527247305000002,-0.1333917598,0.08455508715000001,1
8350,1.0,0.04591657435,3.0,-0.12936953535,-0.10843891189999999,0.08541716575,1
8351,1.0,0.06236232095,3.0,-0.18836075685,-0.0906374085,0.0740880335,1
8352,0.0,-0.027180072149999998,1.0,-0.20540753844999998,-0.1814167472,0.14597641649999998,0
8353,1.0,0.059353349599999994,3.0,-0.21258833,-0.15914244560000002,0.06844590165000002,1
8354,1.0,0.0493871153,3.0,-0.17564725544999998,-0.1238293924,0.07547329450000001,1
8355,0.0,0.0406626004,4.0,-0.22994125869999998,-0.16325936675000002,0.09525114885,1
8356,2.0,0.0624588907,2.0,-0.11539452385,-0.0865009209,0.06933616704999998,1
8357,0.0,0.0454437744,2.0,-0.190670375,-0.11423415184999999,0.08355541335,1
8358,1.0,0.06534931945,3.0,-0.18613445455,-0.10777368749999999,0.06481469875000001,1
8359,1.0,0.044878859349999994,5.0,-0.18311083015000001,-0.12197529835,0.08357589055,1
8360,1.0,0.04183954985,3.0,-0.1659841927,-0.1124324062,0.07869274465,1
8361,0.0,0.04517566885,2.0,-0.1940333044,-0.1242097277,0.0716638436,1
8362,1.0,0.041993713700000004,3.0,-0.21757309405,-0.1782994845,0.0740480842,1
8363,1.0,0.041404276500000003,3.0,-0.16948367565,-0.12225774105,0.0857297947,1
8364,0.0,0.0062380083,1.0,-0.178386769,-0.12163521760000001,0.13277265655,0
8365,0.0,-0.03253068595,1.0,-0.20385908495,-0.18389034085,0.15765904605,0
8366,0.0,-0.02148296785,1.0,-0.1960214123,-0.1733476428,0.1342585987,0
8367,1.0,0.06899624525,3.0,-0.13470193130000002,-0.0954390235,0.061526449700000006,1
8368,1.0,0.04167727415,3.0,-0.24845093299999998,-0.10953784305,0.085708471,1
8369,0.0,-0.0182115208,3.0,-0.18583243594999999,-0.16921203410000002,0.13575141889999998,0
8370,1.0,0.05209293525,5.0,-0.1586258292,-0.0982459629,0.07262414915000001,1
8371,0.0,-0.00435845375,3.0,-0.2708049058,-0.20757449235,0.120187468,0
8372,2.0,0.07133627345,2.0,-0.12930656295,-0.071642627,0.04945405745,1
8373,1.0,0.06074976125,1.0,-0.19752761455,-0.09591240285,0.05768338765,1
8374,1.0,0.0767222723,3.0,-0.122928764,-0.0889047765,0.04286268175,1
8375,1.0,0.061904756150000004,4.0,-0.15061639105,-0.12202085,0.0566937958,1
8376,0.0,0.0527681407,2.0,-0.15844748575,-0.1150719521,0.06342537740000001,1
8377,2.0,0.08131427,4.0,-0.14167393290000002,-0.07875635580000001,0.0371459108,1
8378,1.0,0.06387864825,3.0,-0.12604133045,-0.08606353035,0.0550502286,1
8379,2.0,0.07004735575,2.0,-0.11995174654999999,-0.09447797775,0.04752038930000001,1
8380,0.0,0.03654331595,2.0,-0.14642051835,-0.07838957465,0.09233046945000001,1
8381,0.0,0.0313743691,3.0,-0.32597923795,-0.27118668375,0.0904716317,0
8382,1.0,0.06384717725,1.0,-0.25050974105,-0.13091391495,0.0667110068,1
8383,0.0,-0.00025570439999999996,5.0,-0.1986785659,-0.1748316176,0.12237656429999999,1
8384,0.0,-0.0496696967,1.0,-0.19121619280000002,-0.1885219236,0.16997348010000002,0
8385,0.0,0.03621953105,3.0,-0.34067598870000004,-0.3370915834,0.084518824,0
8386,0.0,-0.0661996498,2.0,-0.25658414544999997,-0.1883743333,0.20095119995,0
8387,2.0,0.06728161605,2.0,-0.25790365745,-0.13594484335,0.06425956415,1
8388,0.0,-0.0194375117,1.0,-0.1866894214,-0.11859763845,0.14407860745,1
8389,0.0,-0.054057150799999995,2.0,-0.2518196263,-0.1783415216,0.1828899946,0
8390,1.0,0.049382505699999996,3.0,-0.2084643195,-0.17873607695,0.06268902185,1
8391,1.0,0.0557375052,1.0,-0.1617554425,-0.10138038215,0.07850821445,1
8392,2.0,0.05713825435,2.0,-0.1910425307,-0.08957088885,0.07478203315000001,1
8393,2.0,0.07534800675,3.0,-0.0886382298,-0.0738352796,0.056047386149999996,1
8394,0.0,-0.0502214521,1.0,-0.2430853563,-0.17670754505,0.1870916539,0
8395,0.0,-0.037189954,1.0,-0.2226025197,-0.1651778719,0.16056663765,0
8396,1.0,0.072958616,3.0,-0.159732117,-0.1022704176,0.05830728455,1
8397,1.0,0.05737483375,3.0,-0.1457102576,-0.11301668545,0.07017097019999999,1
8398,0.0,-0.01727739985,1.0,-0.18002749195,-0.16658940575,0.14248337190000002,0
8399,1.0,0.0517209801,5.0,-0.16149117525,-0.1063009469,0.0708361275,1
8400,2.0,0.0684864563,4.0,-0.10896345439999999,-0.08750262824999999,0.059111900950000004,1
8401,2.0,0.07591201689999999,4.0,-0.10724988599999999,-0.0932030846,0.05396276345,1
8402,1.0,0.05978277435,3.0,-0.1770588151,-0.13749916485000002,0.06709639575000001,1
8403,1.0,0.05436355025,3.0,-0.14422933015,-0.09794922555,0.0744549589,1
8404,0.0,-0.0416375493,1.0,-0.24060416499999998,-0.16844388575,0.1719599045,0
8405,0.0,0.029640625400000002,4.0,-0.296486189,-0.286784879,0.08281691064999999,0
8406,0.0,-0.0069783122,3.0,-0.16889375885000002,-0.1418586647,0.13029889705,0
8407,0.0,0.02122472695,1.0,-0.2013239292,-0.10116036775000001,0.1064261226,1
8408,0.0,-0.0221570395,3.0,-0.18868688135,-0.1666950717,0.1463284826,0
8409,0.0,-0.06531288075,2.0,-0.26833428395000003,-0.19261865820000001,0.21010619375,0
8410,1.0,0.05445791195,3.0,-0.1877312763,-0.09510185695000001,0.07550200885,1
8411,2.0,0.0686760911,2.0,-0.13324466235,-0.0707567721,0.06258670895,1
8412,0.0,-0.0211079785,1.0,-0.17289390085,-0.14105706215000002,0.1388107718,1
8413,0.0,0.01919003665,2.0,-0.19452847755,-0.14490913039999997,0.11691081435,0
8414,0.0,0.03861233515,2.0,-0.13155960955,-0.0972917935,0.0940900576,1
8415,1.0,0.04406675805,3.0,-0.12205773605,-0.09267991910000001,0.0959118886,1
8416,0.0,0.0219340342,4.0,-0.32355994185,-0.2944974863,0.10345774834999999,0
8417,0.0,0.03969607555,3.0,-0.3340888444,-0.3259125425,0.0745225609,0
8418,1.0,0.05189884425,3.0,-0.1549996884,-0.11510232365,0.08256620464999999,1
8419,0.0,0.005332724049999999,3.0,-0.2679171058,-0.25949902825000004,0.1218228644,0
8420,1.0,-0.002367752,2.0,-0.18152948035,-0.02256847605,0.120077878,0
8421,1.0,0.05559530965,3.0,-0.20412674035,-0.13909592145,0.07994200770000001,1
8422,1.0,0.025512982,3.0,-0.2573052295,-0.14834890075,0.1144299949,1
8423,0.0,-0.0280590359,3.0,-0.21239900215000002,-0.174941766,0.14727359845,0
8424,0.0,0.0313526602,2.0,-0.15936297625,-0.14731884415000002,0.09774930199999998,1
8425,0.0,0.0503592548,1.0,-0.3101674845,-0.29301174240000005,0.06545439975,0
8426,1.0,-0.0034406578,5.0,-0.1794175489,-0.0192115351,0.1164073816,0
8427,0.0,0.0353884335,2.0,-0.12125971175,-0.1076335,0.09828942415,1
8428,0.0,0.015198676299999998,3.0,-0.1375836378,-0.12500173335,0.11219281815,1
8429,0.0,0.04123905645,4.0,-0.20001806695000002,-0.14511119275,0.08618342639999999,1
8430,0.0,0.0295959244,4.0,-0.16379021300000002,-0.1102112361,0.0960563015,1
8431,0.0,0.03611749655,3.0,-0.2473083296,-0.2176539501,0.0611430734,1
8432,0.0,0.0370638261,4.0,-0.1761507799,-0.1260748123,0.08627046695,1
8433,0.0,0.01481006365,2.0,-0.1827879278,-0.10280238975,0.11005923984999999,1
8434,0.0,-0.0084119947,1.0,-0.248072197,-0.19112808045000002,0.13688127790000001,0
8435,0.0,0.02975471625,4.0,-0.19214859935,-0.12177565844999999,0.09643117015,1
8436,1.0,0.052939867550000005,3.0,-0.15613160655000002,-0.1139969015,0.081610172,1
8437,0.0,0.0105844219,1.0,-0.1880309994,-0.12711459349999998,0.11835302260000001,1
8438,0.0,0.03533580485,3.0,-0.3342342967,-0.31089288825,0.09463847245,0
8439,0.0,-0.0076235268,3.0,-0.2207393125,-0.1620543822,0.14676156029999998,0
8440,2.0,0.06000078915,4.0,-0.18192979609999999,-0.16344528075,0.0714116371,1
8441,1.0,0.05316694205,3.0,-0.1305931342,-0.09780400785,0.07604490800000001,1
8442,0.0,-0.0262252684,2.0,-0.25025667954999997,-0.19876449089999998,0.17158187740000003,0
8443,1.0,0.047651914749999996,5.0,-0.16310854265,-0.0940659381,0.07872591995,1
8444,1.0,0.06886240205,1.0,-0.1146645,-0.07541712575000001,0.07408902435,1
8445,2.0,0.06021463315,2.0,-0.22865722384999998,-0.11284123475,0.07532419204999999,1
8446,0.0,-0.0653648435,2.0,-0.24413906870000002,-0.1986967861,0.20963815195000002,0
8447,0.0,0.0283879665,2.0,-0.2526378832,-0.12377904235000001,0.10782202974999999,1
8448,1.0,0.03810509675,5.0,-0.13916621725,-0.11517867265000001,0.1029895653,1
8449,0.0,0.03389641075,1.0,-0.33480666645,-0.28396352999999996,0.0843130686,0
8450,0.0,0.007393734149999999,2.0,-0.17278455125,-0.1121455105,0.11812349565000001,1
8451,0.0,-0.0029344997,4.0,-0.22569134605000002,-0.1807244857,0.14841663985,0
8452,1.0,0.06995993435,5.0,-0.13776874905,-0.09763051824999999,0.06946327399999999,1
8453,0.0,0.0469107985,1.0,-0.31674917765,-0.2825267737,0.0694084898,0
8454,1.0,0.05457998435,3.0,-0.1582557229,-0.12889625030000001,0.08065378094999999,1
8455,0.0,0.03378288975,4.0,-0.31246250875000003,-0.27369758725000004,0.08872187615,0
8456,0.0,0.0345743902,4.0,-0.33716410865,-0.3234076551,0.0907151716,0
8457,1.0,0.04722626545,3.0,-0.20184900020000002,-0.16080021654999999,0.08482619705000001,1
8458,0.0,0.027143387550000002,3.0,-0.3328345136,-0.3139984379,0.09635489694999999,0
8459,0.0,0.03088814685,4.0,-0.27582082015,-0.25657340235000003,0.0939066898,0
8460,0.0,0.02149205065,1.0,-0.1716046413,-0.0813749458,0.11171518375,1
8461,0.0,0.0395834523,3.0,-0.30241514245,-0.28860582334999996,0.08356475495,0
8462,0.0,-0.05080858205,3.0,-0.1742954759,-0.11806019875,0.18230371715,1
8463,0.0,0.03001729845,2.0,-0.25727353514999995,-0.18598666325000002,0.07436343615,1
8464,1.0,0.0472291212,1.0,-0.27590783715,-0.25760155885,0.07701315445000001,0
8465,0.0,0.050810058150000004,4.0,-0.1652071367,-0.1160535979,0.07376508870000001,1
8466,0.0,0.0030334036000000003,1.0,-0.22878368185,-0.18276987625,0.12302114079999998,0
8467,0.0,0.0100880719,1.0,-0.2679636731,-0.22051688325000002,0.12510114705,0
8468,1.0,0.0539465687,5.0,-0.16256233675,-0.09527003005000001,0.07786889365,1
8469,1.0,0.03631251445,5.0,-0.1483710011,-0.08808332220000001,0.0952189904,1
8470,2.0,0.05854678555,4.0,-0.19945000445,-0.0982832936,0.06981165615000001,1
8471,0.0,0.00573353185,1.0,-0.26303944255,-0.2049106048,0.13205219099999999,0
8472,0.0,0.03947099975,3.0,-0.23207738114999998,-0.1797522458,0.0651161814,1
8473,0.0,0.0215545191,1.0,-0.2138531968,-0.17674700635,0.11208937224999999,0
8474,2.0,0.05921206555,2.0,-0.11470951665000001,-0.07991087745,0.07778523809999999,1
8475,1.0,0.0489863145,3.0,-0.1679548204,-0.1035961429,0.0834232831,1
8476,2.0,0.06364636895,2.0,-0.1337217572,-0.0793654924,0.0641193658,1
8477,0.0,0.031535417499999996,2.0,-0.2910856912,-0.26740710744999996,0.0992165089,0
8478,1.0,0.0484091872,3.0,-0.14778112185,-0.09423230205,0.08563286484999999,1
8479,0.0,0.03882312135,3.0,-0.2894051025,-0.2477455984,0.07894690985000001,0
8480,0.0,0.04213141375,1.0,-0.2521826665,-0.2274473662,0.0884629033,0
8481,0.0,0.039197668850000006,3.0,-0.27557407665,-0.2625031189,0.08142249505,0
8482,1.0,0.043574880450000006,5.0,-0.1153438631,-0.09254007465,0.0909633088,1
8483,0.0,0.01719726835,2.0,-0.21875872964999998,-0.14596831965,0.1153622335,0
8484,0.0,0.0263830866,3.0,-0.32310098109999996,-0.27636184715,0.10447774280000001,0
8485,1.0,0.059292566500000005,3.0,-0.1314759029,-0.09523672794999999,0.07625496790000001,1
8486,0.0,0.0107228277,1.0,-0.2174820013,-0.15627691065,0.1282639808,0
8487,0.0,-0.0022567374,1.0,-0.2184885036,-0.17038155049999998,0.13541241165,0
8488,0.0,0.0335693714,2.0,-0.16217351975,-0.10262917369999999,0.08667878305,1
8489,2.0,0.06589083855,6.0,-0.13537069435,-0.10082658750000001,0.06539898929999999,1
8490,3.0,0.052249375900000006,4.0,-0.1653241431,-0.1440844379,0.08498569495,1
8491,0.0,0.045763692499999994,3.0,-0.3005844996,-0.25669616725,0.09564530460000001,0
8492,0.0,0.0024429231,1.0,-0.19629342035,-0.1750131026,0.11308200534999999,0
8493,0.0,0.041257623150000006,3.0,-0.27158108425000005,-0.2280676685,0.060909418150000005,1
8494,0.0,-0.0020948436500000003,1.0,-0.23247522264999998,-0.19221858565,0.1394413555,0
8495,1.0,0.0548029169,3.0,-0.1986422335,-0.10927924375,0.0748969879,1
8496,1.0,0.0584454375,3.0,-0.17113046485,-0.09715183325,0.07676253895,1
8497,2.0,0.06495289374999999,2.0,-0.15763904509999999,-0.09119883255,0.06520922255,1
8498,0.0,-0.029148577250000002,1.0,-0.25298122445,-0.19381330035,0.16702732865,0
8499,1.0,0.07204112069999999,5.0,-0.127196282,-0.09714938465,0.060708186649999996,1
8500,2.0,-0.0736078946,3.0,-0.2494737924,-0.03983900775,0.20449886390000002,1
8501,0.0,0.0430049391,3.0,-0.32028866629999997,-0.27577898095,0.07730884485,0
8502,0.0,0.0493783574,3.0,-0.3141385169,-0.28780280175,0.0684222917,0
8503,1.0,0.061863669100000004,3.0,-0.17283054675,-0.1215210567,0.0747065505,1
8504,1.0,0.06972858045,3.0,-0.14932749795,-0.1193354488,0.06343758890000001,1
8505,0.0,0.0203038606,2.0,-0.1924407667,-0.11565196635,0.10730938244999999,1
8506,1.0,0.054842203549999996,3.0,-0.2150128225,-0.15921799865,0.06026116925,1
8507,0.0,0.02208969185,1.0,-0.23265406715,-0.1770211047,0.11343974395,0
8508,1.0,0.06692030774999999,5.0,-0.13994925285,-0.10817396225,0.06250123455,1
8509,0.0,0.040592228300000005,2.0,-0.1688826832,-0.1182395893,0.08011313375,1
8510,0.0,-0.0445362057,1.0,-0.2336686739,-0.2100657651,0.1476699313,0
8511,1.0,0.07155907185,3.0,-0.13386139390000001,-0.10250002415000001,0.058328047499999994,1
8512,0.0,0.0367466033,2.0,-0.2030272924,-0.11392503725,0.0813652941,1
8513,0.0,0.0372549014,3.0,-0.1911534907,-0.113221853,0.077765382,1
8514,0.0,-0.02008699445,1.0,-0.22376951639999998,-0.07461757645,0.1530758095,0
8515,0.0,0.01771638195,3.0,-0.30418452835,-0.2554476083,0.10923360395,1
8516,0.0,-0.04848821575,2.0,-0.24588012925,-0.17461170464999998,0.19020603930000002,0
8517,1.0,0.03482229505,3.0,-0.2106122284,-0.15794443565,0.1045766951,1
8518,0.0,-0.037260871249999994,1.0,-0.22016644535000002,-0.16305349855,0.17610965625000002,1
8519,0.0,-0.0086528475,1.0,-0.19764780780000002,-0.14482407749999998,0.1257606199,1
8520,0.0,0.02262410495,1.0,-0.1877342092,-0.1029678648,0.11144574805,1
8521,0.0,0.0420278726,3.0,-0.29200249,-0.2786853644,0.08026042125,0
8522,1.0,0.013668918799999999,3.0,-0.25894705274999996,-0.22443948284999998,0.07406378450000001,1
8523,0.0,0.0345868411,1.0,-0.2939737673,-0.2578688907,0.08332025315,0
8524,1.0,0.03477873615,3.0,-0.26709623335,-0.14955122235,0.10793782295,1
8525,0.0,0.0460711126,3.0,-0.30100610510000003,-0.2963052215,0.06807937,0
8526,0.0,-0.029658807,1.0,-0.1993522069,-0.1722142883,0.1669994701,1
8527,0.0,0.0514298895,2.0,-0.26292628544999996,-0.12421645075,0.08136876435,1
8528,0.0,0.0026538397,1.0,-0.22185255204999998,-0.16771647309999999,0.12661427194999997,0
8529,0.0,-0.053999754250000004,3.0,-0.20194598935000002,-0.1992534466,0.17897036735,1
8530,0.0,0.0243296263,1.0,-0.29662983335,-0.27928345095,0.0953110328,0
8531,0.0,0.02876617945,2.0,-0.16260246285000002,-0.096055959,0.10787629585,1
8532,0.0,-0.028590112049999998,3.0,-0.2378628843,-0.22153287075,0.1457002564,0
8533,0.0,0.0349152615,2.0,-0.1730727906,-0.1192125969,0.09518465679999999,1
8534,0.0,0.020888334100000003,5.0,-0.21591851275,-0.17760995275,0.11114029835000001,0
8535,1.0,0.04731494905,3.0,-0.1541697246,-0.11606698335,0.09509737925,1
8536,1.0,0.04216509695,3.0,-0.18770439415,-0.16243811905,0.0998881445,1
8537,0.0,0.0122694367,4.0,-0.1778632201,-0.13278326575,0.12815794139999998,1
8538,0.0,0.03868585695,3.0,-0.31167195444999996,-0.258895517,0.0770445582,0
8539,2.0,0.03271972585,4.0,-0.25749337205,-0.1386658724,0.10250278134999999,1
8540,1.0,0.0394568879,1.0,-0.20148279955,-0.1116279798,0.07758887980000001,1
8541,1.0,0.05584770315,3.0,-0.17929488095,-0.14727737745,0.06318830119999999,1
8542,0.0,0.037880473149999996,2.0,-0.17484943745,-0.10575841235,0.0831655687,1
8543,0.0,0.034713906700000005,3.0,-0.2960824324,-0.2872232796,0.07192060385000001,0
8544,1.0,0.04569988705,2.0,-0.2241357336,-0.15828219295,0.08920164085,1
8545,0.0,0.0231670992,2.0,-0.16581457235000002,-0.10991177665,0.10292534925000002,1
8546,0.0,0.03002956385,4.0,-0.32262430715,-0.29815517925,0.0858555882,0
8547,0.0,0.0366554505,2.0,-0.13424669625000002,-0.1044495882,0.09687987284999999,1
8548,0.0,0.02727240815,4.0,-0.32745545235,-0.30058150149999996,0.09597740745,0
8549,0.0,0.03128785325,2.0,-0.2038288247,-0.1553965186,0.09066100365,1
8550,0.0,0.01687700785,2.0,-0.1781328451,-0.09937987055,0.12028522405,1
8551,0.0,0.0439922929,1.0,-0.1764299678,-0.098533285,0.08723473329999999,1
8552,0.0,0.0155097596,1.0,-0.20477592995,-0.16890503225,0.10838634620000001,0
8553,1.0,0.0413341006,3.0,-0.19214912374999998,-0.1249069877,0.08976238005,1
8554,0.0,0.0409836266,2.0,-0.17168858195,-0.0980450048,0.08933546989999999,1
8555,1.0,0.04884876515,3.0,-0.14114563305,-0.09692594305,0.08795973499999998,1
8556,0.0,6.20553e-05,1.0,-0.2078648147,-0.168945325,0.12785835164999998,0
8557,1.0,0.047793705000000006,5.0,-0.15391995575,-0.09113259130000001,0.0845510323,1
8558,0.0,0.04303929995,1.0,-0.23232976249999998,-0.18398484985000002,0.07201409425,1
8559,0.0,0.026871746850000003,2.0,-0.151714429,-0.07938788245,0.10094578024999999,1
8560,0.0,0.0219942066,6.0,-0.1662288388,-0.08256305705,0.10526212569999999,1
8561,1.0,0.07011460080000001,4.0,-0.15510408785000002,-0.1022832524,0.05854276114999999,1
8562,1.0,0.050260508999999995,3.0,-0.18717819005,-0.11845808115,0.08060944610000001,1
8563,0.0,0.02239714175,3.0,-0.31123867845,-0.2631895695,0.10545921515000001,0
8564,1.0,0.06485430745000001,3.0,-0.1355018548,-0.08298379435,0.06478016945000001,1
8565,0.0,0.03346330845,2.0,-0.30835751205,-0.2868626217,0.09256101434999998,0
8566,1.0,0.04672220225,3.0,-0.1707768442,-0.08771324059999999,0.0812443123,1
8567,0.0,0.011219313000000002,1.0,-0.1812364971,-0.1753999469,0.11571487805,0
8568,0.0,0.02277206195,2.0,-0.19366641715,-0.12429570255,0.11285276080000001,1
8569,0.0,0.03178328655,2.0,-0.16414700685,-0.10269128150000001,0.10276208344999999,1
8570,1.0,0.06947925429999999,3.0,-0.1055878468,-0.0889965958,0.07069455475,1
8571,0.0,0.04005331385,4.0,-0.15026501725000002,-0.1026560843,0.0934409302,1
8572,0.0,0.031876597,2.0,-0.15506553065,-0.10053176159999999,0.10447562115000002,1
8573,1.0,0.047503669750000005,3.0,-0.15509502004999998,-0.12696758485,0.08840121140000001,1
8574,0.0,0.01843597725,1.0,-0.2135038687,-0.17015664615,0.10406365410000001,0
8575,0.0,0.04572417745,2.0,-0.29982309715,-0.24906025295,0.0615486153,0
8576,0.0,0.03200779765,3.0,-0.3316125179,-0.2613230177,0.0916155633,0
8577,0.0,0.01704666895,1.0,-0.2065178757,-0.1678463332,0.10868751230000001,0
8578,0.0,0.019534074499999998,4.0,-0.1379987246,-0.11823334165,0.1202329077,1
8579,1.0,0.049261163600000005,3.0,-0.1360825042,-0.11322704915000001,0.08959224360000001,1
8580,0.0,0.0009982283500000002,1.0,-0.20385749715,-0.1761050001,0.1326842336,0
8581,0.0,0.0397916643,4.0,-0.26694981305,-0.2073803991,0.05770207415,1
8582,0.0,0.0356125461,2.0,-0.2973979254,-0.25914136835,0.09825812620000002,0
8583,0.0,0.0074341795499999995,4.0,-0.21184197445000003,-0.15458795990000002,0.13104709965,0
8584,0.0,0.049590720399999996,1.0,-0.21138355955,-0.19560428484999998,0.061130571849999996,1
8585,0.0,0.04702837455,4.0,-0.3158885469,-0.27717268885,0.07026269065,0
8586,0.0,0.039935621899999996,3.0,-0.3092730301,-0.26923881029999996,0.0815043307,0
8587,0.0,0.03395505365,3.0,-0.30508395634999996,-0.2708438535,0.0906181674,0
8588,0.0,0.0512790565,3.0,-0.30574546505,-0.26640436155,0.058683330199999995,0
8589,0.0,0.028769112950000002,3.0,-0.1224853744,-0.11558222855,0.11015892825000001,1
8590,0.0,0.03592811385,2.0,-0.13506421215,-0.1161563448,0.1048766449,1
8591,0.0,0.0381259485,1.0,-0.2969916483,-0.22799251040000001,0.07806337610000001,0
8592,1.0,0.01066917925,3.0,-0.23716776615000001,-0.2219368599,0.1132210967,1
8593,0.0,0.0436744928,2.0,-0.1851489367,-0.1018171926,0.09266761844999999,1
8594,1.0,0.054669965599999995,5.0,-0.14476357685000002,-0.11041473805,0.075626996,1
8595,0.0,0.034108935199999996,3.0,-0.30786211835,-0.2645532881,0.0900014977,0
8596,0.0,0.0519625877,2.0,-0.19621285430000002,-0.16833186205,0.08650924345,1
8597,0.0,-0.0161435675,1.0,-0.16011433575,-0.12810172435,0.1317092659,1
8598,0.0,0.0152607158,1.0,-0.20099639214999998,-0.1638325283,0.11301084635,0
8599,1.0,0.03671367855,3.0,-0.18360129755,-0.1225647019,0.0933033843,1
8600,0.0,0.0177027254,2.0,-0.1591729384,-0.13538608019999998,0.10798959294999999,1
8601,0.0,0.04994802445,1.0,-0.31459848535,-0.25608439115000003,0.0678263506,0
8602,0.0,0.0320517649,1.0,-0.28888641075,-0.272054005,0.07474704204999999,1
8603,2.0,0.04650683565,4.0,-0.1700816033,-0.10021344160000001,0.08683588575000001,1
8604,0.0,0.0472105459,2.0,-0.3180878754,-0.23776109639999998,0.07204605995,0
8605,1.0,0.05453929925,3.0,-0.2233760797,-0.1031055652,0.06480325484999999,1
8606,0.0,0.0207158822,1.0,-0.20481781415,-0.1555869995,0.10956639545,0
8607,0.0,0.0533868445,4.0,-0.25859206935,-0.22318950465,0.058884999249999986,1
8608,0.0,0.032427252850000005,3.0,-0.3085040671,-0.2320651801,0.09787615009999999,0
8609,0.0,0.02829325325,2.0,-0.20321017105,-0.144711951,0.10367644825000001,1
8610,1.0,0.052545316849999996,1.0,-0.2774781516,-0.15200489444999998,0.08720889865,1
8611,2.0,-0.23644108395000002,3.0,-0.27652846799999997,-0.24137395145,0.22881129295000002,1
8612,0.0,0.01065016995,1.0,-0.1795847533,-0.1643396634,0.1238892565,0
8613,1.0,0.03400336085,3.0,-0.22620611805000002,-0.20339022304999999,0.09715461395,0
8614,0.0,0.034061488249999994,1.0,-0.3013635178,-0.24830248545,0.08805408355000001,0
8615,2.0,-0.030252891599999998,4.0,-0.1941846515,-0.033393422000000006,0.1748422245,1
8616,0.0,0.035900100899999995,2.0,-0.18441042985,-0.1327051732,0.0930322371,1
8617,0.0,0.040015546,3.0,-0.28137033595,-0.2632553729,0.0778057733,0
8618,0.0,0.040484751050000004,3.0,-0.29158568414999997,-0.26276679589999996,0.07360933420000002,0
8619,0.0,0.04327866575,2.0,-0.23703674455,-0.2154145159,0.0898166002,1
8620,0.0,0.016657397400000003,4.0,-0.19931427075,-0.1752272144,0.10315695564999999,1
8621,1.0,0.01685333405,3.0,-0.20673902405,-0.19886231255,0.1154062575,1
8622,0.0,0.01059563045,2.0,-0.18889496125,-0.1587419646,0.11508185500000001,1
8623,0.0,0.0387066869,2.0,-0.2375585421,-0.18594497025,0.09326531755,0
8624,0.0,-0.04374824845,3.0,-0.18823755265,-0.17862040335,0.15583107235000002,1
8625,2.0,0.0418337643,4.0,-0.19428229175,-0.14960328815,0.10070163979999999,1
8626,0.0,0.0434913657,3.0,-0.26255905555000003,-0.23624772985,0.0716476771,1
8627,1.0,0.04336463885,5.0,-0.16661529284999999,-0.1550444863,0.0972398931,1
8628,0.0,0.051305833999999995,3.0,-0.27486354395,-0.21152628055,0.06090491425,1
8629,0.0,-0.04462854425,1.0,-0.21751675505,-0.1278398127,0.17903451605,0
8630,0.0,-0.0476199178,3.0,-0.195552846,-0.0991342424,0.17465650615,0
8631,0.0,0.04458594115,3.0,-0.29437588765,-0.24908736295,0.0730443774,0
8632,0.0,0.027194066849999997,2.0,-0.1808305392,-0.12139224005,0.09615068885,1
8633,0.0,-0.047963340650000005,1.0,-0.2155620721,-0.16837814834999998,0.1825822675,0
8634,0.0,0.04535847425,1.0,-0.2903312984,-0.25227265374999996,0.06663400035,0
8635,0.0,0.05514073235,2.0,-0.14700016385,-0.1115045436,0.08697666914999999,1
8636,1.0,0.06387522795,3.0,-0.1466698464,-0.1191280245,0.0793105346,1
8637,0.0,0.03087363375,1.0,-0.30032912705000003,-0.24871484675,0.08687426305,0
8638,1.0,0.0468680345,3.0,-0.20976885665,-0.1650870461,0.0827576538,1
8639,0.0,-0.050829558950000006,1.0,-0.21702260655,-0.17677404819999998,0.19712224044999999,0
8640,0.0,0.04080696735,1.0,-0.29346002455,-0.24161056085,0.07501401555000001,0
8641,2.0,0.0568694541,4.0,-0.21604434535,-0.18237531575,0.07088778315000001,1
8642,1.0,0.03623628525,3.0,-0.2013234116,-0.19332986795,0.09032881964999999,1
8643,0.0,0.04336610695,3.0,-0.26956933165,-0.2376933832,0.0577277911,1
8644,1.0,0.04622563815,3.0,-0.17366443615,-0.12334359375000001,0.09050066225,1
8645,0.0,-0.01105128765,1.0,-0.18872381705,-0.1412363016,0.1427049036,0
8646,0.0,0.03382026595,3.0,-0.32165766495000003,-0.2838967399,0.08744190489999999,0
8647,1.0,0.0626532831,3.0,-0.1580568282,-0.1226050454,0.0825358437,1
8648,0.0,0.02850082355,3.0,-0.32279814954999997,-0.2617407852,0.08824836885000001,0
8649,1.0,0.0483777321,3.0,-0.2129483531,-0.11394285900000001,0.08720380109999999,1
8650,0.0,0.0269676203,2.0,-0.17545934245,-0.10347414590000001,0.10837916205,1
8651,0.0,0.04277961045,3.0,-0.2823366119,-0.2574188623,0.06656272995000001,0
8652,0.0,0.028094692650000003,1.0,-0.25161050735,-0.20739552865,0.09935594545,1
8653,0.0,-0.014294547500000001,1.0,-0.17886425705,-0.145528672,0.1458666758,0
8654,1.0,0.0549911203,3.0,-0.1960569062,-0.17857542170000001,0.06598383495000001,1
8655,1.0,0.053761039100000005,3.0,-0.20420213615,-0.15104825845,0.0702425179,1
8656,0.0,0.029285309500000002,3.0,-0.21315063825,-0.1752056679,0.10733163270000001,0
8657,1.0,0.0381281547,3.0,-0.24067779215000001,-0.11831251615,0.10518091909999999,1
8658,0.0,0.03474038645,2.0,-0.2945746657,-0.2605264783,0.08801949245,0
8659,2.0,0.05891176095,4.0,-0.15583050115,-0.0951800826,0.08345916440000001,1
8660,0.0,0.01358686865,5.0,-0.21463938955,-0.14190593159999998,0.11943753155,1
8661,0.0,0.039154343450000004,1.0,-0.30286274069999997,-0.27838869985,0.0834288088,0
8662,0.0,-0.01296484175,1.0,-0.1838821078,-0.1435639064,0.1514733671,0
8663,0.0,0.0054894205,3.0,-0.18511779350000002,-0.13673464265000002,0.14016202715,1
8664,0.0,0.0426851969,3.0,-0.3305034897,-0.31097585715,0.06971714564999999,0
8665,0.0,0.01059206905,1.0,-0.22059568755,-0.189970496,0.12503108805,1
8666,0.0,0.038742516899999996,4.0,-0.2889510735,-0.28200339065,0.07841572720000001,0
8667,1.0,0.047869041200000004,3.0,-0.2316180241,-0.13370577420000002,0.0839989371,1
8668,0.0,-0.03609582785,1.0,-0.20512278045,-0.18229758485,0.16818203035,0
8669,0.0,-0.0330085968,1.0,-0.2072023657,-0.19782444235000002,0.15967608605,0
8670,1.0,0.037304374,3.0,-0.189322302,-0.100653522,0.099093172,1
8671,0.0,0.031772866999999996,2.0,-0.25016976915,-0.17072364595,0.1131477153,1
8672,0.0,0.026408018050000003,2.0,-0.20698133955,-0.11252990574999999,0.11518591775,1
8673,0.0,0.0210788768,1.0,-0.21858260610000002,-0.13346021715,0.1166847483,1
8674,0.0,0.0452532596,1.0,-0.28306726449999997,-0.25942343884999997,0.0707522171,0
8675,0.0,0.0066609748,1.0,-0.23017219184999999,-0.1506796578,0.11793924775,1
8676,0.0,0.03497108085,1.0,-0.1477300869,-0.13095418645,0.1077751052,1
8677,0.0,0.029208347449999998,3.0,-0.18298893654999998,-0.14198125195,0.1047324541,1
8678,0.0,-0.00835029065,1.0,-0.18214392055,-0.1408539866,0.14565494294999998,0
8679,0.0,-0.0100024417,1.0,-0.18235016355,-0.1399188247,0.14959877465000002,0
8680,0.0,0.02777407925,1.0,-0.2001966227,-0.15101616055,0.10171369215,1
8681,0.0,0.01928954185,2.0,-0.20789296875000002,-0.09665818575,0.10779516585000001,1
8682,0.0,0.04660435015,2.0,-0.31258112735,-0.29503073715,0.07039106025,0
8683,0.0,0.03553102795,2.0,-0.1500195037,-0.1151989728,0.103960253,1
8684,0.0,0.03779280475,2.0,-0.1515927304,-0.12509763540000002,0.09846131644999999,1
8685,0.0,-0.0598631319,1.0,-0.17685001935,-0.051901589149999997,0.15786808445,1
8686,0.0,0.030674568149999998,2.0,-0.13777778435,-0.09838278585,0.1107385545,1
8687,0.0,0.0323321,2.0,-0.14410000695,-0.1177872894,0.10952720565,1
8688,0.0,0.039662533900000005,1.0,-0.14249677854999998,-0.0993291945,0.10374484434999999,1
8689,0.0,0.049013257049999995,3.0,-0.2974621986,-0.2214931148,0.08064052585,0
8690,0.0,0.0224581649,5.0,-0.2062733723,-0.1391032595,0.1215388648,1
8691,0.0,0.041147109,1.0,-0.30732371145,-0.29814745325,0.08344324675,0
8692,0.0,0.00864416155,1.0,-0.22019866500000002,-0.19039605365,0.1128018153,0
8693,2.0,0.05334581545,3.0,-0.28910522949999995,-0.22561832135,0.0772971837,0
8694,0.0,0.039634378,3.0,-0.326583964,-0.308354538,0.0862869517,0
8695,0.0,0.02248749295,2.0,-0.20197793455000002,-0.15090496195,0.09827227515,1
8696,0.0,0.026667332250000002,4.0,-0.1585442374,-0.13915941895,0.11156621505,1
8697,0.0,0.011510819200000001,3.0,-0.1862587866,-0.1583006153,0.12729847355,1
8698,0.0,0.028640260799999998,3.0,-0.33074269555,-0.27370388775,0.0917051916,0
8699,0.0,-0.0157206222,1.0,-0.23715673674999999,-0.20790216865,0.16582005135,1
8700,0.0,0.040143061,2.0,-0.18401975235,-0.12122347685,0.0964237713,1
8701,1.0,0.05960990855,3.0,-0.2481727162,-0.21555238035000002,0.054934076750000005,1
8702,0.0,0.0276538852,1.0,-0.2214105199,-0.1892009388,0.104650206,0
8703,0.0,0.0477160774,2.0,-0.26480946240000003,-0.240820661,0.1036998147,1
8704,0.0,0.01148678405,1.0,-0.19544271875,-0.1606301757,0.10780116605000001,0
8705,0.0,0.02728931225,4.0,-0.1819990632,-0.13040030915,0.10988198495000001,0
8706,2.0,0.0479291198,4.0,-0.1770210151,-0.16377429245,0.0964955129,1
8707,2.0,0.05704946115,4.0,-0.17419246015,-0.15732217965,0.07812403044999999,1
8708,1.0,0.04544829475,3.0,-0.26208899475,-0.23319483055,0.10667987365,1
8709,0.0,0.02086881065,2.0,-0.2179145352,-0.17889517755,0.1282040951,1
8710,1.0,0.0397675974,5.0,-0.201577479,-0.1216937102,0.1043300844,1
8711,1.0,0.041730321050000005,3.0,-0.21869457255,-0.1695019722,0.0946849954,1
8712,0.0,0.0152581832,3.0,-0.3225249663,-0.269513422,0.111970601,0
8713,0.0,0.0363147206,3.0,-0.2985547501,-0.2193792088,0.07983813565,0
8714,2.0,0.04318638945,4.0,-0.1748010982,-0.11539471204999999,0.09211549345,1
8715,2.0,0.04043383065,4.0,-0.22429277985,-0.20187359615,0.09858556230000001,1
8716,0.0,0.01605073375,2.0,-0.21826990675000002,-0.17691537400000001,0.12854769495,1
8717,0.0,0.0427776455,3.0,-0.2675888771,-0.18313597225,0.0828874216,0
8718,0.0,0.010510853649999999,4.0,-0.2059340976,-0.16403068955,0.13534396945,1
8719,1.0,0.054905428549999996,3.0,-0.1790445368,-0.12199765309999999,0.0859481958,1
8720,0.0,0.0339057327,2.0,-0.26966097985,-0.23418581430000002,0.09080774144999999,0
8721,2.0,0.04732060105,4.0,-0.19754799565,-0.13775399900000002,0.1008457619,1
8722,0.0,0.01294955165,2.0,-0.21948838874999999,-0.14095278005,0.12047655654999999,0
8723,1.0,0.042508190200000004,3.0,-0.2057216911,-0.1331794678,0.08759568015,1
8724,1.0,0.04917049925,5.0,-0.19745347755,-0.14205664345,0.0915052405,1
8725,0.0,0.0500743595,2.0,-0.27739887975,-0.24418199185,0.06662329595,1
8726,0.0,0.04487577205,3.0,-0.26719435685000004,-0.2472081108,0.0725319856,0
8727,0.0,0.0226724383,1.0,-0.2069952537,-0.1491418933,0.10506530084999999,0
8728,0.0,0.0349964147,1.0,-0.25681962685,-0.2499101004,0.07849255399999999,0
8729,0.0,-0.01660956675,3.0,-0.1862628041,-0.1700730045,0.16861892795,0
8730,2.0,-0.017917925549999998,3.0,-0.1166883611,-0.0047425012499999995,0.19527843995,0
8731,0.0,0.03373547245,4.0,-0.2601615109,-0.2325564805,0.0905261436,0
8732,0.0,0.0021707821,1.0,-0.17484056865,-0.15060070165,0.125285985,0
8733,0.0,-0.034702309949999996,1.0,-0.2197238652,-0.1991885357,0.1884411936,0
8734,0.0,0.04054837165,3.0,-0.29095747175,-0.26107750279999997,0.09257558205000001,0
8735,0.0,-0.032334621699999996,5.0,-0.22855355445,-0.17177616955000002,0.17334521930000002,0
8736,0.0,-0.04454015085,3.0,-0.2296824113,-0.1678802318,0.18326369355,0
8737,1.0,0.053549651000000004,2.0,-0.27821492245,-0.27397906795000004,0.06867686865,0
8738,0.0,0.02054847675,1.0,-0.2016106087,-0.14679995255,0.11013936675,0
8739,0.0,0.0045846867,4.0,-0.21808036035,-0.1687870477,0.12214129754999999,0
8740,0.0,0.0557431179,1.0,-0.31934496884999997,-0.3097384322,0.06896234385000001,0
8741,0.0,-0.0030640856,1.0,-0.22613609145000002,-0.1963365694,0.1263090559,0
8742,0.0,0.0387137173,2.0,-0.30387781049999996,-0.22734863875,0.07426058185,0
8743,0.0,0.04811353145,2.0,-0.32567220105,-0.22190281499999998,0.06633410895,0
8744,0.0,0.041256008,1.0,-0.3517837802,-0.30869601054999996,0.0848276368,0
8745,0.0,0.04092067565,3.0,-0.32775900695,-0.30435357235,0.08630171105,0
8746,0.0,0.04878341145,3.0,-0.29202429015,-0.23637598375000002,0.05978002505,0
8747,0.0,-0.0272103715,4.0,-0.246766884,-0.2292915372,0.15946049645,0
8748,0.0,0.0542086986,3.0,-0.28453580494999997,-0.23701445695,0.0690999508,0
8749,0.0,0.02932997305,4.0,-0.3001656553,-0.25254210109999997,0.1003059054,0
8750,0.0,0.04013248285,3.0,-0.31221563625000004,-0.2817777546,0.09004602695000001,0
8751,0.0,0.0416435233,1.0,-0.28674678519999997,-0.26486402635,0.06977876194999999,0
8752,0.0,0.02925549795,3.0,-0.3451290516,-0.31907671854999997,0.08593749235,0
8753,0.0,-0.05628604865,1.0,-0.21303175015,-0.1834679139,0.1900549648,0
8754,0.0,0.0225332705,3.0,-0.3047230174,-0.2468454725,0.0993421696,0
8755,0.0,0.0188153356,3.0,-0.31136363375,-0.2695697063,0.1023344018,0
8756,0.0,0.04394544085,1.0,-0.2757604411,-0.25348699539999997,0.08390025149999998,0
8757,1.0,0.0027049988,3.0,-0.21454235185,0.00744541005,0.13401977,0
8758,0.0,0.026002745,4.0,-0.3008028813,-0.27379428650000004,0.10476881499999999,0
8759,0.0,0.032207699150000005,3.0,-0.35171806400000005,-0.32068903945000005,0.09158690855000001,0
8760,0.0,0.0355020106,4.0,-0.28590830365,-0.2845766339,0.08181623534999999,0
8761,0.0,0.03717587875,3.0,-0.33941951625,-0.29199801855,0.09001702065,0
8762,0.0,0.046045247799999994,1.0,-0.33090633595,-0.3228716446,0.0763401778,0
8763,0.0,0.05420479865,3.0,-0.3110039408,-0.2969645287,0.05652785825,0
8764,0.0,0.04785048835,1.0,-0.33380373825,-0.3079285848,0.070373846,0
8765,0.0,0.047092950349999996,3.0,-0.27224565325,-0.2635812809,0.09238944245,0
8766,0.0,0.02202005635,1.0,-0.22136735335,-0.16203398465000002,0.09589642935,0
8767,0.0,0.03996270045,3.0,-0.30760071815,-0.28472670980000003,0.0819685295,0
8768,0.0,0.033570224,3.0,-0.31483853835,-0.26812898725,0.0890442021,0
8769,0.0,0.0035386831499999998,1.0,-0.2518052059,-0.227326316,0.11594877044999999,0
8770,0.0,0.035005450849999994,3.0,-0.2960697328,-0.28964723975,0.08308651495,0
8771,0.0,0.02844093155,4.0,-0.3464364593,-0.3170673953,0.09683805835,0
8772,0.0,-0.057840972500000004,3.0,-0.2082468856,-0.19077772259999998,0.24403320725,0
8773,0.0,0.02766423155,3.0,-0.30791773089999996,-0.25057283335,0.09624592785,0
8774,0.0,-0.0386939275,1.0,-0.20752165995,-0.19298977315,0.18366744209999997,0
8775,0.0,0.0322703157,2.0,-0.2933410434,-0.2503414827,0.09124214359999999,0
8776,0.0,0.0331694085,1.0,-0.3457431072,-0.3362162106,0.08918701230000001,0
8777,0.0,0.0375819364,2.0,-0.26856668689999996,-0.268263877,0.07296791905,0
8778,0.0,-0.06295542949999999,1.0,-0.23916112555000002,-0.2320563896,0.17914668845,0
8779,0.0,0.03357270135,3.0,-0.329425575,-0.32700213955,0.10152668235000001,0
8780,0.0,0.0406524208,3.0,-0.26729955510000003,-0.22475077799999998,0.07793937875000001,0
8781,0.0,-0.054404780400000005,3.0,-0.2415173275,-0.1810844811,0.18983053725,0
8782,0.0,0.041658252,4.0,-0.3054397472,-0.2888182285,0.07267825285,0
8783,0.0,0.0387701632,4.0,-0.32603695165,-0.30011739454999997,0.08740233835,0
8784,0.0,0.045015407300000004,1.0,-0.3265280874,-0.26995862675000004,0.07406853,0
8785,0.0,0.0167375392,1.0,-0.21591224705,-0.17423642595,0.10906248965,0
8786,0.0,0.024534756249999998,3.0,-0.23913481735,-0.19456946330000002,0.10581573365000001,0
8787,0.0,0.0444226945,4.0,-0.3356123058,-0.27518515855000003,0.07287425435,0
8788,1.0,0.05719894045,3.0,-0.28544384359999997,-0.2728424393,0.06237955555000001,0
8789,0.0,0.054745216900000004,1.0,-0.2649156427,-0.24422284825,0.06466322665,0
8790,0.0,0.02181176365,1.0,-0.2064277165,-0.15410417425,0.104930694,0
8791,1.0,0.05485914495,6.0,-0.2680756459,-0.24768070139999998,0.06207255055,0
8792,0.0,-0.00868894705,1.0,-0.17931897455,-0.1467218697,0.14399020755,0
8793,0.0,0.0041167745,1.0,-0.1849664291,-0.140333692,0.13325075335,0
8794,0.0,-0.005812674150000001,1.0,-0.18121742275,-0.14359517645,0.1487949471,0
8795,0.0,0.0486145067,3.0,-0.3526579025,-0.28619500259999997,0.0579913653,0
8796,0.0,0.00256250405,1.0,-0.22575467570000002,-0.1693111259,0.13053410264999998,0
8797,0.0,0.025401327,3.0,-0.2594373217,-0.14931715475000001,0.13014217044999998,0
8798,0.0,0.03742730995,3.0,-0.34126204755,-0.31850513950000003,0.08080021579999999,0
8799,0.0,0.01014770145,3.0,-0.19856134565,-0.1142807249,0.13708540025,0
8800,0.0,0.038287241050000004,3.0,-0.21537383515,-0.15618994,0.09145448765,0
8801,0.0,0.04574313145,1.0,-0.31767628555,-0.2876214628,0.07560451575,0
8802,0.0,-0.0124669086,1.0,-0.230736334,-0.14747364995,0.135262856,0
8803,0.0,0.04428500835,3.0,-0.28758107605000005,-0.28002980815,0.07398044255,0
8804,0.0,0.0436033558,3.0,-0.342438717,-0.197554127,0.08325400615,0
8805,0.0,0.0192683383,4.0,-0.31440322779999996,-0.18618601880000002,0.11215286195,0
8806,0.0,0.04963826585,4.0,-0.20670509695,-0.16267313485,0.07102817285,0
8807,0.0,0.05508402255,3.0,-0.2383033348,-0.19523732055,0.06625958099999998,0
8808,0.0,0.025565941699999997,3.0,-0.3355772303,-0.31823358285000003,0.10038695044999998,0
8809,0.0,0.0137554514,1.0,-0.2234700462,-0.1689811223,0.11438654605000001,0
8810,0.0,0.02765330375,3.0,-0.29757672515,-0.27513104785,0.09612250585,0
8811,0.0,0.00873757515,4.0,-0.2069009353,-0.15304878579999998,0.12611420080000002,0
8812,1.0,0.0399333198,3.0,-0.2780238279,-0.21034071399999998,0.1025025323,0
8813,0.0,0.06628889575000001,2.0,-0.19496136790000002,-0.1349052598,0.06627301175,0
8814,0.0,0.03596898965,1.0,-0.23887199934999997,-0.18532277515,0.0829753948,0
8815,0.0,0.0201455355,3.0,-0.33772730360000003,-0.31374967215,0.11062898754999999,0
8816,0.0,0.046403290949999995,4.0,-0.1894227186,-0.09751839845,0.09682148275,0
8817,0.0,0.03596681055,3.0,-0.2952215133,-0.25936260245,0.07405087845,0
8818,0.0,0.026030896050000002,3.0,-0.2605930352,-0.1507969271,0.12191531415,0
8819,0.0,-0.01222776655,1.0,-0.18466214009999998,-0.1343243651,0.1402219905,0
8820,0.0,0.0446055644,2.0,-0.28947489055,-0.17799536705000002,0.0782745026,0
8821,0.0,0.02557953215,3.0,-0.35184924559999997,-0.3185530196,0.1067089092,0
8822,0.0,-0.010273583650000001,3.0,-0.2266336638,-0.1315829184,0.13166744575,0
8823,0.0,0.040166521600000005,2.0,-0.3280593063,-0.29338817154999997,0.0738121442,0
8824,0.0,0.03871359975,4.0,-0.32611119310000003,-0.30212110815000004,0.07260218535,0
8825,0.0,-0.015529474500000001,1.0,-0.19222946885,-0.15444545555,0.1593689648,0
8826,0.0,0.05071307,1.0,-0.26848639065,-0.21499861115,0.0851552082,0
8827,0.0,0.03762489395,3.0,-0.3122674949,-0.30236493775,0.08553624685,0
8828,0.0,-0.0029220314,1.0,-0.22698947895,-0.174403398,0.1332616744,0
8829,0.0,0.0172969734,1.0,-0.2135934311,-0.16359509125,0.1091438451,0
8830,0.0,0.041641994599999996,3.0,-0.310719065,-0.28552293585,0.07127957215,0
8831,0.0,0.043344525349999996,4.0,-0.31813427964999996,-0.28866351635,0.08113992095,0
8832,0.0,0.04023440535,3.0,-0.26941338735,-0.26380143225,0.08667845225000001,0
8833,0.0,0.03672472435,4.0,-0.3198005059,-0.30368905705,0.08131271575,0
8834,0.0,0.01107626055,1.0,-0.22343776025,-0.17210040005,0.12155385205,0
8835,0.0,-0.03434834765,1.0,-0.17906041255,-0.1744730189,0.1651640095,0
8836,0.0,0.0096213954,1.0,-0.210907988,-0.15900981555,0.11566135835000001,0
8837,0.0,0.01164004275,3.0,-0.18744888655,-0.15789058984999998,0.12146096079999999,0
8838,0.0,0.01801109555,3.0,-0.3107102592,-0.19901257519999999,0.08705814819999999,0
8839,2.0,0.0435153075,3.0,-0.27189041395,-0.18871797885000002,0.07859245640000001,0
8840,0.0,0.0220611868,1.0,-0.2016013037,-0.1515755382,0.10951274474999999,0
8841,0.0,-0.025769153349999997,1.0,-0.24187187405,-0.22774259605000002,0.13298438540000002,0
8842,0.0,0.021274841750000002,5.0,-0.1962506536,-0.1417483344,0.1014842373,0
8843,0.0,0.03492604805,1.0,-0.29759665184999995,-0.26459455005,0.08576052405,0
8844,0.0,0.02826349745,5.0,-0.19814564485,-0.1407028549,0.09581219269999999,0
8845,0.0,0.0249504268,3.0,-0.29723809375,-0.25927227205000003,0.0867882967,0
8846,0.0,0.0431962501,4.0,-0.2473691793,-0.2463083301,0.06805629490000001,0
8847,0.0,0.030570077049999998,1.0,-0.2216048188,-0.16555306065,0.07802686435,0
8848,0.0,0.027201391999999998,1.0,-0.2185142173,-0.15794953075,0.08335097545,0
8849,0.0,0.04420644825,1.0,-0.34651258075,-0.2967247364,0.07412939315,0
8850,0.0,-0.052747321550000004,1.0,-0.2292457227,-0.21338642445,0.17008936215,0
8851,0.0,-0.047339764500000006,1.0,-0.23552023649999998,-0.19675853225,0.15861521034999998,0
8852,0.0,-0.06077541065,1.0,-0.21659130040000002,-0.19297638615,0.18275040535,0
8853,0.0,-0.016276446,1.0,-0.15276630725,-0.13979428135,0.15191311605000002,0
8854,0.0,0.0465692444,3.0,-0.2624075936,-0.2497485122,0.07763517549999999,0
8855,0.0,0.031605721749999996,3.0,-0.3304488549,-0.3132323613,0.09322954300000001,0
8856,0.0,0.05539264745,1.0,-0.33392825854999997,-0.29919040305,0.06410158465,0
8857,0.0,0.0416969952,4.0,-0.2643688871,-0.25897851434999997,0.08878190175,0
8858,0.0,0.0349696749,4.0,-0.30169786325000003,-0.23389990695,0.07583943004999999,0
8859,0.0,0.03767224065,3.0,-0.3044337104,-0.2852672278,0.084157339,0
8860,0.0,-0.017398094,3.0,-0.2318900374,-0.15964356525,0.156482916,0
8861,0.0,-0.01545405285,1.0,-0.2107360738,-0.19836583530000002,0.149960404,0
8862,0.0,-0.06699301334999999,1.0,-0.22418305570000002,-0.1867511449,0.19208746455,0
8863,0.0,0.04563360705,1.0,-0.2859663602,-0.25061817524999996,0.0755120038,0
8864,0.0,0.035418411600000005,3.0,-0.2828369929,-0.2747170898,0.061524049149999996,0
8865,0.0,0.0044877259,2.0,-0.21656416965,-0.16138507755,0.1266175867,0
8866,0.0,0.02753557485,3.0,-0.2961096609,-0.2896648938,0.1004870792,0
8867,0.0,0.007231362850000001,3.0,-0.2242275242,-0.1709831831,0.14516353775000002,0
8868,0.0,-0.0153465494,1.0,-0.23830714405,-0.18281358785000001,0.14718533234999998,0
8869,0.0,0.053077255749999996,1.0,-0.273053355,-0.2619109796,0.06355063390000001,0
8870,0.0,-0.00646874245,1.0,-0.2351846554,-0.16703104265,0.14047279185,0
8871,0.0,0.03700189045,4.0,-0.30025058085,-0.29858206080000005,0.0724075403,0
8872,0.0,0.02765856005,3.0,-0.34144358025,-0.32071442964999997,0.0936328317,0
8873,0.0,0.0348499019,4.0,-0.2656300544,-0.24646986799999998,0.0899546051,0
8874,0.0,0.03207477085,3.0,-0.28568075815,-0.23386324255000002,0.08210938799999999,0
8875,0.0,0.031313349399999996,3.0,-0.34557540105,-0.3139121139,0.08474876890000001,0
8876,0.0,0.027897947,2.0,-0.2916695851,-0.26850700985,0.08217064959999999,0
8877,0.0,-0.035418960299999996,1.0,-0.21963471555,-0.20548598885,0.15998642675,0
8878,0.0,0.054780713499999995,3.0,-0.2691581156,-0.2444236153,0.061411181700000005,0
8879,0.0,0.03050967475,3.0,-0.311078377,-0.2935036799,0.08551750094999999,0
8880,0.0,0.046883366999999995,2.0,-0.25741727235,-0.19173823895,0.06987380385,0
8881,0.0,0.0704683456,2.0,-0.25389945385,-0.24592818885,0.05547549395000001,0
8882,0.0,0.01960010465,3.0,-0.2442013114,-0.18613269585,0.11555142204999999,0
8883,0.0,0.0439252941,4.0,-0.33015268285,-0.29625266265,0.0619352658,0
8884,0.0,0.0424321359,3.0,-0.27207970044999996,-0.23584022835000001,0.0723807094,0
8885,0.0,0.0362654976,3.0,-0.26467408525,-0.23462704535,0.0780166839,0
8886,0.0,0.019101396399999998,1.0,-0.20384937445,-0.14355839005,0.10777152414999999,0
8887,0.0,-0.05338715155,3.0,-0.19928059345,-0.1933990349,0.1982172828,0
8888,0.0,0.035667409250000004,1.0,-0.29912138405,-0.28259756280000004,0.08673594335000001,0
8889,0.0,0.03668578535,3.0,-0.33977488855000004,-0.29789962184999996,0.0849738775,0
8890,0.0,0.0567595714,3.0,-0.3034995128,-0.2710073545,0.06633750090000001,0
8891,0.0,0.0673514586,3.0,-0.23836617295,-0.2201716122,0.06395668535,0
8892,0.0,0.02908071565,1.0,-0.3184001634,-0.2942996572,0.08784915075,0
8893,1.0,0.0466817164,1.0,-0.28475509925,-0.23201146335,0.060303226800000005,0
8894,0.0,0.0342872064,3.0,-0.2902809249,-0.2200185177,0.0750488954,0
8895,0.0,0.02252017635,1.0,-0.20601231575,-0.1454604108,0.1006310438,0
8896,0.0,0.0322405609,2.0,-0.24606987455,-0.182583776,0.0959215447,0
8897,0.0,0.0278163435,3.0,-0.30711786534999996,-0.2813575798,0.10081513925,0
8898,0.0,0.0514102397,3.0,-0.2239325787,-0.21437558765,0.0797567681,0
8899,0.0,0.052680131,1.0,-0.3257842288,-0.31884145015,0.07971185195,0
8900,0.0,0.013064614549999999,4.0,-0.20669692,-0.14748027105,0.11262480815,0
8901,0.0,0.03124458565,3.0,-0.2746260743,-0.2533690529,0.0845545804,0
8902,0.0,0.02127782365,5.0,-0.19836730190000001,-0.02268463645,0.11375462105,0
8903,2.0,0.039565082700000004,1.0,-0.2485744284,-0.20416268469999999,0.07908954315,0
8904,0.0,0.014299635,3.0,-0.20590468239999998,-0.14789290665,0.11809324900000001,0
8905,0.0,0.02992182375,3.0,-0.3492486446,-0.2795983309,0.0999437212,0
8906,0.0,0.03039757165,4.0,-0.29225808845,-0.2637767677,0.09491023885,0
8907,0.0,0.03342688765,3.0,-0.31684618784999996,-0.30936887725,0.08479005270000001,0
8908,0.0,0.04415312405,4.0,-0.30609397525000004,-0.28629633860000003,0.07855027954999999,0
8909,0.0,0.04129877525,4.0,-0.30623096965,-0.29368601215,0.0834404617,0
8910,0.0,0.0430026955,2.0,-0.265389402,-0.2147700482,0.07954576020000001,0
8911,1.0,0.053742311550000005,3.0,-0.31994332295,-0.26613369060000003,0.054044429049999995,0
8912,0.0,0.0477102234,1.0,-0.26846355,-0.2414825832,0.07412210505,0
8913,0.0,0.03401510985,4.0,-0.3129201869,-0.2884875343,0.09680384430000001,0
8914,0.0,-0.0013562221499999999,1.0,-0.2073978176,-0.14471629235,0.1107247176,0
8915,0.0,-0.034915098150000004,3.0,-0.25030882865,-0.1886844822,0.15639888765,0
8916,0.0,0.03124690905,5.0,-0.3290782447,-0.27437747605,0.09281097634999999,0
8917,0.0,0.0313684665,3.0,-0.31280942505,-0.25613405785,0.09946371495,0
8918,0.0,0.042464677,1.0,-0.2960786526,-0.26006685825,0.06797212350000001,0
8919,0.0,0.0526732694,1.0,-0.2623951398,-0.22916440295,0.0733723745,0
8920,0.0,0.061547536949999995,3.0,-0.29464433339999996,-0.28980175524999996,0.07039578055000001,0
8921,0.0,0.0325864436,3.0,-0.31390690695,-0.27067846375000004,0.08609018574999999,0
8922,0.0,0.03456314445,3.0,-0.3178750204,-0.2658706287,0.09026367105,0
8923,0.0,0.042951534,1.0,-0.26973835545,-0.2585561135,0.07107630335,0
8924,0.0,0.042557090650000004,2.0,-0.30131438045000003,-0.2699442579,0.0738218742,0
8925,0.0,0.028785401500000002,3.0,-0.29814455785,-0.22078978415,0.08582961445,0
8926,0.0,-0.031002073800000002,3.0,-0.18734175279999998,-0.17248716375,0.15029228765000002,0
8927,0.0,0.0362661131,2.0,-0.2945767366,-0.26767122835,0.0864452733,0
8928,0.0,0.0030304461,3.0,-0.21695366055,-0.16091627209999998,0.12440780865,0
8929,0.0,-0.02157055905,1.0,-0.187597497,-0.17255435705,0.14942707239999997,0
8930,0.0,0.01956203005,1.0,-0.21270092865,-0.20080254535,0.08885440089999999,0
8931,0.0,0.03194454425,4.0,-0.30177532279999997,-0.3009673914,0.0638899655,0
8932,0.0,0.0571868379,3.0,-0.2758037902,-0.266711892,0.06502223504999999,0
8933,0.0,0.02339618365,3.0,-0.31039501199999997,-0.29943368735,0.08133436760000001,0
8934,0.0,0.02522155735,3.0,-0.32966791284999997,-0.3011048824,0.09927014170000001,0
8935,0.0,0.04235268845,3.0,-0.25822354215,-0.2571346223,0.0699249768,0
8936,0.0,0.03554092625,1.0,-0.28057654255,-0.2779168069,0.07028820100000001,0
8937,0.0,0.042301404050000005,3.0,-0.2514620734,-0.24906252075000002,0.06828091519999999,0
8938,0.0,0.0315604098,3.0,-0.3017143911,-0.26501357465,0.0770574275,0
8939,0.0,0.0391227331,3.0,-0.27542888229999996,-0.26699367085000003,0.0817895446,0
8940,0.0,0.04559484055,3.0,-0.24901237355,-0.24813987025,0.06247694585000001,0
8941,0.0,0.01682345705,1.0,-0.22038192035,-0.16177647005,0.10770495535,0
8942,0.0,-0.0055067086,1.0,-0.17349568669999998,-0.1465610833,0.15338393385,0
8943,0.0,0.03749758985,3.0,-0.31292904104999997,-0.27097363525,0.0856839976,0
8944,0.0,0.030790093499999997,3.0,-0.2903149582,-0.28789735559999996,0.0865274341,0
8945,0.0,0.03350219055,3.0,-0.27842679645,-0.2720133711,0.0729205945,0
8946,0.0,0.03658047205,3.0,-0.32966407205000003,-0.2795568501,0.08802927124999999,0
8947,0.0,0.051199264349999996,3.0,-0.26054641095,-0.255369569,0.0598354247,0
8948,0.0,0.0495401131,3.0,-0.3268534058,-0.28581866975000003,0.06900035169999999,0
8949,0.0,0.0483310209,3.0,-0.30945622154999997,-0.3065771299,0.07080961135,0
8950,0.0,0.01463092295,1.0,-0.20947690349999998,-0.15114128565,0.10764818144999999,0
8951,0.0,0.01538278525,3.0,-0.16991947775,-0.13309421994999998,0.13503368245,0
8952,0.0,0.044976295,3.0,-0.2658636239,-0.24420447605,0.07661474025000001,0
8953,0.0,0.03375892355,3.0,-0.332766779,-0.32116118930000004,0.08095712465,0
8954,0.0,0.0272382865,3.0,-0.26511288845000003,-0.2559372456,0.09428293015,0
8955,0.0,0.05616241885,4.0,-0.2883098573,-0.2557352651,0.059460207550000005,0
8956,0.0,0.03421373475,3.0,-0.27304220225,-0.21616079885,0.0796642474,0
8957,0.0,0.0293156521,3.0,-0.31268515365,-0.2691807708,0.07934992260000001,0
8958,0.0,0.040386104000000006,2.0,-0.2607274571,-0.2447105369,0.06444602094999999,0
8959,0.0,0.038595006050000005,2.0,-0.2681736241,-0.251748395,0.0875514939,0
8960,0.0,0.044457826,3.0,-0.2529146926,-0.2433779947,0.06415204545,0
8961,0.0,0.036180716599999996,4.0,-0.28358183525,-0.25412669239999996,0.0810028405,0
8962,0.0,0.02250831265,4.0,-0.33285891055,-0.3038267306,0.1056318332,0
8963,0.0,0.03853631295,3.0,-0.3289899071,-0.27543799984999995,0.0671359641,0
8964,0.0,0.02908279495,3.0,-0.31451945575,-0.27824940495,0.0795399163,0
8965,0.0,0.01884575005,3.0,-0.3357385788,-0.3025767736,0.09904107845,0
8966,0.0,0.0312961589,3.0,-0.19944522874999998,-0.14497924774999998,0.0931680767,0
8967,0.0,0.03034405855,4.0,-0.2977620712,-0.25261849589999996,0.08923755105,0
8968,0.0,0.040207217899999995,3.0,-0.29488544149999996,-0.2877369676,0.06742721415,0
8969,0.0,0.041307150449999996,3.0,-0.3312854583,-0.2652355192,0.07610984375,0
8970,0.0,0.03829894145,1.0,-0.26028861645,-0.2501997872,0.0753510185,0
8971,0.0,0.0570655769,3.0,-0.2520880857,-0.2449779037,0.05404755365,0
8972,0.0,0.045709888850000005,3.0,-0.26454968785,-0.2571778587,0.07361508289999999,0
8973,0.0,0.0289289054,1.0,-0.28651854825,-0.25829932980000003,0.08835161055,0
8974,0.0,0.0309357563,3.0,-0.3030663591,-0.29072393004999997,0.0853065072,0
8975,0.0,0.021886805250000002,1.0,-0.20112182695,-0.16651217164999998,0.12188570435,0
8976,0.0,0.04717371675,3.0,-0.30403949545,-0.2812224381,0.074406395,0
8977,0.0,0.01950652325,3.0,-0.3324434809,-0.2850384665,0.105595244,0
8978,0.0,0.03948205885,4.0,-0.27349330345,-0.2554047238,0.0834389345,0
8979,0.0,0.0333900289,2.0,-0.29604484045,-0.23145613980000002,0.09655493625,0
8980,0.0,0.048269726900000004,3.0,-0.25989977865,-0.24461998695,0.0727671998,0
8981,0.0,0.025977536699999998,3.0,-0.3075928717,-0.28669373005,0.09269092070000001,0
8982,0.0,0.0435985904,3.0,-0.2890914538,-0.27854284485,0.0809522483,0
8983,0.0,0.03881411765,4.0,-0.2847221126,-0.2745262034,0.08214698165,0
8984,1.0,0.0432475905,4.0,-0.2195674347,-0.1436457175,0.10137062455,0
8985,0.0,0.034081685949999996,3.0,-0.2628911587,-0.2492667838,0.07121830145,0
8986,0.0,0.032048417600000004,3.0,-0.29160037055,-0.27878969725,0.07720102470000001,0
8987,0.0,0.0285319185,3.0,-0.28242846395,-0.2743664452,0.074655328,0
8988,0.0,0.03240239355,3.0,-0.26933684045,-0.25503815865,0.0661535721,0
8989,0.0,0.03747061125,4.0,-0.2749514623,-0.27004184244999996,0.06869543454999999,0
8990,0.0,0.0341147838,5.0,-0.30466348190000003,-0.29646521714999996,0.084253541,0
8991,0.0,-0.0009800432,1.0,-0.2122862539,-0.1631795042,0.128634276,0
8992,0.0,0.02216547685,3.0,-0.29487245414999996,-0.2794718306,0.0909171439,0
8993,0.0,0.028237059100000003,1.0,-0.21796254240000001,-0.16245178445,0.084171024,0
8994,0.0,0.0149154262,3.0,-0.20085151805,-0.1412814479,0.12183523265000001,0
8995,0.0,0.035666277649999995,2.0,-0.29373270995,-0.2894402133,0.09017867195000001,0
8996,0.0,0.059206299399999995,3.0,-0.25797048545,-0.25358218325,0.0647298552,0
8997,0.0,0.040725591549999995,2.0,-0.34254505015000003,-0.30233133889999997,0.08161787405000001,0
8998,0.0,0.04776518675,1.0,-0.2903484717,-0.2685628736,0.06803661695,0
8999,0.0,0.016269355200000002,1.0,-0.22041591965000001,-0.18758613805,0.11960832034999999,0
9000,0.0,-0.0049727524000000006,1.0,-0.22191289335,-0.16960302929999999,0.1298546832,0
9001,1.0,0.05359081355,2.0,-0.2485770513,-0.2286060635,0.07278485359999999,0
9002,0.0,0.046206319600000004,2.0,-0.29856460585,-0.2751596759,0.07483785135000001,0
9003,0.0,0.0624058953,2.0,-0.2653260893,-0.24711911215000001,0.06269591715,0
9004,0.0,0.0168469063,3.0,-0.35942400404999997,-0.31430302504999996,0.11099329224999999,0
9005,0.0,-0.047727296700000005,3.0,-0.19236193655,-0.18796401455,0.18337140845,0
9006,0.0,-0.036181215850000004,1.0,-0.1911193639,-0.1652322369,0.1708087465,0
9007,1.0,0.0614311462,3.0,-0.2670134971,-0.24262747655,0.08669210275,0
9008,0.0,0.0380609774,4.0,-0.22639973655,-0.16639060725,0.07943903365,0
9009,1.0,0.05139233075,3.0,-0.26076485505,-0.21497056035,0.0688852947,0
9010,0.0,0.02631763455,1.0,-0.22206224554999998,-0.1678074771,0.10203614235,0
9011,0.0,0.0311728084,4.0,-0.3112425057,-0.2713012909,0.07822289175,0
9012,0.0,0.0333020294,3.0,-0.3343131631,-0.23426208815,0.0828408816,0
9013,0.0,0.0358725336,1.0,-0.3267195142,-0.2997248498,0.0671456893,0
9014,0.0,0.041519229000000005,3.0,-0.30578726595,-0.3040709678,0.06494299355,0
9015,0.0,-0.021634210600000002,5.0,-0.22384777849999998,-0.2030752056,0.15475100990000001,0
9016,0.0,-0.024474963500000002,1.0,-0.1936630418,-0.18390003654999998,0.15929493635000003,0
9017,0.0,-0.027036460249999998,3.0,-0.2086762322,-0.17817844695,0.15689495515,0
9018,0.0,0.02179438265,1.0,-0.33910059215,-0.30050323685,0.11289346260000001,0
9019,0.0,0.0210365789,2.0,-0.32721050915,-0.29673531705,0.08925725344999999,0
9020,0.0,0.02663096575,3.0,-0.33244347395,-0.2752419302,0.1042259649,0
9021,0.0,0.03274895245,4.0,-0.31749930955000005,-0.2575364297,0.0974947903,0
9022,0.0,0.01835068095,3.0,-0.2112336421,-0.1746613534,0.11288585729999999,0
9023,0.0,0.028710491900000003,1.0,-0.19453642385,-0.1465483741,0.10989590500000002,0
9024,0.0,0.02848004965,3.0,-0.31300343495,-0.2513456717,0.0913439077,0
9025,0.0,0.0072611577499999995,1.0,-0.24789285175,-0.2140271218,0.12439011024999999,0
9026,0.0,0.04566089065,4.0,-0.24871920365,-0.2293260909,0.07887024985,0
9027,0.0,0.0347811376,1.0,-0.2934927714,-0.2757430017,0.08129835705,0
9028,0.0,0.023757442599999998,3.0,-0.3406969525,-0.30728456435,0.0972543562,0
9029,0.0,0.0354085608,3.0,-0.32167388935,-0.2806836085,0.0782827931,0
9030,0.0,0.010866135499999999,1.0,-0.2136851153,-0.1697266302,0.12126243545000001,0
9031,0.0,0.03697668365,3.0,-0.2897735988,-0.22388469215,0.09483062335,0
9032,0.0,0.05154614465,4.0,-0.29060670835,-0.2792078409,0.06913161,0
9033,0.0,0.03755826915,3.0,-0.3404290939,-0.3113795248,0.08967522435000001,0
9034,0.0,0.01040857005,1.0,-0.1657125202,-0.10103633840000001,0.12615565505,0
9035,0.0,0.03820381245,3.0,-0.3262799648,-0.23386571355,0.08342849225,0
9036,0.0,-0.01495915495,2.0,-0.22983535345,-0.191322931,0.1496234417,0
9037,0.0,0.04169327815,3.0,-0.33618142815,-0.27729863610000005,0.07812534164999999,0
9038,0.0,0.03695121285,2.0,-0.30881643495,-0.26483586165,0.07483754195,0
9039,0.0,0.0195539008,1.0,-0.34028912195,-0.30869294245,0.10982545485,0
9040,0.0,0.037139600450000004,1.0,-0.3125060674,-0.2660116429,0.07165266635,0
9041,0.0,0.037418093799999996,3.0,-0.32959005985,-0.3124086705,0.07705388775,0
9042,0.0,0.0449742954,4.0,-0.2717718806,-0.27075130615,0.07312713604999999,0
9043,0.0,0.0654988725,1.0,-0.3119420957,-0.29297984644999997,0.058041039450000005,0
9044,0.0,0.024947729699999997,3.0,-0.33172750360000003,-0.29566191505,0.08798690449999999,0
9045,1.0,0.043243457449999995,3.0,-0.24221729765,-0.18805220265,0.09576022605000001,0
9046,0.0,0.0385408361,4.0,-0.30203209255,-0.29367919955,0.08033369380000001,0
9047,0.0,0.06038312975,3.0,-0.2959598794,-0.28894364735,0.06785358550000001,0
9048,0.0,-0.02278436525,1.0,-0.14172910025000002,-0.13132367905,0.14185385355,0
9049,0.0,-0.0787490927,3.0,-0.21050867475,-0.1874547917,0.17923924265,0
9050,0.0,0.0361302138,3.0,-0.32511140215,-0.31618251669999997,0.09833822854999999,0
9051,0.0,0.04700234445,3.0,-0.2844419552,-0.27583034,0.06334249065,0
9052,0.0,0.0257369416,1.0,-0.18463593355,-0.1540530216,0.10879926085,0
9053,0.0,-0.02287525885,1.0,-0.19893779735,-0.17428459559999998,0.15053608285,0
9054,0.0,0.03891189375,3.0,-0.31186824545,-0.30967057794999997,0.08251974314999999,0
9055,0.0,0.0409080633,3.0,-0.32132531475000004,-0.28528200385,0.0817483919,0
9056,0.0,-0.02396980195,1.0,-0.1920913325,-0.1755054141,0.1569376286,0
9057,0.0,0.033679636900000004,3.0,-0.3656409931,-0.35407423705,0.07816469009999999,0
9058,0.0,0.045197883950000003,4.0,-0.32241628045,-0.3060919854,0.06708507165,0
9059,0.0,0.02601774985,1.0,-0.20590467904999998,-0.1746133159,0.09718498405,0
9060,0.0,0.01478181675,3.0,-0.1794936127,-0.16980975850000002,0.1196706861,0
9061,0.0,0.050000551500000004,1.0,-0.2789097339,-0.25692750145,0.0730293588,0
9062,0.0,0.01114685545,3.0,-0.1828886487,-0.1727926291,0.12527668814999998,0
9063,0.0,0.0116804994,1.0,-0.19510511765,-0.18235072224999999,0.12228771825000001,0
9064,0.0,0.033861927550000004,1.0,-0.22467279210000002,-0.2122249183,0.10352150004999999,0
9065,0.0,0.060404115950000004,1.0,-0.2660423756,-0.23864533459999998,0.05859273705000001,0
9066,0.0,0.0005908369,3.0,-0.2155929091,-0.1628397419,0.13913367045000002,0
9067,0.0,0.037362379,3.0,-0.28769325035000004,-0.2655029679,0.0967422823,0
9068,0.0,0.016456637,2.0,-0.1772776836,-0.15206898424999998,0.13135415635000003,0
9069,0.0,0.02302320755,3.0,-0.21070764865,-0.15156126395,0.09255556005,0
9070,0.0,0.00369466875,1.0,-0.21014424404999998,-0.15383802305,0.12243652629999999,0
9071,0.0,0.05462745275,3.0,-0.296457111,-0.2644076794,0.05807346925,0
9072,0.0,0.040839624399999996,4.0,-0.27988640124999997,-0.24940041940000002,0.09100350169999999,0
9073,0.0,0.03332711105,3.0,-0.26012633009999997,-0.2581791616,0.08892080464999999,0
9074,0.0,0.038263394500000006,3.0,-0.26220441095,-0.2552570108,0.07780876810000001,0
9075,0.0,0.03354667875,3.0,-0.31135517235,-0.26096631955000005,0.07466790425,0
9076,0.0,0.0467455766,3.0,-0.302636954,-0.29312068695,0.0785301462,0
9077,0.0,0.04174798685,1.0,-0.3364915734,-0.27794901120000004,0.060627794799999996,0
9078,0.0,0.0408629066,4.0,-0.2570127103,-0.21873497765,0.08656318245,0
9079,0.0,0.02292534275,4.0,-0.3221127466,-0.28043579345,0.09878549565,0
9080,0.0,0.03647596475,4.0,-0.25191295069999997,-0.24827628765,0.07904577375,0
9081,0.0,0.029562031500000002,2.0,-0.30817517225,-0.28865009065,0.0935358231,0
9082,0.0,0.044537989,3.0,-0.28457739975,-0.267779342,0.07587208445,0
9083,0.0,0.0384182404,3.0,-0.2853379077,-0.27702999520000005,0.06547745969999999,0
9084,0.0,0.033804608,1.0,-0.27487019155000003,-0.2357170224,0.09543005805,0
9085,0.0,0.0414825862,3.0,-0.27919863645,-0.25479178739999997,0.0616315073,0
9086,0.0,0.03045350455,3.0,-0.32581308735000003,-0.28150630405,0.0997556302,0
9087,0.0,0.041664863499999996,4.0,-0.33133460465,-0.29898106635,0.08374658385,0
9088,0.0,0.02798724905,3.0,-0.27550052535,-0.2600825635,0.0728993068,0
9089,0.0,0.0372887798,5.0,-0.29510220155,-0.23591827975000002,0.0959670986,0
9090,0.0,-0.0052689442,4.0,-0.21574148515,-0.15638120265,0.1346910288,0
9091,0.0,-0.002096639,1.0,-0.22014594869999998,-0.16892843615,0.12838342460000002,0
9092,0.0,-0.004515848,1.0,-0.21898395985000002,-0.16098696950000002,0.13036490265,0
9093,0.0,0.02570511895,3.0,-0.3216337778,-0.27150264445,0.1027760451,0
9094,0.0,0.0516877351,3.0,-0.2900167294,-0.2421193876,0.07615989665,0
9095,0.0,0.03029872555,3.0,-0.32949416295,-0.27154634745,0.09294230215000002,0
9096,0.0,0.04623952275,1.0,-0.26143527085,-0.25019586205,0.0732957966,0
9097,0.0,0.043295058250000004,1.0,-0.29910794949999997,-0.26194557395,0.07436126840000001,0
9098,0.0,0.0485254009,3.0,-0.2699725808,-0.2608146584,0.0593084945,0
9099,0.0,0.04275362755,3.0,-0.26405227365,-0.25386503095,0.07788084455000001,0
9100,0.0,0.04335032185,1.0,-0.29483461705,-0.28693608635,0.06815382685,0
9101,0.0,0.035028062949999994,3.0,-0.29260127810000003,-0.26555926145,0.0915646201,0
9102,0.0,0.0560807032,2.0,-0.22097619865,-0.19492512429999997,0.0822357233,0
9103,0.0,0.0164511653,1.0,-0.20263741575,-0.1521521834,0.12715496515,0
9104,0.0,0.0313964829,4.0,-0.2674569025,-0.2428650008,0.09023486395,0
9105,0.0,0.0391489594,4.0,-0.31311746865,-0.29483440255,0.08861330064999999,0
9106,0.0,0.0461468397,3.0,-0.26434593255,-0.25475278765,0.072278736,0
9107,0.0,0.0631619204,2.0,-0.24723400405,-0.2408963953,0.05331413935,0
9108,0.0,0.0393526705,4.0,-0.25311520995000003,-0.21722367134999998,0.08167965765,0
9109,0.0,-0.011716608900000001,5.0,-0.20659960885,-0.1584331076,0.15196877669999997,0
9110,0.0,-0.05010496315,3.0,-0.2137694806,-0.1958254567,0.1763719836,0
9111,0.0,0.046235500400000004,3.0,-0.3160012814,-0.26155837595,0.07361936135000001,0
9112,0.0,0.04399642915,3.0,-0.24539085865,-0.22063619969999998,0.06985550539999999,0
9113,0.0,0.046477725600000006,2.0,-0.2532806427,-0.2519053092,0.0578754271,0
9114,0.0,0.0379137031,3.0,-0.26522769695,-0.2109127953,0.0749755979,0
9115,0.0,0.010089160100000001,1.0,-0.19281411069999999,-0.15973347235000002,0.10992096405,0
9116,0.0,0.0399307557,3.0,-0.31050078385,-0.3014741982,0.0905595338,0
9117,0.0,0.05239515655,3.0,-0.2510074038,-0.2090181133,0.0540659304,0
9118,0.0,0.0425731786,3.0,-0.3021442663,-0.29921421815,0.08565838280000002,0
9119,0.0,0.0274667407,1.0,-0.2896018362,-0.26575730654999996,0.0808312737,0
9120,0.0,0.0402738616,3.0,-0.32180952785,-0.28633542710000004,0.08148458705,0
9121,0.0,0.0408936976,3.0,-0.28985782034999996,-0.28016974055,0.08767326510000001,0
9122,0.0,0.03585478,3.0,-0.2561403854,-0.23185843315,0.0871726055,0
9123,0.0,0.03663353145,1.0,-0.28564462955000003,-0.2625255716,0.06784781250000001,0
9124,0.0,0.04990871055,3.0,-0.24170321845,-0.2396052316,0.054225840100000006,0
9125,0.0,0.0328895731,2.0,-0.36363866525,-0.28780790430000003,0.09068605769999999,0
9126,0.0,0.04786639345,2.0,-0.2632472184,-0.23227311465,0.06106894715,0
9127,0.0,0.036073713,3.0,-0.24688509735,-0.23242604825000002,0.07697402575000001,0
9128,0.0,0.039860153450000005,4.0,-0.32570029775,-0.3052406085,0.07197107729999999,0
9129,0.0,0.02886769545,1.0,-0.16975557465,-0.10772155235,0.11465680580000001,0
9130,0.0,0.03724743675,4.0,-0.24989392245,-0.24861643755,0.0775712918,0
9131,0.0,0.038169938599999995,3.0,-0.26682275805,-0.26233397295,0.06863591620000001,0
9132,0.0,0.030924041049999997,4.0,-0.2978193441,-0.26284091835,0.0911509293,0
9133,0.0,0.0415540287,1.0,-0.2764458157,-0.2129973435,0.06762131589999999,0
9134,0.0,0.041657882199999996,3.0,-0.2681931589,-0.2462307533,0.07205700365000002,0
9135,0.0,0.0371530375,2.0,-0.3462698226,-0.321655688,0.0912479651,0
9136,0.0,0.03468061165,4.0,-0.1293817437,-0.1139876975,0.10944378469999999,0
9137,0.0,0.05977692875,2.0,-0.27332286385000004,-0.23039435185,0.053246725499999994,0
9138,0.0,0.018373185049999997,4.0,-0.32144893775,-0.2694571376,0.10665157455,0
9139,0.0,0.02547955855,1.0,-0.2269790897,-0.18351079035,0.09615113155,0
9140,0.0,0.004125705,3.0,-0.15840128025,-0.10010770545,0.13207618570000002,0
9141,0.0,0.0309483281,3.0,-0.33954891875,-0.28403361635,0.0805581857,0
9142,0.0,0.03583430805,3.0,-0.35071843555000004,-0.27632056215,0.0665088058,0
9143,0.0,-0.06049690935,1.0,-0.1812583371,-0.14672352854999998,0.1985170089,0
9144,0.0,-0.0009709361999999999,1.0,-0.19266014055000003,-0.1011737629,0.13349179984999998,0
9145,0.0,-0.037723647,1.0,-0.19963371655,-0.13390587965,0.18694918425,0
9146,0.0,0.0315400417,3.0,-0.3568579523,-0.3114907974,0.0788596566,0
9147,0.0,0.0372979915,4.0,-0.2459264638,-0.21839366275,0.07797690674999999,0
9148,0.0,0.031857917599999994,4.0,-0.27130419855,-0.2566057952,0.080919678,0
9149,1.0,0.0454592237,3.0,-0.26414394384999995,-0.20025964395,0.05899059205,0
9150,0.0,-0.09740894325,2.0,-0.23481962965,-0.18609063879999999,0.29705262229999996,0
9151,0.0,-0.0069699782,4.0,-0.2264718213,-0.17870576025,0.14452332964999998,0
9152,0.0,0.0605758427,3.0,-0.26217589490000004,-0.24301429549999998,0.0613538553,0
9153,0.0,-0.0007917217,3.0,-0.2114537991,-0.145891772,0.13117592535,0
9154,0.0,-0.014445090300000001,1.0,-0.23055147555,-0.160529582,0.14133178205000002,0
9155,0.0,-0.02436363795,1.0,-0.1920660786,-0.1827517294,0.1472711262,0
9156,0.0,-0.022854181,1.0,-0.19529264294999998,-0.1771638194,0.14094078934999998,0
9157,0.0,0.0319413586,4.0,-0.32363877365,-0.2106231716,0.08719995265,0
9158,0.0,-0.00236693215,1.0,-0.19738468175,-0.11581941600000001,0.1281573627,0
9159,0.0,-0.04034719465,1.0,-0.21528773795,-0.11671602505,0.18654295170000001,0
9160,0.0,0.03419634745,3.0,-0.29518899475000004,-0.2760895992,0.0817725592,0
9161,0.0,0.036354797849999995,5.0,-0.3035991347,-0.28770938420000003,0.07539422905000001,0
9162,0.0,0.0458905535,2.0,-0.25771878065,-0.2522988963,0.06344396265,0
9163,0.0,0.0373925097,1.0,-0.28594840185,-0.2851428697,0.0768174024,0
9164,0.0,0.03276371415,4.0,-0.2635298492,-0.26067166415,0.08488785474999999,0
9165,0.0,0.03965410075,2.0,-0.2639999022,-0.25814015055,0.07721396055,0
9166,0.0,0.019587804049999998,5.0,-0.2098971355,-0.09827001525000001,0.12793499084999999,0
9167,0.0,0.04042507205,4.0,-0.2396995899,-0.23963385674999998,0.066871477,0
9168,0.0,0.0332985318,3.0,-0.2643386099,-0.26139812900000003,0.07465333215,0
9169,0.0,0.0386066682,3.0,-0.2770315464,-0.27079188590000003,0.0674552326,0
9170,0.0,0.036537091849999995,3.0,-0.31824492495,-0.29959982855,0.09374038695,0
9171,0.0,0.0304634595,4.0,-0.29556636459999996,-0.26518982255,0.0821800719,0
9172,0.0,0.0380494823,3.0,-0.27351790470000004,-0.2423061644,0.0699569715,0
9173,0.0,0.0402723194,3.0,-0.23951492894999998,-0.23795667325,0.06253712950000001,0
9174,0.0,0.06603236215,2.0,-0.24587537124999997,-0.23152994385,0.05658600715,0
9175,0.0,0.038875761800000005,3.0,-0.27431494385,-0.25592723105000004,0.0690190722,0
9176,0.0,0.034474410999999996,3.0,-0.35049490055,-0.27889158785,0.07710836410000001,0
9177,0.0,0.00769693985,1.0,-0.2377800316,-0.12221171975,0.13064004475000002,0
9178,0.0,0.02906436295,3.0,-0.28440989065,-0.2837610391,0.0592755185,0
9179,0.0,0.04747652215,3.0,-0.27087205575,-0.26794790485,0.06827116015,0
9180,0.0,0.01564276345,1.0,-0.21910855955,-0.1488333394,0.1148854725,0
9181,0.0,0.01289596245,1.0,-0.20481913375,-0.15142348155,0.11750056509999998,0
9182,0.0,0.04036552265,3.0,-0.27530804,-0.27102529315,0.06554338355,0
9183,0.0,0.033672166850000004,3.0,-0.27325657400000003,-0.2719891031,0.07280230055,0
9184,0.0,-0.0308757433,2.0,-0.21144354715,-0.15628447225,0.17059088485,0
9185,0.0,0.04054296705,3.0,-0.28315581045,-0.27755847665,0.05889156965,0
9186,0.0,-0.01167851335,3.0,-0.26410300755,-0.1523748125,0.15900243895,0
9187,0.0,0.0354807484,3.0,-0.28064100434999995,-0.2686203244,0.0720438917,0
9188,0.0,-0.00911886925,2.0,-0.22416867045,-0.1417093312,0.15349290929999998,0
9189,0.0,0.017939401549999998,3.0,-0.32956285544999997,-0.30501111785,0.10644014674999999,0
9190,0.0,0.02765089765,3.0,-0.13585235834999998,-0.1233558473,0.11654915675,0
9191,0.0,0.03560809535,2.0,-0.31051695204999996,-0.3050057801,0.07125918925,0
9192,0.0,0.033842564199999994,1.0,-0.31259515424999995,-0.3074155781,0.0695176629,0
9193,0.0,-0.0009502298999999998,1.0,-0.22635322865000002,-0.15346792845,0.1326581979,0
9194,0.0,0.0107864306,1.0,-0.22921768780000001,-0.09108154265,0.12985509029999998,0
9195,0.0,0.04763486015,4.0,-0.31117222305000003,-0.27351088020000003,0.07556081665,0
9196,0.0,-0.017449553700000002,1.0,-0.19850335019999998,-0.09811773685,0.15696943945,0
9197,0.0,0.030967188700000002,3.0,-0.3322508965,-0.31548071875,0.08990457525000001,0
9198,0.0,0.025993217399999997,3.0,-0.31454780095,-0.17270783675,0.0941656879,0
9199,0.0,0.03135513205,3.0,-0.33368951734999996,-0.2123092643,0.08524593575,0
9200,0.0,0.05782480025,3.0,-0.26500426675,-0.263244231,0.06190841705,0
9201,0.0,0.02543021075,4.0,-0.3152821949,-0.20470336690000002,0.09851358800000001,0
9202,0.0,0.03518677825,4.0,-0.22630564725,-0.15332442485,0.07887159334999999,0
9203,0.0,-0.02354912435,1.0,-0.17475006875,-0.1698737178,0.1569957002,0
9204,0.0,0.04235171535,1.0,-0.29889240495,-0.2850868782,0.0686525093,0
9205,0.0,0.0480837721,1.0,-0.29232983195,-0.2837899826,0.0584607742,0
9206,0.0,0.033228007049999994,2.0,-0.21725926995,-0.1581764803,0.08404319495000001,0
9207,0.0,0.0270151536,3.0,-0.19392291239999998,-0.14802149920000002,0.09798304194999999,0
9208,0.0,0.0369330511,3.0,-0.35341250715,-0.33920579855,0.0794927267,0
9209,0.0,-0.040833243150000004,1.0,-0.2240305569,-0.2048000241,0.16849356064999998,0
9210,0.0,-0.016905563499999998,1.0,-0.2075821803,-0.09757542585000001,0.14938501785,0
9211,0.0,-0.0085392981,1.0,-0.22557198655,-0.1775845905,0.13428141919999997,0
9212,0.0,-0.03231623285,3.0,-0.23798307289999998,-0.1944436959,0.17277748059999998,0
9213,0.0,0.055232467,3.0,-0.28072675849999995,-0.2764359849,0.06024604265,0
9214,0.0,0.0333634759,3.0,-0.3371826644,-0.3147488625,0.08858717494999999,0
9215,0.0,0.0468224367,5.0,-0.1861096225,-0.0886179497,0.08990838009999999,0
9216,0.0,0.0166776151,3.0,-0.31183003435,-0.22019733875,0.10462561535,0
9217,0.0,0.03881661705,1.0,-0.1612869333,-0.11566876435000001,0.08463897875,0
9218,0.0,0.043448178,2.0,-0.2138151871,-0.10100049335,0.08403793579999999,0
9219,0.0,0.025092773800000003,1.0,-0.2248336075,-0.12343010985,0.09636799465,0
9220,0.0,0.04353711715,3.0,-0.30743890485,-0.2970400715,0.08066761335,0
9221,0.0,-0.0010786779,3.0,-0.22816799929999998,-0.1840668227,0.13698770794999998,0
9222,0.0,-0.0137171771,1.0,-0.1937046837,-0.13588708675,0.14765177140000002,0
9223,0.0,-0.0042491295499999995,3.0,-0.23705921055,-0.18663666675,0.11500237715,0
9224,0.0,0.041003438850000004,5.0,-0.2640330314,-0.2631779972,0.07126081995,0
9225,0.0,0.051278210000000005,2.0,-0.23819442564999999,-0.2279591751,0.0861207215,0
9226,0.0,0.037155749700000004,3.0,-0.30478737915,-0.2915376797,0.0760778459,0
9227,0.0,0.013691824500000001,1.0,-0.18421220065,-0.113483802,0.10670836099999999,0
9228,0.0,0.016448800399999998,4.0,-0.19980176005,-0.02302692915,0.12097586515,0
9229,0.0,-0.0085822367,1.0,-0.19280486045,-0.11982236835,0.13906344044999996,0
9230,0.0,-0.00944909865,3.0,-0.1762537393,-0.10873222645,0.1395191211,0
9231,1.0,0.0347934797,3.0,-0.2447436233,-0.19223054285,0.10770054004999999,0
9232,1.0,0.04831142545,3.0,-0.2573292478,-0.21788833764999999,0.08978469515,0
9233,0.0,0.046346904849999995,1.0,-0.32227675624999996,-0.26164994620000004,0.0636562733,0
9234,0.0,0.02788414595,3.0,-0.29663930969999996,-0.27251906165,0.10128174460000001,0
9235,0.0,0.0032423818,1.0,-0.21001297365,-0.1676846634,0.1386534332,0
9236,0.0,0.032144505399999995,4.0,-0.30369598055,-0.19908783725,0.08903058845,0
9237,0.0,0.03652527755,2.0,-0.3328839748,-0.214720764,0.08253846755,0
9238,0.0,0.0313185391,1.0,-0.24082409815,-0.1703737666,0.10215957745,0
9239,0.0,0.0615369655,3.0,-0.23995489115000002,-0.1475441083,0.0774348319,0
9240,0.0,0.02076147095,1.0,-0.19310743585,-0.14889349070000002,0.10740328160000001,0
9241,0.0,0.0016745549,1.0,-0.22596726185,-0.16402269915,0.12786791445,0
9242,0.0,0.033193416,3.0,-0.30639059275,-0.3051864358,0.07408936890000001,0
9243,0.0,0.039146039,2.0,-0.30139664265,-0.2774950095,0.08116215809999999,0
9244,0.0,0.037718510149999995,3.0,-0.3001799558,-0.29288694260000003,0.08184625455,0
9245,0.0,0.00714769,1.0,-0.2202512375,-0.1597130658,0.11784897384999998,0
9246,0.0,0.03462688785,3.0,-0.21812298795,-0.16480798089999998,0.0748172721,0
9247,2.0,0.0556789133,5.0,-0.2876141152,-0.1769255652,0.06250174795,0
9248,0.0,-0.0096220756,5.0,-0.20802914435,-0.1480036078,0.13432462945,0
9249,0.0,-0.030911054,5.0,-0.22394763355,-0.18732864170000002,0.1572353117,0
9250,0.0,0.041721697700000004,1.0,-0.30321768015,-0.26699979495000004,0.0822184816,0
9251,0.0,0.0490317573,1.0,-0.29591124405,-0.2803735335,0.06872902125,0
9252,0.0,0.0228288119,1.0,-0.2291838787,-0.1648293968,0.11130670684999999,0
9253,0.0,0.03663972465,3.0,-0.28869154655,-0.28303533875,0.07705325315,0
9254,0.0,0.0170181218,1.0,-0.24298672059999998,-0.1894337676,0.11738467965,0
9255,0.0,0.00963006525,1.0,-0.2563932612,-0.1944194644,0.12338534404999998,0
9256,0.0,0.046252647699999996,3.0,-0.30321469695000003,-0.25780807170000003,0.06914085789999999,0
9257,0.0,0.0260246903,6.0,-0.18604131295,-0.12723377185,0.0975862183,0
9258,0.0,0.006327010399999999,1.0,-0.16463848225,-0.11709723355,0.1361918721,0
9259,0.0,-0.01183380315,1.0,-0.1772100388,-0.1082335119,0.14531417335000002,0
9260,0.0,0.0491093428,1.0,-0.31023957625,-0.3021349777,0.0717101295,0
9261,0.0,0.03727560955,4.0,-0.24243814065,-0.17449895595,0.07651971460000001,0
9262,0.0,0.04108536415,4.0,-0.29275064395,-0.2692586663,0.059667656799999996,0
9263,0.0,0.0537181872,2.0,-0.29237535535000003,-0.28325151935000004,0.07937394469999999,0
9264,0.0,0.005194214149999999,1.0,-0.1987002943,-0.1833896055,0.11584801185,0
9265,0.0,0.02070451105,1.0,-0.18620371905,-0.16359375545,0.11463255485000001,0
9266,0.0,0.038691005099999995,1.0,-0.27724288445,-0.27175521175,0.0777765032,0
9267,0.0,0.03869005375,3.0,-0.22320127335,-0.15896057815,0.0767348615,0
9268,0.0,0.0400403207,1.0,-0.2953952259,-0.22903916075000003,0.07585470875,0
9269,0.0,0.03272793485,3.0,-0.3086030016,-0.29430527465,0.07249665705,0
9270,0.0,-0.0143497554,1.0,-0.1754943871,-0.1689203942,0.1510379203,0
9271,0.0,0.048773220549999996,3.0,-0.28959817764999995,-0.2702941279,0.0737058474,0
9272,0.0,0.0154841161,5.0,-0.18224251305,-0.17344237645,0.11942460845,0
9273,0.0,0.054535934450000004,3.0,-0.27274512445,-0.1531685833,0.07146111855,0
9274,0.0,0.02932015865,3.0,-0.32535032760000004,-0.2691877012,0.09315746015000001,0
9275,0.0,0.03785035375,1.0,-0.28807034045,-0.22361357565,0.06843963410000001,0
9276,0.0,0.05400474545,3.0,-0.21729824004999998,-0.17038484345,0.0706673575,0
9277,0.0,0.0356889333,4.0,-0.30446066475,-0.30298466695000004,0.0825222253,0
9278,0.0,0.02457956465,1.0,-0.18212493485,-0.1021771734,0.11425643960000001,0
9279,0.0,0.0353629034,1.0,-0.193581304,-0.1841608318,0.09510619919999998,0
9280,0.0,0.0313559585,3.0,-0.2262068146,-0.17905893065,0.08672372499999999,0
9281,0.0,0.01448086605,1.0,-0.17334266495,-0.10746241155,0.1205271973,0
9282,0.0,0.05055799045,3.0,-0.31127714775000004,-0.29981315755,0.061382416,0
9283,0.0,0.0360678552,2.0,-0.28933565705,-0.19080772255,0.08310550905,0
9284,0.0,-0.03272068625,1.0,-0.22367600605,-0.15313615635,0.17188082449999997,0
9285,0.0,0.036756121200000005,1.0,-0.2919386303,-0.2887890936,0.0699625385,0
9286,0.0,-0.0365017413,1.0,-0.1797412102,-0.0479853242,0.16291979335,0
9287,0.0,-0.0016214571,1.0,-0.19177496475,-0.1004406383,0.13325383325,0
9288,0.0,0.0029550058,3.0,-0.18129429525000001,-0.1284899534,0.13018787264999998,0
9289,0.0,0.00367281735,4.0,-0.2063109697,-0.15388880505,0.1304677897,0
9290,0.0,0.0381690058,3.0,-0.3450268595,-0.32033970555,0.07746055569999999,0
9291,0.0,0.0452703894,1.0,-0.29590608780000005,-0.2898462268,0.05813355234999999,0
9292,0.0,-0.01124444965,5.0,-0.21955361735,-0.1630310174,0.15601226085000003,0
9293,0.0,0.026924345449999998,2.0,-0.32364630485,-0.3021934596,0.09035907025,0
9294,0.0,0.02250345585,1.0,-0.20601433475,-0.15974784265,0.1069818653,0
9295,0.0,0.032895752949999996,1.0,-0.2181432327,-0.1712562563,0.0984492676,0
9296,0.0,0.0037960568999999998,4.0,-0.21018723295000002,-0.1680017051,0.12901473665000002,0
9297,0.0,0.03312455755,4.0,-0.28977448325,-0.28070916685,0.0736530951,0
9298,0.0,0.028480120499999997,3.0,-0.18210874724999998,-0.12445859505000001,0.1008655488,0
9299,0.0,0.0296898935,1.0,-0.2952828266,-0.28345312705,0.09135326525000001,0
9300,0.0,0.0294869743,3.0,-0.2161807725,-0.128235916,0.10478861595,0
9301,0.0,-0.00684415065,1.0,-0.19274970975,-0.1289782101,0.1334308426,0
9302,0.0,0.02835466525,3.0,-0.2808942394,-0.22937328634999998,0.07844797255,0
9303,0.0,0.038004999,3.0,-0.30891297975,-0.30179344205,0.08181920915,0
9304,0.0,0.022215280349999998,1.0,-0.23954814265000002,-0.18029047705,0.109537075,0
9305,0.0,0.031149183900000002,3.0,-0.2318577844,-0.1792577871,0.08099717035000001,0
9306,0.0,0.0376960219,3.0,-0.19182546625,-0.15921506154999998,0.0753893649,0
9307,0.0,0.0330105514,3.0,-0.24570459275,-0.1974340919,0.07460646405,0
9308,0.0,0.02514323285,2.0,-0.1821686042,-0.10974977205,0.11876426555,0
9309,0.0,0.026458406400000002,3.0,-0.25324997725,-0.1654127648,0.08727082375,0
9310,0.0,0.0321982758,3.0,-0.20678762705,-0.16455656175,0.0834264331,0
9311,0.0,0.0077175599000000004,1.0,-0.23129325909999998,-0.1707709915,0.1123364747,0
9312,0.0,0.0192852753,1.0,-0.25649239325,-0.16720176045000001,0.09190637225,0
9313,0.0,0.031285822399999996,2.0,-0.30931408169999997,-0.22608305995,0.08322627205,0
9314,0.0,0.051313256099999996,2.0,-0.2833927428,-0.178269941,0.0569933306,0
9315,0.0,0.035583058449999996,3.0,-0.2333973855,-0.17312986465,0.08863921055,0
9316,0.0,0.04363780595,2.0,-0.29282731125,-0.2899112204,0.06282076605,0
9317,0.0,0.0019341315000000001,1.0,-0.18144000165,-0.14910286615,0.1191855787,0
9318,0.0,0.035801628050000006,3.0,-0.32738969125,-0.2975696189,0.08136757725,0
9319,0.0,0.057658293299999996,2.0,-0.2807003014,-0.27234315475000004,0.0650736717,0
9320,0.0,0.03830322575,3.0,-0.33540728815,-0.29652437905,0.06680787885,0
9321,0.0,0.034156488299999996,3.0,-0.328131729,-0.28330294135,0.07549613135,0
9322,0.0,0.0323020517,3.0,-0.29459131169999997,-0.2640556554,0.07189293320000001,0
9323,0.0,0.04221707155,2.0,-0.20089523145,-0.1530908398,0.07265667335,0
9324,0.0,0.035518369699999996,3.0,-0.2460037773,-0.1954337801,0.0839368343,0
9325,0.0,0.00823768905,3.0,-0.20303589519999998,-0.14158510075,0.1208940438,0
9326,0.0,0.0364518604,3.0,-0.26669510415,-0.206602622,0.0864080953,0
9327,0.0,0.033838412299999995,3.0,-0.27529398429999996,-0.2071477913,0.09310831505,0
9328,0.0,0.0022088993499999997,5.0,-0.2063894395,-0.15233888285,0.1338410918,0
9329,0.0,0.020401079500000002,3.0,-0.28252421415,-0.19650542605,0.10658802544999998,0
9330,0.0,0.0468079877,4.0,-0.2779916225,-0.18987769245000002,0.0776486297,0
9331,0.0,0.03803668105000001,2.0,-0.33173475090000004,-0.3009207943,0.07760758944999999,0
9332,1.0,0.0540816847,3.0,-0.28151068765,-0.2538904083,0.07600168944999999,0
9333,0.0,0.0370286589,3.0,-0.2891421553,-0.28076980395,0.075798241,0
9334,2.0,0.04151093705,4.0,-0.3027424677,-0.29006922175000005,0.085887577,0
9335,0.0,0.0310378077,4.0,-0.32335920775000004,-0.32015022515,0.08991284505,0
9336,0.0,0.0329979732,4.0,-0.32044501410000004,-0.30854284905,0.0879658255,0
9337,0.0,0.044407979,3.0,-0.3207888137,-0.3025554895,0.07992320325,0
9338,0.0,0.0392764417,4.0,-0.32408969045,-0.29563481885,0.08109284395,0
9339,0.0,0.03324179765,5.0,-0.27513299994999996,-0.27035010835,0.08055496835,0
9340,0.0,0.0275534791,3.0,-0.28458772880000005,-0.24826097660000002,0.08544649835,0
9341,1.0,0.0521252871,3.0,-0.34010928725,-0.30829528505,0.0502266339,0
9342,0.0,0.032990531350000005,3.0,-0.26802543175,-0.2641085058,0.08647754275000001,0
9343,0.0,0.035585757450000005,3.0,-0.32791464309999996,-0.29924777455,0.0884867841,0
9344,0.0,0.04694105755,4.0,-0.32597970155,-0.31185952134999995,0.06917161305,0
9345,0.0,0.02757972625,1.0,-0.2903129303,-0.27419247609999997,0.09479327509999999,0
9346,0.0,0.01929959165,3.0,-0.29997530910000003,-0.23781277405,0.10608984975,0
9347,0.0,0.039607893899999996,2.0,-0.26851499845,-0.2613163532,0.0775916398,0
9348,0.0,0.043766176,2.0,-0.2854051261,-0.27878001415,0.06600479775,0
9349,0.0,0.03000240435,3.0,-0.3505552131,-0.3281350116,0.09355092544999999,0
9350,0.0,0.01012977105,1.0,-0.2162620429,-0.18535205675,0.1324550082,0
9351,0.0,0.04170270955,3.0,-0.32262545095,-0.2999136879,0.07801940415,0
9352,1.0,0.047465348500000004,3.0,-0.3372624619,-0.31716605195,0.054951222150000006,0
9353,0.0,0.037175358500000005,1.0,-0.29701230935,-0.26307049024999996,0.08401120385,0
9354,0.0,0.0251129515,4.0,-0.30183874905,-0.2705283476,0.1058929479,0
9355,0.0,0.03493598735,4.0,-0.3096460042,-0.26600983915,0.0846381675,0
9356,0.0,0.04157711085,3.0,-0.2985994354,-0.28814281070000003,0.0708083023,0
9357,0.0,-0.0002042294,2.0,-0.2029386943,-0.16342428674999998,0.14274747799999998,0
9358,0.0,0.02221939615,4.0,-0.19073007349999999,-0.142362977,0.11700363694999999,0
9359,0.0,0.0359356109,1.0,-0.31740286575,-0.2453823149,0.0856168397,0
9360,0.0,0.0382717045,3.0,-0.31287463995,-0.2536964517,0.0805470395,0
9361,0.0,0.02453600065,4.0,-0.29519728915,-0.27971460625,0.10478587075,0
9362,0.0,0.0391017315,4.0,-0.28480285185,-0.27518186585000004,0.07420104305,0
9363,0.0,0.0350240668,4.0,-0.28400493390000003,-0.26053176084999996,0.07949958,0
9364,0.0,0.01842553735,3.0,-0.3243280733,-0.25616463545,0.10776352275000001,0
9365,0.0,0.0403923682,1.0,-0.32502531425000003,-0.2979782698,0.076854905,0
9366,0.0,0.03996776355,3.0,-0.3291255701,-0.27050929725,0.0849718641,0
9367,0.0,0.02433606905,3.0,-0.33325420095,-0.2783562351,0.1042814489,0
9368,0.0,0.0454149846,1.0,-0.30481926065,-0.272345147,0.06481238425000001,0
9369,0.0,0.017581512,2.0,-0.20014531415,-0.1527694554,0.12347967744999999,0
9370,0.0,0.02076250185,1.0,-0.21707851555,-0.1660207828,0.1204494498,0
9371,0.0,0.03383328595,2.0,-0.35485308790000003,-0.32917637785,0.08079617135,0
9372,0.0,0.036493996599999995,4.0,-0.29579773285,-0.2784015595,0.089750778,0
9373,0.0,0.019349937050000002,3.0,-0.31623239815000004,-0.29155889874999996,0.10370555939999998,0
9374,0.0,0.01790470925,1.0,-0.30838559005,-0.2991700612,0.09874786064999999,0
9375,0.0,0.03652447195,1.0,-0.31425583970000004,-0.2686358733,0.08430963125,0
9376,0.0,0.0300335354,3.0,-0.3441059778,-0.29332417455000004,0.08457370315,0
9377,0.0,0.03908102285,1.0,-0.32609142755,-0.2615180205,0.0803466944,0
9378,0.0,0.033063409599999996,3.0,-0.32766127875,-0.29608862695000004,0.086179082,0
9379,1.0,0.050050908500000005,2.0,-0.3359473408,-0.28932044655,0.06385167155,0
9380,0.0,0.02570742715,3.0,-0.29889827265,-0.23732276224999999,0.09969503069999999,0
9381,0.0,0.02755677335,4.0,-0.2839266937,-0.24889445065,0.0835186818,0
9382,0.0,0.0403948747,3.0,-0.34260847345,-0.3258472668,0.07353229955,0
9383,0.0,-0.04270875915,3.0,-0.2129758494,-0.1905335191,0.1693842768,0
9384,0.0,-0.015499071399999998,1.0,-0.18069266579999999,-0.1705053304,0.13260318135,0
9385,0.0,0.02734973185,4.0,-0.30886497835000004,-0.28264460975,0.09320164,0
9386,0.0,0.0560640932,2.0,-0.26373690289999996,-0.2403910835,0.08206712055000001,0
9387,0.0,0.035650994199999994,2.0,-0.31419153764999996,-0.28036371159999995,0.0837964066,0
9388,0.0,0.037845898,4.0,-0.28734092795,-0.2865721043,0.07820062159999999,0
9389,0.0,0.038094604399999996,2.0,-0.3114044321,-0.29238422495,0.07762394380000001,0
9390,0.0,0.03395584695,6.0,-0.30588016345,-0.25261941545,0.0837725372,0
9391,0.0,0.0133833574,1.0,-0.22591680260000002,-0.1657860984,0.1117311426,0
9392,0.0,0.017682125899999998,3.0,-0.30204039775,-0.2679219334,0.1062747758,0
9393,2.0,0.040361306799999996,3.0,-0.24860256749999998,-0.2423890044,0.08698182899999998,0
9394,0.0,0.02111082105,2.0,-0.30541643544999997,-0.29750929595,0.08358445365,0
9395,0.0,-0.0313711564,1.0,-0.20649883405,-0.18849392534999998,0.159955835,0
9396,0.0,-0.0323027023,1.0,-0.23270824515,-0.18025375075,0.16010969390000002,0
9397,0.0,0.040949089300000005,3.0,-0.2978000334,-0.28191738945,0.07135816924999999,0
9398,0.0,0.0243091113,1.0,-0.23733135945,-0.22222301285,0.11413813990000002,0
9399,0.0,0.03118469135,3.0,-0.32679925845,-0.29458403050000004,0.0884756391,0
9400,0.0,0.006506535149999999,1.0,-0.21994493645,-0.15808240094999998,0.12628034455,0
9401,0.0,0.0487135293,3.0,-0.30957681735,-0.29505756034999997,0.06826328144999999,0
9402,0.0,0.0337655589,3.0,-0.35400806975,-0.30644225395,0.06344124945,0
9403,0.0,0.0475259537,4.0,-0.27943611625,-0.26647502850000004,0.0806094529,0
9404,0.0,0.01835244115,1.0,-0.22766944109999998,-0.18256568550000002,0.09339745494999999,0
9405,0.0,0.0111476104,3.0,-0.1931696077,-0.1812496566,0.11460814315,0
9406,0.0,-0.0086095882,3.0,-0.32864647420000004,-0.20197222069999998,0.1222963694,0
9407,0.0,0.04534153555,4.0,-0.27240198855,-0.2676242512,0.07314506169999999,0
9408,0.0,0.04313076195,3.0,-0.3085071227,-0.27978539970000005,0.08047712345,0
9409,0.0,0.043168599099999996,3.0,-0.2952063128,-0.27852763445,0.08274499925,0
9410,0.0,0.0348129343,3.0,-0.30544327034999996,-0.28454005829999995,0.09585419525,0
9411,0.0,0.023994288099999997,5.0,-0.3061249225,-0.29618908580000003,0.08994358015,0
9412,0.0,0.035984218799999995,3.0,-0.34690810895,-0.28122638255,0.09221090499999998,0
9413,0.0,0.040173990699999995,3.0,-0.33247583189999996,-0.28807163675,0.0631010047,0
9414,0.0,0.030911204050000002,3.0,-0.3206169961,-0.282802824,0.09289078989999999,0
9415,0.0,0.0415544397,4.0,-0.2743813457,-0.270105591,0.07690415385,0
9416,0.0,0.0385343753,1.0,-0.3335287219,-0.31375370199999997,0.07768036905,0
9417,0.0,0.034916984649999996,2.0,-0.2927738915,-0.27832752195,0.09021783794999999,0
9418,0.0,0.0383972692,4.0,-0.34462626515,-0.33299935064999997,0.0734185732,0
9419,0.0,0.0030930908,2.0,-0.21486711405,-0.16643960275000003,0.1202592603,0
9420,0.0,0.029534635,3.0,-0.34865300335,-0.32212582565000003,0.0883090061,0
9421,0.0,0.0410061672,2.0,-0.31611520665000004,-0.24839246705,0.0798046506,0
9422,0.0,0.0298548051,3.0,-0.36767041805,-0.3391012766,0.0912069942,0
9423,0.0,0.043527294450000004,4.0,-0.31051732634999996,-0.29080778405,0.08458486750000001,0
9424,0.0,0.02619316335,3.0,-0.33913182755000004,-0.3133758619,0.0920843742,0
9425,0.0,0.03368573265,4.0,-0.29731790550000003,-0.2693817401,0.08761193635,0
9426,0.0,0.03555188075,3.0,-0.3297903801,-0.25968134365,0.07897615829999999,0
9427,0.0,0.027649254499999998,1.0,-0.30539206735,-0.2613260643,0.09853461315,0
9428,0.0,0.0435583398,3.0,-0.33199250215,-0.2986518255,0.0719641843,0
9429,0.0,0.04420442725,1.0,-0.29515049055,-0.2728223674,0.07880606874999999,0
9430,0.0,0.0331757866,3.0,-0.29176063809999997,-0.2874915125,0.078447445,0
9431,0.0,0.03294687845,2.0,-0.3373803423,-0.31247303015,0.08847994175,0
9432,0.0,0.031624694,2.0,-0.324628498,-0.30037081644999997,0.0826902573,0
9433,0.0,0.039267549400000004,1.0,-0.3047682705,-0.29737392934999995,0.07744201,0
9434,0.0,0.0372055393,3.0,-0.24453610855000002,-0.2436173422,0.06610523015,0
9435,0.0,0.028378976049999997,3.0,-0.32877645115,-0.29780527074999996,0.08812237245,0
9436,0.0,0.0042368186,1.0,-0.22125814254999998,-0.1630418952,0.11584282985,0
9437,0.0,0.02491288075,3.0,-0.3543035146,-0.3031267155,0.09030071685,0
9438,0.0,0.042827280950000005,1.0,-0.32688845465,-0.30641573375,0.062390704199999994,0
9439,0.0,0.047041110299999994,4.0,-0.26824402375,-0.25880320975000004,0.06849800375000001,0
9440,0.0,0.0329121459,3.0,-0.2791152944,-0.2531684727,0.08390898454999998,0
9441,0.0,0.05437521345,3.0,-0.2571014906,-0.23413862635,0.058257056599999996,0
9442,1.0,0.0498103175,4.0,-0.31281261005,-0.2797141083,0.06244456995,0
9443,0.0,0.040285204699999994,2.0,-0.2645114019,-0.2595173221,0.0627292887,0
9444,0.0,0.04374338545,3.0,-0.33250888759999997,-0.313003796,0.056174812100000006,0
9445,0.0,0.05008701335,1.0,-0.33699697225,-0.3068401763,0.055133421249999995,0
9446,0.0,0.04573688205,1.0,-0.33883475995,-0.29613880245,0.05172544130000001,0
9447,0.0,0.02350918065,3.0,-0.3190047387,-0.29784720649999996,0.1010816873,0
9448,0.0,0.044027243800000004,3.0,-0.3220231037,-0.2920883794,0.061237657599999995,0
9449,0.0,0.03633545805,3.0,-0.32535106464999997,-0.2908352696,0.0672510061,0
9450,0.0,0.033016695400000004,3.0,-0.28236768754999997,-0.25164047075,0.0823400399,0
9451,0.0,0.03328122755,4.0,-0.31535424085,-0.26086396435,0.0963653937,0
9452,0.0,0.04462508765,3.0,-0.32321488055,-0.30302221045,0.08219574905000002,0
9453,0.0,0.03491860255,3.0,-0.3512360109,-0.30549649079999996,0.07276654540000001,0
9454,0.0,0.0463110005,4.0,-0.32211636585000003,-0.3125940263,0.0736033513,0
9455,0.0,0.0519014093,1.0,-0.31367726325,-0.29596432,0.059171927299999996,0
9456,0.0,0.0349862801,3.0,-0.31446308489999997,-0.2933571844,0.07350270895,0
9457,0.0,0.0280525959,1.0,-0.3465103652,-0.32719049425,0.09019476945,0
9458,0.0,0.022027732449999997,6.0,-0.20032414859999997,-0.14153973235,0.08269573225000001,0
9459,0.0,0.01331609945,1.0,-0.194939107,-0.14741645425,0.12207091605,0
9460,0.0,0.020360160250000002,1.0,-0.3089902871,-0.30062734425000004,0.0986956228,0
9461,0.0,0.0386540598,3.0,-0.32568903709999997,-0.2886010295,0.08594493775,0
9462,0.0,0.0139993637,2.0,-0.19982811509999998,-0.15165426185,0.11776869195,0
9463,0.0,-0.0011739545999999998,3.0,-0.21377733194999998,-0.14687545545,0.12831643875,0
9464,0.0,0.03117354285,3.0,-0.3475102795,-0.28353854575,0.09522712625,0
9465,0.0,-0.01834330675,1.0,-0.18676576745,-0.16844220565,0.12394565869999999,0
9466,0.0,-0.031037764449999998,3.0,-0.20837478765,-0.19355488655,0.15298358265,0
9467,0.0,0.04444372245,1.0,-0.33489167605000003,-0.3086354924,0.0644144149,0
9468,0.0,0.0273228239,4.0,-0.19096626984999998,-0.17786470124999998,0.079763225,0
9469,0.0,-0.03364946725,3.0,-0.24453687185,-0.21900112985,0.1564044,0
9470,0.0,-0.0463198884,3.0,-0.22672780115,-0.21432649775,0.16539739095,0
9471,0.0,0.010839096199999999,4.0,-0.20740538884999998,-0.14478840710000002,0.1367387477,0
9472,0.0,-0.00940014715,2.0,-0.21680574284999998,-0.1684576246,0.14220896430000002,0
9473,0.0,0.046568386850000004,3.0,-0.32428369655,-0.3069158749,0.08080985465000001,0
9474,0.0,0.0397900155,4.0,-0.31970520700000005,-0.29469681565,0.08898317265,0
9475,0.0,0.041836965899999995,3.0,-0.31665426265,-0.30241327035,0.0865312079,0
9476,0.0,0.0128170401,3.0,-0.2462318022,-0.2003391631,0.11867856465000001,0
9477,0.0,0.02841489575,3.0,-0.3459692257,-0.28820839935,0.0915533337,0
9478,0.0,0.036939556900000003,3.0,-0.28508259715,-0.27581286670000005,0.07398426225,0
9479,0.0,0.02908303225,1.0,-0.2889130201,-0.2706498713,0.08736180495000001,0
9480,0.0,0.030438375599999998,3.0,-0.29218402115,-0.28040487345,0.08009749915,0
9481,0.0,0.0271693395,4.0,-0.318937981,-0.29723347435,0.09099562125,0
9482,0.0,0.0242606209,4.0,-0.21009967025,-0.19884930820000002,0.0857961244,0
9483,0.0,0.0029183077,1.0,-0.2183932409,-0.17179667170000001,0.12810499944999998,0
9484,0.0,0.0291359096,2.0,-0.2275476192,-0.1666280744,0.102377101,0
9485,0.0,0.033683053,3.0,-0.28489949839999995,-0.274163799,0.0787174033,0
9486,0.0,0.027159499349999998,3.0,-0.33313016215,-0.2847046618,0.0963820402,0
9487,0.0,0.03296978505,1.0,-0.2750268857,-0.27461350149999997,0.07568749925000001,0
9488,0.0,0.0250776733,3.0,-0.29831605125,-0.27719605265,0.081593266,0
9489,0.0,0.058441861649999996,3.0,-0.30788541725,-0.29947143099999995,0.050289396050000004,0
9490,0.0,0.0292459421,1.0,-0.2916387381,-0.26506077105,0.07274007410000001,0
9491,0.0,0.02688334485,3.0,-0.28997359295,-0.2766433365,0.08071629795,0
9492,0.0,0.0269617889,1.0,-0.28884818055,-0.2735526283,0.08181924374999999,0
9493,0.0,0.019373878,4.0,-0.289162007,-0.26078344485000005,0.08644569925000001,0
9494,0.0,0.0229404998,3.0,-0.33709166855,-0.29715289845000004,0.0895662171,0
9495,0.0,0.04719276205,1.0,-0.28544500085,-0.27751388359999996,0.05607899549999999,0
9496,0.0,0.041783066699999996,3.0,-0.29201900095,-0.2878724064,0.0671117436,0
9497,0.0,0.03405770105,1.0,-0.34976070405,-0.3152931703,0.08743324864999999,0
9498,0.0,0.0383018319,3.0,-0.30312915425,-0.29750322360000003,0.06669271845,0
9499,0.0,0.0317300824,3.0,-0.36359079535,-0.3101336121,0.0900933959,0
9500,0.0,0.033713543299999996,1.0,-0.32018394895,-0.2902385495,0.06296212265000001,0
9501,0.0,0.037439677350000006,4.0,-0.3064667986,-0.29963539805,0.0650030262,0
9502,0.0,0.043199617999999995,3.0,-0.26521688099999996,-0.2568862629,0.08226780950000001,0
9503,0.0,0.0360525931,3.0,-0.30896646255000004,-0.30199821844999997,0.0857601037,0
9504,0.0,0.0399056096,4.0,-0.33304373119999997,-0.30004745224999996,0.06364971294999999,0
9505,0.0,0.0391897309,1.0,-0.2934616326,-0.26162599325,0.0643542523,0
9506,0.0,0.010723365700000001,1.0,-0.20098261909999998,-0.14841780799999998,0.11120812194999999,0
9507,0.0,0.033556281,3.0,-0.31673760289999997,-0.26618004575,0.07898000094999999,0
9508,0.0,-0.022545156,1.0,-0.19223873875,-0.18032518375,0.1580043754,0
9509,0.0,0.03399756375,4.0,-0.3282745602,-0.32461260525,0.09356538505,0
9510,0.0,-0.01887479105,3.0,-0.20301588885,-0.16263367410000001,0.16799624055,0
9511,0.0,-0.0005987034,3.0,-0.20297453189999998,-0.17490375544999998,0.1396957353,0
9512,0.0,-0.01938965975,1.0,-0.19917078405,-0.1852141208,0.14662438914999998,0
9513,1.0,0.0450853488,3.0,-0.26697775160000004,-0.24074804125,0.07443631444999999,0
9514,0.0,0.02873912285,3.0,-0.29281187025,-0.25735243809999997,0.08587837879999999,0
9515,0.0,0.040288894150000004,3.0,-0.29058053325,-0.28471184645000003,0.07281940989999999,0
9516,0.0,0.044592283149999995,1.0,-0.28415076085,-0.2797618981,0.0568114404,0
9517,0.0,0.02875493565,3.0,-0.3089628338,-0.3018901252,0.08102192205,0
9518,0.0,0.04267173935,2.0,-0.2308849857,-0.22480022105,0.0947798207,0
9519,0.0,0.031890187949999996,3.0,-0.35019227725,-0.2812538087,0.0849692722,0
9520,0.0,0.0318613744,4.0,-0.2859179087,-0.28538414765,0.08311688665,0
9521,0.0,0.0433923596,3.0,-0.34259454345,-0.29633638805,0.07172439575,0
9522,0.0,0.02717027985,3.0,-0.32901620514999996,-0.28464890885,0.08026921304999998,0
9523,0.0,-0.031477883250000005,1.0,-0.1783794654,-0.17148566435,0.1718527319,0
9524,0.0,0.04050792295,3.0,-0.30320949500000005,-0.1793543868,0.08442216165,0
9525,0.0,0.04114011285,1.0,-0.2989976875,-0.28918953314999996,0.06623847969999999,0
9526,1.0,0.044571892200000005,3.0,-0.31833115715,-0.28416062765,0.06256164975,0
9527,0.0,0.044700788049999995,3.0,-0.2710476071,-0.2674328551,0.0722314976,0
9528,0.0,0.044867820700000005,5.0,-0.27608190705,-0.26338935085000004,0.06496827965000002,0
9529,0.0,0.04981406845,1.0,-0.2894969286,-0.286229181,0.0575041637,0
9530,0.0,0.03843736005,3.0,-0.31784013285,-0.3023141826,0.07900780535,0
9531,0.0,0.04076962025,4.0,-0.3199151703,-0.2931686271,0.0798549943,0
9532,0.0,0.04366573205,1.0,-0.27047676305,-0.27011099535,0.0756230765,0
9533,0.0,-0.039046159750000003,2.0,-0.22378596345000001,-0.2079548882,0.1637416753,0
9534,0.0,0.0392656425,4.0,-0.2929265569,-0.2758356436,0.0761498948,0
9535,0.0,-0.015124150450000002,1.0,-0.22696186245,-0.17243820375000002,0.1496351561,0
9536,0.0,0.03314917445,4.0,-0.3207794787,-0.3179853581,0.0940009194,0
9537,0.0,0.04772444385,3.0,-0.27389089214999995,-0.2692236899,0.08080529395000001,0
9538,0.0,0.0300853408,4.0,-0.3275276237,-0.3060843787,0.0927443571,0
9539,0.0,0.03801422235,3.0,-0.3360713523,-0.31481638265,0.0803836298,0
9540,0.0,0.0372610856,1.0,-0.30493892525,-0.27953517564999997,0.08415806590000001,0
9541,0.0,0.029360570699999998,3.0,-0.30070369185,-0.29289545665,0.0963952739,0
9542,0.0,0.0325106121,1.0,-0.2839093451,-0.27612149435,0.09447186129999999,0
9543,0.0,0.0301600174,3.0,-0.3543122431,-0.3098667679,0.09082748415,0
9544,0.0,0.04491139585,3.0,-0.27395150275,-0.26713222999999997,0.07205464225,0
9545,0.0,0.0442103298,1.0,-0.3063492443,-0.2963048109,0.07745726735,0
9546,0.0,0.0364259168,1.0,-0.2867316108,-0.27714532635,0.08353794379999999,0
9547,0.0,0.0373789547,3.0,-0.32884334285,-0.2899889013,0.0888286851,0
9548,0.0,0.0346969876,3.0,-0.29985698175,-0.29317459744999996,0.08423995705000001,0
9549,0.0,0.0307670304,2.0,-0.18295266225,-0.15620144135,0.11100505719999999,0
9550,0.0,0.0159219982,2.0,-0.19084662930000001,-0.1525397032,0.1226908186,0
9551,0.0,0.03569217725,4.0,-0.34666279504999997,-0.32559455540000004,0.0908226725,0
9552,0.0,0.04251403345,3.0,-0.28115018025000005,-0.25295958065,0.0720167385,0
9553,0.0,0.0341511105,3.0,-0.3198307299,-0.2683335036,0.0825252504,0
9554,0.0,0.04295844755,1.0,-0.33694085105,-0.29874091505,0.07132053769999999,0
9555,0.0,0.0379508015,1.0,-0.3266221024,-0.29634835205,0.0764969489,0
9556,0.0,0.042805877,3.0,-0.33804648405,-0.31279689415,0.06795680344999999,0
9557,0.0,0.0439569972,4.0,-0.2823657472,-0.2471374544,0.08675804155,0
9558,0.0,0.03644689645,3.0,-0.30018020079999996,-0.29392164525,0.07287332190000001,0
9559,0.0,0.051938965749999996,3.0,-0.26311291285000005,-0.25593862700000003,0.06697412805,0
9560,0.0,0.0263080079,3.0,-0.35813718855,-0.3148246233,0.09307855785,0
9561,0.0,0.0310319252,3.0,-0.34249724140000004,-0.27338243845,0.08947052259999999,0
9562,0.0,0.030326480949999998,4.0,-0.3203179909,-0.30308279405,0.0883581568,0
9563,0.0,0.02869379565,3.0,-0.31855788105,-0.2675956548,0.0915987165,0
9564,0.0,0.00798090035,1.0,-0.21598407565,-0.14221109845000002,0.12909920274999998,0
9565,0.0,0.0420515292,3.0,-0.28231891524999997,-0.26166685055,0.08448313555,0
9566,0.0,0.03068176675,3.0,-0.33918680445,-0.30479020749999997,0.0858483326,0
9567,0.0,0.010615857499999999,5.0,-0.2091331301,-0.14607445805000002,0.1157889228,0
9568,0.0,0.04757984055,3.0,-0.3172877003,-0.2941252318,0.05882646579999999,0
9569,0.0,0.030586927950000002,3.0,-0.27305078195,-0.26512621485,0.08723976165,0
9570,0.0,0.0459443142,3.0,-0.28325463154999997,-0.2812957186,0.07286827295000001,0
9571,0.0,0.0309928332,3.0,-0.30811696310000003,-0.2828551051,0.0837383439,0
9572,0.0,0.031778278699999996,3.0,-0.3367437661,-0.26815360219999995,0.08882422035000001,0
9573,0.0,0.04244543445,3.0,-0.29159905555,-0.27504289245,0.06626580104999999,0
9574,0.0,0.0348044991,4.0,-0.31497096150000004,-0.294872001,0.0885099087,0
9575,0.0,0.034150788099999996,3.0,-0.29779390510000003,-0.2855722014,0.0813199833,0
9576,0.0,0.032866301550000004,1.0,-0.34388331845,-0.32084355565,0.0885644514,0
9577,0.0,0.0370152985,1.0,-0.20211503484999999,-0.1494349826,0.0875357715,0
9578,0.0,-0.01584968815,3.0,-0.23397025855,-0.12972409095,0.1537684365,0
9579,0.0,-0.00326645805,3.0,-0.2188068584,-0.1665875441,0.13197951335000002,0
9580,0.0,0.02419340955,3.0,-0.3713946988,-0.35036323275,0.09859391905,0
9581,0.0,0.0029261062500000002,3.0,-0.18342236360000003,-0.15190909925,0.1454898392,0
9582,0.0,0.0369718533,5.0,-0.2896697064,-0.27684081815,0.07550733795,0
9583,0.0,0.0417865001,1.0,-0.292470685,-0.28037496365000003,0.06810761940000001,0
9584,0.0,0.0334162335,3.0,-0.28833509155000003,-0.25394703235000005,0.08334879165,0
9585,0.0,0.03633850665,3.0,-0.30781085875,-0.27935256645,0.0748580123,0
9586,0.0,0.0256684764,3.0,-0.33305725924999996,-0.29173619295,0.09620165565,0
9587,0.0,0.0414156285,1.0,-0.2919118565,-0.2605005293,0.07640361344999999,0
9588,2.0,0.06562452585,3.0,-0.24779790205,-0.1946179597,0.05462605775,0
9589,0.0,0.037287123049999996,3.0,-0.2873447846,-0.2598448497,0.0716948517,0
9590,0.0,0.044111081499999996,4.0,-0.280165094,-0.27300369854999995,0.07856434385000001,0
9591,0.0,0.01943027335,3.0,-0.35967336115,-0.33804692255,0.1110825731,0
9592,0.0,0.044590311699999996,3.0,-0.3164413519,-0.30248396255,0.0762766617,0
9593,0.0,0.05180252815,4.0,-0.2656230743,-0.2615469563,0.06940211195,0
9594,0.0,0.0267195311,4.0,-0.32320990785,-0.28742858905,0.0913892929,0
9595,0.0,0.049337514799999996,1.0,-0.28976982215,-0.27848369255,0.0640268269,0
9596,0.0,0.02795004495,1.0,-0.35206531095000004,-0.30000129685,0.09203876995,0
9597,0.0,0.02848904135,3.0,-0.30592669930000005,-0.2952807342,0.08011299325,0
9598,0.0,0.052505688849999996,4.0,-0.27000462994999996,-0.26103795965,0.0709662898,0
9599,0.0,0.0394963634,3.0,-0.30137678484999997,-0.26785799435,0.0877197041,0
9600,0.0,0.03094530095,3.0,-0.35900866725,-0.31383726209999996,0.08914197065,0
9601,0.0,0.01077298565,3.0,-0.30964825149999997,-0.2911102163,0.12366853359999999,0
9602,0.0,0.03569942395,4.0,-0.30708190739999996,-0.28596270095,0.0902932656,0
9603,0.0,0.045043786249999995,2.0,-0.30953563120000005,-0.25668037635,0.08123482335000001,0
9604,0.0,0.0342224916,3.0,-0.31728164305,-0.2821204605,0.08291929315,0
9605,0.0,0.0403589799,3.0,-0.28019913605,-0.25357661775,0.08469545785000002,0
9606,0.0,-0.0324795512,1.0,-0.1875786296,-0.11153310225,0.15708844915,0
9607,0.0,0.036206585050000004,1.0,-0.33794505175,-0.32875488235,0.0891748591,0
9608,0.0,0.038692047,1.0,-0.28017403635000004,-0.262864089,0.0789999197,0
9609,0.0,0.020368346250000002,3.0,-0.30967339029999996,-0.268627715,0.10727381145,0
9610,0.0,0.0345761865,2.0,-0.278052637,-0.25638832505,0.09295800555,0
9611,0.0,0.0358609117,3.0,-0.30106622439999997,-0.27242162895,0.07659243735,0
9612,0.0,0.0324570058,3.0,-0.30144036105000005,-0.2792861416,0.09332210690000001,0
9613,0.0,0.0375655855,2.0,-0.2714130496,-0.25224205495,0.07547190015,0
9614,0.0,0.0256927275,3.0,-0.27176701420000005,-0.2564042938,0.09768117409999999,0
9615,0.0,0.03812279825,3.0,-0.2800931778,-0.2528463676,0.08572815635,0
9616,0.0,0.03526232825,3.0,-0.32198441899999997,-0.2957148694,0.08283060384999999,0
9617,0.0,0.02309158555,3.0,-0.31342725034999996,-0.28035321150000003,0.10312863815000001,0
9618,0.0,0.0243259183,3.0,-0.30331778685,-0.2706441383,0.10030717415000001,0
9619,0.0,0.03810432155,3.0,-0.30911969905000003,-0.30072653745,0.08525992729999998,0
9620,0.0,0.02820867305,2.0,-0.33213964279999997,-0.3218652759,0.09736808335,0
9621,0.0,0.0501762697,2.0,-0.30286880495,-0.28328541335,0.0608024532,0
9622,0.0,0.043848792250000004,3.0,-0.27171241895,-0.25747270305000003,0.081493278,0
9623,0.0,0.0492034058,1.0,-0.29837699725,-0.2843679388,0.06250955805,0
9624,0.0,0.05845357685,3.0,-0.24370901265,-0.23762149100000002,0.06073683665,0
9625,0.0,0.06018017905,3.0,-0.25291900325,-0.24538462579999998,0.05994030605,0
9626,0.0,0.02735534045,4.0,-0.32367702924999997,-0.26839932305,0.1019628781,0
9627,0.0,0.021416604,4.0,-0.34101691775,-0.3200631962,0.10892141159999999,0
9628,0.0,0.0208429649,1.0,-0.3165904625,-0.30007259374999995,0.10237522885,0
9629,0.0,0.05016949315,3.0,-0.3242628521,-0.29487985315,0.0618361276,0
9630,0.0,0.028173917950000002,1.0,-0.20994798520000002,-0.1513281134,0.10113104375000001,0
9631,0.0,0.0120543965,1.0,-0.19852194509999999,-0.15796613545,0.12227367135,0
9632,0.0,0.033796146449999995,3.0,-0.2934072149,-0.27596257635,0.07552062865,0
9633,1.0,0.05461989395,3.0,-0.31087201340000004,-0.29155722819999996,0.05677840565,0
9634,0.0,0.0386771407,1.0,-0.3133519232,-0.293569855,0.07816005545,0
9635,0.0,0.04328219315,3.0,-0.2912719536,-0.26842274015,0.08242849960000001,0
9636,0.0,0.0367334371,4.0,-0.26786494195,-0.2526363695,0.0896579163,0
9637,0.0,0.043163373899999996,4.0,-0.2812474302,-0.24844843055,0.08492037449999999,0
9638,0.0,0.0402299465,3.0,-0.28031450795,-0.21333510465,0.0753849814,0
9639,0.0,0.01446368885,1.0,-0.19401004855,-0.15606193375,0.11681153855,0
9640,0.0,0.040111197900000006,1.0,-0.3127328028,-0.3087145349,0.07323580539999999,0
9641,0.0,0.01732292865,3.0,-0.3404972264,-0.29560942005,0.1096587022,0
9642,0.0,0.03765150255,4.0,-0.26250251745,-0.24466401075,0.08460327769999999,0
9643,0.0,0.0388803125,1.0,-0.31054183805,-0.29528212155,0.07982394770000001,0
9644,0.0,0.04300279905,1.0,-0.30238543765,-0.28160672455,0.07844738015,0
9645,0.0,0.035556848700000004,1.0,-0.34475220315,-0.33046195385,0.09177676125,0
9646,0.0,-0.0078936414,2.0,-0.2238394891,-0.16547031359999997,0.1466287091,0
9647,0.0,0.039091956149999996,3.0,-0.30742297935,-0.24724424995,0.09221297945000001,0
9648,0.0,0.040373455749999995,3.0,-0.26622681515,-0.25515069884999997,0.0789228604,0
9649,0.0,0.031035055649999997,4.0,-0.19202908629999998,-0.1788599559,0.09646153415,0
9650,1.0,0.049991379,3.0,-0.3080446843,-0.29471456885,0.0607648551,0
9651,0.0,-0.0246851909,3.0,-0.20649299399999999,-0.16421257914999998,0.15137758395,0
9652,0.0,0.040967112050000004,4.0,-0.31995721774999997,-0.3022533677,0.07349326649999999,0
9653,0.0,0.032809949,3.0,-0.31388578300000003,-0.29010582414999997,0.08239575269999999,0
9654,0.0,0.0372336623,4.0,-0.29974428365,-0.28434516779999996,0.0840565596,0
9655,0.0,0.039207608500000005,3.0,-0.30181903285,-0.28595478620000003,0.07683390970000001,0
9656,0.0,0.05109295085,1.0,-0.2953891495,-0.24858733375,0.0662623842,0
9657,0.0,0.035920284600000005,2.0,-0.27206408515,-0.2405517284,0.083948259,0
9658,0.0,0.037259625899999996,1.0,-0.3021862428,-0.2687092095,0.08452559600000001,0
9659,0.0,0.04467235165,3.0,-0.28475752909999996,-0.2743331242,0.07534800465,0
9660,0.0,0.03564926225,3.0,-0.3487519418,-0.33611490205,0.0819051268,0
9661,0.0,0.04822678705,3.0,-0.30086960895000003,-0.2338671744,0.07657201359999999,0
9662,0.0,0.0386450172,2.0,-0.31178592039999997,-0.28672574920000005,0.0804261054,0
9663,0.0,0.037037918350000004,2.0,-0.23043857925,-0.16660816585,0.09538984065,0
9664,0.0,0.04271026775,1.0,-0.3303144538,-0.3086867714,0.09875350375,0
9665,0.0,0.04467911295,3.0,-0.26533152625,-0.25393378385,0.06847648665,0
9666,0.0,-0.0073101888500000005,1.0,-0.2328817497,-0.1752283484,0.13573606975000002,0
9667,0.0,0.004475466500000001,2.0,-0.21968754175,-0.19528056500000002,0.12701705805,0
9668,0.0,0.041819696249999996,3.0,-0.2676349682,-0.26607602225,0.07606414145,0
9669,0.0,0.03471704165,1.0,-0.2252635817,-0.1633139735,0.09031419794999998,0
9670,1.0,0.047094992700000005,4.0,-0.33435791785,-0.2866430675,0.0642143091,0
9671,0.0,0.02813560405,2.0,-0.31075580989999996,-0.29339892285,0.08736112405,0
9672,0.0,0.0004153280500000001,1.0,-0.22356532504999999,-0.15523124859999998,0.14699485115,0
9673,0.0,0.047151422,1.0,-0.30582540935,-0.2864467901,0.0738595574,0
9674,0.0,-0.0951873521,2.0,-0.2761952003,-0.19523187320000002,0.2510897915,0
9675,0.0,0.02880104285,3.0,-0.3570619806,-0.3485086214,0.0892917048,0
9676,0.0,-0.00054968365,2.0,-0.2112195805,-0.15582306769999998,0.1442985313,0
9677,0.0,0.0227847158,1.0,-0.25698389025,-0.18692268205,0.11794581024999999,0
9678,0.0,0.0466443842,2.0,-0.30540556529999996,-0.29309450255,0.0657129128,0
9679,0.0,-0.0352956145,3.0,-0.19481122675,-0.16353351885,0.17061248785,0
9680,0.0,-0.00679960345,1.0,-0.2189025616,-0.17283034705,0.1317937582,0
9681,0.0,-0.0481382276,3.0,-0.2402538393,-0.2190491731,0.12735224795,0
9682,1.0,0.04674571475,5.0,-0.30867729445000003,-0.29069140495,0.0579985172,0
9683,0.0,0.035776552749999996,3.0,-0.31095617,-0.2871326917,0.08448245035,0
9684,0.0,0.03926372745,2.0,-0.2793661652,-0.27501437154999997,0.0775435015,0
9685,0.0,0.0552812564,3.0,-0.28435854520000003,-0.27486359995,0.0652711756,0
9686,0.0,0.0313339487,3.0,-0.33703935640000005,-0.29144668090000003,0.09130944315,0
9687,0.0,0.0452563668,4.0,-0.2468956513,-0.2446093114,0.0668913361,0
9688,0.0,0.0291410077,3.0,-0.32252013125,-0.28292459925,0.08896855465,0
9689,0.0,0.0522697934,3.0,-0.26009387510000004,-0.2503729015,0.06676379215,0
9690,0.0,0.06664803395,3.0,-0.2276572496,-0.2238668218,0.061106261499999995,0
9691,0.0,0.03315880315,3.0,-0.28926177375,-0.25716909745,0.08495052004999999,0
9692,0.0,0.0413836623,3.0,-0.28014968495,-0.27316211775,0.07249066705,0
9693,0.0,0.035179678,3.0,-0.28881357409999997,-0.2856120593,0.0785440365,0
9694,0.0,0.04281345335,1.0,-0.2914812831,-0.27516009025,0.07018010464999999,0
9695,0.0,-0.03853765475,1.0,-0.21632223834999997,-0.19833478955,0.18185299770000002,0
9696,0.0,0.00344335465,2.0,-0.211541146,-0.1663710189,0.13148035930000002,0
9697,0.0,0.00408662925,1.0,-0.23604449635,-0.1979004823,0.13245657625,0
9698,0.0,0.038738583650000005,4.0,-0.28799432005000003,-0.2837139452,0.0770555743,0
9699,0.0,0.03284079105,4.0,-0.25873034725,-0.241683401,0.08606431810000001,0
9700,0.0,0.0425155057,4.0,-0.3365758187,-0.31120626510000005,0.06251665425,0
9701,0.0,-0.0346472785,1.0,-0.1910629003,-0.1814683664,0.1525039084,0
9702,0.0,-0.0221264599,3.0,-0.20944437605,-0.194828575,0.15449641395000002,0
9703,0.0,0.02094223025,3.0,-0.19795051260000002,-0.18384653715,0.09850461225000001,0
9704,0.0,-0.04306632305,1.0,-0.25996694185,-0.24825596935,0.17902637425,0
9705,1.0,0.0546809516,1.0,-0.32188225589999997,-0.30045407729999996,0.05908196715,0
9706,0.0,0.03595613575,3.0,-0.31309080385,-0.28392476155,0.09263836114999999,0
9707,0.0,0.02821652835,4.0,-0.30822881879999997,-0.26746408835,0.08321441269999999,0
9708,0.0,0.0447484718,3.0,-0.27366335275,-0.2556436957,0.069152002,0
9709,0.0,0.03401177815,3.0,-0.34438484905,-0.3356261584,0.0870054903,0
9710,0.0,0.0305009826,3.0,-0.339659798,-0.32468796084999996,0.0853330321,0
9711,0.0,0.0293995931,1.0,-0.3203718887,-0.30520242785,0.0901258125,0
9712,0.0,0.062213722400000004,1.0,-0.22569803705,-0.2118609877,0.05455360920000001,0
9713,0.0,0.038522469850000005,3.0,-0.3028089971,-0.26155611205,0.07462487875,0
9714,0.0,0.0281935911,3.0,-0.34421684095,-0.33024063810000004,0.09261249729999999,0
9715,0.0,0.020748406900000002,4.0,-0.31626820875,-0.28350091295,0.10700571910000001,0
9716,0.0,0.0273498067,2.0,-0.23728136775,-0.17293163485000002,0.1089264439,0
9717,0.0,0.0420180191,2.0,-0.32509682015,-0.31505766395,0.06556205300000001,0
9718,0.0,0.0093648168,3.0,-0.19749155615,-0.18073962999999998,0.11554968765,0
9719,0.0,0.033134231050000004,3.0,-0.32019372560000003,-0.28507589899999997,0.08381090129999999,0
9720,0.0,-0.0077527088,3.0,-0.2238756558,-0.16189197665,0.139092768,0
9721,0.0,0.03261471935,4.0,-0.28932027790000003,-0.28111057775000003,0.08641173985,0
9722,0.0,0.038271141,1.0,-0.29998398895,-0.2649312468,0.08241255395,0
9723,0.0,0.028940416400000002,2.0,-0.28633728375,-0.2644540344,0.09816795035,0
9724,0.0,0.0361777365,3.0,-0.2937478137,-0.2644933748,0.08043084985,0
9725,0.0,0.02926029955,2.0,-0.3092124533,-0.24807840175,0.0946252563,0
9726,0.0,0.0279426872,4.0,-0.3169388496,-0.27059911805000003,0.09180658259999999,0
9727,0.0,-0.0545074086,4.0,-0.2479121877,-0.17859850649999998,0.1904599845,0
9728,0.0,0.0413946741,4.0,-0.32823757015,-0.29988523075,0.0825738066,0
9729,0.0,0.03530310765,3.0,-0.3049307136,-0.26735577850000003,0.0766689201,0
9730,0.0,0.03577562535,3.0,-0.28555991225,-0.28199120185000004,0.07548412175000001,0
9731,0.0,0.04916996605,3.0,-0.286218131,-0.27753428724999996,0.06933133494999999,0
9732,0.0,0.012955079500000001,3.0,-0.17132653555,-0.15689675455000002,0.1046683964,0
9733,0.0,0.00873289905,3.0,-0.20473389,-0.1603930405,0.1233479821,0
9734,0.0,0.02933375325,3.0,-0.34611967860000004,-0.27958929450000003,0.0886908966,0
9735,0.0,0.0360378924,3.0,-0.3518515343,-0.271926085,0.08374675644999999,0
9736,0.0,0.0312982853,3.0,-0.3548914646,-0.3092243194,0.09229825489999999,0
9737,0.0,0.02491715625,3.0,-0.3282742475,-0.28301065155,0.09844404315000001,0
9738,0.0,0.0305081373,1.0,-0.3409412039,-0.29425837305,0.09913115455,0
9739,0.0,-0.03813738705,3.0,-0.21756472065,-0.20638855415000001,0.15777778395000003,0
9740,0.0,0.04302757075,1.0,-0.33074747235,-0.22200337050000002,0.07916352025000001,0
9741,0.0,0.03899238245,3.0,-0.33803196030000005,-0.29863322125,0.08069210839999999,0
9742,0.0,0.037059196749999995,3.0,-0.34614232065,-0.28598465689999997,0.0738347734,0
9743,0.0,0.03529349715,3.0,-0.36237500040000004,-0.3083399629,0.0875204174,0
9744,0.0,0.0374556125,1.0,-0.33432401310000004,-0.32022128315,0.08801986925,0
9745,0.0,0.036065219600000004,3.0,-0.31437920775,-0.28776202005,0.0879465093,0
9746,0.0,0.030350889899999997,1.0,-0.34931812395,-0.28528101415,0.0914584472,0
9747,0.0,0.0389974591,4.0,-0.3136817362,-0.29962260845,0.07560111105,0
9748,0.0,0.03382096185,4.0,-0.3047267271,-0.2740428665,0.08732395455,0
9749,0.0,0.015167894099999999,3.0,-0.22182070485,-0.17077842095,0.10189278415,0
9750,0.0,0.0289850119,3.0,-0.2207851438,-0.16254198495,0.10204873329999999,0
9751,0.0,0.04195622845,3.0,-0.3434958425,-0.31458366675,0.0590425687,0
9752,0.0,0.03311402065,3.0,-0.305061252,-0.30389322985,0.077682382,0
9753,0.0,0.028335434,4.0,-0.31202088105000003,-0.27909399025,0.09443459405,0
9754,0.0,0.03616915095,3.0,-0.28426834415,-0.275257786,0.0785105082,0
9755,0.0,0.024114432550000002,1.0,-0.21416983455,-0.1561356075,0.10913812504999999,0
9756,0.0,0.0383552578,4.0,-0.3337490501,-0.29705094405,0.06135530035,0
9757,0.0,0.018434147499999998,4.0,-0.35233203665,-0.31238345775,0.10896022855,0
9758,0.0,0.0268314607,1.0,-0.23976177415,-0.1781634325,0.09772455124999999,0
9759,0.0,0.0355021264,3.0,-0.2685880645,-0.25605558284999996,0.0855636862,0
9760,0.0,0.0415670021,1.0,-0.2773418153,-0.26611408265000003,0.07578289995000001,0
9761,0.0,0.03419317015,1.0,-0.24052881555,-0.1886922172,0.095766814,0
9762,0.0,0.03166229445,4.0,-0.31613547249999996,-0.31247648834999997,0.0826865303,0
9763,0.0,0.03700580735,3.0,-0.2881353136,-0.2640797954,0.0877383833,0
9764,0.0,0.0017509451500000001,4.0,-0.21568754875,-0.1536265809,0.13976115065,0
9765,0.0,0.042145558799999996,3.0,-0.2700011148,-0.25267053404999995,0.07201982529999999,0
9766,0.0,0.03318634825,3.0,-0.33790248705000003,-0.29951372765,0.0788965847,0
9767,0.0,0.040856974850000005,3.0,-0.3196086165,-0.29958343665,0.08445937355,0
9768,0.0,0.00126112505,2.0,-0.21233606825,-0.1381145001,0.139778403,0
9769,0.0,0.0318951274,3.0,-0.3333213631,-0.3056973049,0.085688594,0
9770,0.0,0.036476311100000006,3.0,-0.31398085659999997,-0.29374368380000004,0.08932044924999999,0
9771,0.0,0.034378016,4.0,-0.30171000690000005,-0.26458575134999995,0.0812583363,0
9772,0.0,0.023228353,3.0,-0.33732880425,-0.31764447435,0.10062664575,0
9773,0.0,0.02462642845,3.0,-0.3196317277,-0.30683536850000004,0.10753810775,0
9774,1.0,0.047977489,4.0,-0.31690167005000003,-0.30759857749999997,0.05975868484999999,0
9775,0.0,0.05708697245,3.0,-0.25638148175,-0.24498987825,0.07660585920000001,0
9776,0.0,0.020964253199999998,3.0,-0.33589517560000004,-0.297123241,0.11012291180000001,0
9777,0.0,0.0372836515,3.0,-0.30699779844999997,-0.29659640225,0.08762294215,0
9778,0.0,0.03875639325,3.0,-0.3265702463,-0.2768876601,0.08318071005000001,0
9779,0.0,0.03349953485,3.0,-0.3160463695,-0.3093074847,0.0920672558,0
9780,0.0,0.04024414625,3.0,-0.32493039125,-0.30702638425,0.08152317545,0
9781,0.0,0.0424025065,4.0,-0.29210289035000003,-0.2816964501,0.0621375009,0
9782,0.0,0.0294504339,3.0,-0.33240591525,-0.29085544155,0.0893876656,0
9783,0.0,0.029915326800000003,4.0,-0.3207578764,-0.29113349634999997,0.08336657855,0
9784,0.0,0.01058226,3.0,-0.2017488595,-0.15582949185,0.11470625164999998,0
9785,0.0,0.0260412577,1.0,-0.1850979455,-0.1517410066,0.10410742485000002,0
9786,0.0,0.02268028105,3.0,-0.315696022,-0.2990451913,0.10270282595,0
9787,0.0,0.0405108755,4.0,-0.287253725,-0.26984104585,0.07192417255,0
9788,0.0,0.04809173135,3.0,-0.2938436527,-0.26124225775,0.07577406035,0
9789,0.0,0.027919654500000002,3.0,-0.34420738315,-0.29004723825,0.1009864573,0
9790,0.0,0.0344812844,3.0,-0.3000821964,-0.29235562295,0.0883875963,0
9791,0.0,0.020178292100000002,1.0,-0.2192155362,-0.15992200555,0.11738669165000001,0
9792,0.0,0.035304344700000004,3.0,-0.32624940305,-0.31823100429999995,0.08970160499999999,0
9793,0.0,0.03432693085,3.0,-0.3175783731,-0.3003782447,0.08451250755,0
9794,0.0,-0.005694249199999999,1.0,-0.21910167705,-0.17144200394999998,0.13904040115000002,0
9795,0.0,0.02801562845,3.0,-0.3346461331,-0.3165304015,0.1004842172,0
9796,0.0,-0.011347954,1.0,-0.19188354655,-0.1792784316,0.1360611821,0
9797,0.0,0.040976753549999995,3.0,-0.31231552414999997,-0.2848211812,0.0773819741,0
9798,0.0,0.00838445045,1.0,-0.2008089075,-0.1753326578,0.1346024621,0
9799,0.0,0.026365833249999998,3.0,-0.31576430205,-0.27612565445,0.09321227365000001,0
9800,0.0,0.03571279165,3.0,-0.3008199875,-0.2863565542,0.090466048,0
9801,0.0,0.035807413100000005,3.0,-0.31780795279999996,-0.25710971195,0.08955469555000001,0
9802,0.0,0.043874526999999997,3.0,-0.28464743255,-0.2515142742,0.07183596340000001,0
9803,0.0,0.04885917995,1.0,-0.30810884245000003,-0.3040279937,0.0660546056,0
9804,0.0,0.0471177895,1.0,-0.30104015755,-0.25743608325,0.07395551225,0
9805,0.0,0.03617949065,3.0,-0.30296363075,-0.2814964161,0.08545229905,0
9806,0.0,0.03683921805,4.0,-0.31244929875,-0.29045836915,0.08052491910000001,0
9807,0.0,0.040148595100000004,4.0,-0.28378772480000003,-0.2528358294,0.0882455962,0
9808,0.0,0.0449908325,1.0,-0.30933830985,-0.2946522468,0.07209132200000001,0
9809,0.0,0.0288812429,3.0,-0.2806344571,-0.2598762769,0.09717755959999999,0
9810,0.0,0.0378625416,2.0,-0.28077182445000004,-0.2750937986,0.07927536855,0
9811,0.0,0.031516286500000004,3.0,-0.30919742434999997,-0.27654204045,0.0924615996,0
9812,0.0,0.04529837125,1.0,-0.31957988285,-0.30336889595,0.06901469075,0
9813,0.0,0.02441486205,3.0,-0.3144195472,-0.27318270095,0.10321955199999999,0
9814,0.0,0.026414922049999998,3.0,-0.29761338145,-0.2927526353,0.09690975594999998,0
9815,0.0,0.03098935445,4.0,-0.3005052883,-0.27493165035,0.08328397744999999,0
9816,0.0,0.0276231472,1.0,-0.218168672,-0.1461814788,0.10563821129999999,0
9817,0.0,0.034952314299999995,4.0,-0.29925140085,-0.25856043414999996,0.08074597985000001,0
9818,0.0,0.030638737,3.0,-0.2847700217,-0.28406296389999997,0.082568986,0
9819,0.0,0.04282686605,3.0,-0.29433092380000003,-0.2788517812,0.07662348095,0
9820,0.0,0.0452714585,2.0,-0.3034396289,-0.26115464450000003,0.07655439605,0
9821,0.0,0.0418393286,1.0,-0.30267898335,-0.2981848831,0.0677639477,0
9822,0.0,0.0564692874,2.0,-0.2921358586,-0.25152373795,0.06574743725,0
9823,0.0,-0.00556565375,4.0,-0.22344968815,-0.16835974855,0.13996628179999998,0
9824,0.0,0.020476324499999997,1.0,-0.2079103961,-0.15951390199999999,0.10966496410000001,0
9825,0.0,0.03068111535,5.0,-0.3114920713,-0.23968180514999998,0.0902561405,0
9826,0.0,0.030291895149999998,2.0,-0.31748682725,-0.30950382885,0.08645030410000001,0
9827,0.0,0.05234122995,3.0,-0.25777042845,-0.23763205310000002,0.058701532099999995,0
9828,0.0,0.009414589000000001,5.0,-0.2114944261,-0.15369001125,0.12218936505,0
9829,0.0,0.0133049552,1.0,-0.21705865154999998,-0.15743992595,0.12078526349999999,0
9830,0.0,0.0358506642,3.0,-0.35391676385000004,-0.3392117958,0.08177635854999998,0
9831,0.0,-0.04546287285,1.0,-0.21642692755,-0.2127865604,0.1731688391,0
9832,0.0,-0.02303348175,3.0,-0.2059124343,-0.18770623085,0.16488520304999998,0
9833,0.0,0.02978071385,3.0,-0.29842740079999996,-0.2671244748,0.08081900575,0
9834,1.0,0.04411919135,3.0,-0.24471767765,-0.18529179480000002,0.0834645268,0
9835,0.0,0.00830377745,3.0,-0.2017267783,-0.14730324205,0.12338960380000001,0
9836,0.0,0.048596742799999995,1.0,-0.29147762215,-0.28539088975,0.0745844484,0
9837,0.0,0.030321883,5.0,-0.18150907265,-0.1260785826,0.1066339999,0
9838,0.0,0.04657953275,3.0,-0.27430743245,-0.255714116,0.06429569460000001,0
9839,0.0,0.0393919677,4.0,-0.28878938925,-0.2470182322,0.07947439115,0
9840,0.0,0.0418240119,3.0,-0.2198971499,-0.18539600125,0.08982720765,0
9841,0.0,0.0241272324,3.0,-0.3305917319,-0.30156490874999997,0.1086131459,0
9842,0.0,0.036399066699999996,4.0,-0.2851716216,-0.2477896851,0.08337121165,0
9843,0.0,0.040420890949999996,1.0,-0.35332054064999996,-0.33042739445,0.08150986195,0
9844,0.0,0.0311860227,4.0,-0.3016869098,-0.28949369150000004,0.08997421259999999,0
9845,0.0,0.00987787445,1.0,-0.24894452495000002,-0.2038077495,0.11914158214999998,0
9846,0.0,0.05844244125,2.0,-0.2760421464,-0.26904946794999995,0.06339761545,0
9847,0.0,0.0464166356,2.0,-0.32550745765,-0.2891822481,0.0813880246,0
9848,0.0,0.03630801615,3.0,-0.32726212125,-0.3248741662,0.08388441745,0
9849,0.0,0.04753875355,1.0,-0.31410626659999996,-0.2788926141,0.06545042555,0
9850,0.0,-0.0054441187,3.0,-0.2213864586,-0.18072046745,0.13747636445,0
9851,0.0,0.0445569959,3.0,-0.28486952535,-0.27477564224999995,0.07470685605000002,0
9852,0.0,0.03829836155,1.0,-0.35167174865,-0.30594887695,0.07493414145,0
9853,0.0,0.0331394167,1.0,-0.32663652644999996,-0.31321394810000003,0.09080733830000001,0
9854,0.0,0.0291347208,2.0,-0.21377508955,-0.1722366616,0.10505534325,0
9855,0.0,0.0505362033,2.0,-0.3354461324,-0.30528496265,0.06871677500000001,0
9856,0.0,0.0457047006,1.0,-0.29285181390000004,-0.25580933915000004,0.06976179804999999,0
9857,0.0,0.05486923355,2.0,-0.28392810265,-0.28249709005,0.06021778764999999,0
9858,0.0,0.04056240695,1.0,-0.3250620152,-0.27635432595,0.073723289,0
9859,0.0,0.040149796099999996,3.0,-0.2585995706,-0.23766490785,0.08437938585000002,0
9860,0.0,0.03379720725,3.0,-0.34462360835,-0.280016712,0.08383969495,0
9861,0.0,0.04338253195,4.0,-0.28914809750000003,-0.27314250630000003,0.07554171685000001,0
9862,0.0,0.0384325981,2.0,-0.28026728775,-0.2774120028,0.08196813595,0
9863,0.0,0.042702061799999996,3.0,-0.2911879229,-0.27622921245,0.07633556455,0
9864,0.0,0.04418191465,3.0,-0.31840028155,-0.28473945385,0.0659438054,0
9865,0.0,0.03582926095,3.0,-0.3329975961,-0.30331773765000003,0.08477868729999999,0
9866,0.0,0.03826097115,1.0,-0.31247130615,-0.28061292834999996,0.07503315899999999,0
9867,0.0,0.04507489185,1.0,-0.29111875445,-0.25443642035,0.0769959201,0
9868,0.0,0.058456721749999996,3.0,-0.284962858,-0.2504449111,0.057282875450000006,0
9869,0.0,0.040849139549999997,4.0,-0.28184585975,-0.25987489695,0.0853507667,0
9870,0.0,0.04112736905,1.0,-0.28466704605,-0.26589007555,0.07868395785,0
9871,0.0,0.022495970900000002,3.0,-0.32884202315,-0.2779249852,0.10179965290000001,0
9872,0.0,0.0356325703,3.0,-0.3151582765,-0.28106192415,0.07876398645,0
9873,0.0,0.0306942352,4.0,-0.3044610351,-0.29236071165,0.08527440645,0
9874,0.0,0.0325664745,3.0,-0.2997247399,-0.2756668284,0.08629440710000001,0
9875,0.0,0.03348034625,3.0,-0.35268994870000003,-0.30230100839999996,0.08850201445,0
9876,0.0,0.0393994408,5.0,-0.3089609125,-0.24470804885000003,0.07748841384999999,0
9877,0.0,-0.012247914700000001,1.0,-0.22280468990000002,-0.18343893885,0.1550335404,0
9878,0.0,-0.0006397323000000001,1.0,-0.22353964585,-0.1721815438,0.13390595584999998,0
9879,0.0,0.012249822,1.0,-0.20753564619999998,-0.16308433905,0.1250593389,0
9880,0.0,0.035763415199999996,1.0,-0.3069912074,-0.2711914154,0.0911140364,0
9881,0.0,0.0328119272,3.0,-0.29032791965,-0.26122811,0.0807823929,0
9882,0.0,0.03179054755,3.0,-0.2931143545,-0.28516659099999997,0.07815051405000001,0
9883,0.0,0.02709659005,3.0,-0.28553440565,-0.25436364,0.0897999506,0
9884,0.0,0.0187380394,1.0,-0.20294508244999998,-0.14995955165000002,0.10704702765,0
9885,0.0,0.01562044575,3.0,-0.2118051312,-0.14635006755000002,0.11501769795,0
9886,0.0,0.0395125911,2.0,-0.28282728805,-0.2798103991,0.0809177304,0
9887,0.0,0.03438221995,3.0,-0.33041994935,-0.29939837375,0.07968272365000001,0
9888,0.0,0.048374765550000004,3.0,-0.3196690348,-0.24545728249999998,0.060869718399999995,0
9889,0.0,0.0374043451,2.0,-0.30413247275,-0.29489386305,0.08800812150000001,0
9890,0.0,0.043966070499999996,4.0,-0.3082019974,-0.2938533411,0.0751817904,0
9891,0.0,0.06230542694999999,3.0,-0.26760127645,-0.2488952749,0.06569111085,0
9892,0.0,0.035275000599999995,3.0,-0.3088221753,-0.29089035425,0.08360635105,0
9893,0.0,0.0483171127,3.0,-0.2490142994,-0.24625032015,0.0712346975,0
9894,0.0,0.03803897985,4.0,-0.2149018244,-0.16248767339999998,0.1028098721,0
9895,0.0,-0.00275053855,1.0,-0.1819428268,-0.14349547925,0.14373969479999998,0
9896,0.0,0.0446499,1.0,-0.31064198914999996,-0.29555865105,0.07406547565,0
9897,0.0,0.03178042105,1.0,-0.33175358904999996,-0.27863239655000005,0.08840043645000001,0
9898,0.0,0.0337079872,4.0,-0.27227556755,-0.25816493155,0.0842632661,0
9899,0.0,0.05063357225,3.0,-0.27337939055000005,-0.25653467595,0.0716929916,0
9900,0.0,0.05137892485,2.0,-0.29216023345,-0.27798469335,0.07703403750000001,0
9901,1.0,0.04980811215,3.0,-0.30729917455,-0.30431530965,0.05817538225,0
9902,1.0,0.05165453065,3.0,-0.3247842543,-0.29715716895,0.06373485004999999,0
9903,0.0,0.037787393399999994,2.0,-0.32134677175,-0.303296861,0.0853341712,0
9904,0.0,0.0332274844,4.0,-0.30408635159999997,-0.28113693655,0.09215033399999999,0
9905,0.0,0.01382454935,3.0,-0.19688864034999998,-0.15105700449999998,0.12188598375000001,0
9906,0.0,-0.02524708295,2.0,-0.2086091899,-0.15361461355,0.15786592594999999,0
9907,0.0,-0.018295834349999998,1.0,-0.20017387735,-0.1574006325,0.15464046735,0
9908,0.0,0.02784220385,3.0,-0.3116208011,-0.3035747538,0.0940492912,0
9909,0.0,0.01007235005,2.0,-0.2260247747,-0.15106864465,0.12562898665,0
9910,0.0,0.00033927334999999997,4.0,-0.22181883065000002,-0.17637319434999998,0.13569287140000003,0
9911,0.0,0.037784739750000004,2.0,-0.2973038211,-0.28574708039999996,0.0874364487,0
9912,0.0,0.0052318511000000005,1.0,-0.1833190954,-0.16594564090000002,0.12285680669999999,0
9913,0.0,0.04199423585,3.0,-0.27420987435,-0.24851538704999998,0.0658894702,0
9914,0.0,0.058059080900000004,4.0,-0.26920199735,-0.26407370715,0.0666508259,0
9915,0.0,0.0280662816,1.0,-0.34282994735,-0.32600719385,0.09458970735,0
9916,0.0,0.022173963249999998,1.0,-0.2355206849,-0.18589996665,0.11196147155,0
9917,0.0,0.0387844926,2.0,-0.26695367375,-0.25036711889999996,0.07693571655,0
9918,1.0,0.048169340500000005,2.0,-0.33981524144999997,-0.29700425015,0.05687288935,0
9919,0.0,0.0404998678,1.0,-0.28524613585,-0.2218701327,0.0746605084,0
9920,0.0,0.0024518926,3.0,-0.22068127869999998,-0.19321027105,0.14274147194999998,0
9921,0.0,0.0433961789,2.0,-0.32698844675,-0.32281666394999997,0.06984589045,0
9922,0.0,0.03678342115,1.0,-0.29724319745,-0.27118929295,0.0901692471,0
9923,0.0,0.03845788825,3.0,-0.340054656,-0.27093023915000003,0.07802555950000001,0
9924,0.0,0.03315157465,3.0,-0.30040701854999996,-0.27378035224999997,0.09845262434999999,0
9925,0.0,0.0322368105,3.0,-0.2961510723,-0.27941092975,0.09439882235,0
9926,0.0,0.03484221625,3.0,-0.3042184515,-0.29160941895000003,0.1024965528,0
9927,0.0,0.043431887200000005,4.0,-0.2911427743,-0.2750185398,0.0733141965,0
9928,0.0,0.03383797865,4.0,-0.2915718638,-0.2643999105,0.08470861395000001,0
9929,0.0,0.030308085,3.0,-0.33787831505,-0.31251018480000003,0.0996273768,0
9930,0.0,0.0257341578,1.0,-0.19466993970000002,-0.13907337949999998,0.0902460922,0
9931,0.0,0.01990246165,1.0,-0.21675055405,-0.16408703870000002,0.11955423005000002,0
9932,0.0,0.01621114925,3.0,-0.233396265,-0.19511541170000002,0.1091598862,0
9933,0.0,0.02495257655,4.0,-0.20422690355,-0.15198323855,0.09590023810000001,0
9934,0.0,0.038759985250000004,1.0,-0.27159117460000004,-0.2398528878,0.08682665985,0
9935,0.0,0.05164828035,3.0,-0.2784125058,-0.24811492665,0.06132920265,0
9936,0.0,0.0360124309,3.0,-0.31569482390000003,-0.3100776737,0.0877045052,0
9937,0.0,0.059033061750000004,3.0,-0.26775156995,-0.24257814,0.05830653649999999,0
9938,0.0,0.02601531475,3.0,-0.21898576875,-0.1618071079,0.1037750482,0
9939,0.0,0.0433036293,1.0,-0.33188456135,-0.28494362684999996,0.060607007,0
9940,0.0,0.03716740345,1.0,-0.34476666899999997,-0.25025899885,0.07244495670000001,0
9941,0.0,0.03379486315,3.0,-0.35861507179999996,-0.33432225145,0.0774939621,0
9942,0.0,0.0278929107,5.0,-0.35470046965,-0.34121456510000003,0.09609958469999999,0
9943,0.0,0.0093423067,1.0,-0.21074190739999998,-0.14381295865,0.12358580460000002,0
9944,0.0,0.0387005328,1.0,-0.28767686155,-0.24944632745,0.07621414195000001,0
9945,0.0,0.04500677585,3.0,-0.32006608935,-0.30662042609999995,0.06328362270000001,0
9946,0.0,0.0368882195,1.0,-0.29545114865,-0.2807826336,0.07564487065,0
9947,0.0,0.04160535805,1.0,-0.32538958115,-0.295340159,0.0698599983,0
9948,0.0,0.03921237645,3.0,-0.20823588025,-0.17516050645,0.09881735935,0
9949,0.0,0.04217338945,3.0,-0.28768056405,-0.26672355255,0.0684809863,0
9950,0.0,0.035703920099999994,3.0,-0.2824224856,-0.2495506729,0.08619115869999999,0
9951,0.0,0.0351632093,1.0,-0.32582759650000004,-0.30925877145,0.07834585934999999,0
9952,0.0,0.03989646075,3.0,-0.3022687382,-0.2563351305,0.08605324549999999,0
9953,0.0,0.03474816215,3.0,-0.2979548162,-0.26533914965,0.09213002070000001,0
9954,0.0,-0.0012490658,1.0,-0.25401088295,-0.13386424549999998,0.14090578380000002,0
9955,0.0,0.03613542695,4.0,-0.33996198310000003,-0.3336465185,0.08527407225,0
9956,0.0,0.038147842099999996,3.0,-0.2853318702,-0.2605013054,0.07845510530000001,0
9957,0.0,0.036090213499999996,1.0,-0.31607631049999996,-0.27309051715,0.07813888534999999,0
9958,0.0,0.03517066505,3.0,-0.31887219945,-0.2512588023,0.08026545385,0
9959,0.0,0.04170614735,3.0,-0.32824875415,-0.318907451,0.06981534735,0
9960,0.0,0.0411549981,3.0,-0.33470293985,-0.31952042194999997,0.0738910998,0
9961,0.0,0.036950614650000005,1.0,-0.3185274507,-0.3123710635,0.07594863155,0
9962,0.0,0.0101939527,5.0,-0.2289610826,-0.1464207206,0.12244978839999998,0
9963,0.0,0.004155537149999999,3.0,-0.1797977267,-0.1465941803,0.12416888050000001,0
9964,0.0,0.049060162500000004,1.0,-0.31788963095,-0.24500107305000002,0.06888263985,0
9965,0.0,-0.01033384355,3.0,-0.18795883645,-0.17816187555000002,0.13320080735,0
9966,0.0,0.03416011335,3.0,-0.36755831085,-0.36029885875,0.09322996005,0
9967,0.0,0.03003680125,1.0,-0.3736846391,-0.35642761359999997,0.09529403230000001,0
9968,0.0,0.034857789550000004,4.0,-0.33429629075,-0.325589535,0.096226218,0
9969,0.0,0.042921000949999996,1.0,-0.2340509045,-0.2278416026,0.07125498885,0
9970,0.0,0.0400988139,4.0,-0.3356378133,-0.30945466175,0.07107529515,0
9971,0.0,0.0362483587,2.0,-0.24599318050000002,-0.2206626617,0.07585239034999999,0
9972,0.0,0.0347214677,3.0,-0.33495835635000004,-0.2851756043,0.0717759888,0
9973,0.0,0.05289043035,2.0,-0.289865812,-0.24939077720000002,0.06407518555,0
9974,0.0,0.048474142750000004,3.0,-0.2694454722,-0.2451022889,0.0638128827,0
9975,0.0,0.04177348005,3.0,-0.30725487890000003,-0.2975991637,0.07453677375,0
9976,0.0,0.0426643554,3.0,-0.2796984434,-0.2735836707,0.07158640429999999,0
9977,0.0,0.04132393445,1.0,-0.31097929535,-0.29032296594999996,0.06435021875,0
9978,0.0,0.033845852100000004,3.0,-0.2939045694,-0.28050095335,0.0839680274,0
9979,0.0,0.0276096068,1.0,-0.33774910945000003,-0.2952889729,0.0932507327,0
9980,0.0,0.04189668925,3.0,-0.34023279279999996,-0.31625090385,0.06766171089999999,0
9981,0.0,0.04751927895,2.0,-0.31028274045000004,-0.2768417399,0.07145400439999999,0
9982,0.0,-0.00086062435,1.0,-0.17914375215,-0.1604150113,0.12981761009999998,0
9983,0.0,0.02339164325,1.0,-0.19532647705,-0.1705236759,0.11348515949999999,0
9984,0.0,0.03308223415,3.0,-0.28728014195,-0.26108164445,0.090068322,0
9985,0.0,0.0412203808,1.0,-0.32229282495,-0.3017745608,0.06684058984999999,0
9986,0.0,0.02678332765,3.0,-0.30979944175,-0.29073942740000003,0.10272852485,0
9987,0.0,0.03728267020000001,3.0,-0.3469352228,-0.3024813837,0.065874293,0
9988,0.0,0.059155727350000006,3.0,-0.2446614525,-0.17363576135,0.06400921855,0
9989,0.0,0.0459399603,1.0,-0.3124039515,-0.29335131820000004,0.07507894315000001,0
9990,0.0,0.0476087435,1.0,-0.2974229778,-0.28775093595,0.0639692337,0
9991,0.0,0.0074633154,1.0,-0.2116943225,-0.16887060125,0.11304096585000001,0
9992,0.0,0.00368915635,1.0,-0.20936852945,-0.1848393241,0.13724718975,0
9993,0.0,0.0369691095,4.0,-0.3035168896,-0.29931056605,0.08108902100000001,0
9994,0.0,0.0464938574,3.0,-0.27949364285,-0.27326756575,0.06502630000000001,0
9995,0.0,0.028031258099999998,4.0,-0.31237619424999996,-0.2803610989,0.09795050720000001,0
9996,0.0,0.04105239795,4.0,-0.32557641375,-0.3120144375,0.06852215445000001,0
9997,0.0,0.0408350922,1.0,-0.32039108650000003,-0.29608033749999996,0.0773786536,0
9998,0.0,0.03296550375,1.0,-0.30820297345000003,-0.27804461255,0.09058473405,0
9999,0.0,0.03892700715,3.0,-0.3038673596,-0.2868421343,0.07970622355000001,0
