,En_#_Peaks,α_HOMO_Med,α_HOMO_#_Peaks,β_HOMO_1_Med,β_HOMO_Med,α_gap_Med,label
0,0.0,0.0318034081,2.0,-0.19762129415000002,-0.18037619215,0.10934157829999999,1
1,0.0,0.006656777,1.0,-0.2155410556,-0.1626955482,0.13488267785,0
2,0.0,0.04117716305,1.0,-0.2892909572,-0.2756438228,0.07262125705,0
3,2.0,0.05351397770000001,4.0,-0.22357773365,-0.17516803435,0.07075532459999999,1
4,1.0,0.07463766345,1.0,-0.1456713323,-0.11204795065,0.06367294740000001,1
5,0.0,0.0429033033,1.0,-0.30023413755,-0.24520603219999998,0.08028015375,0
6,1.0,0.07682329455,3.0,-0.12078025775,-0.08393159950000001,0.0637551558,1
7,0.0,0.04216112225,3.0,-0.2871795252,-0.26951743115,0.07341911375,0
8,0.0,0.03179546625,3.0,-0.24284144245,-0.18824016524999998,0.0925411246,0
9,2.0,0.0499911827,4.0,-0.2051289109,-0.1075851326,0.08400422134999999,1
10,1.0,0.04986655255,3.0,-0.1924980707,-0.14295353719999998,0.08044079935000001,1
11,1.0,0.05111483275,3.0,-0.2059406862,-0.19501325130000002,0.0770544893,1
12,0.0,0.038891265300000005,4.0,-0.2339516135,-0.16036806805,0.07972065240000001,1
13,1.0,0.04458490535,5.0,-0.21889306050000001,-0.2090365861,0.08158007654999999,1
14,0.0,0.025006334999999998,2.0,-0.2175003935,-0.15616286834999998,0.11015156580000002,1
15,2.0,0.0312733542,4.0,-0.196004122,-0.18309450725,0.09364657864999999,1
16,1.0,0.0434893975,3.0,-0.2581743219,-0.2078650904,0.09549219605,1
17,1.0,0.05453929925,3.0,-0.2233760797,-0.1031055652,0.06480325484999999,1
18,1.0,0.033046811100000004,3.0,-0.20041091319999998,-0.14584866385,0.09755184319999999,1
19,0.0,0.04438966515,4.0,-0.300788162,-0.28930500135000004,0.07271354995000001,0
20,0.0,0.038972233999999994,4.0,-0.1285764362,-0.11865599885,0.10517989545,1
21,0.0,0.0490876815,1.0,-0.2795760993,-0.2660580251,0.06171443855,0
22,1.0,0.0431523444,3.0,-0.20009066025,-0.1866090678,0.07656956005000001,1
23,0.0,0.04056235925,3.0,-0.2558683639,-0.25072465095,0.0714129885,0
24,1.0,0.0430038831,3.0,-0.2215551868,-0.1654257179,0.08262929435000001,1
25,1.0,0.07139636925000001,4.0,-0.134063053,-0.0946036441,0.061439648249999985,1
26,1.0,0.0463726168,3.0,-0.20746674695,-0.1841096821,0.09598660094999999,1
27,0.0,0.03290415245,4.0,-0.13528910784999998,-0.12446682184999999,0.0979847526,1
28,2.0,0.04744989475,4.0,-0.20973419245,-0.1132599485,0.09273860825,1
29,1.0,0.03956437505,3.0,-0.1551388468,-0.1103380211,0.09637933809999999,1
30,0.0,0.00508338955,1.0,-0.23273152945,-0.2014320659,0.13920402985,0
31,0.0,0.059761453150000005,2.0,-0.22939654855000002,-0.1509058348,0.06673727055,0
32,0.0,0.0403119532,1.0,-0.28165795425,-0.24653107955,0.08518417480000001,0
33,0.0,-0.00631409925,5.0,-0.15747818395,-0.13928984765,0.1315384061,0
34,0.0,0.02322749255,2.0,-0.20265341995,-0.1454671925,0.11703441380000001,1
35,2.0,0.04307016185,4.0,-0.21260204735,-0.1983113031,0.09233848290000002,1
36,1.0,0.041205748949999996,3.0,-0.26877805135,-0.19339290925,0.08419204125,1
37,0.0,0.03558211905,4.0,-0.2785384629,-0.26928015045,0.08368732135,0
38,0.0,0.043589727950000004,4.0,-0.26140827965,-0.23106631895000002,0.0735459973,0
39,1.0,0.057246142449999995,3.0,-0.2591734673,-0.1626479085,0.079024713,1
40,0.0,0.026442234000000002,3.0,-0.19722693925,-0.12301530769999999,0.10436727205000002,1
41,0.0,0.031305571750000004,1.0,-0.28794463085,-0.2414350353,0.09066196715,0
42,0.0,0.01936556165,2.0,-0.20652121755000002,-0.1420900959,0.08921015874999999,1
43,0.0,0.0364461738,4.0,-0.26662001744999997,-0.20750503455000002,0.0864887294,0
44,0.0,-0.0003536958500000001,1.0,-0.23226801489999999,-0.18825260425,0.1267436683,0
45,1.0,0.04969168955,3.0,-0.20563914960000002,-0.18778998075,0.08883287685,1
46,0.0,0.0566343981,3.0,-0.28800756805,-0.25516083775,0.07276157065000001,0
47,2.0,0.0500792867,4.0,-0.22234061500000002,-0.10510180725000001,0.0935407356,1
48,1.0,0.0093326326,3.0,-0.24006333485,-0.16998890405,0.12670443895,1
49,0.0,0.0626560957,3.0,-0.26669658630000004,-0.25492699105,0.06542590734999998,0
50,0.0,0.0391106643,4.0,-0.32634950125,-0.3032569708,0.0744263743,0
51,0.0,0.04293789705,3.0,-0.34488198584999996,-0.30081475,0.07326427945,0
52,0.0,0.03953100605,4.0,-0.308025176,-0.2870993115,0.08023676715,0
53,1.0,0.0499849426,3.0,-0.24952609065000003,-0.14270140595,0.08670344215,1
54,0.0,0.0014237938499999999,2.0,-0.22468374475,-0.16661075345,0.12767482559999999,1
55,0.0,0.024453786249999998,2.0,-0.19996489905,-0.14390262915000002,0.09800533040000001,1
56,0.0,0.00459797445,1.0,-0.2098130955,-0.1506951181,0.13688975475,0
57,0.0,0.032189626,3.0,-0.30895991235,-0.2948290713,0.09238156674999999,0
58,1.0,0.03560940625,3.0,-0.21646133245,-0.16954624855,0.09723035715,1
59,0.0,0.018505729999999998,1.0,-0.18363975355,-0.16438021465000002,0.10517300304999999,0
60,0.0,0.035585757450000005,3.0,-0.32791464309999996,-0.29924777455,0.0884867841,0
61,0.0,0.03299431665,4.0,-0.2428008942,-0.2010114529,0.08232600070000001,0
62,0.0,0.02654194175,3.0,-0.19674622390000002,-0.113228811,0.1136587808,0
63,0.0,0.01929959165,3.0,-0.29997530910000003,-0.23781277405,0.10608984975,0
64,1.0,0.07479826665,3.0,-0.19761441445,-0.17244700154999998,0.036770644750000005,1
65,0.0,0.04471850755,1.0,-0.28706357429999996,-0.28384772059999996,0.06698049889999999,0
66,0.0,0.014977811899999999,1.0,-0.22755752245,-0.16430792795,0.1227525233,0
67,0.0,0.0031274817,4.0,-0.21821903334999998,-0.1559027392,0.1324775936,1
68,2.0,0.0414465212,4.0,-0.19451634855,-0.1912213126,0.08059396115000002,1
69,0.0,0.05514073235,2.0,-0.14700016385,-0.1115045436,0.08697666914999999,1
70,0.0,0.04373675095,3.0,-0.33444264355,-0.31761612065,0.05919609925000001,0
71,0.0,-0.0076844341,1.0,-0.2168123363,-0.1751720787,0.1498519668,0
72,1.0,0.05543490955,3.0,-0.20680913680000002,-0.15743606095,0.0881032447,1
73,0.0,0.02251012595,4.0,-0.1308304224,-0.11366931920000001,0.1095232223,1
74,1.0,0.0646544008,5.0,-0.23173788605,-0.1155030392,0.07810143095,1
75,2.0,0.05355663825,2.0,-0.21210698275,-0.19133786005,0.0807205504,1
76,0.0,0.0441539767,1.0,-0.266659208,-0.25175749329999997,0.0797110533,0
77,0.0,-0.0472301459,1.0,-0.221843279,-0.1758518251,0.1846098369,0
78,2.0,0.032494329700000005,4.0,-0.1968916433,-0.17671975885000002,0.09299111119999999,1
79,1.0,0.0551999559,3.0,-0.16983015010000002,-0.10069397075,0.07595814625,1
80,0.0,0.0159874454,1.0,-0.15666452,-0.0662763569,0.11717019960000001,0
81,0.0,0.0385743474,4.0,-0.24720606605,-0.2255302613,0.08789026165,0
82,2.0,0.05583200475,4.0,-0.2197626994,-0.0945516916,0.08409931200000001,1
83,0.0,0.04182944645,2.0,-0.1573053173,-0.10356501644999999,0.0881437864,1
84,1.0,0.0331815345,5.0,-0.2232207431,-0.1714665601,0.09349034949999999,1
85,0.0,0.0259901895,3.0,-0.35626409265,-0.31014290575000003,0.10499604445,0
86,0.0,0.02948266495,3.0,-0.3252866758,-0.27036425165,0.09568523555,0
87,1.0,0.0520410763,3.0,-0.2334731473,-0.13015346984999998,0.08163765215000002,1
88,1.0,0.04630044530000001,3.0,-0.243296685,-0.21897506265,0.09857677990000001,1
89,1.0,0.045811158,3.0,-0.26288726305,-0.12832133085,0.0940047695,1
90,0.0,0.0484256616,1.0,-0.2959835323,-0.17251759095000002,0.07996062985,0
91,2.0,0.0470491849,2.0,-0.23618109539999999,-0.15858494255,0.08451849665,1
92,1.0,0.0592940834,3.0,-0.19171878004999998,-0.09032719685,0.0820065862,1
93,1.0,0.04921673145,3.0,-0.1712145578,-0.0894901882,0.09172156249999999,1
94,0.0,0.043749424349999996,2.0,-0.20594552124999999,-0.11770217645,0.09796489045,1
95,0.0,0.0480976073,2.0,-0.3123972891,-0.29066472825,0.07150826839999999,0
96,0.0,0.02738539215,2.0,-0.2002051535,-0.1303303691,0.1174512843,1
97,1.0,0.050311801850000004,3.0,-0.22863175824999998,-0.17011764025,0.08234089975,1
98,1.0,0.044593450699999995,3.0,-0.18781144979999997,-0.15467643385000002,0.09424163555000001,1
99,1.0,0.03903123495,3.0,-0.1718717817,-0.11707332200000001,0.1022244139,1
100,0.0,0.040808831000000004,3.0,-0.33317620795,-0.27396488055,0.06948334179999999,0
101,1.0,0.0421093289,3.0,-0.17797364655,-0.15071400029999998,0.09258374320000001,1
102,0.0,0.0516184757,4.0,-0.1309620148,-0.11551225465,0.08978277365,1
103,1.0,0.031899382500000004,3.0,-0.2290428679,-0.1523810691,0.10621533975,1
104,0.0,0.039751862299999996,3.0,-0.29803960949999997,-0.22882914225,0.07955855484999999,0
105,0.0,0.016844793650000002,1.0,-0.1952840506,-0.12960704545,0.10691875414999999,0
106,1.0,0.0580379366,3.0,-0.21915536145,-0.11382393865,0.0809237982,1
107,0.0,0.0020360434,4.0,-0.23377199840000001,-0.1646842628,0.13841205369999998,1
108,0.0,0.0393272184,3.0,-0.31730774055,-0.2433158787,0.07933276550000001,0
109,0.0,0.0153927622,4.0,-0.22782622585,-0.15463340825,0.12447865094999999,1
110,0.0,0.030558849550000003,3.0,-0.31724441005000004,-0.2583107921,0.06554963585,0
111,0.0,0.012194856399999999,1.0,-0.2089132023,-0.1922982391,0.12041319805,0
112,0.0,0.045127450400000005,3.0,-0.22690992394999998,-0.180701333,0.07928698340000001,0
113,0.0,0.04848599755,1.0,-0.26181715149999996,-0.16490396045,0.05620200075,0
114,2.0,0.0425834642,4.0,-0.18175427745,-0.15595032505,0.08399109295,1
115,2.0,0.03348333445,4.0,-0.22394912425000002,-0.17374074455,0.0908861618,1
116,2.0,0.0535312191,4.0,-0.1764029563,-0.12275396045,0.0822342555,1
117,0.0,0.00530108505,2.0,-0.24671995925,-0.1882217984,0.14869274785,1
118,0.0,0.03073891375,1.0,-0.20264173135000002,-0.12855702154999998,0.11324276330000001,1
119,2.0,0.05816796945,2.0,-0.19940434675,-0.14635682715,0.07778887429999999,1
120,1.0,0.0431498303,3.0,-0.2027470073,-0.13482547175,0.08739934275,1
121,0.0,0.02208304535,2.0,-0.1977566483,-0.15261294715,0.10252331385,1
122,2.0,0.06556937295000001,5.0,-0.19485718165,-0.16742911135,0.06101135729999999,1
123,0.0,0.03595853185,2.0,-0.2428271015,-0.12416566805,0.1098314753,1
124,0.0,0.0504814281,1.0,-0.27563542035,-0.24182712415000002,0.062167872,0
125,0.0,0.0476601101,3.0,-0.27867315875,-0.2401011801,0.061260162949999995,0
126,0.0,0.044491848550000004,1.0,-0.2981021694,-0.27754913005000004,0.0628525597,0
127,0.0,0.0334481556,4.0,-0.30188408749999995,-0.2464122051,0.09097477975000001,0
128,1.0,0.0658244683,5.0,-0.2119958663,-0.16835960115,0.07243645885,1
129,0.0,0.04415611205,2.0,-0.20101320995,-0.07972326075,0.08206002625,1
130,0.0,0.05324430495,3.0,-0.2926495434,-0.22743341865,0.06548181635,0
131,1.0,0.03988508885,3.0,-0.22334295965,-0.19373069445000002,0.0910607686,1
132,0.0,0.0486794153,1.0,-0.2761200748,-0.25379767035,0.07693137365,0
133,1.0,0.04691551865,5.0,-0.13349844815,-0.10526719979999999,0.0703046595,1
134,0.0,-0.0032727169,5.0,-0.20933157375,-0.1839331182,0.14571987205,1
135,0.0,0.0064560465,1.0,-0.1759728764,-0.11332834275,0.1218958967,0
136,0.0,0.0358860732,1.0,-0.27602318525,-0.267598314,0.084361523,0
137,0.0,0.02986538105,4.0,-0.34328725405,-0.25999183555,0.09702628945000001,0
138,1.0,0.050861145149999995,3.0,-0.29405472050000003,-0.26019673705,0.05898844965000001,0
139,1.0,0.03613175215,3.0,-0.2533129476,-0.1970880885,0.09645473365,1
140,0.0,0.0164576125,2.0,-0.2065248429,-0.1517239179,0.11011528355,1
141,0.0,0.04001886365,3.0,-0.32292737985,-0.25765072015,0.07179874280000001,1
142,0.0,0.0311879703,4.0,-0.19087972144999998,-0.13718917315,0.11460465945000001,1
143,1.0,0.045871668549999994,3.0,-0.2130775016,-0.12144726145000001,0.0954030464,1
144,1.0,0.0333729152,3.0,-0.22529375805000001,-0.21033243299999999,0.10259376435,1
145,0.0,0.03963229685,3.0,-0.29016589535000004,-0.25821526025,0.07480786805,0
146,1.0,0.0438228868,5.0,-0.196554961,-0.11453082065,0.09125386459999998,1
147,0.0,0.035112359600000004,4.0,-0.29626087474999996,-0.2583941475,0.08288208300000001,0
148,0.0,0.0410790735,4.0,-0.31200483339999996,-0.2964743319,0.06944879355,1
149,0.0,0.0406708598,3.0,-0.28474955385,-0.2539407496,0.08883733155,0
150,0.0,0.037144801899999996,4.0,-0.2933791643,-0.2671286202,0.07977291395,0
151,0.0,0.03838726515,3.0,-0.30460736825,-0.25344457600000003,0.07880340675,0
152,0.0,0.04187668555,1.0,-0.2947770928,-0.26829303575,0.07453381795,0
153,0.0,0.03445804745,2.0,-0.22126754785,-0.16578778119999998,0.0908430721,1
154,0.0,0.0327888955,4.0,-0.19678741085,-0.1325439868,0.1011698157,1
155,1.0,0.03685405565,3.0,-0.22310796365,-0.15969398969999998,0.0870170577,1
156,1.0,0.04517298175,3.0,-0.300613613,-0.28480782225,0.0645744753,0
157,0.0,0.047418784049999996,3.0,-0.2618292943,-0.2385721141,0.07130119044999998,0
158,0.0,0.0266098829,1.0,-0.2011310393,-0.0826102108,0.11389287445000001,1
159,0.0,0.0301560009,4.0,-0.292911015,-0.2227677758,0.09225574095,0
160,1.0,0.0612040318,1.0,-0.1687038052,-0.15583809595,0.07191877729999999,1
161,0.0,0.01389352305,3.0,-0.3084068081,-0.29657081785,0.1182436718,0
162,1.0,0.0537105549,3.0,-0.23103516575,-0.2185216736,0.08214721445,1
163,0.0,-0.010341779950000001,2.0,-0.20814680295,-0.11897773055,0.1511134722,0
164,0.0,0.0347985292,2.0,-0.3102503485,-0.2862956134,0.09190125075,0
165,1.0,0.0583603863,3.0,-0.19258308540000002,-0.15526903855000002,0.07828776295,1
166,0.0,-0.08906288835000001,2.0,-0.1486035151,-0.08885162615,0.2136517214,1
167,0.0,0.03553102795,2.0,-0.1500195037,-0.1151989728,0.103960253,1
168,1.0,0.0484633868,3.0,-0.24237143360000002,-0.2199806734,0.0869217064,1
169,0.0,-0.009205852050000001,1.0,-0.2351810866,-0.16098638180000002,0.14957832035,0
170,0.0,0.054622251149999995,3.0,-0.32690337565000005,-0.31353130144999997,0.06128919225000001,0
171,0.0,0.043302055000000006,1.0,-0.27944828755,-0.2272721315,0.0723085487,0
172,2.0,0.05088496135,4.0,-0.18905540275,-0.1694724895,0.07881668805000001,1
173,1.0,0.0367551254,3.0,-0.21659467765,-0.2061640073,0.08868810410000001,1
174,0.0,0.0332261846,3.0,-0.14379390345,-0.10128298969999999,0.10734429990000001,1
175,0.0,0.034587238549999996,2.0,-0.3316942649,-0.29296842345,0.0806234552,0
176,0.0,0.01978749705,4.0,-0.20934057174999998,-0.14817914705000002,0.10957245654999999,1
177,1.0,0.046222985999999994,5.0,-0.19454408225,-0.12490947905,0.09206997905,1
178,0.0,0.00271234885,3.0,-0.28532108535,-0.20445716295,0.1174619647,0
179,0.0,0.03661424445,4.0,-0.2925664227,-0.23387723770000002,0.0780208115,0
180,0.0,0.0224581649,5.0,-0.2062733723,-0.1391032595,0.1215388648,1
181,0.0,-0.041730212350000004,5.0,-0.24185695255,-0.16788233679999998,0.17605721975,0
182,1.0,0.0441647929,5.0,-0.2680233614,-0.187117205,0.07997894545,0
183,1.0,0.061615212850000003,3.0,-0.23038515535,-0.10729884725,0.07730865420000001,1
184,2.0,0.054289759300000004,4.0,-0.198996781,-0.14520805515000001,0.08148913585,1
185,1.0,0.048451559500000005,3.0,-0.23465112615,-0.21159508035000002,0.07752469070000001,1
186,0.0,0.03337506685,2.0,-0.18209084315000001,-0.15105406005,0.09550411714999998,1
187,0.0,0.046237485349999996,1.0,-0.31035158215,-0.30531535330000004,0.06924906045000001,0
188,2.0,0.05437839465,4.0,-0.1903541366,-0.11577719119999999,0.09395775145,1
189,2.0,0.0533112902,4.0,-0.1578168025,-0.09247551470000001,0.08494053534999998,1
190,0.0,0.017756866099999997,3.0,-0.21279870039999998,-0.1170761731,0.1143297912,1
191,0.0,0.0409131565,3.0,-0.31844458005,-0.2935502919,0.0795879734,0
192,0.0,0.0496690528,1.0,-0.28965648095,-0.2691388708,0.07284994189999999,0
193,0.0,0.03378575865,4.0,-0.2757559786,-0.24438004805,0.08601267435,0
194,2.0,0.06409264049999999,2.0,-0.23134814385,-0.19261586604999997,0.06576212155,1
195,1.0,0.046250017399999996,3.0,-0.14907936994999998,-0.13396778990000002,0.07675873265,1
196,1.0,0.0512521962,6.0,-0.2753274269,-0.26125190185,0.056057508650000004,1
197,0.0,0.0342058838,4.0,-0.29577433399999997,-0.26791431190000004,0.08716440325,0
198,0.0,0.01915284775,4.0,-0.19715897510000002,-0.16364458980000002,0.1243197701,1
199,2.0,0.05284219165,4.0,-0.21368963554999998,-0.1058872481,0.09441325440000001,1
200,0.0,0.04952643525,3.0,-0.29842251,-0.17461830620000002,0.0570347548,0
201,2.0,0.040839926,4.0,-0.1739673062,-0.16616062645000002,0.0811013116,1
202,2.0,0.061860180900000006,4.0,-0.20475768924999999,-0.1871111412,0.06789507225,1
203,0.0,0.04177823655,1.0,-0.32558733100000004,-0.30585367875,0.0705156763,0
204,0.0,-0.0147481521,3.0,-0.2381120716,-0.1243734819,0.14907649305,0
205,0.0,0.047962524150000005,3.0,-0.3012137206,-0.18299644965,0.058415258100000006,0
206,2.0,0.0569813225,1.0,-0.24378863395,-0.2264478306,0.10063309405,1
207,0.0,0.027444095449999997,2.0,-0.21993314005,-0.164149457,0.1094528191,1
208,0.0,-0.03833938335,1.0,-0.1949790708,-0.1570811969,0.16871130135,0
209,0.0,0.0257145896,2.0,-0.21612250189999999,-0.1486048014,0.11331338159999998,1
210,1.0,0.0359556046,3.0,-0.2032464303,-0.17772863615,0.09726497035,1
211,0.0,0.0018450045,4.0,-0.1895007168,-0.1624889642,0.1320265885,0
212,0.0,-0.0156569125,1.0,-0.2313549775,-0.10605164665,0.14186119725000002,0
213,1.0,0.05187383595,3.0,-0.2091637486,-0.1809596719,0.07003701174999999,1
214,0.0,0.010873152,2.0,-0.1962527248,-0.17475740304999998,0.1374078998,1
215,0.0,-0.02716933465,1.0,-0.2370005739,-0.1402099989,0.1602346214,0
216,0.0,0.02845552415,3.0,-0.28294511395,-0.2488307341,0.0959917458,0
217,2.0,0.040261168449999996,4.0,-0.1953533544,-0.1762490472,0.10301203125000001,1
218,1.0,0.0247161077,3.0,-0.20085759260000002,-0.13726896875,0.11871476335,1
219,0.0,0.04262924145,4.0,-0.201521153,-0.1340095745,0.09969539899999999,1
220,1.0,0.053059475999999994,1.0,-0.21799082335,-0.18065446375,0.0883045774,1
221,0.0,0.03467901875,1.0,-0.3071888342,-0.2989282716,0.09233952919999999,0
222,1.0,0.049243301749999996,3.0,-0.21048306245,-0.13859075005,0.0854772694,1
223,0.0,0.05392819895,2.0,-0.2504709007,-0.22466580945,0.07409304629999999,0
224,1.0,0.05153012995,3.0,-0.1979880509,-0.13321312755,0.07017811139999999,1
225,0.0,0.0386719589,2.0,-0.31147753415,-0.2954437737,0.0690709582,0
226,0.0,0.02556788215,4.0,-0.19258143745,-0.12385795575,0.09828423865,1
227,0.0,0.04127593295,3.0,-0.27894901240000003,-0.25322361545000005,0.08084362484999999,0
228,0.0,0.0238747622,4.0,-0.3221834703,-0.29288653365,0.0995999177,0
229,2.0,0.04004391565,2.0,-0.22848749554999997,-0.2222100896,0.080880022,1
230,0.0,0.029470049499999998,2.0,-0.19229098685,-0.13356561784999998,0.09666548495,1
231,0.0,0.0378938802,4.0,-0.2638227835,-0.24228225650000002,0.08290403395,0
232,0.0,0.04950109855,4.0,-0.2722672235,-0.2317196575,0.0635572167,0
233,1.0,0.04093229525,3.0,-0.21028668055,-0.14771051005,0.08304422115,1
234,2.0,0.0657318683,4.0,-0.20354824345,-0.1827814314,0.06871508225,1
235,1.0,0.060316743699999995,1.0,-0.27135308734999997,-0.14107917235,0.07620803895,1
236,0.0,0.00821216,2.0,-0.20019720084999998,-0.14332513165,0.12600178150000002,0
237,0.0,0.04237614395,4.0,-0.29494181385,-0.25220313855,0.07646375595,1
238,1.0,0.06097214735,3.0,-0.18631238125,-0.16616900085,0.08731222024999999,1
239,1.0,0.0607505631,3.0,-0.2112840277,-0.17422524509999998,0.06837445435,1
240,0.0,0.0503157786,1.0,-0.24622606219999998,-0.24137435495,0.0626814956,0
241,0.0,-0.01455931995,3.0,-0.2043183172,-0.16863132525000002,0.1386114755,0
242,1.0,0.05827201285,3.0,-0.2238465998,-0.19963041199999998,0.07180810595,1
243,0.0,0.02316847875,3.0,-0.31430714319999997,-0.2963835386,0.07342900960000001,0
244,0.0,0.03494350135,3.0,-0.3047709536,-0.29330536065,0.08234118330000001,0
245,0.0,0.03940925475,4.0,-0.31744701,-0.3029055059,0.07112318325,1
246,1.0,0.048403227800000004,3.0,-0.25627661495,-0.128447353,0.08673679855000002,1
247,0.0,0.0301383756,6.0,-0.19699713745000003,-0.14101329125,0.10889908155000001,1
248,0.0,0.02047162825,2.0,-0.20369079325,-0.1433489933,0.11658323385,1
249,0.0,0.013681260649999999,1.0,-0.20287748675,-0.1728175769,0.13132824534999998,0
250,1.0,0.0604524718,1.0,-0.169407794,-0.1598286343,0.07072091070000001,1
251,0.0,0.01049682205,4.0,-0.2087231389,-0.15041609595,0.15164834025,0
252,0.0,0.02517716255,2.0,-0.186448544,-0.1315773019,0.1140469361,1
253,1.0,0.0448299173,3.0,-0.20359315615,-0.13088093875,0.0982646978,1
254,0.0,0.05486459125,1.0,-0.29363829145,-0.26148335045,0.0597427622,0
255,0.0,0.0415768086,1.0,-0.2928602312,-0.1952106488,0.0808408047,0
256,2.0,0.03984332995,4.0,-0.1613848089,-0.14274863805,0.1024870433,1
257,1.0,0.0568714644,3.0,-0.22217169245,-0.2039821161,0.08157148809999999,1
258,0.0,0.034319365,3.0,-0.30516429425,-0.28306441185,0.07181937345,0
259,0.0,-0.0059090258,1.0,-0.18501508575,-0.147905538,0.1429415347,0
260,2.0,0.07004796265,2.0,-0.22548958460000001,-0.11994795525,0.06027904895,1
261,0.0,0.027466023200000002,2.0,-0.21871934599999998,-0.1084605944,0.10968093344999999,1
262,0.0,0.0064737345,2.0,-0.2301500938,-0.17453245955,0.13770974284999998,1
263,0.0,0.0296324503,3.0,-0.3175935278,-0.27289041270000003,0.07814917980000001,0
264,0.0,0.0435483552,1.0,-0.32958409335000005,-0.30154535309999997,0.06185017775,0
265,0.0,0.014231114449999999,2.0,-0.19537638889999998,-0.15405498065,0.12698495115000002,0
266,1.0,0.047341741650000005,3.0,-0.33189186735,-0.3028217541,0.0549401426,0
267,1.0,0.050629253400000004,3.0,-0.2155783965,-0.14822250335,0.0861766189,1
268,2.0,0.06531619094999999,2.0,-0.24215072765,-0.16709459775000002,0.07584700935,1
269,1.0,0.05459926155,5.0,-0.34889209525,-0.33626474024999997,0.05490389179999999,0
270,0.0,0.03899533685,2.0,-0.31610331955,-0.3076169158,0.0768215026,0
271,0.0,0.00375228465,6.0,-0.18419010260000002,-0.15927618710000002,0.12461302660000001,0
272,1.0,0.05170163185,3.0,-0.26201539045,-0.1921350545,0.0724516596,1
273,1.0,0.04265060185,3.0,-0.17888516955,-0.16774277055,0.09417056405000002,1
274,1.0,0.05547394355,3.0,-0.21187509999999998,-0.1784268168,0.06420317265,1
275,1.0,0.044587158050000006,3.0,-0.20666098815,-0.19489185425,0.0914826084,1
276,0.0,0.043196307350000004,4.0,-0.30597430925,-0.27281299000000003,0.0870656857,0
277,1.0,0.0534941325,3.0,-0.22584635414999998,-0.17709191024999998,0.08739616979999999,1
278,0.0,0.03038804965,3.0,-0.34421168685000003,-0.3241611494,0.09024927259999999,0
279,0.0,0.027988997199999997,1.0,-0.2067231311,-0.15091663865,0.1135355122,0
280,0.0,0.0335660864,3.0,-0.30363917539999996,-0.29685409225000003,0.07697776754999999,0
281,1.0,0.053977015399999995,2.0,-0.32823536715,-0.2866735434,0.05709587105,0
282,0.0,-0.00132721645,1.0,-0.21082944580000001,-0.1863027627,0.13203194764999998,0
283,0.0,0.0497526244,2.0,-0.30463463495,-0.25842447855,0.0654007292,0
284,0.0,0.0336933945,1.0,-0.3282710094,-0.29877252945,0.08863001875000001,0
285,0.0,0.0311041364,3.0,-0.3141019832,-0.30195747944999995,0.09591887325000001,0
286,1.0,0.025620436,3.0,-0.20100300645000002,-0.13791148260000002,0.1203086876,1
287,0.0,0.0422110619,1.0,-0.30404865265000003,-0.264758663,0.0753228414,1
288,0.0,0.036531776749999995,4.0,-0.31820423245,-0.29290319405,0.08994248060000001,0
289,0.0,0.04364862005,3.0,-0.3385687662,-0.2101108024,0.06943211505,0
290,2.0,0.0462584526,2.0,-0.1638543402,-0.13506484255,0.10905330965,1
291,0.0,-0.0347290834,1.0,-0.23023768815,-0.1564094444,0.1647973028,0
292,1.0,0.04123826009999999,5.0,-0.2299668216,-0.18380672985000002,0.09559533385,1
293,0.0,0.0357147014,3.0,-0.2865000395,-0.27663204495,0.07333952275,0
294,0.0,0.04700559815,3.0,-0.3199339365,-0.30922986965,0.06667001160000001,0
295,2.0,0.053598344549999996,4.0,-0.20662216075,-0.1526103194,0.08879138920000001,1
296,2.0,0.05091233665,3.0,-0.2867420538,-0.2709071912,0.07083758720000001,0
297,1.0,0.0427762138,3.0,-0.25431282865,-0.19304751105,0.09700522925000002,1
298,0.0,0.040624824850000005,3.0,-0.31641952865,-0.2789989542,0.07656332904999999,0
299,0.0,0.0316301027,1.0,-0.31332309830000005,-0.2303541188,0.08684830185,0
300,2.0,0.05185463025,3.0,-0.1811560368,-0.1674387822,0.08068162135000001,1
301,0.0,-0.03209793135,1.0,-0.1823584702,-0.17083137355,0.1568680644,0
302,0.0,0.04597005125,3.0,-0.27642600915000004,-0.19992388095000002,0.06967976755000001,0
303,2.0,0.052318371350000004,4.0,-0.2062929795,-0.1410115505,0.07880159235,1
304,0.0,0.034666465349999995,3.0,-0.2933185836,-0.26518244175,0.07786053335000001,0
305,0.0,0.0270755783,1.0,-0.33007233604999997,-0.2840169224,0.10064288105000001,0
306,0.0,0.0020240745,1.0,-0.17488899775,-0.1438269683,0.13336245154999998,0
307,0.0,-0.05674720975,1.0,-0.2539708649,-0.16742338915,0.194452599,0
308,1.0,0.052355071350000004,3.0,-0.23584407555,-0.11648399100000001,0.08241934689999998,1
309,1.0,0.053435199749999995,5.0,-0.19510337675,-0.1692557082,0.084808568,1
310,0.0,0.036898481950000006,3.0,-0.3146632969,-0.30702681465000004,0.06253587164999999,0
311,0.0,0.04370951475,1.0,-0.28271793015,-0.27338439594999997,0.07498186844999999,0
312,0.0,0.0280615502,2.0,-0.2919298192,-0.2625440334,0.08180430265,0
313,0.0,0.0383562651,2.0,-0.2652559406,-0.24576904275,0.08123209814999999,0
314,2.0,0.05435086225,4.0,-0.19129436775,-0.1258622455,0.08637933815000001,1
315,1.0,0.04766137735,3.0,-0.226496038,-0.11282489875,0.08864610315,1
316,0.0,0.00515947535,1.0,-0.21502303,-0.160381353,0.12275381155,0
317,0.0,0.034613114550000004,3.0,-0.284676082,-0.2659893631,0.07306721005000001,0
318,2.0,0.0545690231,4.0,-0.1995667241,-0.13215771875,0.0712503033,1
319,0.0,0.04154882665,1.0,-0.3218818856,-0.30114937205000003,0.07883637475000001,0
320,0.0,0.0447648494,1.0,-0.33275399865,-0.2955181873,0.06762706725,0
321,0.0,0.03607773585,4.0,-0.27121034125,-0.2634261776,0.08263266405,0
322,0.0,0.027248309149999997,2.0,-0.19075042575,-0.17601243945,0.1127374635,1
323,0.0,-0.04436118765,1.0,-0.25749643195,-0.1854703156,0.1709500494,0
324,0.0,-0.10906331235,1.0,-0.28392875765000003,-0.23322721655,0.2957618675,0
325,0.0,0.04022201005,1.0,-0.27810224065,-0.2749780485,0.07202611639999999,0
326,2.0,0.0758115397,2.0,-0.19866815085,-0.17843581075,0.06457275600000001,1
327,1.0,0.04547348055,3.0,-0.20878147740000003,-0.13862270485,0.08892735905,1
328,0.0,0.04291588385,3.0,-0.27396145885,-0.2543536563,0.06562336854999999,0
329,1.0,0.0550608628,3.0,-0.2090600184,-0.19174919904999999,0.09156654645,1
330,1.0,0.042345264800000004,5.0,-0.2601069143,-0.24038203055000001,0.06382239165,1
331,2.0,0.06465934579999999,6.0,-0.25261273315,-0.14433003055,0.07367954034999999,1
332,1.0,0.04160645115,5.0,-0.1943292994,-0.13259330585,0.0992263449,1
333,1.0,0.05514497755,5.0,-0.19565541520000002,-0.12518421664999999,0.07457725335,1
334,1.0,0.0375429282,3.0,-0.20090383265,-0.13034409824999998,0.1048086551,1
335,0.0,0.03046756195,2.0,-0.21167047449999998,-0.12522080535,0.10109612914999999,1
336,0.0,0.0354695087,3.0,-0.27854208525,-0.1770866602,0.0760376063,0
337,0.0,0.05020729845,1.0,-0.30706041775,-0.277288581,0.06035250105,0
338,0.0,0.0359644762,1.0,-0.27324996324999995,-0.23188820789999998,0.0724615648,0
339,2.0,0.06174887925,4.0,-0.23079542835,-0.1951836978,0.0839355426,1
340,2.0,0.0590059253,4.0,-0.2273281474,-0.11625817855000001,0.07765310995000001,1
341,1.0,0.06453783925,1.0,-0.19481644495,-0.15273193545,0.06745256430000002,1
342,1.0,0.04336230135,3.0,-0.19812784249999998,-0.14817553005,0.09912207220000001,1
343,1.0,0.05557103455,1.0,-0.20401000655,-0.1346314176,0.08033830380000001,1
344,0.0,0.0355020106,4.0,-0.28590830365,-0.2845766339,0.08181623534999999,0
345,0.0,-0.06745364475,3.0,-0.2668607106,-0.2028361204,0.21156153984999998,0
346,0.0,0.040844890950000004,2.0,-0.30597741325,-0.244025416,0.08369020560000001,0
347,0.0,0.024907760600000002,2.0,-0.17777735675,-0.17004111515,0.1072901667,1
348,1.0,0.05690618415,3.0,-0.1989237606,-0.12118810875,0.07579979174999998,1
349,1.0,0.0573705976,3.0,-0.20919638499999998,-0.1655751708,0.08514604640000001,1
350,0.0,0.037567776,1.0,-0.2719950807,-0.2062383159,0.08379890275,0
351,1.0,0.045341349200000006,3.0,-0.21671702765,-0.15742684605,0.0881861424,1
352,0.0,0.04902074055,3.0,-0.31014032905,-0.2929711569,0.07097937155,0
353,0.0,-0.0082800792,4.0,-0.20846941475,-0.1568449932,0.1430712766,1
354,0.0,0.04083325175,3.0,-0.27469940875,-0.2590710432,0.07741796375,0
355,0.0,0.03100946395,4.0,-0.34266263215,-0.33134883169999996,0.09995854829999999,0
356,1.0,0.0477521545,3.0,-0.23062629169999999,-0.14644870869999999,0.09933111705000001,1
357,0.0,0.0312888392,3.0,-0.2968459159,-0.2763680935,0.09829832895,0
358,0.0,0.0403440812,1.0,-0.2813004901,-0.24943452935,0.08025970535,0
359,1.0,0.0357185065,3.0,-0.1860483345,-0.1722598439,0.09398072545,1
360,0.0,0.042039811600000004,3.0,-0.29735038265,-0.2504473612,0.07947100105,0
361,0.0,0.03822497755,1.0,-0.26644281810000003,-0.24008652055,0.0585351365,0
362,0.0,0.020223869550000002,2.0,-0.225538843,-0.1635256232,0.11608628600000001,1
363,0.0,0.0359524561,3.0,-0.30626259275,-0.29049587,0.08072485824999999,0
364,1.0,0.0340926779,5.0,-0.23807279755,-0.16483306614999998,0.1001542499,1
365,0.0,-0.0153719158,2.0,-0.197726807,-0.16605665105,0.1531260516,0
366,0.0,0.0239348121,2.0,-0.20736855669999998,-0.15256588095,0.101442263,1
367,0.0,0.042356712,3.0,-0.26967260735,-0.21704126695,0.0715049633,0
368,1.0,0.0594753857,3.0,-0.21469419104999998,-0.15876966204999998,0.07985002345,1
369,1.0,0.0494379305,3.0,-0.1544976617,-0.1025972933,0.0964897326,1
370,0.0,0.0054107558,1.0,-0.24353360525,-0.2334576157,0.14747338329999998,0
371,1.0,0.0355012203,3.0,-0.23546925365,-0.17882757605,0.10910419554999999,1
372,0.0,0.0374944558,3.0,-0.3023928528,-0.2664048387,0.06820311025,0
373,1.0,0.04941567825,3.0,-0.28147490259999997,-0.2635489403,0.05939222524999999,0
374,0.0,0.02775872915,3.0,-0.34260882825,-0.31294074780000003,0.092604079,0
375,0.0,0.0486018179,4.0,-0.28594723625,-0.2789945307,0.04744193625,0
376,1.0,0.0402687271,3.0,-0.1882653606,-0.13421532395000002,0.1022708085,1
377,1.0,0.036877235300000005,3.0,-0.15825941695,-0.0975713767,0.10240184045,1
378,0.0,0.0238922594,3.0,-0.3303231783,-0.3096315835,0.10161595035,0
379,0.0,0.0446830871,3.0,-0.28611020435,-0.26423841540000004,0.07210986020000001,0
380,0.0,0.0397324753,2.0,-0.29801949395,-0.2671026118,0.07691815545,0
381,2.0,0.06313343015,4.0,-0.12985440725,-0.08091412965,0.0830761836,1
382,1.0,0.041653185849999996,3.0,-0.20222755025,-0.14114169405,0.09081161355,1
383,2.0,0.055533038349999994,2.0,-0.19943873455,-0.16935110515000001,0.0824310207,1
384,2.0,0.0572743632,2.0,-0.18699277715,-0.17830893479999999,0.084339595,1
385,1.0,0.0486682376,3.0,-0.2282970374,-0.1877601391,0.08631051475000001,1
386,0.0,0.0301788804,2.0,-0.2117193385,-0.15772911525,0.11672117600000001,1
387,0.0,0.04054516935,3.0,-0.27037375835,-0.2564349187,0.0845365813,0
388,0.0,0.03214133925,3.0,-0.2913101556,-0.27588559865,0.09081210340000001,0
389,0.0,0.025519524949999997,3.0,-0.33288479765,-0.3058590418,0.07149327165,0
390,1.0,0.04601248365,3.0,-0.23355116315000002,-0.21640004745000002,0.0857741838,1
391,1.0,0.048364996,3.0,-0.23942438535,-0.1985245503,0.09064171879999999,1
392,0.0,0.0211709161,2.0,-0.2219849358,-0.16126736675,0.11412014135,1
393,1.0,0.0515081114,3.0,-0.2351437114,-0.1899775917,0.08109342555,1
394,0.0,0.02888345635,1.0,-0.31094042600000005,-0.28783895015,0.09554586065000001,0
395,0.0,0.04175624075,3.0,-0.31590235435,-0.26533705975,0.0753273162,0
396,1.0,0.053204233049999994,5.0,-0.1884605302,-0.11664428845,0.08228356239999998,1
397,1.0,0.0538347505,3.0,-0.21375039024999998,-0.16096602659999998,0.0723147744,1
398,2.0,0.04909246545,4.0,-0.19976013565,-0.18602327435,0.0701822971,1
399,0.0,0.02503666275,1.0,-0.3457636768,-0.33867517604999997,0.10774691210000001,0
400,2.0,0.0550467076,4.0,-0.23576410765,-0.1021582956,0.08351561655,1
401,0.0,0.048244762499999996,3.0,-0.29197207505,-0.2850856135,0.06474937794999999,0
402,3.0,0.05966710675,5.0,-0.18699747205,-0.1566019809,0.07350146275,1
403,0.0,0.034997581050000004,3.0,-0.33570108374999996,-0.31277525635000003,0.0771022863,1
404,1.0,0.0294358042,3.0,-0.2235200965,-0.15468344155,0.1020082944,1
405,1.0,0.06067994575,3.0,-0.22377935194999998,-0.1164165212,0.07713968825,1
406,1.0,0.02055613135,3.0,-0.21524877139999998,-0.1437870985,0.10320929495,1
407,0.0,0.035797124,4.0,-0.29433226465,-0.2836472648,0.07547213935,0
408,0.0,0.03704012775,1.0,-0.2296378241,-0.18674554405,0.0954532454,0
409,0.0,0.044484558150000006,3.0,-0.2806147171,-0.2269865308,0.0720632944,0
410,0.0,0.02529070085,1.0,-0.21791548389999998,-0.16109924225,0.09831030485000002,0
411,1.0,0.0502484143,3.0,-0.22261217075,-0.17456593450000002,0.09941525925,1
412,1.0,0.05700182025,3.0,-0.19677577094999998,-0.14864339334999999,0.08177105285,1
413,0.0,-0.053518422499999996,1.0,-0.21024855035,-0.09832304195,0.19076735784999999,0
414,1.0,0.04685195435,3.0,-0.1864501132,-0.15489715695,0.10035698905,1
415,2.0,0.0389291043,4.0,-0.21316910165000003,-0.18260524475,0.08008127605000001,1
416,0.0,0.040001102999999996,4.0,-0.28956392655,-0.27288663585,0.0763146361,0
417,0.0,0.04542295675,3.0,-0.31954661215,-0.30264917135,0.07125098435,0
418,1.0,0.0528374621,3.0,-0.1968189462,-0.11974784795,0.0788339374,1
419,0.0,0.00154632665,3.0,-0.1775705549,-0.15077254325,0.11912697154999999,0
420,0.0,0.0391432352,1.0,-0.3009850689,-0.26767570395,0.07946715915,0
421,2.0,0.03671394125000001,4.0,-0.18542470615,-0.11701825145,0.09612278049999999,1
422,0.0,0.03880452365,3.0,-0.28939447575,-0.28306387705,0.08220284685000001,0
423,0.0,0.02839675145,1.0,-0.33326509400000004,-0.30469313750000004,0.0957772997,0
424,1.0,0.04976817085,3.0,-0.2028203495,-0.1014436906,0.0900490125,1
425,1.0,0.03717459015,3.0,-0.2292577085,-0.16044191095,0.09080776895,1
426,0.0,0.0028975682,2.0,-0.2172491304,-0.16246369965000002,0.13225432450000002,1
427,0.0,0.00486528075,2.0,-0.2591249044,-0.15993779330000002,0.13348282165,0
428,1.0,0.0500200135,3.0,-0.2071255348,-0.14330126040000002,0.08909508334999999,1
429,0.0,0.0388745341,1.0,-0.24642126595,-0.2138821557,0.0867703251,0
430,2.0,0.0405019578,4.0,-0.21838385059999998,-0.16210070664999998,0.07605588839999998,1
431,2.0,0.05508933085,4.0,-0.23185431774999998,-0.11042038605,0.08541086675000001,1
432,1.0,0.043078538750000006,3.0,-0.22266931499999998,-0.1913109662,0.08909386470000001,1
433,1.0,0.05162651365,3.0,-0.2737972207,-0.18159845530000002,0.08196674899999999,1
434,2.0,0.0682819727,4.0,-0.24392553425000002,-0.08746876245,0.0654708987,1
435,2.0,0.0368323384,4.0,-0.20073067175,-0.18970383135000002,0.09271052804999999,1
436,0.0,0.0517135513,2.0,-0.29520425289999996,-0.2472487061,0.0641501223,1
437,0.0,0.0201497869,2.0,-0.21845133775,-0.15720534635,0.11305315954999999,1
438,0.0,0.02810927875,4.0,-0.24803103025,-0.18829844175,0.1050348418,1
439,2.0,0.04994865795,4.0,-0.1956656101,-0.08248645225000001,0.09074823095,1
440,0.0,-0.0023449264499999997,6.0,-0.20286749625,-0.1703360479,0.12796966969999998,0
441,0.0,-0.00060120085,1.0,-0.1492390529,-0.1055383563,0.1307970565,0
442,2.0,0.04377974435,6.0,-0.21547191695,-0.1843306978,0.08136439109999999,1
443,1.0,0.03664774695,5.0,-0.21304719500000002,-0.10058109335000001,0.0998651371,1
444,1.0,0.0457819513,3.0,-0.19451289955,-0.14196580265,0.09033826805,1
445,0.0,-0.0090299473,3.0,-0.2531232272,-0.13635579635,0.13793458190000002,0
446,0.0,0.0446807295,4.0,-0.28361953684999996,-0.24885876210000002,0.0787195991,0
447,1.0,0.0434864951,3.0,-0.2077324448,-0.13419982349999998,0.1028010881,1
448,0.0,0.02688334485,3.0,-0.28997359295,-0.2766433365,0.08071629795,0
449,0.0,0.03505908665,3.0,-0.30406462325,-0.29956150270000004,0.0872793681,0
450,0.0,-0.0203577485,1.0,-0.22665310119999998,-0.1125758417,0.1429030872,0
451,0.0,0.00340403265,2.0,-0.2133058834,-0.19828143329999998,0.12070420325,0
452,2.0,0.05353741255,4.0,-0.2404544527,-0.0908265915,0.08950235094999999,1
453,0.0,-0.012072925299999999,1.0,-0.18891971135,-0.11616298794999999,0.1528353459,0
454,0.0,0.00492146155,2.0,-0.17410884459999998,-0.14186700279999997,0.13406810995000001,1
455,0.0,0.04264144385,3.0,-0.29081505365000004,-0.27292615545,0.06257806499999999,0
456,0.0,0.034359108400000005,4.0,-0.2911062804,-0.237011893,0.08259548445,0
457,1.0,0.0535194166,5.0,-0.21666932765,-0.1611736579,0.08544973795000002,1
458,0.0,0.0379697293,2.0,-0.3093406669,-0.27187661475,0.0780008053,0
459,0.0,0.02895024325,3.0,-0.26240745975,-0.22588096775,0.07383003655,0
460,0.0,0.0591973478,2.0,-0.2280417126,-0.17350023625,0.07256757875,0
461,0.0,0.02028112295,2.0,-0.19307163924999998,-0.1618039493,0.10682342675,1
462,0.0,0.026871265249999998,4.0,-0.32084539884999996,-0.30624587940000003,0.1033319621,0
463,2.0,0.05040410585,4.0,-0.22942315224999998,-0.14628832635,0.09353669250000002,1
464,0.0,0.036879850199999994,2.0,-0.29811722095000004,-0.2807824888,0.08714699105000001,0
465,2.0,0.050708746,4.0,-0.2640512467,-0.1404319173,0.09204211374999999,1
466,0.0,0.04180533235,4.0,-0.26861430115,-0.26473476885,0.07824413554999998,0
467,0.0,0.00911392095,1.0,-0.20260093925,-0.15357061825,0.1249510807,0
468,0.0,0.04001525205,4.0,-0.3005268729,-0.28654182829999997,0.08018716225,1
469,2.0,0.069008315,4.0,-0.15133145555,-0.0739411828,0.06184439554999999,1
470,1.0,0.05712245225,1.0,-0.21119769300000002,-0.1014488721,0.07501918085,1
471,0.0,0.03973805425,3.0,-0.32620586015,-0.3067356863,0.07596456075,0
472,0.0,-0.0478114792,5.0,-0.21298600465,-0.1781322924,0.18277049235,0
473,0.0,0.0301134755,4.0,-0.30380703340000004,-0.27654584075,0.09195949649999999,0
474,0.0,-0.05472682455,1.0,-0.18597354915,-0.17513576720000001,0.19611825184999998,0
475,0.0,0.039080436149999995,3.0,-0.32261771055,-0.29716231025,0.06538548890000001,0
476,2.0,0.055383255199999995,4.0,-0.24640965545,-0.1517922275,0.08464851320000001,1
477,0.0,0.0533934768,1.0,-0.28723340035,-0.2776676857,0.0681734034,0
478,0.0,0.02426747725,4.0,-0.1921674799,-0.1552109246,0.11134096775,1
479,0.0,0.0312102714,3.0,-0.3354275232,-0.27259074895,0.09118304555000001,0
480,0.0,0.0427712353,3.0,-0.2507629861,-0.22393187625,0.08613062334999999,0
481,0.0,0.02435944115,4.0,-0.17050436755,-0.07126907195,0.12140282895000001,1
482,1.0,0.0649763436,5.0,-0.26178416725,-0.12699730804999998,0.06361645685,1
483,2.0,0.07053730435,2.0,-0.22580002615,-0.18771630935,0.06420936665,1
484,1.0,0.05412099395,3.0,-0.23624092775,-0.10313867970000001,0.07649447564999999,1
485,0.0,0.0449044695,6.0,-0.18613393075,-0.09661562485,0.09224265155,0
486,1.0,0.04058165415,5.0,-0.21405546765,-0.15625444925,0.09518611685,1
487,1.0,0.0601922721,3.0,-0.24615715100000002,-0.1316823134,0.08415725815,1
488,2.0,0.0551792532,2.0,-0.2136394806,-0.19201605665,0.08476121625,1
489,0.0,-0.00219306875,1.0,-0.20029739345,-0.06646591985,0.14453098225,0
490,0.0,0.0311552052,4.0,-0.213237965,-0.08452921675,0.11299930945,1
491,0.0,0.04028400855,3.0,-0.13580692789999999,-0.1100839075,0.1021941928,1
492,2.0,0.0489346064,4.0,-0.2062298427,-0.1755444092,0.0826449806,1
493,0.0,-0.0164542815,1.0,-0.1965485679,-0.1360461178,0.15454834844999998,0
494,0.0,0.0249070515,1.0,-0.15073633050000002,-0.10170650435,0.12050390505,0
495,1.0,0.021580163700000002,3.0,-0.2013759244,-0.15460407775,0.0989136154,1
496,0.0,0.020420041700000002,3.0,-0.30455408660000005,-0.24907383355,0.11287790245,0
497,0.0,0.0178185056,3.0,-0.2873567979,-0.2651897344,0.10476015845,0
498,0.0,0.02883220035,2.0,-0.2214294678,-0.13750225230000002,0.10062705955000001,1
499,2.0,0.03332950845,4.0,-0.23152297205,-0.20476062025,0.08956826495,1
500,0.0,0.016606395750000003,2.0,-0.20933559229999998,-0.1661581541,0.1148188828,1
501,0.0,0.051551843449999996,2.0,-0.2741253132,-0.26423212485,0.07402831300000001,0
502,0.0,0.00742092725,2.0,-0.22977705534999998,-0.1318087878,0.1318250159,0
503,1.0,0.030161946449999998,3.0,-0.2404158279,-0.1752787721,0.10382238095000001,1
504,2.0,0.0528866627,4.0,-0.1768472657,-0.1686481519,0.0828944222,1
505,2.0,0.05221307165,2.0,-0.19762988055,-0.19031368804999999,0.08592780905,1
506,2.0,0.05607070655,4.0,-0.19970338864999998,-0.184855047,0.06610737475,1
507,0.0,0.0376114095,4.0,-0.29594570005,-0.28781374775,0.07372437805,0
508,0.0,0.0135617661,2.0,-0.19662410915,-0.10325428554999999,0.10677900495,0
509,2.0,0.06664774130000001,2.0,-0.1596579536,-0.07495780345,0.0707262542,1
510,1.0,0.0538180688,3.0,-0.2160873907,-0.12085578450000001,0.07318343684999999,1
511,0.0,0.018128547199999998,1.0,-0.1353393928,-0.12701456805,0.1253404709,0
512,1.0,0.0515673718,3.0,-0.2515726084,-0.11482368744999999,0.09638180370000002,1
513,0.0,0.055015266300000004,2.0,-0.25413767895,-0.2068030496,0.07428582085,0
514,2.0,0.06493216305,2.0,-0.20479082515,-0.16352252579999998,0.06582226649999999,1
515,1.0,0.0373261946,3.0,-0.2200949672,-0.1259241704,0.10512587335,1
516,0.0,0.0368184433,2.0,-0.2659185772,-0.24248168855000002,0.08153411215,0
517,0.0,-0.0251100941,1.0,-0.20824291239999998,-0.15321776375,0.1519279621,0
518,1.0,0.05502496915,4.0,-0.17628869665000002,-0.11680304175,0.08307372390000001,1
519,2.0,0.0781697658,2.0,-0.1710888156,-0.10702057975,0.04929925030000001,1
520,2.0,0.050031715549999994,2.0,-0.2147787908,-0.18211534575,0.0827738343,1
521,0.0,0.0263369532,3.0,-0.31635919725,-0.26885272530000004,0.0986689321,0
522,0.0,0.0313073897,3.0,-0.30362211195,-0.2943418887,0.08245605955,0
523,1.0,0.05562196435,3.0,-0.2383616403,-0.1055878656,0.0875748569,1
524,0.0,0.02132128565,1.0,-0.20501961645,-0.15300413785,0.09689371335000001,0
525,0.0,0.04124476175,2.0,-0.26342408824999997,-0.20202672184999998,0.09479413445000001,0
526,1.0,0.02274452065,3.0,-0.21739196370000002,-0.20265210090000002,0.12122616120000002,1
527,0.0,0.043352847400000005,3.0,-0.28145466105,-0.23416838735,0.0737748557,0
528,0.0,0.0308144137,4.0,-0.21391986635,-0.17256754905,0.10212220090000002,1
529,0.0,0.022712962099999998,2.0,-0.22466495655000002,-0.1522441203,0.11130982384999999,1
530,0.0,0.0412123596,1.0,-0.3018846983,-0.29303029025,0.06884338755,1
531,0.0,0.0278304178,1.0,-0.20531506054999998,-0.1189612106,0.10119751415,0
532,1.0,0.024953588800000003,3.0,-0.20976587875000002,-0.14864175805,0.11041234254999999,1
533,0.0,-0.0189784994,1.0,-0.1648093473,-0.07798005945,0.16005749809999997,0
534,1.0,0.0519414625,5.0,-0.1813139282,-0.16867897469999998,0.08778942355,1
535,0.0,0.01884791205,3.0,-0.2184431737,-0.16225874420000003,0.1122935399,0
536,0.0,0.0313902255,2.0,-0.22401529785000002,-0.09212063279999999,0.11918135290000001,1
537,0.0,0.0217144652,4.0,-0.2429028479,-0.10490769175,0.12277071210000001,1
538,1.0,0.0536675795,3.0,-0.20878070334999999,-0.13775662405,0.07395612765,1
539,0.0,0.0295708004,3.0,-0.3218240764,-0.257649522,0.09241847675,0
540,2.0,0.07137019095,4.0,-0.16613474595,-0.156581626,0.06640303875,1
541,0.0,0.038831516649999995,3.0,-0.29641169565000003,-0.29227157834999995,0.08596278865000001,0
542,0.0,0.041546988699999995,1.0,-0.3201000793,-0.2885711015,0.07122327540000001,0
543,0.0,0.0026260688499999997,1.0,-0.2286377759,-0.16598287225,0.1258484675,0
544,0.0,0.0380356174,4.0,-0.31488643510000003,-0.29354792100000004,0.0776299171,0
545,0.0,0.0457333719,3.0,-0.2594180499,-0.2454190195,0.06582930940000001,0
546,0.0,0.0352165386,1.0,-0.2827813053,-0.24408005319999998,0.08869969779999999,0
547,1.0,0.04995079865,3.0,-0.2199372321,-0.16761135394999999,0.08642370955,1
548,1.0,0.0334815012,3.0,-0.2240404577,-0.1662534098,0.0958200322,1
549,2.0,0.0539804893,4.0,-0.24674185064999998,-0.08434870415000001,0.0807394275,1
550,0.0,0.04448724145,4.0,-0.1383413108,-0.096843925,0.08616508819999999,0
551,0.0,-0.0177329613,1.0,-0.247549376,-0.14551089335,0.1567752926,1
552,0.0,-0.0560758233,1.0,-0.2328958532,-0.2172630305,0.17904432445000001,0
553,1.0,0.0353196514,5.0,-0.24276012175,-0.16486818315000001,0.10882571099999999,1
554,0.0,0.04106375895,1.0,-0.27714851675,-0.2353922957,0.07373711235,0
555,1.0,0.059740976200000004,3.0,-0.21809629405,-0.20376075970000002,0.08139434535000001,1
556,0.0,0.049772450100000004,5.0,-0.20446816455,-0.10434143035,0.08356258425,0
557,1.0,0.025304521099999998,3.0,-0.21317171775,-0.15800542475,0.11016680905000001,1
558,3.0,0.06552643130000001,2.0,-0.23790957964999998,-0.08905133195,0.07150712114999999,1
559,0.0,0.0331258945,3.0,-0.33515705705,-0.26144569595,0.0880134508,0
560,0.0,0.0317793824,4.0,-0.29176630905,-0.28441545725,0.08133350425,0
561,0.0,0.0059522592499999995,3.0,-0.1937478421,-0.17208982355000002,0.1262278557,0
562,2.0,0.052048337400000005,4.0,-0.19527630735,-0.1571668594,0.08242446514999999,1
563,0.0,0.0363170705,4.0,-0.28737821275,-0.27689203954999997,0.07626238975,0
564,0.0,0.0397336942,4.0,-0.26460711575,-0.26046624144999997,0.07030455625,0
565,0.0,-0.0240260819,1.0,-0.2046651582,-0.13745757,0.13590784309999998,0
566,0.0,0.01233724735,4.0,-0.22197266145,-0.15287096090000002,0.1190810911,1
567,0.0,0.022687406799999997,3.0,-0.3276895202,-0.28907713695,0.10047210135000001,0
568,2.0,0.0521334845,4.0,-0.19876318585000002,-0.1801686774,0.08067620599999999,1
569,1.0,0.04690226835,5.0,-0.20104660075,-0.1559085922,0.0911260101,1
570,2.0,0.0596294995,4.0,-0.19507672995,-0.1416119331,0.08142734049999999,1
571,0.0,0.044754474350000004,3.0,-0.31309031715,-0.29594260725,0.08287247764999998,0
572,0.0,0.019368697499999997,2.0,-0.2142384281,-0.15546112535,0.10958218759999999,1
573,1.0,0.0614289616,3.0,-0.20297100665,-0.09624135875,0.06527451215,1
574,0.0,0.0198811344,2.0,-0.22411115025,-0.11090061975,0.11261158445,0
575,1.0,0.056719714399999996,3.0,-0.22045086735,-0.1008180065,0.07158064189999999,1
576,0.0,0.0305891623,3.0,-0.24673280590000002,-0.18705859605,0.07723906585,0
577,0.0,0.05525576315,1.0,-0.27184217774999997,-0.19323729425,0.0765415682,0
578,0.0,-0.0382926264,1.0,-0.18282310315,-0.17878319485,0.1762462406,0
579,0.0,0.0304660702,2.0,-0.2423854935,-0.1821850081,0.094304238,0
580,1.0,0.043444483199999995,3.0,-0.22406274705,-0.18192796195,0.09156540025000001,1
581,0.0,0.009197359499999998,2.0,-0.23167150565,-0.1625442041,0.13238515605,1
582,0.0,-0.034277894850000004,2.0,-0.19660810504999998,-0.17475837955,0.1714117117,0
583,0.0,0.02567376335,3.0,-0.3062757315,-0.26592580135,0.0777605035,0
584,2.0,0.0641695968,4.0,-0.18611238025,-0.16324963215,0.07504561300000001,1
585,1.0,0.05130471825,5.0,-0.2055904183,-0.14507968924999998,0.09081721185,1
586,1.0,0.05392623615,3.0,-0.16914070985000002,-0.1027545634,0.07732044015,1
587,2.0,0.05889373975,4.0,-0.1551805819,-0.13987284155000002,0.0737121754,1
588,1.0,0.0471637142,3.0,-0.15411433465000002,-0.10690103465,0.08907708965,1
589,1.0,0.0531758646,3.0,-0.1909625015,-0.17679034585,0.08175470375,1
590,1.0,0.027745329200000002,3.0,-0.22657534865,-0.1362338769,0.11793786195,1
591,1.0,0.04268271125,3.0,-0.2422861072,-0.1798408068,0.07744267255,1
592,1.0,0.05282768025,3.0,-0.2069891214,-0.12518521735,0.07618840580000001,1
593,0.0,0.03538070565,3.0,-0.2894722286,-0.249333885,0.07768204205,0
594,2.0,0.03793866625,4.0,-0.2107089389,-0.15887778175,0.1003720468,1
595,0.0,0.028441712600000002,2.0,-0.2084292612,-0.15665738775,0.09928489415,1
596,0.0,0.03922932995,4.0,-0.2380477622,-0.1226133721,0.09628134385,1
597,1.0,0.04419261395,3.0,-0.26245997860000003,-0.10782274395,0.0952292933,1
598,0.0,0.040242086600000004,3.0,-0.27290312795,-0.23870504295,0.07672610525000001,0
599,0.0,0.0418766352,3.0,-0.27563341545,-0.24603886435,0.07203138284999999,1
600,0.0,0.04172270935,1.0,-0.2860634186,-0.2456244827,0.0785600288,0
601,0.0,0.034193067699999996,3.0,-0.2511000109,-0.20817650934999998,0.06329205104999999,1
602,1.0,0.06776027395,2.0,-0.2474801211,-0.202743113,0.07276791165,1
603,0.0,0.0329921903,4.0,-0.284121023,-0.19960657915000002,0.0909004937,0
604,0.0,0.04462786105,1.0,-0.30857429725,-0.27821687675,0.0716243435,0
605,0.0,0.0406522136,3.0,-0.28391190445000003,-0.25656089164999996,0.07172178245,0
606,1.0,0.035739467250000004,5.0,-0.20223388005,-0.1633571251,0.10270354925,1
607,1.0,0.03025283835,3.0,-0.2272070948,-0.16455603289999998,0.09977554275,1
608,0.0,0.02459506095,2.0,-0.1977838072,-0.16244420059999998,0.11076668155,1
609,0.0,0.0288509871,3.0,-0.3256388174,-0.29175022355,0.0739475476,0
610,0.0,0.03936172975,1.0,-0.3188695701,-0.29561883245,0.08505797400000001,0
611,1.0,0.0371346811,5.0,-0.20833223125,-0.16095940474999998,0.1014066419,1
612,0.0,0.00171598885,3.0,-0.3003299855,-0.19814216765,0.12123820155000001,0
613,0.0,0.0364792997,3.0,-0.30229051605,-0.26125332685,0.0795489368,0
614,1.0,0.02909498095,3.0,-0.186585421,-0.17031215675,0.09925647615,1
615,2.0,0.07141685405,4.0,-0.1799468621,-0.092392829,0.06671324109999999,1
616,1.0,0.0509960479,3.0,-0.18681337775,-0.1737277999,0.0845237441,1
617,1.0,0.0497639408,3.0,-0.27965027475000004,-0.260653633,0.06034817530000001,0
618,1.0,0.06601055965,3.0,-0.2218438747,-0.14688769834999998,0.059970569999999994,1
619,0.0,0.039125958700000005,2.0,-0.2063017734,-0.0808857749,0.09994533425,1
620,1.0,0.0447984932,4.0,-0.22794301005,-0.171792152,0.0568820052,0
621,0.0,0.0417947258,3.0,-0.3066101657,-0.29320747665,0.0624744335,0
622,2.0,0.0651320548,4.0,-0.16010378755,-0.07717044349999999,0.0664404029,1
623,0.0,0.04190912255,1.0,-0.29392647120000004,-0.2443520888,0.07546749735,1
624,0.0,0.03996846385,3.0,-0.3291278154,-0.3112772741,0.0698439011,0
625,0.0,0.045345807749999995,3.0,-0.32144060485000003,-0.27814555685,0.063982445,0
626,1.0,0.058020634749999994,3.0,-0.21180933645,-0.10869759375,0.07440766669999999,1
627,0.0,0.0431740603,1.0,-0.30275888105000004,-0.28565761985,0.07535021765000001,0
628,0.0,0.0420267171,1.0,-0.31682213745,-0.2867934614,0.063415063,0
629,1.0,0.02501937335,3.0,-0.19853927524999998,-0.15000020445,0.10073272475,1
630,0.0,0.033887712,2.0,-0.20559052505,-0.1576917722,0.1082444243,1
631,0.0,0.03644689645,3.0,-0.30018020079999996,-0.29392164525,0.07287332190000001,0
632,0.0,0.02496547925,2.0,-0.19691805835,-0.14911175275,0.10992774360000002,1
633,0.0,0.01947873925,4.0,-0.30335170364999997,-0.2793249202,0.10800667380000001,0
634,2.0,0.04854139265,4.0,-0.23555631495,-0.21748381989999999,0.08220698615000001,1
635,0.0,0.03324496985,4.0,-0.2853896455,-0.26836523739999996,0.08724226155,0
636,0.0,0.00607247455,3.0,-0.2219965162,-0.1251011735,0.1297744714,0
637,1.0,0.05943688675,1.0,-0.22327341509999998,-0.20357613045,0.06817204415,1
638,1.0,0.0573048313,3.0,-0.2521143963,-0.12546273349999998,0.08826350000000002,1
639,1.0,0.0383241603,3.0,-0.20582176935000002,-0.17649840555000001,0.0949080044,1
640,0.0,0.0372616245,3.0,-0.2369513543,-0.1686127701,0.07826450995,0
641,2.0,0.05069355625,4.0,-0.1851734628,-0.1498432211,0.08800444175,1
642,0.0,0.042874783599999994,1.0,-0.2558392276,-0.23488192685,0.0651261065,1
643,1.0,0.0537789039,5.0,-0.1716607502,-0.15234437485000002,0.07571555745000001,1
644,0.0,0.02362696745,2.0,-0.22222422675,-0.1756056043,0.0904994001,1
645,1.0,0.03970353125,3.0,-0.19666654935,-0.1641081479,0.09877466324999999,1
646,2.0,0.05332382505,4.0,-0.17085721110000002,-0.14992662875,0.07854724685,1
647,1.0,0.02981678985,3.0,-0.21657413145,-0.17799948395,0.10296856285000001,1
648,0.0,0.0353861423,3.0,-0.29661038935,-0.28390462395,0.0872256038,0
649,2.0,0.05535559165,4.0,-0.1658787242,-0.13224184365,0.07443681429999999,1
650,0.0,0.004781476600000001,3.0,-0.2377441945,-0.18801819925,0.11445673284999999,0
651,1.0,0.0336812371,5.0,-0.2072032775,-0.14979327445,0.07509996300000002,1
652,0.0,0.036212224700000004,3.0,-0.33309439750000003,-0.32083071855,0.07207975375,0
653,0.0,0.0411351296,3.0,-0.22632363955,-0.18146856714999998,0.07978828164999999,0
654,0.0,0.0231985515,2.0,-0.197095898,-0.1748389894,0.11543500984999999,1
655,0.0,0.0526853294,2.0,-0.2072272899,-0.10882641015,0.07809644985,1
656,1.0,0.0260341046,3.0,-0.2478524305,-0.19772666374999998,0.11112451225,1
657,0.0,0.037880734,5.0,-0.27584956395,-0.2717417842,0.082263711,0
658,1.0,0.04658662495,2.0,-0.3070715954,-0.2686057039,0.062519081,0
659,0.0,0.04672388205,4.0,-0.2682025229,-0.2219684847,0.08205439939999999,0
660,1.0,0.029275548,3.0,-0.18855097705,-0.14356026560000001,0.0877519459,1
661,2.0,0.0507336644,4.0,-0.19942514515,-0.1684702391,0.07916522499999999,1
662,0.0,0.042493598,3.0,-0.34972210355,-0.3458300199,0.0543963539,1
663,2.0,0.043861014399999995,4.0,-0.20786727935,-0.15617656875,0.09082015170000002,1
664,0.0,-0.01691423135,3.0,-0.23451118095,-0.2238903273,0.14469935220000002,0
665,2.0,0.06179538285,6.0,-0.18398044470000002,-0.17724463985,0.0563952707,1
666,0.0,0.0356876181,3.0,-0.29661255765,-0.26157590244999995,0.07287707665,0
667,2.0,0.06225607635,2.0,-0.21131001065,-0.16150770930000002,0.0762891657,1
668,0.0,0.04011503145,2.0,-0.2767433948,-0.25285033845,0.07513123495,0
669,2.0,0.0502825105,4.0,-0.23470749995,-0.21880771724999998,0.08586140205000001,1
670,0.0,0.00770571575,2.0,-0.21333269864999999,-0.14975458575,0.12323538085,1
671,2.0,0.06617711295,4.0,-0.22896182145,-0.08590575254999999,0.07852445829999999,1
672,0.0,0.027663196799999998,3.0,-0.31346246655,-0.29922841705000003,0.09610762195,0
673,0.0,0.01539169965,3.0,-0.20052475175,-0.1666013597,0.11152096105,0
674,0.0,0.014693793850000001,2.0,-0.17898113710000002,-0.1612107327,0.12919770005000003,1
675,1.0,0.04069873075,3.0,-0.2048927701,-0.1754279548,0.08564397815,1
676,0.0,0.0453429867,4.0,-0.3039720194,-0.2940516905,0.07856732995,0
677,1.0,0.05151954235,3.0,-0.2348689048,-0.20457903389999998,0.08027780305000001,1
678,0.0,0.04419622725,1.0,-0.26125548499999995,-0.20750808925,0.07439813784999999,0
679,2.0,0.0596188931,4.0,-0.18715725695000002,-0.1290247403,0.06914665774999998,1
680,0.0,0.03103367005,4.0,-0.21117572099999998,-0.16160184615,0.1013031593,1
681,1.0,0.0649098778,3.0,-0.19729866515,-0.1400458355,0.07853060615,1
682,1.0,0.039559693199999996,5.0,-0.2171630243,-0.20745811074999998,0.08427470695,1
683,0.0,0.040622489299999995,3.0,-0.26954354015000004,-0.22140913735,0.07636195629999999,0
684,0.0,0.0446004177,1.0,-0.32407857495000003,-0.2842771301,0.0774236924,0
685,0.0,0.043405088849999995,3.0,-0.30113876705,-0.27744770725,0.0746947868,0
686,0.0,0.039612755949999995,3.0,-0.3138147955,-0.28102560755,0.07227062079999999,0
687,2.0,0.0561238419,4.0,-0.18416790765000002,-0.1666092723,0.075077092,1
688,0.0,0.0465346722,4.0,-0.1967753705,-0.07957082055,0.08191084690000001,1
689,1.0,0.052356514800000004,3.0,-0.2849172483,-0.25509308595,0.0593048201,1
690,0.0,0.02394164455,1.0,-0.19451603255,-0.1459643568,0.11267553145,0
691,1.0,0.051327312750000006,3.0,-0.20038168844999998,-0.132897967,0.07722844145,1
692,0.0,0.0176467802,2.0,-0.24727684835,-0.18094870285,0.13535804575,1
693,0.0,0.044435250999999995,1.0,-0.3363232973,-0.30284235319999997,0.07198366380000001,0
694,0.0,0.02796796215,3.0,-0.30065893525,-0.2061305994,0.0848331944,0
695,1.0,0.0636083504,3.0,-0.2125084799,-0.10361022715,0.0696468625,1
696,0.0,0.03564757175,3.0,-0.3233850238,-0.28845032839999996,0.08586506264999999,0
697,0.0,0.06800525674999999,2.0,-0.29062988089999997,-0.2368814249,0.059921159399999986,0
698,1.0,0.028825186250000003,3.0,-0.22858396195000003,-0.1299360956,0.1018319064,1
699,0.0,0.024231117150000002,3.0,-0.2573491387,-0.22668159055,0.0959301424,0
700,0.0,-0.06012195485,1.0,-0.16722744155,-0.1433450734,0.16998475085,0
701,0.0,0.05389730485,2.0,-0.23113475625,-0.10227334295,0.0894267811,1
702,0.0,0.03968240035,1.0,-0.3267087361,-0.2929566469,0.08581596984999999,0
703,0.0,0.033765706199999995,2.0,-0.2254148614,-0.1818164109,0.0942687898,1
704,0.0,0.03617181125,3.0,-0.2864343907,-0.2624072009,0.08199684885,0
705,0.0,0.0290342415,1.0,-0.33872197405,-0.29420405445,0.0915479364,0
706,0.0,0.0267328629,3.0,-0.30460215105,-0.24526888185,0.0906543895,0
707,0.0,0.03968474945,1.0,-0.32727547079999997,-0.2981500264,0.074707415,0
708,0.0,0.0466760547,1.0,-0.2857217554,-0.27461745975,0.0660690824,0
709,1.0,0.026454224550000002,3.0,-0.20787340755,-0.15733921665,0.11067696760000001,1
710,1.0,0.04467642185,3.0,-0.1984739291,-0.18596125014999998,0.07449269575,1
711,0.0,0.0371880054,3.0,-0.28027440785,-0.230586287,0.0744859734,0
712,0.0,0.0055173193,2.0,-0.21404540514999998,-0.1777597191,0.12429353885,1
713,2.0,0.0423093639,2.0,-0.1714524013,-0.13705950249999999,0.10255402814999999,1
714,0.0,0.0228759157,4.0,-0.3053621258,-0.2532224284,0.1102844072,0
715,0.0,0.02489199545,2.0,-0.18664326064999998,-0.16820816975,0.10683556250000001,1
716,0.0,0.04591190775,2.0,-0.19369581775,-0.15110090245000002,0.08541849300000001,1
717,0.0,0.0179824886,2.0,-0.21348544245,-0.18459611815,0.12027074895,1
718,1.0,0.0352049666,3.0,-0.21658890715,-0.2101968803,0.10888233925,1
719,0.0,0.039862817349999996,4.0,-0.24055741665,-0.1827633467,0.07279119975,0
720,0.0,0.0339209588,4.0,-0.2877760136,-0.27258342820000003,0.08434370295,0
721,1.0,0.03848320625,3.0,-0.21507408955,-0.1540791571,0.0998009161,1
722,0.0,0.03210470830000001,3.0,-0.27546893055,-0.21030639085,0.08528024115,0
723,0.0,0.018536852399999998,1.0,-0.2105854343,-0.15534077810000002,0.09931734040000001,0
724,2.0,0.0433461265,4.0,-0.1319590336,-0.12187899399999999,0.07714259550000001,1
725,2.0,0.042331512700000004,4.0,-0.13889283575,-0.1293371728,0.07952517170000001,1
726,0.0,0.03463274445,2.0,-0.17842654894999999,-0.16689153155,0.10076561125,1
727,0.0,0.0199678802,3.0,-0.3612432807,-0.34175939629999996,0.10767858519999998,0
728,1.0,0.0328733897,3.0,-0.19991849555,-0.1754362223,0.0952477343,1
729,0.0,0.01567771125,3.0,-0.29574094274999996,-0.2009682254,0.09895767015000001,0
730,0.0,0.0475980669,4.0,-0.29197953695,-0.24539804375000002,0.066301896,0
731,1.0,0.0256043187,3.0,-0.23829689375000002,-0.1785830142,0.1131417318,1
732,0.0,-0.01664452465,1.0,-0.23615518545,-0.1238929891,0.15484970885,0
733,0.0,0.0456877279,3.0,-0.2766414113,-0.26178919445000004,0.07507305845000001,0
734,0.0,0.0334427009,3.0,-0.30650481515,-0.2856742791,0.0828252098,0
735,0.0,0.0459683927,3.0,-0.29285515505000004,-0.26736438905,0.068799285,0
736,0.0,0.033346266949999995,3.0,-0.2610961643,-0.2099734103,0.0923116273,0
737,0.0,0.037576061300000005,3.0,-0.28785107185000003,-0.28246283575,0.07094760025,0
738,1.0,0.03787671105,3.0,-0.19144183250000002,-0.1165412354,0.0845185099,1
739,0.0,0.029790297700000003,4.0,-0.30024184190000003,-0.18104539595,0.08880855900000001,0
740,2.0,0.048755363100000004,2.0,-0.17997371425,-0.15615369280000002,0.08000952445000001,1
741,0.0,0.03339005865,4.0,-0.28721848250000004,-0.27683117265,0.09347106155,0
742,0.0,0.0138513194,1.0,-0.2178279158,-0.15620152885,0.11179498685,0
743,2.0,0.056331932099999996,4.0,-0.19741902439999998,-0.0883741044,0.0856510587,1
744,2.0,0.0416559029,4.0,-0.18917357024999998,-0.1720410744,0.08537226905,1
745,0.0,0.0379097824,3.0,-0.31987383345,-0.31332805995,0.07584131845,0
746,2.0,0.049493045900000004,4.0,-0.17807938634999998,-0.11869244414999999,0.07902763404999999,1
747,0.0,0.039589773950000004,2.0,-0.2802577646,-0.2523482201,0.08076489555000001,0
748,1.0,0.033843325349999995,3.0,-0.19364634795,-0.1801254378,0.0949244998,1
749,0.0,0.0418520787,3.0,-0.29362117905,-0.2321730769,0.0788561812,0
750,0.0,0.0232925124,2.0,-0.18969730024999998,-0.13518327295,0.10076271965,1
751,0.0,0.02787645295,2.0,-0.1817630327,-0.14233607650000002,0.10644882490000002,1
752,1.0,0.032039873149999995,3.0,-0.19231509959999998,-0.14824486895,0.10823156605,1
753,0.0,0.02331267645,1.0,-0.1475983456,-0.0933888157,0.115183435,0
754,0.0,0.02035087295,2.0,-0.1851494507,-0.1811300706,0.11596183674999999,1
755,0.0,0.029278715150000002,3.0,-0.30716010424999995,-0.2973840519,0.09339650615,0
756,0.0,0.02526411165,3.0,-0.30719213695,-0.28503406740000004,0.0888536251,0
757,1.0,0.04043799715,3.0,-0.22003863345,-0.1869590338,0.0838277257,1
758,1.0,0.040852412350000006,3.0,-0.15682208250000002,-0.12500333485,0.08831432184999999,1
759,0.0,0.0308467115,3.0,-0.32708982715,-0.3062110374,0.08818338135,0
760,0.0,0.0481391983,2.0,-0.29649552830000003,-0.29361399395,0.06719448545000001,0
761,0.0,0.03012841345,3.0,-0.3183396851,-0.2813764394,0.08132225,0
762,0.0,-0.0507612931,3.0,-0.22694382824999998,-0.16982679835,0.1769966905,0
763,0.0,0.0351986873,3.0,-0.29438068235000003,-0.2348265673,0.09021587689999999,0
764,0.0,0.014299635,3.0,-0.20590468239999998,-0.14789290665,0.11809324900000001,0
765,0.0,0.037472798200000004,4.0,-0.23711350035,-0.17422199495000001,0.07426717415,0
766,0.0,0.03892652695,3.0,-0.30772798754999997,-0.29166429565,0.0886072083,0
767,1.0,0.0665162339,3.0,-0.18863117725,-0.0757303845,0.06981049345,1
768,0.0,0.03425620755,1.0,-0.1974160737,-0.1646260255,0.09865821364999999,1
769,0.0,0.0678612839,3.0,-0.2225988511,-0.21648991665,0.05802105355000001,0
770,2.0,0.05399652095,2.0,-0.2032573071,-0.18384236035,0.09126954764999999,1
771,0.0,0.04551290325,3.0,-0.30746635825,-0.28312310350000003,0.07516432840000001,0
772,2.0,0.0566601713,3.0,-0.2184158411,-0.18863306395,0.0767938733,1
773,0.0,0.021322975600000002,2.0,-0.20057668834999998,-0.15410519665,0.1091257973,1
774,0.0,-0.0085325678,2.0,-0.2266095988,-0.19664104415,0.1436956911,0
775,2.0,0.047450652149999994,4.0,-0.2142665782,-0.18449614749999999,0.0898908122,1
776,0.0,0.025006761699999998,2.0,-0.20335051665,-0.157195244,0.10500024795000001,1
777,0.0,0.012105597999999999,2.0,-0.2091697617,-0.16308629515,0.11009144945000002,1
778,0.0,0.047568157099999994,1.0,-0.1576805041,-0.1348717403,0.09714847909999999,1
779,0.0,0.01994663,2.0,-0.21805601605,-0.18407073629999998,0.1202750796,0
780,0.0,0.03128422245,4.0,-0.2994909681,-0.2811164181,0.09727322364999999,0
781,0.0,0.037054123800000005,3.0,-0.3105589819,-0.29035402845,0.07866481749999998,0
782,2.0,0.06080312335,4.0,-0.21615187505,-0.0893786725,0.0825844332,1
783,1.0,0.0547445339,3.0,-0.21035618979999998,-0.1807791917,0.0786204976,1
784,0.0,0.035650352600000004,5.0,-0.2957312061,-0.26795478885,0.07835316385000002,0
785,0.0,0.038721446300000004,3.0,-0.31120058835,-0.28905368905,0.08625754129999999,0
786,2.0,0.0414576857,4.0,-0.1790585248,-0.16314133625,0.0978839819,1
787,0.0,0.02800017435,2.0,-0.19787839005000002,-0.15220916725,0.10419562969999999,1
788,1.0,0.05522583015,5.0,-0.15341999965,-0.07693889414999999,0.07457537419999999,1
789,0.0,0.0418177633,1.0,-0.32450376905,-0.2893246892,0.07103769239999999,0
790,0.0,0.039470550199999996,1.0,-0.30116529455,-0.28486910455000003,0.07328008094999999,0
791,0.0,0.0372983786,1.0,-0.2700723547,-0.25836384219999997,0.0855870774,0
792,0.0,0.0005044078,2.0,-0.1952199019,-0.10446252889999999,0.14362346274999999,0
793,1.0,0.049531152450000004,3.0,-0.22319351739999999,-0.16817930674999998,0.07011664025,1
794,1.0,0.0582251674,3.0,-0.16876435569999998,-0.1285234989,0.06096284615000001,1
795,0.0,0.04146219205,1.0,-0.29058914994999996,-0.17710321445,0.06368868335,1
796,0.0,0.0494761267,1.0,-0.29736107315,-0.28032447545,0.0735409478,0
797,1.0,0.052273711449999996,5.0,-0.21264924045,-0.09330789865,0.08597602965000001,1
798,1.0,0.030641522650000003,3.0,-0.21984177565000002,-0.12515732945,0.11199407195,1
799,0.0,0.0347131141,4.0,-0.34017106425,-0.2764334424,0.07604242575,0
800,1.0,0.04765923995,3.0,-0.203144246,-0.18232108554999998,0.0970970691,1
801,1.0,0.07591770195,2.0,-0.2089221732,-0.05562605615,0.06771632375,1
802,1.0,0.0472740341,3.0,-0.2357292246,-0.2025337638,0.07792188655,1
803,2.0,0.0511798996,2.0,-0.21432551100000002,-0.1568134848,0.09298204375,1
804,0.0,0.02122804235,2.0,-0.18497569675,-0.1259368017,0.11106422395000001,0
805,1.0,0.05334140845,3.0,-0.20455923445000002,-0.15964547325,0.06769184084999999,1
806,2.0,0.0702521432,2.0,-0.2288562926,-0.20622356390000002,0.0628257609,1
807,0.0,0.0220932465,2.0,-0.2065603403,-0.1687181851,0.1155886928,1
808,0.0,0.0405177159,1.0,-0.1712561175,-0.08179013925,0.08943954335,0
809,0.0,0.05118262945,2.0,-0.27778959625,-0.24422084965,0.0709932126,0
810,0.0,-0.029024027799999998,1.0,-0.21010322455000002,-0.13674955379999998,0.1725491496,0
811,0.0,0.0212529879,3.0,-0.29979129175,-0.28298121470000004,0.10372866315,0
812,1.0,0.05412908785,3.0,-0.2567864562,-0.22657162495,0.07980950825,0
813,2.0,0.06829855130000001,2.0,-0.13532929365000002,-0.08097131255000001,0.0700073124,1
814,2.0,0.054618896050000004,4.0,-0.24803475884999998,-0.1111949516,0.09051838535,1
815,1.0,0.032973013649999994,3.0,-0.25771809185,-0.20831266785,0.0988976073,1
816,0.0,0.0369681689,3.0,-0.2727205645,-0.1902863629,0.07072806105,0
817,1.0,0.022489487199999998,3.0,-0.2219742333,-0.1605094967,0.08899406095,1
818,0.0,0.036123393850000005,3.0,-0.3352072171,-0.3021527824,0.09148103445,0
819,1.0,0.0493988416,3.0,-0.1824462056,-0.17545067585000002,0.08438374489999999,1
820,0.0,0.0073039813999999995,3.0,-0.17261091255,-0.1464718949,0.1280225119,0
821,0.0,0.040436577700000004,3.0,-0.29490256400000003,-0.28876969525,0.08429017285000001,0
822,0.0,0.054521206,4.0,-0.2869313817,-0.23456694065,0.0612891937,0
823,0.0,0.0407686836,2.0,-0.15722824165,-0.14197127415,0.0835501614,1
824,2.0,0.050602744350000006,4.0,-0.18775323724999998,-0.11053598255,0.09716905914999999,1
825,0.0,0.026301391450000003,3.0,-0.25037605095000004,-0.2059395377,0.1089803288,1
826,0.0,0.029716709,3.0,-0.3326479565,-0.23191325255,0.0824918029,0
827,0.0,0.053285423900000004,2.0,-0.3040098092,-0.288905235,0.0641100605,0
828,0.0,0.045664838799999996,2.0,-0.13692838899999998,-0.1245522017,0.09357489529999999,1
829,0.0,0.061346166699999996,1.0,-0.21184142195,-0.1824147987,0.054031160450000004,0
830,0.0,0.0170036413,1.0,-0.19303246619999997,-0.174026187,0.12448955830000001,0
831,0.0,0.035631642049999995,4.0,-0.2953219841,-0.28384125434999996,0.0700834362,1
832,0.0,0.04764789255,3.0,-0.3171065231,-0.3025902141,0.055372252,0
833,1.0,0.020441155199999998,5.0,-0.21309293685,-0.1422193105,0.1172824264,1
834,0.0,-0.03115578495,2.0,-0.23602498485,-0.1974666501,0.154628347,0
835,0.0,0.02743039345,2.0,-0.22067673259999998,-0.1654098443,0.095380099,1
836,0.0,0.023171587100000002,3.0,-0.3520880306,-0.32430773255,0.1072354096,0
837,0.0,0.01923648755,2.0,-0.24028354885,-0.18245240125,0.1010939688,1
838,0.0,0.0608217129,3.0,-0.26957695475,-0.2625310777,0.05627293455,1
839,1.0,0.04039772875,3.0,-0.21350192535,-0.1851508055,0.08503248325,1
840,0.0,0.0230830496,5.0,-0.20854475875,-0.1512377899,0.1100766913,1
841,0.0,0.024273482149999998,4.0,-0.19016052075,-0.13275206295000003,0.1106360814,1
842,0.0,0.02097458495,3.0,-0.30427194635,-0.26633286970000003,0.1051364602,0
843,2.0,0.049523836099999996,4.0,-0.2002236429,-0.0972615031,0.09341199205,1
844,0.0,0.0280334259,2.0,-0.20420106185,-0.14891500159999999,0.10458565119999999,1
845,0.0,0.022615390899999997,4.0,-0.19302480630000002,-0.13782331865,0.10151894355,0
846,1.0,0.0458166391,3.0,-0.22148861995000002,-0.1546983563,0.0995495217,1
847,1.0,0.04580085875,3.0,-0.1837575694,-0.1048969978,0.09561950795000002,1
848,0.0,0.0301540496,3.0,-0.34949321725,-0.32338926255,0.09921580484999999,0
849,1.0,0.0328824563,3.0,-0.21985771955,-0.15872495975,0.09921011595,1
850,1.0,0.0458051105,3.0,-0.17320516995000002,-0.1638926647,0.08085866885,1
851,0.0,0.043626038,3.0,-0.28517414585,-0.27435023999999997,0.07216896119999999,0
852,2.0,0.05992782385,4.0,-0.20024788895,-0.1800548732,0.08113295765,1
853,0.0,0.0080082575,1.0,-0.1882284509,-0.1621378155,0.12347401885,0
854,1.0,0.06604423995,3.0,-0.21526619084999998,-0.0947558886,0.06188569375,1
855,2.0,0.0277653712,4.0,-0.19600803255,-0.14933795565000002,0.1051544242,1
856,2.0,0.0506014991,4.0,-0.20532557764999998,-0.1724513617,0.0822633813,1
857,0.0,0.035166548500000006,3.0,-0.32431383869999997,-0.30401334405,0.08996962210000001,0
858,0.0,0.027172336249999998,3.0,-0.30967909039999997,-0.30359940335,0.1002143107,0
859,0.0,0.043351969399999996,3.0,-0.2986952788,-0.27055920745,0.07155001925,0
860,1.0,0.0663697469,1.0,-0.2342541132,-0.1433098392,0.06216486085,1
861,2.0,0.047727206,4.0,-0.17077538485,-0.15385152255,0.08979498129999999,1
862,0.0,0.0164373606,1.0,-0.1623572583,-0.1171145729,0.11717560915,0
863,0.0,0.035317716900000004,4.0,-0.30840312115,-0.2106404933,0.06833077474999999,1
864,0.0,0.04632157665,2.0,-0.25559466545,-0.23707272610000002,0.080076227,1
865,0.0,0.0118772198,4.0,-0.1915715184,-0.15133771795,0.1233882214,1
866,0.0,0.02180114625,4.0,-0.21150551480000002,-0.14286305025,0.10064431325,1
867,0.0,0.041363515850000004,2.0,-0.29627070135,-0.2539964471,0.07259966585,0
868,0.0,-0.00142582565,1.0,-0.19774935635000002,-0.11763936875,0.12995421055,0
869,0.0,0.033414935,3.0,-0.2731312917,-0.26817167735,0.0840217077,0
870,0.0,-0.04167176915,1.0,-0.2544820062,-0.21463236975,0.17992407985,0
871,0.0,0.044085048200000004,1.0,-0.30084730849999997,-0.2532090905,0.07265743315,0
872,0.0,0.0253627593,2.0,-0.20247653455,-0.18437268195,0.1108499082,1
873,1.0,0.06924837489999999,3.0,-0.1931696504,-0.15779551060000002,0.06455697005,1
874,1.0,0.0437346379,3.0,-0.2425954167,-0.1742955002,0.08944974335,1
875,1.0,0.03157271965,3.0,-0.22222911195,-0.1500488594,0.10078905525000001,1
876,0.0,-0.025505723,1.0,-0.20294454195,-0.12073013390000001,0.15996931990000002,0
877,1.0,0.0280352242,5.0,-0.1967393513,-0.1453607127,0.0917935143,1
878,0.0,-0.03148114025,3.0,-0.18902834470000002,-0.1176762841,0.1659774236,1
879,0.0,0.02673669655,4.0,-0.19634555650000002,-0.14989123129999998,0.08707267599999999,1
880,0.0,0.051199264349999996,3.0,-0.26054641095,-0.255369569,0.0598354247,0
881,0.0,0.01000197815,1.0,-0.22637018415,-0.1141538769,0.1281507266,0
882,0.0,-0.025732427750000002,1.0,-0.25293803565,-0.16002182025,0.17503399279999998,0
883,2.0,0.05612911445,4.0,-0.19447131115,-0.08438372250000001,0.07931852675,1
884,0.0,0.042987988549999995,3.0,-0.30108209539999997,-0.21899512045000002,0.06412423835,1
885,0.0,0.05016125175,2.0,-0.3046467617,-0.2605039118,0.06343722905,0
886,0.0,0.0322014215,3.0,-0.2797503309,-0.26510019175,0.09499985075,0
887,1.0,0.02959415645,3.0,-0.2317546202,-0.167335819,0.10317502445,1
888,2.0,0.054115367649999996,4.0,-0.17549314485,-0.0889512587,0.08140941289999999,1
889,0.0,0.0252899996,3.0,-0.32302210465000003,-0.26463449935000005,0.10068200155000001,0
890,1.0,0.046964293850000005,3.0,-0.21883853065,-0.14234542375,0.09506330290000001,1
891,0.0,0.0308987024,3.0,-0.309048476,-0.28975924555,0.0835900254,0
892,0.0,0.02756852135,3.0,-0.2975316446,-0.2693896575,0.09113446110000001,0
893,0.0,0.0171808317,1.0,-0.2508910274,-0.17224976775,0.11140769055,0
894,0.0,0.02222752395,1.0,-0.2113389053,-0.1538724642,0.11127658335,0
895,1.0,0.03208146345,3.0,-0.24445350230000001,-0.215741932,0.10486389199999999,1
896,0.0,0.044976295,3.0,-0.2658636239,-0.24420447605,0.07661474025000001,0
897,3.0,0.046441910350000004,3.0,-0.17075408195,-0.12629314445,0.0877904052,1
898,1.0,0.04310322245,3.0,-0.1990097275,-0.10412620305,0.09074744255,1
899,0.0,0.049584898249999995,1.0,-0.26335431805,-0.1783390707,0.07291144235000001,0
900,1.0,0.0356856833,3.0,-0.2120519408,-0.18247952374999998,0.0901036468,1
901,0.0,0.0453423279,1.0,-0.2997625195,-0.29263153845,0.07254449235,0
902,2.0,0.06473468605,2.0,-0.16746992345,-0.10692373264999999,0.0586544866,1
903,0.0,0.047713846899999995,1.0,-0.30346629965000005,-0.28746424935000003,0.05130181755,1
904,1.0,0.0505528805,3.0,-0.22032417875,-0.1329773665,0.0830602793,1
905,0.0,0.0396321531,1.0,-0.2508501088,-0.2134282543,0.08154679185,0
906,0.0,0.03972527395,3.0,-0.3064955155,-0.24275974385,0.0717265299,0
907,0.0,0.03228777165,3.0,-0.30784417505,-0.2882977248,0.08373430025,0
908,0.0,0.032809949,3.0,-0.31388578300000003,-0.29010582414999997,0.08239575269999999,0
909,0.0,0.0418684499,3.0,-0.2908647926,-0.25438398630000003,0.0888742072,0
910,1.0,0.03902637745,3.0,-0.17155185465,-0.15082239884999998,0.06686511299999999,1
911,1.0,0.052539881999999996,5.0,-0.23628385055,-0.10734289094999999,0.086758665,1
912,0.0,0.0441637892,4.0,-0.3227180617,-0.3072871392,0.066702968,0
913,0.0,0.0298551518,3.0,-0.32977354605,-0.28577590885000004,0.0923227754,0
914,0.0,0.01402522005,1.0,-0.20266666565,-0.14278115330000002,0.1282797437,0
915,0.0,0.03667180995,3.0,-0.272826672,-0.2523288211,0.0817790566,0
916,0.0,0.03577896905,1.0,-0.29409833795,-0.25399256400000003,0.0790022739,0
917,0.0,0.0284865038,4.0,-0.18645152529999998,-0.12792504265,0.10872183245,1
918,0.0,0.04716344695,3.0,-0.251798929,-0.23325086220000002,0.051573179399999995,0
919,0.0,0.04525206605,3.0,-0.26336430125,-0.246077357,0.0525107016,0
920,1.0,0.04098297815,3.0,-0.22606206275000001,-0.0982141849,0.10063146434999999,1
921,2.0,0.05481153685,4.0,-0.2655430578,-0.20489349195,0.062347256749999996,1
922,0.0,0.0442019128,1.0,-0.2979306274,-0.2568868112,0.07834138335,0
923,1.0,0.041780375499999994,3.0,-0.2575304993,-0.11362323095,0.09973626975,1
924,0.0,0.03738161465,4.0,-0.25930421655,-0.2407431772,0.08362236875,0
925,0.0,0.04703298335,3.0,-0.300842237,-0.29093124704999995,0.0736671885,0
926,0.0,0.03561333995,4.0,-0.28972077855,-0.25244530119999997,0.0832522945,0
927,1.0,0.04873714135,3.0,-0.2650817379,-0.2051712556,0.08791058709999999,1
928,1.0,0.0602215234,3.0,-0.1299412762,-0.0889048734,0.06642803465,1
929,1.0,0.0225685226,5.0,-0.19885329235,-0.14557173945,0.10884377540000001,1
930,1.0,0.0415059285,3.0,-0.18896957395,-0.17380541119999998,0.0923751236,1
931,0.0,0.0321503078,5.0,-0.305090649,-0.29690782775,0.08897333405,0
932,0.0,0.039377788799999994,3.0,-0.301366711,-0.235838886,0.06866188795,0
933,1.0,0.03659431925,3.0,-0.19196626145,-0.1176222035,0.08582514675,1
934,2.0,0.06585323135,2.0,-0.2274124796,-0.14167972024999997,0.0764728224,1
935,0.0,0.02317159165,4.0,-0.345226584,-0.3395052022,0.09691090705,0
936,0.0,0.0354419326,3.0,-0.21210756549999998,-0.17336843759999998,0.10802571209999999,0
937,0.0,0.03688710695,3.0,-0.2945816131,-0.29163660849999995,0.071047996,0
938,1.0,0.07482983815,3.0,-0.2237573583,-0.21015935,0.0471857315,1
939,0.0,0.04724587405,4.0,-0.2510395206,-0.21762078540000002,0.050331856499999994,0
940,2.0,0.04305468145,2.0,-0.194441688,-0.1815875109,0.08855509535,1
941,2.0,0.0553239442,6.0,-0.1998825824,-0.1473560048,0.0872951892,1
942,0.0,0.03861920915,1.0,-0.2872422066,-0.2569752536,0.08701084075,0
943,0.0,0.0279061196,6.0,-0.20854805920000002,-0.15581442304999998,0.11084723725000001,1
944,0.0,0.00807019055,3.0,-0.18687647885,-0.11604772485,0.1267082771,0
945,0.0,0.01664212635,1.0,-0.14892311149999998,-0.1301256649,0.12187811444999999,0
946,0.0,0.03903717575,4.0,-0.2770958235,-0.241486625,0.07757134685,0
947,0.0,0.026983012600000002,4.0,-0.29448620695,-0.2703043914,0.09887124404999999,0
948,0.0,-0.0186552866,3.0,-0.2017781043,-0.15926524735,0.14701989575000002,0
949,2.0,0.06114775685,4.0,-0.183650266,-0.1291453776,0.06834998025,1
950,0.0,0.0539941283,4.0,-0.33075638195,-0.29022722095,0.0741887654,0
951,2.0,0.06036517835,2.0,-0.18165951325000002,-0.15879095734999998,0.0692433874,1
952,2.0,0.0613007898,4.0,-0.2156286821,-0.2034890357,0.06537316234999999,1
953,1.0,0.05832066705,5.0,-0.20748074114999998,-0.16699238849999998,0.0871943238,1
954,2.0,0.0579306827,4.0,-0.3166996177,-0.30696889115000003,0.06629048269999999,0
955,0.0,0.05370188565,2.0,-0.25341829855000003,-0.2197232446,0.08055573875000001,1
956,2.0,0.04693747365,2.0,-0.20017691329999998,-0.15993341205,0.06254983345,1
957,0.0,0.0629066912,1.0,-0.25185928975000005,-0.22557725335,0.0732121775,1
958,0.0,0.04156009545,3.0,-0.28515175885,-0.25356168395,0.062048318899999996,0
959,0.0,0.01648728955,2.0,-0.21367736404999998,-0.15815159535,0.10571174065,1
960,0.0,0.039158944700000003,3.0,-0.28246497405000004,-0.24583957895,0.0607475264,1
961,1.0,0.05176350905,3.0,-0.2263546222,-0.20879689099999998,0.07569358394999999,1
962,1.0,0.0567301283,5.0,-0.22604071835,-0.1927271376,0.07797492735,1
963,0.0,0.03542413335,3.0,-0.19292148775,-0.15523326189999997,0.08286331355,0
964,1.0,0.0588400019,3.0,-0.3022315017,-0.2789158727,0.05720329265,1
965,0.0,0.00607750785,1.0,-0.1748296689,-0.13603242310000002,0.13467059835,0
966,0.0,0.02504215405,2.0,-0.18175611655,-0.1593351457,0.10397372755,1
967,1.0,0.0518588718,3.0,-0.27547557805,-0.1036567311,0.09754771190000001,1
968,1.0,0.06974259575,3.0,-0.19793789545,-0.0973014755,0.07720481539999999,1
969,0.0,0.0428141999,4.0,-0.31018207485000004,-0.2948598139,0.07433937725,0
970,0.0,-0.030245536,3.0,-0.22588538019999999,-0.16147259775,0.1527017835,0
971,0.0,0.044512619850000004,3.0,-0.27533197645,-0.2405808267,0.07136647435,0
972,0.0,0.0251595428,1.0,-0.23884681725,-0.21134335775000002,0.1040372212,1
973,0.0,0.015923253249999998,1.0,-0.20319765750000002,-0.15232853305,0.10930819600000001,0
974,1.0,0.05172442445,5.0,-0.18036148740000002,-0.07191908359999999,0.09013032794999999,1
975,1.0,0.06313136615,3.0,-0.21345651275,-0.1229945818,0.073794362,1
976,1.0,0.04635269275,3.0,-0.21786139415,-0.1032015782,0.09593562115,1
977,0.0,0.030225469499999998,4.0,-0.24039593669999998,-0.1782782338,0.10160970055000001,1
978,0.0,0.04210313385,1.0,-0.30488166665,-0.29874457425,0.0852350742,0
979,0.0,0.04514988885,3.0,-0.20616531005,-0.18506732795,0.0758669935,1
980,0.0,0.02017815965,1.0,-0.29554062745,-0.22814513865000002,0.09347340855,0
981,0.0,0.04171206155,4.0,-0.22870089675,-0.0812247646,0.0844638573,1
982,0.0,0.029969025349999998,4.0,-0.2073754376,-0.10963705725,0.1089898949,1
983,0.0,0.01833087975,2.0,-0.2029378675,-0.13494915785,0.11096571220000001,1
984,0.0,0.04003999675,1.0,-0.2768220833,-0.2634823334,0.07779119685,0
985,0.0,-0.05652960415,1.0,-0.18143625115,-0.1330556935,0.18169479555,0
986,0.0,0.00158588355,1.0,-0.1815691496,-0.10447265115000001,0.1416502453,0
987,0.0,0.0469183462,1.0,-0.35099651229999995,-0.31958664875,0.0581132521,0
988,0.0,0.04210984265,2.0,-0.2232499243,-0.20877383895,0.09212484325,0
989,0.0,0.028487418100000002,2.0,-0.3223346411,-0.26957608585000004,0.0911479325,0
990,0.0,0.04170149605,1.0,-0.3453777574,-0.34101965209999996,0.06432364939999999,0
991,0.0,0.02366105565,1.0,-0.16420427955,-0.12847821125,0.12132645154999999,0
992,0.0,0.0132400289,2.0,-0.17905664295,-0.13436751009999998,0.11849054170000001,1
993,0.0,0.0493968669,3.0,-0.3265391244,-0.323476816,0.045709797649999995,0
994,0.0,0.0333018031,1.0,-0.2290395161,-0.2049880116,0.09651940710000001,0
995,0.0,0.0358099994,4.0,-0.33498545905,-0.23115393265,0.07198535415000001,0
996,0.0,0.0274316952,2.0,-0.17924812355,-0.15543067695,0.10239444489999999,1
997,0.0,0.03928251765,3.0,-0.3154776952,-0.2833515696,0.08075081669999999,0
998,2.0,0.06466365055000001,4.0,-0.18754414425,-0.1240471399,0.07329922380000001,1
999,0.0,0.034834314000000005,3.0,-0.34246272585000004,-0.30759858305,0.08311111445,1
1000,2.0,0.058922047150000004,4.0,-0.18087292835000002,-0.14430351325000002,0.074870413,1
1001,0.0,0.0408451283,1.0,-0.3120895117,-0.27605253625000004,0.06858120325000001,0
1002,0.0,0.03180091395,4.0,-0.3331166316,-0.29794596095000003,0.09377692465000001,0
1003,0.0,0.048240736,2.0,-0.30492584515,-0.28011765965,0.0657853264,1
1004,1.0,0.05653558185,3.0,-0.22105250145,-0.1060195891,0.0896027294,1
1005,0.0,0.0354281689,3.0,-0.32125923695,-0.30256994645,0.08348989879999999,0
1006,0.0,0.0413891351,2.0,-0.3037654039,-0.2551683401,0.0696870712,0
1007,0.0,0.0178457128,6.0,-0.23839150275,-0.17984845085,0.1101341417,0
1008,0.0,0.045288461700000004,3.0,-0.29167394795,-0.26384073035,0.0673333542,0
1009,0.0,-0.0005480555,4.0,-0.20224156615,-0.1698050013,0.13275638234999998,0
1010,2.0,0.06166597285,4.0,-0.24126602655,-0.12718630315,0.07456911790000001,1
1011,2.0,0.0501889517,4.0,-0.18253178645,-0.1394776833,0.06409865,1
1012,1.0,0.04602739485,3.0,-0.22645720330000002,-0.19638503105,0.08858715389999999,1
1013,0.0,-0.02766104535,1.0,-0.18498893545,-0.170579016,0.15703550635,0
1014,1.0,0.05345403905,3.0,-0.22077285419999998,-0.1892627776,0.06862915805,0
1015,0.0,-0.00790407225,3.0,-0.26176037815,-0.21095301865,0.1335024337,0
1016,0.0,0.04112576095,3.0,-0.3000179506,-0.26412229215,0.062404476,0
1017,2.0,0.0511008625,4.0,-0.18429107835,-0.1656766429,0.08032827285000001,1
1018,0.0,0.02214639485,1.0,-0.193220728,-0.16397444695000002,0.10340070275000002,0
1019,0.0,0.0354606532,3.0,-0.29633688140000003,-0.26235592134999997,0.0714307706,0
1020,0.0,-0.0214862927,5.0,-0.17223685770000002,-0.1517644272,0.15179414305,0
1021,0.0,-0.054208112899999994,5.0,-0.25429659565,-0.18162448985000001,0.1931072558,0
1022,0.0,0.04534756415,3.0,-0.33173668040000004,-0.30994943565,0.05949712565000001,0
1023,0.0,0.0249278203,1.0,-0.2033424125,-0.18884399845,0.1086512393,0
1024,1.0,0.0361297921,5.0,-0.21767096660000002,-0.16853712285,0.10054257999999999,1
1025,0.0,0.0483138219,3.0,-0.2484414289,-0.2024009617,0.08912425709999999,1
1026,0.0,0.01683273265,2.0,-0.2202843208,-0.2007953801,0.12025956085,1
1027,0.0,0.03932491115,1.0,-0.32711859475,-0.3077911339,0.0821539144,0
1028,1.0,0.05242953555,5.0,-0.20323776325,-0.08495796165,0.0859946707,1
1029,2.0,0.06383993304999999,4.0,-0.19822062545000002,-0.17340349445,0.07253266765000001,1
1030,0.0,0.0413678688,4.0,-0.23935813405,-0.2077625849,0.07197800265000001,0
1031,1.0,0.04375761015,3.0,-0.2259277886,-0.17335645254999998,0.09202776305,0
1032,0.0,0.03968598015,3.0,-0.24906120539999999,-0.2429689974,0.07352675489999999,0
1033,2.0,0.05916184325,6.0,-0.2499018812,-0.12740259425,0.08095275905,1
1034,1.0,0.0509823422,3.0,-0.2244235789,-0.1214361665,0.0906563859,1
1035,0.0,0.02806649365,2.0,-0.2158682371,-0.12241621575,0.11300284520000001,1
1036,1.0,0.04261311645,3.0,-0.19763459025000002,-0.1594285525,0.08602909249999999,1
1037,0.0,0.0346920396,3.0,-0.3326146398,-0.2867822192,0.08248479285,0
1038,0.0,0.0464553651,1.0,-0.3019906287,-0.29798818465,0.07339195814999999,0
1039,0.0,-0.00244993185,1.0,-0.1956661742,-0.16225265315,0.13691827215,0
1040,0.0,0.02408437875,4.0,-0.20120643700000002,-0.1443239043,0.1029177972,1
1041,0.0,0.031563746499999996,1.0,-0.155432704,-0.08738825095,0.0984939496,0
1042,0.0,0.039548742750000004,4.0,-0.3443534217,-0.33850814485,0.0710350417,0
1043,0.0,0.0342984405,1.0,-0.22867122364999998,-0.21717583299999998,0.11348576665,0
1044,0.0,0.03418210075,2.0,-0.19358885905,-0.14912314799999998,0.08071969055,1
1045,0.0,0.03128205885,3.0,-0.295093342,-0.2213120918,0.08792899,0
1046,3.0,0.0699615363,4.0,-0.1635355817,-0.12445093234999999,0.05911111209999999,1
1047,0.0,0.0278345095,3.0,-0.34791306675,-0.30040160335,0.10516561685,0
1048,2.0,0.06461347754999999,2.0,-0.19284002579999998,-0.09495104830000001,0.07822336665000001,1
1049,0.0,0.0550941121,2.0,-0.29312284745,-0.20963062324999998,0.06760890765,0
1050,0.0,-0.04903574625,2.0,-0.2339255793,-0.1876140951,0.18716300800000002,0
1051,0.0,0.01808599815,2.0,-0.22249361820000002,-0.15688099705,0.1096771303,0
1052,0.0,0.02882823055,3.0,-0.22914402244999998,-0.16856228185,0.0872991921,0
1053,1.0,0.04634796995,3.0,-0.17868440670000002,-0.14172937224999999,0.0908818072,1
1054,0.0,0.0294339696,4.0,-0.3033458615,-0.2767334523,0.09390010165,0
1055,0.0,0.057162406299999996,3.0,-0.30016622905,-0.29547289909999996,0.0612997202,0
1056,1.0,0.05287668595,3.0,-0.18725013224999998,-0.111161608,0.08534012845000001,1
1057,1.0,0.01423935275,3.0,-0.23346992135,-0.1658069898,0.11338654804999998,1
1058,2.0,0.05887291835,4.0,-0.18413945625,-0.1501522321,0.07670913129999998,1
1059,0.0,0.0066286166,2.0,-0.1930536076,-0.14710934365,0.12331356635000001,0
1060,0.0,0.040227233050000005,2.0,-0.32538266260000004,-0.22844880550000002,0.0732932628,0
1061,0.0,0.036898918850000004,1.0,-0.3266432146,-0.31435576575,0.08564317495,0
1062,1.0,0.034126733349999994,3.0,-0.22557168285,-0.1818135556,0.1045313454,1
1063,1.0,0.04617551475,3.0,-0.21457567179999998,-0.09514126240000001,0.0979681965,1
1064,1.0,0.03028784625,3.0,-0.21743763975,-0.15656723285000002,0.09522506620000001,1
1065,0.0,0.0380243264,2.0,-0.3266711803,-0.27384351335,0.0833412885,0
1066,2.0,0.07160699985,2.0,-0.1671197305,-0.14110032595,0.06764150405,1
1067,0.0,-0.00489416915,1.0,-0.17414336995000002,-0.13255090555,0.12713147055000001,0
1068,1.0,0.045642153549999995,1.0,-0.19722426469999998,-0.13686671220000002,0.09447828824999999,1
1069,0.0,-0.04871535685,3.0,-0.2173040275,-0.12626251649999998,0.19726074319999998,0
1070,1.0,0.05250981505,3.0,-0.22061246075000002,-0.21744036044999998,0.07921704145,1
1071,0.0,0.03961652425,3.0,-0.29085710335000003,-0.25221544414999997,0.0796393252,0
1072,0.0,0.022408487150000003,4.0,-0.2358396428,-0.18576355355000002,0.1270995729,1
1073,2.0,0.060301711,4.0,-0.18675108145,-0.088537769,0.0667115031,1
1074,0.0,-0.018639805199999998,1.0,-0.1954577438,-0.18257018975,0.1402402567,0
1075,1.0,0.0745858339,3.0,-0.25388689425,-0.144239632,0.06538983839999998,1
1076,1.0,0.04111805955,3.0,-0.1994950719,-0.1633902196,0.09713333075,1
1077,2.0,0.0447607438,2.0,-0.19565731414999998,-0.1715855401,0.0742273879,1
1078,0.0,0.0406642493,1.0,-0.30224217870000003,-0.2610865655,0.07814806045,0
1079,2.0,0.06195974035,4.0,-0.2474509749,-0.1419542239,0.07833621739999999,1
1080,0.0,0.0236601377,3.0,-0.3118337147,-0.30483145474999995,0.10409728785,0
1081,2.0,0.051094014800000004,4.0,-0.20078324785,-0.1679465919,0.058445270350000016,1
1082,0.0,0.038211044949999995,4.0,-0.298196542,-0.21685031989999998,0.08482616579999999,0
1083,0.0,-0.00452844085,1.0,-0.2281750603,-0.19105252205,0.1421214707,0
1084,1.0,0.05513822255,3.0,-0.25925206295000003,-0.1772241254,0.0686237668,1
1085,0.0,0.0607129711,2.0,-0.26128818855,-0.25068593665,0.06182567864999999,0
1086,0.0,0.0410249941,4.0,-0.2973744639,-0.27206824345,0.06512250324999999,1
1087,0.0,0.03354452695,1.0,-0.29758076325,-0.27688493255,0.0858664134,0
1088,0.0,0.03545143985,2.0,-0.20689326954999998,-0.19155291555,0.08952779289999999,1
1089,1.0,0.04668962275,3.0,-0.26167790869999996,-0.22486221495,0.0880137858,0
1090,0.0,0.051450239849999996,3.0,-0.31455651885,-0.30370413565,0.05872251560000001,1
1091,0.0,0.0244754679,3.0,-0.261376984,-0.17864915180000002,0.08572003454999999,0
1092,2.0,0.0570852864,4.0,-0.19500446545,-0.16986197695,0.0639866384,1
1093,2.0,0.0499906484,4.0,-0.1291191247,-0.107429893,0.08882265234999999,1
1094,0.0,0.0323128771,3.0,-0.33026857755,-0.3182369087,0.08430261735,0
1095,2.0,0.0633367491,2.0,-0.1985651239,-0.1634107489,0.07059770765000001,1
1096,0.0,0.046188334649999996,5.0,-0.1712358072,-0.1390345578,0.0765576533,1
1097,0.0,0.03623777855,2.0,-0.1926002814,-0.1007100695,0.10262205275,1
1098,0.0,-0.04147141405,3.0,-0.25342454425,-0.24154091760000002,0.15912125435,0
1099,2.0,0.0438699919,4.0,-0.1855539806,-0.149003616,0.09662310389999999,1
1100,0.0,0.02756196285,3.0,-0.36078226915,-0.24441035865,0.09058650704999999,0
1101,0.0,0.032503774750000006,3.0,-0.28885894575000004,-0.19814239735,0.08671046625,0
1102,0.0,0.043519556449999997,3.0,-0.33538785055,-0.2526774113,0.0626416063,0
1103,0.0,-0.020897828,1.0,-0.20310490165,-0.15782086435,0.1479095769,0
1104,0.0,-0.00472873245,2.0,-0.1946026414,-0.15242808035,0.1390624298,0
1105,0.0,-0.0366027562,1.0,-0.23840229175,-0.16955523065,0.1657047893,0
1106,0.0,0.03956391785,3.0,-0.3447933595,-0.30988233249999997,0.07557421210000001,0
1107,0.0,0.04304120105,3.0,-0.2828029614,-0.26499060500000005,0.07650236845,0
1108,2.0,0.0694787,2.0,-0.21268060735,-0.16449745710000002,0.06428723115000001,1
1109,1.0,0.0485160022,3.0,-0.15827011955,-0.11523493895,0.08514419349999999,1
1110,0.0,-0.03339975025,1.0,-0.21766661485,-0.17282246555,0.16545358745,0
1111,0.0,-0.00390255225,1.0,-0.17304258174999998,-0.13067782435,0.14735359450000002,0
1112,0.0,0.0494829173,2.0,-0.33178713025,-0.2391742895,0.060143533250000006,1
1113,0.0,0.02622917355,3.0,-0.30263924195,-0.29491248245,0.10143038535,0
1114,0.0,0.0414878096,1.0,-0.2986576513,-0.251006194,0.06572320585,0
1115,0.0,0.038258568650000005,3.0,-0.22171056509999998,-0.17993447099999998,0.06547056695,1
1116,0.0,0.03398398425,2.0,-0.29007290275,-0.2735304286,0.08755621875,0
1117,0.0,0.03694263095,3.0,-0.3043408906,-0.26818062924999997,0.07944229255,0
1118,1.0,0.053333395049999996,3.0,-0.16323498905,-0.12219050379999999,0.07565388790000001,1
1119,0.0,0.04344049465,2.0,-0.19757347205,-0.1154664705,0.07746158654999999,0
1120,0.0,0.0317833262,4.0,-0.2750387465,-0.23888236024999998,0.08790559355,0
1121,0.0,0.0291986727,4.0,-0.3193737652,-0.28676910219999996,0.0994972941,0
1122,0.0,0.07728380874999999,1.0,-0.1713874638,-0.16338825825,0.05680838975,1
1123,0.0,-0.05599258295,4.0,-0.25332295625,-0.17979943695,0.1912006391,0
1124,0.0,0.043452989,3.0,-0.29196931075,-0.2796224839,0.07476820225,0
1125,0.0,0.04030895645,3.0,-0.20810590545,-0.1632026369,0.0649987595,1
1126,0.0,-0.02742203255,1.0,-0.1695298392,-0.1581514106,0.162297572,0
1127,2.0,0.0475678515,4.0,-0.18242615085,-0.13950426124999998,0.0813873168,1
1128,0.0,0.01391337275,3.0,-0.12762262079999998,-0.1149652952,0.11238868715,1
1129,1.0,0.04055912245,3.0,-0.19951925415,-0.15541846305,0.08784707259999999,1
1130,0.0,0.036937503999999996,1.0,-0.30787803285000004,-0.2985562033,0.08285925355,0
1131,1.0,0.028156373550000002,3.0,-0.1595926014,-0.1417657665,0.10263462685000001,1
1132,0.0,0.0241876847,3.0,-0.30234790615,-0.26327886835000003,0.100341497,0
1133,0.0,0.029839389100000002,3.0,-0.25268384415,-0.2355955313,0.08218375365,0
1134,2.0,0.07221257935,2.0,-0.19396898845,-0.15379470745,0.05073547959999999,1
1135,0.0,0.03963811075,4.0,-0.3164498964,-0.28220105755,0.07751450339999999,0
1136,0.0,-0.00659924095,1.0,-0.17464124665,-0.13580839085000002,0.13505063509999998,0
1137,0.0,0.020451101450000002,2.0,-0.21355596324999998,-0.1489983624,0.11471767075,1
1138,0.0,0.0179436846,1.0,-0.21124347115,-0.10308701914999999,0.1178938677,0
1139,0.0,0.0298859001,3.0,-0.2408250838,-0.18985987505000002,0.08843081975,0
1140,0.0,0.0307989745,1.0,-0.2851414922,-0.27324422285,0.0878717596,0
1141,0.0,0.03375894745,4.0,-0.36001056055,-0.22573081755000002,0.08776945155,0
1142,0.0,0.04100584385,1.0,-0.3204346865,-0.2448297979,0.07705556025,0
1143,1.0,0.048321639400000005,3.0,-0.2005777559,-0.15671382995,0.0837495738,1
1144,0.0,0.03053414375,4.0,-0.28072109685,-0.21205381055,0.09915042324999998,0
1145,1.0,0.034382442900000004,3.0,-0.2529150476,-0.1891693191,0.0845627988,1
1146,0.0,0.03887215845,2.0,-0.28041781685,-0.26431796565,0.0776069608,0
1147,0.0,0.03111200725,3.0,-0.34918239424999997,-0.30604023135,0.08435372995000001,0
1148,0.0,0.029935054699999998,1.0,-0.1237813519,-0.1010827004,0.1075645022,0
1149,0.0,0.0226867709,3.0,-0.3286550883,-0.27107638040000004,0.10238120925000001,0
1150,0.0,0.0230158897,1.0,-0.2161845369,-0.14209555585,0.11085300915,0
1151,0.0,0.05637217355,3.0,-0.33102008839999997,-0.18932243955,0.0585542537,1
1152,0.0,0.03906495795,4.0,-0.3218767541,-0.2240846524,0.07877901244999999,0
1153,0.0,0.02226648865,2.0,-0.19895408204999998,-0.14471016915,0.10389004764999998,0
1154,0.0,0.02573997565,4.0,-0.3222086506,-0.2690518679,0.10040759205,0
1155,0.0,0.037253220000000004,4.0,-0.2797278708,-0.25444851459999995,0.06878108485000001,0
1156,0.0,0.025243168150000002,4.0,-0.20477545275,-0.1485244981,0.09374258090000001,1
1157,0.0,0.033817865,3.0,-0.2946434757,-0.2733861228,0.0850336643,0
1158,0.0,0.0458492854,2.0,-0.30388268285,-0.21670245345,0.07695647805,0
1159,1.0,0.05983865975,3.0,-0.17570144185,-0.133880831,0.051964715700000004,1
1160,0.0,0.044526790999999996,1.0,-0.2732238254,-0.25752454044999995,0.07770584355000001,0
1161,0.0,0.03876664195,3.0,-0.2990961116,-0.289286632,0.0788206903,0
1162,0.0,0.02307200975,4.0,-0.21683873395,-0.15955926305,0.09729423445,1
1163,1.0,0.047802545700000004,3.0,-0.277312905,-0.21714168595,0.0810179432,1
1164,0.0,0.0463713561,2.0,-0.13333886905,-0.1241995373,0.09209737650000001,1
1165,1.0,0.02741679115,3.0,-0.23213544235,-0.15951947919999998,0.10095083245,1
1166,1.0,0.07367523819999999,3.0,-0.20898311879999998,-0.1896209292,0.06036579464999999,1
1167,1.0,0.0521795499,3.0,-0.2345120144,-0.1105131466,0.09355553375,1
1168,1.0,0.03181815875,3.0,-0.25579736405,-0.21722189785,0.10853326585,1
1169,0.0,-0.01716752605,3.0,-0.19819635894999998,-0.18005069725,0.14006753374999997,0
1170,1.0,0.0551577949,3.0,-0.13516812,-0.1202479064,0.06658799910000002,1
1171,0.0,0.03788798335,3.0,-0.29996184530000003,-0.29147725950000003,0.0743679646,0
1172,0.0,0.047783694700000004,4.0,-0.33486601015,-0.29939679615000003,0.0749804811,0
1173,0.0,0.0423037687,4.0,-0.3401048273,-0.3184956148,0.07753328075,0
1174,0.0,0.0459600622,1.0,-0.27666768134999997,-0.2696390852,0.07285126345,0
1175,1.0,0.044558970350000005,3.0,-0.2825872003,-0.27380374770000004,0.073247743,1
1176,2.0,0.0622260818,4.0,-0.22872214785,-0.11267522415,0.06274579830000002,1
1177,1.0,0.037390144050000004,3.0,-0.2197714416,-0.16772231635,0.09089516544999998,1
1178,0.0,0.0502225503,3.0,-0.29692822795,-0.29461084435,0.0648691806,0
1179,0.0,0.0065116313,4.0,-0.21845725935,-0.1637771824,0.1294531782,1
1180,0.0,0.039521835,4.0,-0.2949038636,-0.28292218465,0.08165174245000001,0
1181,0.0,0.0421578535,2.0,-0.31691177465,-0.2978799244,0.069783601,0
1182,1.0,0.0128367395,3.0,-0.21541303750000002,-0.15471215675,0.1351900153,1
1183,0.0,0.04170071125,3.0,-0.32791246760000003,-0.278437162,0.0647843692,0
1184,0.0,0.027066955349999998,4.0,-0.19654910215,-0.11826103535,0.11452947969999999,1
1185,0.0,0.03080429845,3.0,-0.2660397265,-0.25630178895,0.07775623940000001,0
1186,0.0,0.0449431603,1.0,-0.30211687775,-0.2754159041,0.07678310915,0
1187,1.0,0.07558312975,3.0,-0.2265606768,-0.1988642819,0.05382472535,1
1188,0.0,0.023182398700000002,3.0,-0.31130875905,-0.23211664765,0.10257741325,0
1189,1.0,0.04337234975,3.0,-0.24210660665,-0.11445624655,0.106591006,1
1190,1.0,0.0599032412,3.0,-0.224523867,-0.19102143565000002,0.07452747745,1
1191,0.0,0.0310057423,3.0,-0.30719598555,-0.2628535866,0.08946632225000001,0
1192,0.0,0.03554086675,2.0,-0.1968725314,-0.15173750265000002,0.1104861946,1
1193,0.0,0.0291431021,3.0,-0.1828834458,-0.16674658669999998,0.08372572985,1
1194,0.0,0.041482100800000005,1.0,-0.31791374175,-0.24820508135,0.0921114757,0
1195,0.0,0.0373181842,3.0,-0.3023306609,-0.26272542055000003,0.07346231909999999,0
1196,1.0,0.0478855207,3.0,-0.14029556305000002,-0.12522577135000001,0.07408142884999999,1
1197,0.0,0.0214347459,2.0,-0.17315484,-0.13174708159999998,0.11563165185,1
1198,0.0,0.019635793999999998,1.0,-0.2091952385,-0.1513102725,0.09771618015,0
1199,0.0,0.047865608399999995,1.0,-0.26864430284999996,-0.24156977475000002,0.0535786092,1
1200,0.0,0.049955884049999996,1.0,-0.2536957461,-0.2490011975,0.0698736559,0
1201,1.0,0.0495536105,1.0,-0.20913993905,-0.18085711805,0.09142536345,1
1202,0.0,-0.03261763215,3.0,-0.223604106,-0.15503519724999998,0.17049808325,0
1203,0.0,0.02868295265,3.0,-0.33171511565,-0.306317424,0.10268858544999998,0
1204,0.0,0.03324645225,4.0,-0.26146995014999996,-0.19644798894999999,0.0696536609,1
1205,1.0,0.0367690103,3.0,-0.2466386602,-0.2265494216,0.10327179365,1
1206,1.0,0.03144288445,3.0,-0.283837514,-0.24162523260000002,0.10053138525,1
1207,0.0,0.0434289961,2.0,-0.30821809295,-0.29037870904999996,0.07733246704999999,0
1208,3.0,0.04169620935,3.0,-0.1731398239,-0.14769792580000002,0.059295500499999994,1
1209,2.0,0.05398513415,2.0,-0.2363400787,-0.21133001140000002,0.07584763465,1
1210,1.0,0.0544594313,3.0,-0.26468943255,-0.21188661175,0.07629971,1
1211,0.0,0.040068833449999994,1.0,-0.314608098,-0.29982406390000005,0.06612469895,0
1212,0.0,-0.0013051726,3.0,-0.1944833481,-0.093415825,0.13210822160000002,0
1213,0.0,0.021896248,4.0,-0.18204314545,-0.13922645355000002,0.09406664355,1
1214,1.0,0.0710883202,2.0,-0.21255592655,-0.14474830225000002,0.061319555899999996,1
1215,0.0,0.036660515500000004,2.0,-0.2210068801,-0.1788243581,0.11101988285,1
1216,0.0,0.01514011845,4.0,-0.19679011670000002,-0.1589206032,0.10930062955,1
1217,0.0,0.04312469015,4.0,-0.31669027380000003,-0.2902053548,0.0604937297,1
1218,0.0,0.00988661205,2.0,-0.143099303,-0.1245642578,0.1277578948,0
1219,1.0,0.04051671215,3.0,-0.2589103602,-0.21530572225,0.0972631147,0
1220,0.0,0.0418008818,3.0,-0.30523719149999995,-0.2872908466,0.06478507465,0
1221,0.0,0.03321947835,3.0,-0.31108981339999997,-0.3003869948,0.0910100157,0
1222,0.0,-0.004159773550000001,5.0,-0.2297263999,-0.1507780909,0.13893860595000002,0
1223,0.0,0.00540837355,1.0,-0.1821886436,-0.09989748345,0.1151238541,0
1224,0.0,0.03035034935,4.0,-0.32061779265,-0.31196832865,0.0888860677,0
1225,0.0,0.00743176085,6.0,-0.1707103197,-0.08825746485,0.1180646293,0
1226,0.0,0.040468075150000005,4.0,-0.3085843215,-0.29607716575,0.0567348214,1
1227,0.0,0.0295868664,3.0,-0.3106131176,-0.28047666245,0.08597348929999998,0
1228,0.0,-0.06821388245,1.0,-0.1803939992,-0.14723238525,0.21049018660000002,0
1229,1.0,0.05444087005,3.0,-0.2091675008,-0.11367778349999999,0.07915930184999999,1
1230,0.0,0.0511057761,2.0,-0.30211644295,-0.2851491184,0.06942662765,0
1231,0.0,-0.0137949675,5.0,-0.2058743308,-0.1366036472,0.16286084525,0
1232,0.0,0.04095057145,3.0,-0.24436213915,-0.24200290065000002,0.07142333275000001,1
1233,0.0,0.041976824149999994,4.0,-0.31570973685000003,-0.30014355945000004,0.06638868815,0
1234,0.0,0.025637455400000002,3.0,-0.28796447615,-0.276764821,0.08552209,0
1235,0.0,0.023786019499999998,3.0,-0.32612731375000004,-0.27578647105,0.1017176738,0
1236,2.0,0.06748302754999999,2.0,-0.21988395900000002,-0.2095565496,0.052791333949999984,1
1237,0.0,-0.0050520480999999996,2.0,-0.22508835645,-0.1709283807,0.14240686965,1
1238,0.0,-0.03962875055,1.0,-0.1981167412,-0.06602597090000001,0.1807137233,0
1239,2.0,0.044315611049999995,2.0,-0.19881629174999998,-0.17350046614999998,0.05909157820000001,1
1240,0.0,0.0200734072,2.0,-0.24392716565,-0.1704031744,0.10794462395,1
1241,0.0,0.02094077385,4.0,-0.17177801635,-0.15443814435,0.08189673174999999,1
1242,0.0,0.043028143549999995,3.0,-0.311300539,-0.29230223555,0.08305105430000001,0
1243,2.0,0.0540469911,6.0,-0.24790320035000002,-0.07108149735,0.10063055555,1
1244,0.0,0.03828032085,4.0,-0.27079989755,-0.25679246295,0.07688306335,0
1245,0.0,-0.01534406855,1.0,-0.17060456325,-0.15031183235,0.13755704975,0
1246,0.0,0.030636237,3.0,-0.2844669864,-0.26643475735,0.07717033525,1
1247,0.0,0.0354998328,2.0,-0.3209373998,-0.2946664611,0.08811727275,0
1248,0.0,0.0366475915,2.0,-0.28096948465,-0.2689027985,0.09192225309999999,0
1249,0.0,-0.01737487955,1.0,-0.19218197059999997,-0.1628383424,0.1387213236,0
1250,1.0,0.050640130650000004,4.0,-0.3005288333,-0.29278856934999997,0.0612903967,0
1251,0.0,0.03405159665,3.0,-0.3506092195,-0.20679751815,0.08160342625,0
1252,0.0,0.0323298337,4.0,-0.19908277154999998,-0.10354204575,0.1021382744,1
1253,0.0,-0.020407147950000003,1.0,-0.2182296137,-0.16782132784999998,0.14066280125000002,0
1254,1.0,0.041095319150000004,3.0,-0.2274358025,-0.17650860725,0.08805024975,1
1255,1.0,0.04386246325,3.0,-0.23921487065000002,-0.18766784635,0.08065833415,1
1256,0.0,0.03647420425,3.0,-0.30148520265,-0.2757744881,0.08085720064999999,0
1257,1.0,0.04423387995,3.0,-0.24620405005,-0.1909993369,0.0861968699,1
1258,2.0,0.028186675549999998,4.0,-0.1943715024,-0.15040475905,0.0852342675,1
1259,2.0,0.046204130100000004,2.0,-0.2072569984,-0.20333698020000002,0.09033334535000001,1
1260,1.0,0.054899902449999996,3.0,-0.17801731705,-0.1240197629,0.08516710315,1
1261,1.0,0.058596330550000006,3.0,-0.22439746440000002,-0.2019470859,0.0631567326,1
1262,0.0,0.03045773585,1.0,-0.21811886715,-0.15158726185,0.10367160965,0
1263,0.0,0.04216977965,3.0,-0.32735149525,-0.31733824200000005,0.07717434915000002,0
1264,2.0,0.044447593,4.0,-0.2087005327,-0.1639487465,0.07815921015,1
1265,2.0,0.06195093415,4.0,-0.191191665,-0.17686105889999998,0.0756885953,1
1266,0.0,0.035417380299999995,3.0,-0.33462820395000004,-0.2823572247,0.0878021916,0
1267,0.0,0.02340352285,1.0,-0.31606114785,-0.31058988779999996,0.10643466500000001,0
1268,0.0,0.03713223565,1.0,-0.27845836355,-0.26136648575,0.08169163365000001,0
1269,3.0,0.040014697,5.0,-0.13646631285,-0.10633260885000001,0.07289738905000001,1
1270,0.0,0.0356701429,1.0,-0.31199455445,-0.2918171338,0.05196126415,0
1271,1.0,0.03116834335,3.0,-0.19167840515,-0.1476371025,0.07550943,1
1272,0.0,0.014169608050000001,3.0,-0.19381285185,-0.141306794,0.1050297788,0
1273,0.0,0.0502276477,1.0,-0.31391654064999996,-0.28505451439999996,0.069081753,0
1274,0.0,-0.0072889693,1.0,-0.1811869821,-0.0993526381,0.13997210440000002,0
1275,0.0,-0.018295901849999997,1.0,-0.18099809605,-0.118503384,0.16707207140000002,0
1276,2.0,0.05387179835,4.0,-0.31927025095,-0.27822591855,0.062297668099999995,0
1277,1.0,0.0464554789,3.0,-0.1950623754,-0.17823245195,0.09232012225000001,1
1278,2.0,0.0498008546,4.0,-0.18163165460000003,-0.16259771585,0.082181344,1
1279,2.0,0.07523272405,2.0,-0.2127484703,-0.11578201865,0.0631819999,1
1280,0.0,0.03727376705,4.0,-0.28096388559999996,-0.2493776263,0.07489698890000002,0
1281,0.0,0.041150256149999995,1.0,-0.25175541735,-0.24701357105,0.08776784804999999,0
1282,0.0,0.039488307,3.0,-0.32689618765,-0.30683657465,0.0795126509,0
1283,0.0,0.0360308455,5.0,-0.29310045865,-0.2475204431,0.0861137632,0
1284,0.0,0.0360096064,1.0,-0.35114539995,-0.30166337894999995,0.054640622050000004,1
1285,1.0,0.0569959134,3.0,-0.281342049,-0.19811896675000001,0.07768712625,1
1286,0.0,-0.02779870415,3.0,-0.2176059252,-0.19565005985,0.15143456454999998,0
1287,0.0,-0.00807257965,2.0,-0.24998483194999999,-0.1334453243,0.15123033804999997,0
1288,1.0,0.04544922355,3.0,-0.2100492639,-0.1927998625,0.09127434129999999,1
1289,1.0,0.03908868645,3.0,-0.20884790720000002,-0.15173700904999998,0.07258634485,1
1290,2.0,0.05482742635,4.0,-0.24276375705,-0.13394657995,0.07546489655000001,1
1291,1.0,0.0154089893,3.0,-0.218581209,-0.14159609355000002,0.11689302609999999,1
1292,1.0,0.040590792,3.0,-0.20326720975,-0.14682400945000001,0.09798092394999999,1
1293,0.0,0.04102932435,2.0,-0.3068372105,-0.24956132625,0.0740289823,0
1294,0.0,0.011024985800000001,2.0,-0.1972574594,-0.15201806395,0.11398266335000001,1
1295,0.0,0.0132788337,1.0,-0.2141635748,-0.07488963885,0.11801906674999998,0
1296,0.0,0.02855739365,2.0,-0.19150826124999998,-0.17981339485,0.10418186985,1
1297,0.0,0.0343192016,1.0,-0.34048090919999996,-0.274067605,0.07696725445000001,1
1298,0.0,0.030421288150000003,4.0,-0.3224179786,-0.2445290447,0.0932447406,0
1299,1.0,0.053751963050000004,3.0,-0.24399458870000001,-0.18401443665,0.061308694149999995,1
1300,0.0,0.026523377799999998,2.0,-0.19552847145000002,-0.15115636295,0.1063330237,1
1301,1.0,0.050121496200000004,3.0,-0.28638652485,-0.2745409964,0.05723569889999999,0
1302,0.0,0.0188285451,1.0,-0.2055030141,-0.17305283915,0.1167578149,0
1303,1.0,0.053234788199999994,1.0,-0.27092942435,-0.26632207435,0.0598343588,0
1304,0.0,0.026681874600000002,1.0,-0.32734858865,-0.2762307412,0.0773980605,0
1305,0.0,0.0039601323,1.0,-0.25365006255,-0.12979796715,0.12985734129999998,0
1306,0.0,0.02934208185,2.0,-0.19729701155,-0.15384014629999998,0.08901205994999999,1
1307,0.0,0.0022988725999999998,1.0,-0.2128601933,-0.16839463115,0.1309065507,0
1308,0.0,0.03550500925,3.0,-0.33194224665,-0.279199042,0.08595980950000001,0
1309,0.0,0.03199687765,4.0,-0.3140562376,-0.3091752599,0.07441583245,0
1310,0.0,0.0509288826,3.0,-0.27345318220000003,-0.25586804525,0.07272598905,0
1311,1.0,0.03444200305,3.0,-0.21840710595,-0.20257648,0.09227117775,1
1312,0.0,0.03567558535,2.0,-0.1963447503,-0.11641380335000001,0.0918530957,1
1313,0.0,0.0380673587,3.0,-0.3395249994,-0.2902044417,0.08365007085,0
1314,1.0,0.06071984785,3.0,-0.19648374475,-0.15448807409999998,0.071343463,1
1315,2.0,0.05242932935,4.0,-0.1706571105,-0.14072296115,0.0717918279,1
1316,1.0,0.028822794,3.0,-0.23137534825,-0.20708268205000002,0.1036406156,1
1317,0.0,0.0412817196,4.0,-0.32075432054999997,-0.29366871365,0.08457672455,0
1318,0.0,0.04990871055,3.0,-0.24170321845,-0.2396052316,0.054225840100000006,0
1319,0.0,0.0233615231,4.0,-0.176104443,-0.14797246595,0.1094843687,0
1320,0.0,-0.03607001875,1.0,-0.216752113,-0.1608414557,0.1552056591,0
1321,0.0,0.0439397747,3.0,-0.31235517310000005,-0.29967509665000003,0.08103805139999999,0
1322,0.0,0.022690618500000002,2.0,-0.1858822751,-0.16041471005000002,0.1250564254,1
1323,0.0,0.0646604201,3.0,-0.2210259136,-0.1691352901,0.05998490520000001,1
1324,0.0,0.03027926065,3.0,-0.28896970099999997,-0.26591772165000005,0.0911697125,0
1325,2.0,0.0534782805,4.0,-0.21363067619999998,-0.1739533364,0.08254210899999999,1
1326,0.0,0.041342113,4.0,-0.1268960998,-0.1070882028,0.09339913615,1
1327,1.0,0.03557597675,3.0,-0.22146393775,-0.1624810721,0.09329856724999999,1
1328,2.0,0.0549823402,4.0,-0.17562813389999998,-0.16060916745,0.08133947409999999,1
1329,1.0,0.0655028682,1.0,-0.1659263884,-0.14555783845,0.06796888239999999,1
1330,1.0,0.043709051900000004,3.0,-0.22291554655,-0.18726591365,0.08857491340000001,0
1331,2.0,0.0421057262,3.0,-0.16709407615,-0.1223958251,0.09578599489999999,1
1332,0.0,0.01368724245,1.0,-0.2334250035,-0.18098606815,0.1132870292,0
1333,0.0,0.0191148701,4.0,-0.15582530765,-0.08862545585,0.12260533705,0
1334,3.0,0.06139296975,5.0,-0.18154647825,-0.164856027,0.061947081599999995,1
1335,0.0,0.042367736899999994,3.0,-0.28558469545,-0.27884171525,0.08679282429999999,0
1336,0.0,0.03536186425,3.0,-0.29684279645,-0.2888401001,0.0894605424,0
1337,0.0,0.02488968645,2.0,-0.177234563,-0.15947744735000002,0.10969642865,1
1338,1.0,0.02874720775,3.0,-0.20684566895,-0.16300625135000002,0.09328847864999999,1
1339,0.0,0.02800603735,3.0,-0.30783106250000003,-0.27245535525,0.10200357265,0
1340,0.0,-0.00525681775,1.0,-0.16870924625,-0.15889452604999998,0.13454221025,0
1341,0.0,0.031835286049999995,3.0,-0.27421281365,-0.26249681815000003,0.077738731,0
1342,0.0,0.04382612035,1.0,-0.32040934415,-0.26581869645,0.07230708855000001,0
1343,0.0,0.0388500927,3.0,-0.3108761384,-0.28393007459999997,0.08712980370000001,0
1344,1.0,0.0570208518,3.0,-0.24780863065,-0.09735698635000001,0.06209371825,1
1345,0.0,0.044363769250000004,1.0,-0.2972468888,-0.25723373205,0.08525947325,0
1346,0.0,0.050722362349999994,1.0,-0.2925800341,-0.29095759725,0.07519776435,0
1347,0.0,0.0220782016,2.0,-0.19904928805,-0.1533926865,0.1041113853,1
1348,1.0,0.0684837352,3.0,-0.120600974,-0.08447616195,0.06094146485,1
1349,0.0,0.01179066635,3.0,-0.16350537604999998,-0.08626442079999999,0.13111714810000002,0
1350,0.0,0.03866046565,1.0,-0.2645567573,-0.2493168181,0.0782994195,0
1351,0.0,-0.0049543932499999995,1.0,-0.18360965015,-0.14210998385,0.13799065984999997,0
1352,0.0,0.025012904199999998,2.0,-0.2108192537,-0.13207331655,0.11204418729999999,1
1353,1.0,0.043367945899999996,3.0,-0.2153920995,-0.2041050388,0.08197741480000001,1
1354,0.0,0.032009878150000004,3.0,-0.35190493795,-0.3474526767,0.08588653965,0
1355,2.0,0.05847561985,4.0,-0.1945476203,-0.12396487440000001,0.0788927137,1
1356,1.0,0.0288999214,3.0,-0.19557752309999998,-0.15126236895,0.1079815965,1
1357,0.0,0.03585935455,3.0,-0.24884266145,-0.22981862365,0.07900541864999999,0
1358,1.0,0.05049773845,3.0,-0.201257544,-0.17174991565,0.0782794865,1
1359,0.0,0.038533684900000004,2.0,-0.27578108615,-0.2226997956,0.07957292399999999,0
1360,0.0,0.04477547825,2.0,-0.2754047202,-0.2106450121,0.06784858955,1
1361,0.0,0.01835684595,3.0,-0.29837743655000004,-0.28051310755,0.11485176350000001,0
1362,1.0,0.055684671150000004,3.0,-0.206928849,-0.11308616695,0.0817945719,1
1363,1.0,0.02490345265,3.0,-0.21880592125,-0.15763317145,0.10851722814999999,1
1364,0.0,0.0439065139,1.0,-0.31275670685,-0.29666530970000005,0.07814161659999999,0
1365,1.0,0.06093154295,3.0,-0.14242195335000002,-0.10715620095,0.07516980235,1
1366,0.0,0.03633790405,3.0,-0.31981226659999995,-0.2887334799,0.0769523807,0
1367,0.0,-0.056240719849999996,1.0,-0.17331659789999998,-0.14761353505,0.17034661725,0
1368,1.0,0.040048724800000005,3.0,-0.15274766305,-0.13961517105,0.08602765425,1
1369,1.0,0.04494408625,3.0,-0.14474957615,-0.13244946470000002,0.0790819436,1
1370,0.0,0.0439166428,3.0,-0.29985867065,-0.27672222215,0.07130791385,0
1371,1.0,0.05313538555,3.0,-0.2230549921,-0.119485532,0.0843149919,1
1372,0.0,0.041794824849999995,1.0,-0.2890449176,-0.26063718925,0.08016968695000001,0
1373,0.0,0.06115193795,3.0,-0.2465191887,-0.2102589223,0.0555277114,1
1374,1.0,0.06873815085,3.0,-0.25294612075,-0.24040586145,0.0603474156,1
1375,1.0,0.052719419850000004,3.0,-0.2709000934,-0.25484495465,0.05979316105,1
1376,0.0,0.039144293950000006,3.0,-0.2743487164,-0.25559337685,0.08054725595000001,0
1377,0.0,0.0232715177,4.0,-0.1929155216,-0.1710069126,0.1020983462,1
1378,1.0,0.0497706594,3.0,-0.17499585655,-0.16325906775,0.08089749339999999,1
1379,0.0,-0.02757803585,1.0,-0.17769763485,-0.15614846735,0.1491634413,1
1380,0.0,-0.0082563547,3.0,-0.18116407140000002,-0.09524250365,0.1359947296,0
1381,0.0,0.018373185049999997,4.0,-0.32144893775,-0.2694571376,0.10665157455,0
1382,0.0,0.01045982165,1.0,-0.18800886865,-0.07428956155,0.1250593876,0
1383,1.0,0.0407701201,3.0,-0.22875149535,-0.17860154820000002,0.08024970555,1
1384,0.0,0.02557748345,2.0,-0.21987792830000003,-0.15959853775,0.11153708095,1
1385,0.0,0.03459773605,4.0,-0.3080010958,-0.29120378474999997,0.0769927982,0
1386,1.0,0.0323199178,5.0,-0.26048738559999995,-0.1973517025,0.10964053885,1
1387,0.0,0.0174609808,1.0,-0.2125579897,-0.14746394010000002,0.10624248625,0
1388,0.0,0.03721897955,2.0,-0.3055269617,-0.27854777435,0.07090581115,0
1389,0.0,0.03583430805,3.0,-0.35071843555000004,-0.27632056215,0.0665088058,0
1390,0.0,0.0393865315,3.0,-0.34897285845000003,-0.3466890956,0.09527625344999999,0
1391,2.0,0.0523832799,4.0,-0.17518577624999998,-0.12290993855,0.09111729465,1
1392,2.0,0.05931553645,4.0,-0.22635448055000001,-0.19875642129999999,0.06121736145,1
1393,0.0,0.02249546385,2.0,-0.22759503450000002,-0.13194352399999998,0.11903709755,1
1394,0.0,0.01645627575,2.0,-0.2619631123,-0.14952028865,0.1158478122,1
1395,0.0,0.0154159213,3.0,-0.3409312834,-0.30221366325,0.12650220085000002,0
1396,1.0,0.0208295565,3.0,-0.1589335302,-0.0995542168,0.10512094115000001,1
1397,2.0,0.053591218999999995,4.0,-0.22842306845,-0.18000698110000002,0.0779103779,1
1398,1.0,0.0453675645,3.0,-0.20977022495,-0.18451603584999998,0.08412477915,1
1399,2.0,0.05715701895,2.0,-0.20101300184999998,-0.15331572185,0.060615937800000005,1
1400,1.0,0.0447521419,3.0,-0.20931963585,-0.13198831119999999,0.09533523125,1
1401,0.0,0.05647707395,3.0,-0.23556798275000002,-0.212850859,0.0753320049,1
1402,1.0,0.0520171117,3.0,-0.2113400402,-0.16333324675,0.08759510355,1
1403,0.0,0.0113829328,1.0,-0.20992435310000002,-0.1428743105,0.11761175465,0
1404,2.0,0.056196802549999994,2.0,-0.20451050799999998,-0.16223976150000002,0.07528958720000001,1
1405,0.0,0.0333110151,3.0,-0.2945538676,-0.18248676400000002,0.07041518675,0
1406,1.0,0.06021390735,3.0,-0.17201416105,-0.1365451415,0.07671006465,1
1407,0.0,0.02452439845,3.0,-0.2894526049,-0.25860870994999996,0.0994208558,0
1408,0.0,0.038324432549999995,1.0,-0.21497690255000002,-0.15063896745,0.07789330035,1
1409,0.0,0.03469155805,3.0,-0.29599184310000004,-0.29325661965,0.06849903269999999,1
1410,0.0,0.02611219345,4.0,-0.2977218067,-0.27979406554999997,0.09901041840000001,0
1411,2.0,0.0642386033,4.0,-0.18963834395,-0.09825736365,0.07447000549999999,1
1412,0.0,-0.041998469999999996,1.0,-0.18923397935,-0.13948008620000002,0.1646372525,0
1413,0.0,0.02532525225,3.0,-0.29844127395,-0.2124614086,0.09501662509999999,0
1414,0.0,0.04320171185,2.0,-0.19461290265,-0.08224237475,0.0952207518,1
1415,0.0,0.01543625525,2.0,-0.2188689155,-0.1637290637,0.1078206408,1
1416,0.0,0.009800876850000001,3.0,-0.24326171575,-0.1223495799,0.11873309455,0
1417,0.0,0.05236959065,2.0,-0.2748458729,-0.2530268387,0.0720759366,0
1418,0.0,0.043207205900000004,2.0,-0.3342207261,-0.3022609679,0.06294928494999999,0
1419,1.0,0.0649374972,1.0,-0.13331691455,-0.0944359754,0.0747546485,1
1420,0.0,0.0238344999,2.0,-0.21134913095,-0.17881219235,0.09853804115,1
1421,0.0,0.03261514525,4.0,-0.3075728385,-0.30096899565,0.08547385445,0
1422,1.0,0.05347415485,1.0,-0.2562308835,-0.21708890515,0.07985599685,1
1423,1.0,0.04416951695,3.0,-0.21247640175,-0.1489669729,0.08806867735000001,1
1424,1.0,0.03095962295,3.0,-0.21746294415,-0.18502694425,0.10452019405,1
1425,1.0,0.03955641365,3.0,-0.23420919145000002,-0.16269936995,0.0847772327,1
1426,1.0,0.0323798607,2.0,-0.35457525455,-0.29319291665,0.10846118595000002,0
1427,0.0,0.04067762915,1.0,-0.28541589040000004,-0.26236913424999997,0.07068610395,0
1428,0.0,0.0375429352,3.0,-0.28182298800000005,-0.2492748772,0.0682454819,0
1429,0.0,0.045726851449999995,3.0,-0.2807111289,-0.2565125016,0.07358375685,0
1430,1.0,0.0580310204,3.0,-0.2189771482,-0.15186823785,0.0806660577,1
1431,0.0,-0.012477382200000001,1.0,-0.19919942135000002,-0.16310885465,0.13816590125,0
1432,1.0,0.04344980615,5.0,-0.25393003795,-0.1360106299,0.08686650825,1
1433,2.0,0.0497562787,4.0,-0.1872439817,-0.16878203745,0.08366979520000001,1
1434,0.0,0.029384364349999997,3.0,-0.33008085945,-0.27862145825,0.09604996469999999,0
1435,0.0,0.01743013685,4.0,-0.20313616610000002,-0.14815170435,0.1028843076,1
1436,0.0,0.0410383989,1.0,-0.33366093485000003,-0.3183094686,0.08560657464999999,0
1437,0.0,-0.00019519935000000002,3.0,-0.1954469607,-0.1920085318,0.12172501925000001,0
1438,2.0,0.050914211949999996,6.0,-0.17258679005,-0.12258743650000001,0.08993460084999999,1
1439,0.0,-0.054298421,1.0,-0.20357147679999998,-0.16094613725,0.19471300205,0
1440,0.0,0.024570340250000003,4.0,-0.25005204635,-0.19015164075,0.10482061265,1
1441,0.0,0.0652581253,2.0,-0.26360330305,-0.24142565365000002,0.06862700969999999,0
1442,0.0,0.01230521595,2.0,-0.20615875360000002,-0.14487615204999998,0.12994451725,0
1443,0.0,0.03434089575,2.0,-0.3116003713,-0.2725642222,0.07388491059999999,0
1444,0.0,0.039688772299999994,5.0,-0.30052053945,-0.26080892764999997,0.08010504095000001,0
1445,0.0,0.02180229885,2.0,-0.2017581903,-0.1595026319,0.10420281595,1
1446,1.0,0.055162912950000004,4.0,-0.17104674855000002,-0.12291460775,0.0751568869,1
1447,0.0,0.02348218795,1.0,-0.19099775255,-0.1513746237,0.10267105425,1
1448,0.0,0.02939489795,2.0,-0.1922036781,-0.14019334174999998,0.104672289,1
1449,0.0,0.0028772992,3.0,-0.17358385380000002,-0.13834464245,0.13228000974999998,0
1450,0.0,0.0212143092,4.0,-0.20584176095,-0.13860842655,0.10878467809999999,1
1451,0.0,-0.0367367476,1.0,-0.19352425475,-0.1787833785,0.1718936129,0
1452,0.0,0.02621263165,3.0,-0.33068875575,-0.30089790185,0.0999362541,0
1453,0.0,0.048044216050000005,2.0,-0.25963179375,-0.233462198,0.06859076850000001,0
1454,2.0,0.05341441115,2.0,-0.22009239145,-0.1651137056,0.09178663304999998,1
1455,1.0,0.047326599999999996,3.0,-0.1684228395,-0.15234794825,0.09643940684999999,1
1456,2.0,0.054307357,4.0,-0.26558554995,-0.24532118874999997,0.0659658981,0
1457,0.0,0.0154932914,2.0,-0.19533999615,-0.15055155045000002,0.10957502325,1
1458,0.0,-0.0261316734,1.0,-0.1964186109,-0.136227344,0.1531290895,0
1459,2.0,0.056647537149999996,2.0,-0.23043870360000002,-0.07804211905,0.08363268045,1
1460,0.0,0.0415863446,3.0,-0.31707746285000005,-0.30659216525,0.0655462012,1
1461,2.0,0.060222136600000004,4.0,-0.1184615003,-0.09319972074999999,0.08261795834999999,1
1462,0.0,0.04453949495,1.0,-0.31247187495,-0.26709611845000003,0.06942007554999999,0
1463,0.0,0.0391695997,4.0,-0.28686019175,-0.2710340096,0.0738545134,0
1464,2.0,0.05831101245,4.0,-0.25911149580000004,-0.2309077135,0.0721036321,1
1465,1.0,0.046615125800000004,3.0,-0.25359282380000003,-0.1371579444,0.0907656975,1
1466,0.0,-0.042322888399999994,1.0,-0.21581282829999998,-0.20650924015,0.1656259719,0
1467,0.0,-0.00339876,1.0,-0.18309342055,-0.14259053184999998,0.13755339345,0
1468,0.0,0.02073274005,4.0,-0.2126801335,-0.1803400251,0.11268344759999999,1
1469,2.0,0.05123987285,4.0,-0.17380407180000002,-0.1485389661,0.0816031284,1
1470,2.0,0.0467593852,4.0,-0.17597055360000002,-0.15130124585,0.08893631385,1
1471,0.0,0.03824825055,1.0,-0.29746489524999997,-0.2519619905,0.0800516886,0
1472,1.0,0.03819604705,3.0,-0.20883646620000001,-0.10322788015,0.09974403125,1
1473,0.0,0.03357216275,3.0,-0.2609796271,-0.25641106994999996,0.06712962695,0
1474,2.0,0.052199907700000006,4.0,-0.23902590515,-0.1218067734,0.08947711060000002,1
1475,0.0,0.04690769615,2.0,-0.30314993219999997,-0.26145726775,0.06875914820000001,0
1476,1.0,0.05317162275,3.0,-0.29732522785,-0.28189597050000004,0.05598608475,1
1477,0.0,-0.04287825365,6.0,-0.14341084415,-0.02626841075,0.17765389450000002,0
1478,1.0,0.02630977595,3.0,-0.22408594775000001,-0.15567792165,0.10636420865,1
1479,0.0,0.03960677065,4.0,-0.26801513865000004,-0.24482800729999998,0.0854552896,0
1480,0.0,0.040831924549999996,5.0,-0.2660103267,-0.25233208615,0.07760964540000001,0
1481,0.0,0.040751986850000005,1.0,-0.27804929089999997,-0.24495584895,0.07599651539999999,0
1482,0.0,0.024405363899999998,4.0,-0.2209812083,-0.1957026402,0.09767201635,1
1483,2.0,0.05847042515,4.0,-0.23241038949999998,-0.09137029135,0.08064037395000001,1
1484,0.0,0.039273469350000006,4.0,-0.31307173725000004,-0.30291720885,0.07331462975,0
1485,0.0,0.0102816396,2.0,-0.20483153895,-0.1635622413,0.1247935341,1
1486,1.0,0.0209070431,3.0,-0.19814118209999998,-0.14717100465,0.11031264535000002,1
1487,0.0,0.014323869,1.0,-0.18487136905,-0.1005280098,0.12924470329999999,0
1488,0.0,0.0359253648,3.0,-0.34466898729999995,-0.3249103016,0.088707567,0
1489,1.0,0.0461256216,5.0,-0.15521048115,-0.09609134035,0.08564891165,1
1490,0.0,0.02248145105,2.0,-0.19937032859999998,-0.1519565539,0.10702918235,1
1491,0.0,0.04117741475,3.0,-0.28922021385,-0.25504690025,0.06801362305,0
1492,0.0,0.02044444065,4.0,-0.17368306285000001,-0.15642716239999999,0.087447447,1
1493,0.0,0.0005049501499999999,5.0,-0.22810483025,-0.14988090804999998,0.1349043491,0
1494,1.0,0.06490228235,1.0,-0.13142963345,-0.08283510395,0.07345439170000001,1
1495,1.0,0.06378964125,3.0,-0.20724028195,-0.19456106195,0.0650820638,1
1496,0.0,0.00590176565,4.0,-0.1751662841,-0.1495352594,0.13132453745,0
1497,1.0,0.0233921568,3.0,-0.20409321405,-0.15139572,0.10980796370000001,1
1498,0.0,0.02595166785,3.0,-0.32524199585,-0.28714363374999996,0.0932080468,0
1499,0.0,0.03908485945,2.0,-0.20916344850000002,-0.09040916239999999,0.1045649574,1
1500,1.0,0.0512528963,3.0,-0.2041119025,-0.13276306975000002,0.08551795449999999,1
1501,1.0,0.0661690257,3.0,-0.21843005885,-0.19527020425,0.06621266710000001,1
1502,0.0,0.03971950665,2.0,-0.19257651895,-0.11175119135,0.09644937825,1
1503,1.0,0.0416557289,3.0,-0.20000243974999998,-0.1734147926,0.08720750055000001,1
1504,0.0,0.0360175259,3.0,-0.31955286445,-0.27322142345,0.0798329132,0
1505,0.0,0.02808837925,1.0,-0.3233002116,-0.3056783092,0.10080060925,0
1506,0.0,0.025611582600000002,5.0,-0.19431698045,-0.10780530295,0.12161098514999999,1
1507,0.0,-0.020212674950000002,2.0,-0.21678180985,-0.1398755047,0.13989014875,0
1508,0.0,-0.051916191550000004,2.0,-0.1582965195,-0.13764228085,0.17159575105,0
1509,0.0,0.0327375802,3.0,-0.30626847349999997,-0.2894766486,0.07778528800000001,0
1510,2.0,0.0637440036,2.0,-0.21411270105000002,-0.18719494485,0.06900308869999999,1
1511,0.0,0.0541088433,3.0,-0.28170596975,-0.263451536,0.06684398475,0
1512,0.0,0.0010753416,1.0,-0.20143531105,-0.1169915822,0.14206480345,0
1513,2.0,0.05910363635,4.0,-0.13580810315000003,-0.1081528216,0.0811576084,1
1514,0.0,0.03968760445,2.0,-0.32160366770000004,-0.29872313745,0.07922019475,0
1515,0.0,0.0516510339,2.0,-0.23210799155,-0.10443323915,0.08596295094999999,1
1516,1.0,0.040102443099999996,3.0,-0.23533852845,-0.16883421775000002,0.07408193325,1
1517,0.0,0.04988025745,1.0,-0.2682035611,-0.2410652006,0.06606952345,0
1518,1.0,0.040308237999999996,3.0,-0.19783678,-0.1530236801,0.09764794375000001,1
1519,1.0,0.039797464000000005,3.0,-0.2183508292,-0.16312116545,0.07792649585,1
1520,0.0,0.040848841950000006,2.0,-0.23976472575000002,-0.2391174143,0.0645688685,0
1521,0.0,0.02034643245,5.0,-0.2099603041,-0.14479617905,0.11252905075,0
1522,0.0,0.0173980647,1.0,-0.26093287825,-0.20234436984999998,0.1146746459,0
1523,0.0,0.01450172265,1.0,-0.20157250999999998,-0.1015472401,0.12466911815000001,0
1524,2.0,0.0502014878,4.0,-0.21218850244999998,-0.0897476998,0.09277107000000001,1
1525,1.0,0.0515919287,3.0,-0.29375438415,-0.27395808079999995,0.05597769984999999,0
1526,0.0,0.03283758865,2.0,-0.2005385613,-0.19292700275000002,0.10035829945,1
1527,1.0,0.0293971278,3.0,-0.21282830084999999,-0.20147908755,0.11354483480000001,1
1528,1.0,0.0360532135,3.0,-0.21897573985,-0.203519384,0.099997427,1
1529,1.0,0.050830613649999995,3.0,-0.2260386523,-0.15683066504999998,0.09104126639999999,1
1530,0.0,0.0383480992,4.0,-0.3247619517,-0.29551162995,0.06434048319999999,0
1531,1.0,0.028210253050000002,3.0,-0.22959916419999998,-0.14606517209999997,0.1121744021,1
1532,0.0,0.039793425800000004,3.0,-0.31613540895000003,-0.29283334299999997,0.0664976676,0
1533,0.0,0.02975962625,3.0,-0.27473226215,-0.24386482745,0.0912976579,0
1534,0.0,0.03189979025,2.0,-0.1728421703,-0.14859959815,0.10265837125000002,0
1535,2.0,0.06147095485,4.0,-0.20859304010000002,-0.20169272314999998,0.07265079569999999,1
1536,2.0,0.0696151727,2.0,-0.26318659879999995,-0.2264402502,0.0531134408,1
1537,2.0,0.0673092461,4.0,-0.11530227975,-0.0898863788,0.06312227435000001,1
1538,1.0,0.051817025350000004,3.0,-0.2047268088,-0.1344153585,0.08060447979999999,1
1539,0.0,0.0354152791,2.0,-0.21648078285,-0.1727946188,0.09682232595000001,1
1540,2.0,0.0629149849,5.0,-0.2256047895,-0.06101732735,0.04947302245,1
1541,0.0,-0.0116144713,4.0,-0.24517922055000002,-0.17355015694999998,0.14198415435,1
1542,0.0,0.0350915429,1.0,-0.3506164144,-0.30858952500000003,0.06162736395,0
1543,0.0,0.04533067065,1.0,-0.3010545842,-0.2876231616,0.0759935957,0
1544,0.0,0.0412132685,3.0,-0.31021905969999997,-0.30277459100000004,0.08100635924999999,0
1545,0.0,0.03844299565,3.0,-0.27511625345,-0.2468513375,0.0809361116,0
1546,0.0,0.03036616345,1.0,-0.3335991894,-0.30967374975,0.09418979655000001,0
1547,0.0,0.0351843632,4.0,-0.2589237511,-0.24454538604999998,0.07632671999999999,0
1548,0.0,0.04331734785,2.0,-0.27367250095,-0.21830862585,0.0875238272,0
1549,0.0,0.0042690463,4.0,-0.14972429425,-0.1223006754,0.14134432105,0
1550,2.0,0.052214968550000004,5.0,-0.28019156894999997,-0.2391141692,0.0719554107,0
1551,0.0,0.03829836155,1.0,-0.35167174865,-0.30594887695,0.07493414145,0
1552,1.0,0.04573204985,3.0,-0.20786830735,-0.16040102280000001,0.0685084561,1
1553,2.0,0.05488261155,5.0,-0.24306180735,-0.1652252307,0.08339098410000001,1
1554,1.0,0.03709158145,3.0,-0.18033472005,-0.12830891765,0.0982414704,1
1555,0.0,0.036622084250000006,1.0,-0.1601466915,-0.12216062705,0.115759033,0
1556,0.0,0.02737563885,1.0,-0.21498973825,-0.1783105696,0.1030114584,1
1557,1.0,0.04705984125,3.0,-0.2036792553,-0.15674558975,0.0879422267,1
1558,2.0,0.06618744739999999,4.0,-0.20389942184999998,-0.17725598050000002,0.06561303555,1
1559,0.0,0.0196580937,2.0,-0.18589413035000002,-0.1593021615,0.11223261445000002,0
1560,0.0,0.032815124900000006,4.0,-0.29465978525000003,-0.24987736115000003,0.09244670860000001,0
1561,0.0,0.0386731503,2.0,-0.19581943145,-0.11329419199999999,0.09488395725,1
1562,1.0,0.04191133355,3.0,-0.19978320935,-0.15071339555000002,0.0976343503,1
1563,0.0,0.0414711923,5.0,-0.33680782545,-0.2795570841,0.07512459855,0
1564,0.0,0.0483890673,4.0,-0.24521363255,-0.18737376925,0.08880404909999999,1
1565,2.0,0.06600896225,4.0,-0.21108364400000001,-0.0844109811,0.058211222599999994,1
1566,0.0,0.0338259449,3.0,-0.28816343094999997,-0.2432984524,0.07329920595,0
1567,1.0,0.04730429955,3.0,-0.21732372784999998,-0.1255053908,0.08202385835,1
1568,0.0,0.0010155793499999999,1.0,-0.2217665294,-0.17720630745,0.13034178405000002,0
1569,1.0,0.04639866075,3.0,-0.25357930205,-0.22669932115,0.0888721121,1
1570,0.0,0.04100410455,3.0,-0.31301670115,-0.29626832555,0.07138820655,1
1571,0.0,0.028783100800000003,1.0,-0.33195076855000005,-0.27958596225,0.1005564122,0
1572,0.0,0.00623580195,1.0,-0.2184017611,-0.1217308836,0.10955599365,0
1573,0.0,0.041427145949999994,3.0,-0.29876071205,-0.2677909459,0.08358626900000002,0
1574,0.0,0.03711745155,4.0,-0.3292160199,-0.3222114859,0.0804465433,1
1575,0.0,0.043130383800000005,3.0,-0.29144916525,-0.2793941204,0.08153614875000001,0
1576,0.0,0.0343671842,4.0,-0.3270648071,-0.3101504854,0.0776156539,0
1577,0.0,0.030260954800000003,4.0,-0.2784153199,-0.25765563830000004,0.08795161385,0
1578,0.0,0.0240689943,3.0,-0.31952857135,-0.28181549515,0.09977097640000002,0
1579,0.0,-0.010614966449999999,1.0,-0.21093710105,-0.1657238485,0.13819880550000002,0
1580,0.0,0.0354800521,4.0,-0.200714181,-0.1847880324,0.10538717354999999,1
1581,2.0,0.0562766643,3.0,-0.2234802701,-0.16412961025,0.0688407001,1
1582,1.0,0.046127195,3.0,-0.1639407038,-0.11697889555,0.08399711615,1
1583,2.0,0.05594595545,2.0,-0.24191370795,-0.20295880265,0.0774448278,1
1584,1.0,0.0307036249,3.0,-0.19019936669999998,-0.11554696285,0.10882385659999999,1
1585,2.0,0.05031961235,4.0,-0.24435709285,-0.1356136245,0.0919667703,1
1586,0.0,0.027486664850000002,2.0,-0.19179549205000002,-0.12916204590000002,0.11469503755000002,1
1587,0.0,-0.0363817417,1.0,-0.21652992325,-0.14548728285,0.1822791781,0
1588,1.0,0.0436761617,3.0,-0.1473631925,-0.1343762449,0.08123833355000001,1
1589,1.0,0.0589023608,3.0,-0.18048955085,-0.14389964235000002,0.07821122885,1
1590,0.0,0.0291613217,3.0,-0.27885645745,-0.240497492,0.08649263125000001,0
1591,1.0,0.04577815685,3.0,-0.2580448434,-0.13156778785,0.09639888070000001,1
1592,0.0,-0.0745913463,1.0,-0.29481509510000004,-0.2146113756,0.24147922049999998,0
1593,0.0,0.0399805302,1.0,-0.30186303265000003,-0.26880052460000003,0.078562379,0
1594,3.0,0.07497953669999999,5.0,-0.16797763594999998,-0.13976448675,0.05175736695,1
1595,1.0,0.04914585595,3.0,-0.18549203845,-0.15695122035,0.0799599232,1
1596,0.0,0.0418940775,4.0,-0.30465037144999996,-0.25277513139999996,0.07024778575,1
1597,0.0,0.04313265005,1.0,-0.3126999775,-0.2693070676,0.061460404600000004,0
1598,1.0,0.048099272,3.0,-0.21535508895,-0.16873915995,0.0885801737,1
1599,0.0,0.00354824115,3.0,-0.24756501590000002,-0.2313814634,0.1514351106,0
1600,2.0,0.0662016698,2.0,-0.20367130420000001,-0.19191843355,0.06943810649999999,1
1601,0.0,0.03860148605,3.0,-0.30851570475,-0.26176886115,0.08965833375000001,0
1602,0.0,-0.02693802885,1.0,-0.17025426259999998,-0.13626797325,0.17316969454999998,0
1603,0.0,0.029632304550000002,1.0,-0.2862030875,-0.28550457939999996,0.09397014975,0
1604,0.0,0.03122642415,3.0,-0.3350550423,-0.2814829362,0.08813718755,0
1605,0.0,0.03544181935,2.0,-0.1958816988,-0.1550455147,0.09190840635,1
1606,0.0,0.044719980199999995,1.0,-0.224230567,-0.19844104195,0.06054247545,1
1607,1.0,0.025991125349999998,3.0,-0.22417768570000002,-0.16951353905,0.11011891155,1
1608,0.0,0.03195838325,4.0,-0.315496716,-0.23116866725000002,0.0851447682,0
1609,0.0,0.02754838695,3.0,-0.32090254115,-0.29648843635,0.10355945629999999,0
1610,0.0,0.039173808850000005,3.0,-0.2930477992,-0.25550234844999997,0.0768977426,0
1611,0.0,0.050950700099999996,2.0,-0.25055770605,-0.15229592885,0.08028902935000001,0
1612,0.0,0.014898817000000002,3.0,-0.205601339,-0.1426328647,0.10202514685,0
1613,1.0,0.05187172075,1.0,-0.2191197427,-0.17187887205,0.07929996554999999,1
1614,0.0,0.027913618600000002,2.0,-0.22085110665000002,-0.17738362265000002,0.10159694059999999,1
1615,0.0,0.0424019514,4.0,-0.30036377155000005,-0.25528926195,0.0678597436,1
1616,0.0,0.0267031757,4.0,-0.2047908312,-0.14823061495,0.11344539835,1
1617,0.0,0.00556612435,1.0,-0.22546137030000002,-0.11542718185,0.1347101624,0
1618,1.0,0.05323807355,3.0,-0.26856828094999996,-0.2392468271,0.05891156095,1
1619,0.0,0.030049310949999998,2.0,-0.2058254245,-0.17056173555,0.10866126495,1
1620,0.0,0.04504593915,1.0,-0.3251594202,-0.3003969683,0.06893730595,0
1621,0.0,0.0425198357,2.0,-0.30032625840000005,-0.26421061440000004,0.0722999268,1
1622,0.0,-0.0020563736,1.0,-0.20703555895,-0.19377185065,0.12041056105,0
1623,0.0,0.0018993211,1.0,-0.21273379355,-0.1641350679,0.13928478049999998,0
1624,0.0,0.03669336425,4.0,-0.2697186223,-0.25651017205,0.07839928800000001,0
1625,0.0,0.0471011333,4.0,-0.30095057405,-0.25953275645,0.07791502335,0
1626,0.0,-0.02203557185,3.0,-0.190533546,-0.1667162166,0.14966844065,0
1627,0.0,-0.012247914700000001,1.0,-0.22280468990000002,-0.18343893885,0.1550335404,0
1628,0.0,0.023176211949999997,4.0,-0.24978106815,-0.14971847555,0.11469535770000001,1
1629,0.0,0.02458735795,2.0,-0.20645058395,-0.14998272955,0.08685886625,1
1630,1.0,0.037198415400000004,3.0,-0.22758756255,-0.16434867795,0.08703660814999999,1
1631,2.0,0.0496221227,3.0,-0.26338431414999997,-0.20077895880000002,0.08063953145,1
1632,0.0,0.0416577685,2.0,-0.27945326225,-0.2515487552,0.0677562733,1
1633,2.0,0.05555990925,4.0,-0.186136176,-0.16606937065,0.07779245224999999,1
1634,2.0,0.06290540820000001,4.0,-0.21356265829999999,-0.1121770924,0.07266454035,1
1635,1.0,0.03431812325,2.0,-0.2546729501,-0.2200091226,0.09556894085,0
1636,0.0,-0.0002780159,1.0,-0.17262081035,-0.11409370885,0.1394094945,0
1637,0.0,-0.0150531725,3.0,-0.18530653930000002,-0.1711616453,0.13956517495,0
1638,1.0,0.047631001549999996,3.0,-0.22205366240000002,-0.0964247158,0.08493009015000001,1
1639,0.0,0.00810111595,2.0,-0.20761108714999998,-0.1554115327,0.1122601029,1
1640,2.0,0.060780325,4.0,-0.23865237125,-0.2166050594,0.06658048135,1
1641,0.0,0.033791575350000005,3.0,-0.31827275935,-0.2525435695,0.08665519145,0
1642,0.0,0.035697581150000005,3.0,-0.2728381118,-0.2719374579,0.07560970994999999,0
1643,1.0,0.03471527195,3.0,-0.22681765915000002,-0.16217400394999998,0.10971410605,1
1644,0.0,0.0450354838,3.0,-0.32884126055,-0.3027676535,0.07929515305000001,0
1645,0.0,0.04302661445,1.0,-0.2772486589,-0.27180633685,0.07581808405000001,0
1646,1.0,0.03943832805,3.0,-0.21509352645000002,-0.1811442796,0.0894556617,1
1647,1.0,0.037641804,3.0,-0.2554327013,-0.1835399176,0.096584908,1
1648,2.0,0.057316617949999996,4.0,-0.1959645546,-0.14251259835,0.08333280115,1
1649,2.0,0.057899587749999995,4.0,-0.19591823949999998,-0.10018297165000001,0.07710596865,1
1650,0.0,0.054578518650000005,3.0,-0.221855554,-0.18260958105,0.066187541,1
1651,0.0,-0.0152315625,1.0,-0.2220903367,-0.17768158615000001,0.14823949625,0
1652,1.0,0.0271680448,5.0,-0.19586103485,-0.15372437935,0.10949147355,1
1653,0.0,-0.00934049945,1.0,-0.17779709155,-0.1619396632,0.11925921395,0
1654,1.0,0.05207487185,3.0,-0.20613833874999998,-0.1034434893,0.086067756,1
1655,0.0,0.04265767775,1.0,-0.28241184815,-0.28012436955,0.06881421404999999,0
1656,2.0,0.06067197075,4.0,-0.27488213964999997,-0.262711715,0.055060478600000004,0
1657,0.0,-0.04861385305,1.0,-0.1594323406,-0.11784805365,0.18594929345,0
1658,0.0,0.0381940761,2.0,-0.27325368510000003,-0.23956938265,0.07783223395,1
1659,0.0,0.038239575250000005,2.0,-0.20180121550000002,-0.1775053935,0.1006450103,1
1660,1.0,0.04005272685,1.0,-0.22441478915000002,-0.20035895995000003,0.09719300915000001,1
1661,0.0,0.021208293849999997,3.0,-0.2951808944,-0.27870264224999997,0.10285180315,0
1662,2.0,0.04152992605,4.0,-0.1763012565,-0.1264717014,0.08386814699999999,1
1663,0.0,0.0379753252,4.0,-0.30090777045,-0.29616508965,0.07755332795,0
1664,1.0,0.045103932949999995,3.0,-0.1975603107,-0.13379540055,0.09819001755,1
1665,0.0,0.0444616174,2.0,-0.2757318682,-0.22383148405,0.0716141257,0
1666,0.0,0.0304287877,2.0,-0.20127225685,-0.1276837181,0.10603699385000001,0
1667,0.0,0.03374865635,4.0,-0.33910526455,-0.26119884395000004,0.08894439524999999,0
1668,2.0,0.0637677371,2.0,-0.1003631529,-0.0903282201,0.06263027239999999,1
1669,0.0,0.035775205500000004,2.0,-0.1907691349,-0.13210668675,0.09239973225,1
1670,0.0,0.025092773800000003,1.0,-0.2248336075,-0.12343010985,0.09636799465,0
1671,1.0,0.0310524056,3.0,-0.2135908613,-0.15581379315,0.07867830070000001,1
1672,0.0,0.04840399665,3.0,-0.29700736974999997,-0.2647356113,0.0675107049,0
1673,0.0,0.0494580348,1.0,-0.2849899734,-0.24300095845000003,0.0639249164,0
1674,0.0,0.036049015899999995,4.0,-0.333835691,-0.2983218881,0.09173176235,0
1675,0.0,0.03784265885,3.0,-0.2960548993,-0.28093019395,0.06949714870000001,0
1676,0.0,0.04668707745,3.0,-0.2892074642,-0.2620691193,0.0798621981,0
1677,0.0,0.03499823225,3.0,-0.35486140575,-0.3417344046,0.07286892195,0
1678,1.0,0.0550439989,3.0,-0.2210156585,-0.1068403618,0.07525677859999999,1
1679,1.0,0.0360425904,3.0,-0.20051913770000002,-0.1436535008,0.09979707235,1
1680,2.0,0.07366572025,4.0,-0.21596070035,-0.0777047008,0.06351894689999998,1
1681,0.0,0.030426394750000002,4.0,-0.2752994282,-0.27386326974999997,0.0752797348,0
1682,0.0,0.0593251939,2.0,-0.2557762916,-0.2480623231,0.0639311639,0
1683,0.0,0.01421144045,4.0,-0.20999716805000002,-0.12202119285,0.12567202495000002,0
1684,0.0,0.0491109012,2.0,-0.30940844855,-0.2818908656,0.06082679175,0
1685,0.0,0.042607519999999996,4.0,-0.2577198153,-0.2481836273,0.0648231089,0
1686,1.0,0.05200118385,3.0,-0.16156659,-0.0810065869,0.0719412233,1
1687,0.0,-0.05135431545,1.0,-0.21185745605,-0.14244044465,0.1748630021,0
1688,0.0,0.0193944307,1.0,-0.1810625742,-0.1005828448,0.12363044784999999,0
1689,0.0,0.02662057085,3.0,-0.29999457315,-0.28047783745,0.091988944,0
1690,0.0,0.0429800658,1.0,-0.20461960364999998,-0.1610087724,0.06436208625,0
1691,0.0,0.0256992316,1.0,-0.2848219021,-0.2704190622,0.08549327485,0
1692,2.0,0.066334084,3.0,-0.16675428745,-0.15763290954999998,0.061048959449999995,1
1693,1.0,0.05225944625,4.0,-0.28031450550000003,-0.2449018333,0.06472309905000001,0
1694,1.0,0.041929111,5.0,-0.21434558705,-0.1876973391,0.09010593765000001,1
1695,0.0,-0.0017954795000000002,1.0,-0.1547929648,-0.09455477635000001,0.12896524345,0
1696,0.0,0.03990626814999999,1.0,-0.31916443065,-0.2935926991,0.0703744308,0
1697,0.0,-0.0017352703,2.0,-0.21615605,-0.17192388855,0.12847691825000002,0
1698,0.0,0.02227442395,2.0,-0.1995401288,-0.13957077585,0.1101237343,1
1699,0.0,0.036031572649999996,5.0,-0.31516610085,-0.29481628709999996,0.09354508049999999,0
1700,0.0,0.03526793265,3.0,-0.27783656605,-0.26030123055,0.08695471369999999,0
1701,0.0,0.02472331365,3.0,-0.319011418,-0.30649221725,0.1053664522,0
1702,0.0,0.03626317395,2.0,-0.14763466460000002,-0.07454320419999999,0.0915256377,1
1703,0.0,0.04374888385,4.0,-0.30200124675,-0.2779364511,0.0690433283,1
1704,0.0,0.03014952205,3.0,-0.21392218270000002,-0.17237637075,0.07456522775000002,0
1705,2.0,0.045293102249999995,4.0,-0.17935041145000002,-0.13290313674999998,0.07742886325,1
1706,1.0,0.0511417172,3.0,-0.15676806555,-0.1127468154,0.0760127246,1
1707,2.0,0.0509775636,2.0,-0.18561788875000002,-0.113365668,0.05939053275,1
1708,0.0,0.028430692299999998,4.0,-0.22348992455,-0.1817653166,0.08645148799999999,0
1709,0.0,0.0234173484,3.0,-0.28957904005,-0.2723304113,0.09173965919999999,0
1710,2.0,0.0465497823,4.0,-0.21760300389999998,-0.20813059185,0.07942846655,1
1711,1.0,0.0567658641,3.0,-0.217103539,-0.17025659685,0.07357651735,1
1712,0.0,-0.02172207685,1.0,-0.16507422319999998,-0.10341939435,0.15129982465000003,0
1713,0.0,0.04075763065,4.0,-0.2737918682,-0.27134451280000005,0.0628133592,0
1714,0.0,0.038351522,3.0,-0.28778195149999997,-0.25430730739999996,0.07625722165,0
1715,2.0,0.05319106825,4.0,-0.20616905000000002,-0.09837333414999999,0.08622255529999999,1
1716,0.0,0.0297158374,3.0,-0.3212461528,-0.29111102715000003,0.0761279124,0
1717,0.0,0.038986119,4.0,-0.30157395315,-0.28168011515,0.0765786847,0
1718,1.0,0.0598462234,3.0,-0.20199514075000002,-0.16868211275,0.08083416594999998,1
1719,1.0,0.0486901995,3.0,-0.22158047390000002,-0.19102556765,0.08719915065,0
1720,0.0,-0.061275895999999996,1.0,-0.24226040235000001,-0.13564368625,0.18409794875000002,0
1721,0.0,0.0366214802,4.0,-0.30112326970000003,-0.28506644145,0.0895850715,0
1722,0.0,0.0198516382,4.0,-0.20030375795,-0.12833715925,0.11643835989999998,1
1723,1.0,0.05983298525,3.0,-0.1962004882,-0.1580682779,0.08189827320000001,1
1724,1.0,0.0269237716,5.0,-0.1977184013,-0.14565103024999998,0.11844095475,1
1725,0.0,0.04886356815,3.0,-0.3135132681,-0.30764846505,0.06851958294999999,0
1726,2.0,0.050823869699999996,4.0,-0.17621342034999998,-0.09637933635,0.0850447661,1
1727,0.0,-0.010469274399999999,1.0,-0.2309223118,-0.17814247965000002,0.14549655815,0
1728,0.0,-0.0395470705,1.0,-0.189304995,-0.0848803233,0.17750482385,0
1729,0.0,0.0361900848,3.0,-0.29614318245000004,-0.2875474516,0.0715254749,0
1730,0.0,0.0324346768,2.0,-0.1661175868,-0.11372569085,0.10152918920000001,1
1731,0.0,0.04554559875,2.0,-0.28865947599999997,-0.28320298445000003,0.0675702616,0
1732,0.0,0.04036955235,1.0,-0.32362295555,-0.31643453285,0.07918388225,0
1733,0.0,0.0274126924,3.0,-0.27943495865,-0.25180491424999996,0.09058203584999999,0
1734,2.0,0.06503896665,4.0,-0.19577454375,-0.1443695015,0.0699954218,1
1735,2.0,0.0666770644,4.0,-0.1885819461,-0.10068798585,0.07244044969999999,1
1736,2.0,0.0459878212,4.0,-0.20154611835,-0.17667209379999999,0.08648503555,1
1737,0.0,0.03025134905,2.0,-0.1915048935,-0.18455665035000002,0.09248695135000001,1
1738,0.0,0.035771306249999996,3.0,-0.2692145416,-0.23963829669999998,0.07878620224999999,0
1739,1.0,0.05174100225,3.0,-0.2436174213,-0.226723922,0.08149101815,1
1740,0.0,0.04391926975,3.0,-0.30371819185000004,-0.29242229755000004,0.0768484689,0
1741,2.0,0.0367747903,4.0,-0.1810754561,-0.16792974255,0.07414718335,1
1742,0.0,0.0418027733,2.0,-0.348353191,-0.2738048883,0.06791674665,0
1743,0.0,0.037718510149999995,3.0,-0.3001799558,-0.29288694260000003,0.08184625455,0
1744,0.0,0.04010440465,1.0,-0.28570782415,-0.27623885445,0.0695616112,0
1745,0.0,-0.0823996746,2.0,-0.22286445435,-0.17199259285000001,0.216901659,0
1746,0.0,0.03220146365,4.0,-0.2242043221,-0.16844723444999998,0.1028083912,1
1747,0.0,0.021683928999999998,2.0,-0.2115414964,-0.14629633915,0.1034380832,1
1748,2.0,0.0705909874,4.0,-0.2331164818,-0.12040586305,0.06702721455,1
1749,2.0,0.04821548825,4.0,-0.2684462005,-0.1972701251,0.07401844855,1
1750,1.0,0.0486288437,5.0,-0.205109669,-0.1735764833,0.07883219895,1
1751,1.0,0.03934525585,3.0,-0.25769401015,-0.11816642705,0.09907743605000001,1
1752,0.0,0.04287620835,1.0,-0.34387974655,-0.32152306914999995,0.06958626875,0
1753,1.0,0.07334900375,5.0,-0.11207978265,-0.09087027965,0.0688139167,1
1754,0.0,0.0361303428,3.0,-0.21848555595,-0.18253482085,0.08406629355,0
1755,0.0,-0.0008886314999999999,2.0,-0.2209443899,-0.1605821442,0.12851799544999998,0
1756,0.0,0.03613168395,4.0,-0.2892131112,-0.28775153575,0.07718329755,0
1757,0.0,0.040841264249999995,3.0,-0.26720901924999996,-0.2529532348,0.07250068315,0
1758,1.0,0.0723565713,3.0,-0.15756309005,-0.1170644854,0.054455398349999996,1
1759,2.0,0.0586459253,2.0,-0.20558851875,-0.1606653628,0.0767232957,1
1760,2.0,0.0606252471,4.0,-0.16596948405,-0.1302141652,0.074258241,1
1761,0.0,-0.00410467535,1.0,-0.1993238535,-0.17558718645,0.14650986425,0
1762,1.0,0.0554394309,5.0,-0.14377552045,-0.11440429134999999,0.08268177339999999,1
1763,0.0,0.03553717135,3.0,-0.3078041652,-0.28106631174999996,0.0860958951,0
1764,0.0,0.0379313914,2.0,-0.1856055983,-0.11026411755,0.08956108225,1
1765,1.0,0.05373988375,1.0,-0.30308909845,-0.2471200799,0.0668114506,1
1766,0.0,0.0324923871,3.0,-0.20095830895,-0.16998748019999999,0.07963232615,0
1767,0.0,0.03150125505,3.0,-0.32934961645,-0.25916783945,0.0921912825,0
1768,0.0,0.032901614450000005,3.0,-0.2030700631,-0.1620744603,0.08088103519999999,0
1769,1.0,0.046104343,3.0,-0.16626664745,-0.1161080959,0.09180100755000001,1
1770,1.0,0.036843501449999996,3.0,-0.24954742475000002,-0.2343189954,0.09005013059999999,1
1771,0.0,0.030353115,2.0,-0.20097187265,-0.15903140385,0.1016376415,1
1772,2.0,0.05151874055,4.0,-0.232385013,-0.2105210487,0.07313551029999998,1
1773,0.0,0.033094026299999996,1.0,-0.3300356267,-0.25380479945,0.08722467,0
1774,0.0,0.047396030049999996,3.0,-0.2846434288,-0.2753952335,0.068504278,0
1775,1.0,0.02153352925,3.0,-0.23583932219999998,-0.1738212207,0.1127097097,1
1776,0.0,0.016777616350000003,2.0,-0.1976897461,-0.17071350235,0.12243681365,1
1777,0.0,-0.0008772376000000001,3.0,-0.23278350095,-0.15943143295,0.12973813280000002,0
1778,0.0,0.0268067304,1.0,-0.18572701355,-0.155997773,0.10932162009999999,0
1779,0.0,0.045509427850000006,1.0,-0.3021174182,-0.28698725064999997,0.06932800815,0
1780,0.0,0.039647400299999996,3.0,-0.28180849534999997,-0.25973035735,0.08048451214999999,0
1781,0.0,0.01925406375,2.0,-0.19258646825,-0.1596971712,0.1177224502,1
1782,2.0,0.042989512150000006,4.0,-0.21631776689999999,-0.10294818935,0.10593166219999998,1
1783,0.0,0.0398668171,1.0,-0.29985706700000003,-0.282160605,0.07046085725000001,0
1784,0.0,0.03809342285,2.0,-0.34220967599999996,-0.29501114284999996,0.054889558150000003,0
1785,0.0,0.0283300491,1.0,-0.21242975845,-0.14882140705,0.0992668011,0
1786,1.0,0.0200288499,3.0,-0.21027344204999998,-0.1461126277,0.11124684430000001,1
1787,0.0,0.039789003249999996,5.0,-0.3293374526,-0.2779121285,0.07039401405000001,0
1788,2.0,0.07057549425000001,4.0,-0.18541664705,-0.17110875879999998,0.06331337109999999,1
1789,0.0,0.021441851999999997,3.0,-0.25398805655,-0.19511340300000002,0.09373196845000001,0
1790,2.0,0.052398925949999994,4.0,-0.1383274131,-0.1054006668,0.08553401895000001,1
1791,0.0,0.042315950150000003,3.0,-0.28332090730000004,-0.27935046605,0.07075901805000001,0
1792,0.0,0.025892628049999998,1.0,-0.3223471165,-0.3029108343,0.08666721445,0
1793,2.0,0.0627738308,2.0,-0.1519729776,-0.0901013199,0.06757927489999999,1
1794,0.0,0.03525345245,3.0,-0.3087271037,-0.30237813715,0.09109306095,0
1795,0.0,0.015817340800000003,2.0,-0.26176478215,-0.12695453665,0.10108554985000001,0
1796,0.0,0.0295025591,1.0,-0.18369076974999998,-0.1587425926,0.10835024669999999,1
1797,0.0,0.0507581862,3.0,-0.32382894284999997,-0.25829753725000004,0.06388833115,0
1798,0.0,0.0442409371,1.0,-0.2806660757,-0.19998162805,0.07666495085,0
1799,0.0,0.024100457550000003,3.0,-0.2934230258,-0.29024898485,0.09229187794999999,0
1800,1.0,0.0337543478,3.0,-0.21514999555,-0.1546557477,0.08452302195,1
1801,1.0,0.0427240012,3.0,-0.3138973887,-0.25322858015,0.0632584048,0
1802,0.0,0.03731966185,3.0,-0.19178077500000001,-0.15218165595,0.07930944495,0
1803,2.0,0.0575531113,4.0,-0.21266925705,-0.08527815145,0.08101851550000001,1
1804,0.0,0.03965102584999999,2.0,-0.3020001424,-0.25257346045,0.08783367635000001,0
1805,0.0,0.0250842022,4.0,-0.34678505325,-0.2692938531,0.09796738065,0
1806,1.0,0.053229548550000005,3.0,-0.28338051995,-0.22486333214999998,0.08089906264999999,1
1807,1.0,0.05091633005,3.0,-0.21918489349999998,-0.20037602370000002,0.08760436875,1
1808,0.0,-0.06328826235,1.0,-0.26361787915,-0.16448319525,0.18827752935,0
1809,0.0,0.03174760635,2.0,-0.18158444340000002,-0.14945993065000002,0.10320032595,1
1810,1.0,0.043810485600000004,5.0,-0.25766636705,-0.1935483313,0.10029731330000001,1
1811,1.0,0.0300337632,3.0,-0.2011116463,-0.13823308364999998,0.0867946728,1
1812,0.0,0.0287427972,3.0,-0.2804234573,-0.2739463663,0.10076230460000002,0
1813,1.0,0.0578899177,1.0,-0.19740947185,-0.17403491595,0.0814742645,1
1814,0.0,0.0589938431,3.0,-0.23188061345,-0.16250749925,0.06351535544999999,0
1815,0.0,0.04980167385,1.0,-0.291319117,-0.2155959469,0.08593355685000001,1
1816,0.0,0.02324830835,1.0,-0.25590289125,-0.19532471175,0.0934755768,0
1817,0.0,0.04392388615,1.0,-0.2730813294,-0.2639529136,0.07636555924999999,0
1818,0.0,0.0330440707,1.0,-0.339339932,-0.3259949848,0.0906414331,0
1819,0.0,0.032997252549999995,1.0,-0.3196697153,-0.18579890529999998,0.0863914222,0
1820,0.0,0.03417078485,4.0,-0.27876793395,-0.2618729244,0.090449204,0
1821,0.0,0.02962040305,1.0,-0.2271226253,-0.1776779661,0.09343899720000001,0
1822,0.0,0.0389547566,3.0,-0.29133387695,-0.2184176413,0.0863030236,0
1823,0.0,-0.00985457335,1.0,-0.1899837104,-0.14962707144999998,0.14858224565,0
1824,0.0,0.04020489745,3.0,-0.28413329365,-0.2494474309,0.07581436265,0
1825,0.0,0.034825391,4.0,-0.22224628595,-0.15757607955,0.08247078485,0
1826,0.0,0.040501578100000005,3.0,-0.29080324935,-0.27561503675,0.07359336424999999,0
1827,2.0,0.055994923700000004,4.0,-0.2412405904,-0.1024142254,0.08319723899999998,1
1828,1.0,0.0418031787,3.0,-0.217193566,-0.14556937450000001,0.092671829,1
1829,0.0,0.0384827346,1.0,-0.28038913610000005,-0.2618661416,0.07787548300000001,0
1830,1.0,0.044684947850000004,5.0,-0.22435737760000002,-0.11554754025,0.0941676172,1
1831,1.0,0.03306055805,3.0,-0.20395057989999998,-0.14692688035,0.1057022127,1
1832,0.0,-0.0040408655,3.0,-0.2255407882,-0.15335742930000001,0.14287814140000002,0
1833,0.0,0.04406224115,2.0,-0.28861884005000005,-0.2576631762,0.06686648,0
1834,0.0,0.03420634335,2.0,-0.17747359445,-0.164342067,0.08505446065,1
1835,1.0,0.0694104169,5.0,-0.12973601164999998,-0.08962466399999999,0.0650071538,1
1836,0.0,-0.07510205735,2.0,-0.2291122882,-0.1738071017,0.21787689655,0
1837,1.0,0.04407334515,3.0,-0.20765234765,-0.18560914895000002,0.09351557469999999,1
1838,0.0,0.0416517186,3.0,-0.31883961855,-0.2994755829,0.0656298232,0
1839,1.0,0.0584454375,3.0,-0.17113046485,-0.09715183325,0.07676253895,1
1840,0.0,0.033352544649999996,3.0,-0.28150402750000003,-0.2532587311,0.06605012839999999,0
1841,2.0,0.0593712319,4.0,-0.20387725285,-0.1797022923,0.07499568455,1
1842,2.0,0.0556647471,4.0,-0.21216813745000002,-0.20066611564999998,0.07999434355,1
1843,0.0,0.03106275655,2.0,-0.19263805565,-0.1333965219,0.10544869709999999,1
1844,2.0,0.06845829165,2.0,-0.1272818,-0.07379137105,0.0658642263,1
1845,1.0,0.049760154050000005,3.0,-0.21285808815,-0.13531508655,0.09019461244999999,1
1846,2.0,0.0551484187,4.0,-0.17646944385,-0.13397546835000002,0.05923673215,1
1847,2.0,0.060069752399999995,4.0,-0.18125514795,-0.15723708050000001,0.07265669885,1
1848,0.0,-0.00358752205,1.0,-0.23730142110000002,-0.1787274654,0.13194069165,0
1849,0.0,-0.0106614316,1.0,-0.17349852135,-0.16824477515,0.1490223503,0
1850,1.0,0.05039393285,3.0,-0.2004935625,-0.14692200815,0.0793842649,1
1851,0.0,0.060053458000000004,3.0,-0.2640652403,-0.1882567039,0.06304122274999999,0
1852,1.0,0.0644392302,3.0,-0.214306265,-0.15912732419999998,0.07334416145,1
1853,1.0,0.051996398400000005,3.0,-0.26009542015,-0.21499452070000002,0.07046597225,0
1854,0.0,0.029941967200000003,2.0,-0.19640461215,-0.1465701699,0.09766978675000001,1
1855,0.0,0.0385504371,4.0,-0.27827975375,-0.26180465685,0.08276301724999999,0
1856,0.0,-0.0391163975,1.0,-0.188977551,-0.16910104815,0.1779447361,0
1857,2.0,0.0596616715,4.0,-0.22325518095000002,-0.06892029745,0.07339119654999998,1
1858,0.0,0.0318612324,4.0,-0.2805986669,-0.2551513781,0.0898200953,0
1859,0.0,0.07125157835,2.0,-0.2377284826,-0.23234387995,0.04699559295,0
1860,0.0,0.0084092423,3.0,-0.1993472034,-0.14087841625,0.1163844159,0
1861,0.0,0.03337877175,3.0,-0.30336601085,-0.29579404345,0.0684180533,0
1862,0.0,0.031416979149999996,2.0,-0.26089603019999996,-0.13600394285,0.11198810495,1
1863,1.0,0.0340750262,3.0,-0.19566357255,-0.16927467195,0.10098023885,1
1864,1.0,0.053139064449999995,5.0,-0.19529285154999998,-0.14839751195,0.08504556790000001,1
1865,0.0,0.036771271349999995,2.0,-0.2747122214,-0.2460226672,0.07115408035,0
1866,0.0,0.0348134851,1.0,-0.29065595229999996,-0.2618922108,0.08472381,0
1867,0.0,0.034594451750000005,1.0,-0.31071569215,-0.2917767548,0.1051738888,0
1868,0.0,0.02041330455,3.0,-0.2328184131,-0.1714879426,0.1084342069,0
1869,0.0,0.04884989645,2.0,-0.2745606849,-0.2697965057,0.07364348685,0
1870,0.0,0.03820941275,2.0,-0.17540155224999998,-0.11193771705,0.08750468205,1
1871,0.0,0.01766710675,2.0,-0.18745484555,-0.14782972685,0.1044871496,1
1872,1.0,0.053764914999999996,5.0,-0.19460344675000002,-0.18043592915,0.06744646935000001,1
1873,0.0,0.0372549014,3.0,-0.1911534907,-0.113221853,0.077765382,1
1874,1.0,0.03908770865,3.0,-0.21338514279999998,-0.15964933905,0.0807471921,1
1875,0.0,0.0421714561,1.0,-0.2724586439,-0.25390229715,0.07560245195000001,0
1876,0.0,0.0373041974,3.0,-0.37051858825,-0.3213112653,0.09477708915,0
1877,1.0,0.0450023509,5.0,-0.15960173160000002,-0.12508158815,0.09712012395,1
1878,2.0,0.0407599032,4.0,-0.2064968118,-0.17934564,0.09117271895,1
1879,0.0,0.033030553500000004,3.0,-0.26457046605,-0.18854523415000002,0.09677200189999999,0
1880,1.0,0.04797940625,3.0,-0.2106793205,-0.10903847345,0.08786640674999999,1
1881,0.0,0.00636579585,3.0,-0.18011901149999998,-0.16707248915,0.12069944815,0
1882,0.0,0.0361325285,3.0,-0.2853390548,-0.24868190375,0.07444020130000001,0
1883,0.0,0.0363484172,4.0,-0.19617190820000002,-0.08723061030000001,0.10388299809999998,1
1884,0.0,0.03459192765,4.0,-0.262995144,-0.24899262325,0.08003291500000001,0
1885,0.0,0.030890446199999998,3.0,-0.30873051134999996,-0.26432564540000003,0.09765929735000001,0
1886,0.0,0.05208838955,4.0,-0.306247793,-0.2714427549,0.0618108187,0
1887,0.0,0.0361514416,2.0,-0.3121698242,-0.29102932595,0.07396902315000001,0
1888,1.0,0.060998633,5.0,-0.2413833092,-0.172404887,0.0752286597,1
1889,0.0,0.0056666545500000005,2.0,-0.19904290275,-0.1620500427,0.13759028385,1
1890,0.0,0.03080934285,4.0,-0.3651550457,-0.28604284905,0.11422108745000001,0
1891,0.0,-0.0405233894,1.0,-0.2368123936,-0.1911363371,0.178819206,1
1892,1.0,0.054311408549999995,3.0,-0.20446402195,-0.17713663515,0.0610677422,1
1893,0.0,0.02824455495,3.0,-0.31443853450000003,-0.29421416325,0.1025116448,0
1894,0.0,0.03877937955,3.0,-0.24735832140000003,-0.21690387575,0.07666963045,0
1895,0.0,0.019478006899999997,2.0,-0.1847422648,-0.0921033614,0.1173713435,1
1896,0.0,0.04997366295,2.0,-0.34178254659999996,-0.3341366221,0.07786619835,0
1897,0.0,-0.04427937775,4.0,-0.24553089395,-0.17116264744999998,0.1833148664,0
1898,2.0,0.0493540305,2.0,-0.2175158291,-0.1994680948,0.07400577575,1
1899,0.0,0.043318620599999996,1.0,-0.30083651985000004,-0.2703873835,0.07807362065,1
1900,0.0,0.039884149650000006,3.0,-0.27838457935,-0.25972717879999996,0.08425594619999999,0
1901,1.0,0.04737106885,3.0,-0.22971612354999998,-0.16093248835,0.08953497285,1
1902,0.0,0.032280843850000004,3.0,-0.33356596235,-0.3079064362,0.07726181725,0
1903,0.0,0.009236195400000001,1.0,-0.21470045895,-0.16769137475,0.11093372165,0
1904,0.0,0.0452333101,2.0,-0.30753619085,-0.25221318270000004,0.06972348775,1
1905,0.0,0.0270980267,1.0,-0.31862772959999996,-0.28067278149999997,0.08665837735,0
1906,0.0,0.034441179700000005,3.0,-0.3484422839,-0.34104431465,0.08690689525,0
1907,0.0,0.0262342248,1.0,-0.361215962,-0.27096020455000003,0.0899650607,0
1908,0.0,0.03659963365,1.0,-0.30002860995,-0.23430023555,0.08513371759999999,0
1909,0.0,0.0326634585,4.0,-0.27836678355,-0.19276998385,0.0837517379,0
1910,0.0,-0.00772038095,1.0,-0.19327548475,-0.11852400945,0.143100277,0
1911,0.0,0.03518510665,3.0,-0.24290506635,-0.19253055645,0.08082403850000001,0
1912,0.0,0.04428175345,3.0,-0.31285526255,-0.29633620735,0.062345871299999994,0
1913,0.0,0.023083076350000002,3.0,-0.25140463435000004,-0.2112802077,0.09745331545,0
1914,0.0,0.0295219865,2.0,-0.18601663595,-0.17404737955,0.1010560023,1
1915,1.0,0.0517321447,1.0,-0.21958193609999999,-0.18011484989999998,0.05895506290000001,0
1916,0.0,0.0405450225,3.0,-0.28964086885,-0.2750987678,0.0798898055,0
1917,2.0,0.055394652350000004,4.0,-0.22126137535,-0.1786347024,0.0837581828,1
1918,1.0,0.02807746325,3.0,-0.21855714615,-0.16042085174999998,0.10143222605,1
1919,0.0,0.0223720892,2.0,-0.21905826709999998,-0.17204807090000002,0.11981187455,1
1920,0.0,0.041026845699999995,1.0,-0.31534548895000003,-0.2828786207,0.0776598307,0
1921,0.0,0.0377638471,1.0,-0.294864555,-0.29101855595000004,0.0674649923,0
1922,1.0,0.021092810349999998,3.0,-0.1953088314,-0.16061852275,0.11963834029999999,1
1923,0.0,-0.07853351115000001,1.0,-0.2527402702,-0.21247591995,0.20043529355,0
1924,0.0,0.042500839400000004,5.0,-0.2778298439,-0.23415049015,0.0728553757,0
1925,1.0,0.04303203635,3.0,-0.22946047495,-0.159076511,0.09634575320000001,1
1926,1.0,0.037805978500000004,3.0,-0.1973203855,-0.17526110945,0.10440577175,1
1927,0.0,0.0319590892,3.0,-0.3242264062,-0.32342257065,0.0894170441,0
1928,0.0,0.02992666755,3.0,-0.31191519815,-0.2903590875,0.0872680367,0
1929,0.0,0.043120805400000004,3.0,-0.27453125489999997,-0.2548050125,0.07758081080000001,0
1930,0.0,0.0073659061500000005,1.0,-0.18252068300000002,-0.16265603395,0.12499743319999998,0
1931,0.0,0.03515148865,1.0,-0.23279173855000002,-0.17344083475,0.08922510325000002,1
1932,0.0,0.027300729699999998,2.0,-0.22139558264999998,-0.1644111636,0.09532352535,1
1933,0.0,0.024403274699999998,3.0,-0.34779926819999996,-0.290213547,0.10767422204999999,0
1934,0.0,-0.00584039385,2.0,-0.2274000558,-0.18150755185,0.14182309534999998,1
1935,2.0,0.05116972424999999,4.0,-0.2124891338,-0.0762317405,0.08121290810000001,1
1936,1.0,0.047793705000000006,5.0,-0.15391995575,-0.09113259130000001,0.0845510323,1
1937,0.0,0.03776984335,1.0,-0.26552309695,-0.24454707755,0.08440695185,0
1938,0.0,0.0141619843,2.0,-0.22672952889999998,-0.16833987314999999,0.121777478,1
1939,0.0,0.0409007469,1.0,-0.31155731509999995,-0.25099545310000004,0.07612151069999999,0
1940,1.0,0.0467091308,3.0,-0.2200521881,-0.18663194570000002,0.0786399802,1
1941,2.0,0.0645843195,2.0,-0.24622909705,-0.1438109419,0.07639675070000002,1
1942,2.0,0.0471555042,2.0,-0.1971652195,-0.1214576433,0.1005074057,1
1943,1.0,0.04554071465,3.0,-0.18747924245,-0.172765245,0.07687667495,1
1944,0.0,0.0364037693,1.0,-0.19506535845,-0.08867755295,0.0899005722,1
1945,0.0,0.03998150855,3.0,-0.29906514095000003,-0.2725727277,0.0816591956,0
1946,0.0,0.032385018,4.0,-0.15779878775,-0.143813486,0.10609612530000001,1
1947,1.0,0.0358731542,3.0,-0.21028074785,-0.1958138687,0.10172028875,1
1948,0.0,0.04332378075,3.0,-0.3011662018,-0.254994086,0.07226312475,0
1949,2.0,0.06104492215,4.0,-0.20026997085,-0.1552768886,0.075148285,1
1950,4.0,-0.10110660875,6.0,-0.1345501623,-0.08119402044999999,0.04419806800000003,1
1951,0.0,0.037381254,1.0,-0.28413450185,-0.2662841254,0.07448866785,0
1952,2.0,0.05505964865,4.0,-0.2236109643,-0.11756710670000001,0.0825892594,1
1953,0.0,0.0424658636,3.0,-0.26775432795,-0.2668705999,0.07955208155,0
1954,0.0,0.02881827415,1.0,-0.15374700985,-0.110468821,0.1055735022,1
1955,0.0,0.03186090575,2.0,-0.19144610695,-0.172074805,0.08071750994999999,0
1956,0.0,0.03894104935,3.0,-0.28947617765,-0.2661709165,0.08583265670000001,0
1957,0.0,0.0276890625,4.0,-0.2531570801,-0.20189953265,0.09961036135000001,0
1958,0.0,0.032848071650000005,4.0,-0.29183715155,-0.24885347535000002,0.0867401525,0
1959,0.0,0.026964423600000002,2.0,-0.2295007252,-0.16453671625,0.0982161515,1
1960,2.0,0.05781609,4.0,-0.21904959865,-0.11086837364999999,0.0816500586,1
1961,0.0,0.0499594436,3.0,-0.26356169655,-0.23149416875,0.05748464034999999,0
1962,2.0,0.03056169515,4.0,-0.20910066835000002,-0.19388066525,0.10555877775,1
1963,1.0,0.04927369075,3.0,-0.19531649765,-0.1549828775,0.08899840275000001,1
1964,0.0,0.02970674225,1.0,-0.33755767189999997,-0.26858619245,0.1099825445,0
1965,0.0,0.038611550950000004,4.0,-0.28860359035,-0.254755385,0.08650671455000003,0
1966,0.0,0.0473188158,3.0,-0.32062340645,-0.29465148490000004,0.07760997745,0
1967,1.0,0.051010812899999994,3.0,-0.2535429627,-0.18158899914999999,0.07443740620000001,1
1968,0.0,0.042967171250000005,1.0,-0.2710901713,-0.2396016452,0.0717163176,0
1969,0.0,-0.014638866050000001,5.0,-0.22319986865,-0.17038342504999998,0.14295689665,0
1970,0.0,-0.04313750015,1.0,-0.2268542425,-0.21425010545,0.14631979434999998,0
1971,1.0,0.042712104,3.0,-0.20053865534999998,-0.1833636473,0.0858734548,1
1972,1.0,0.0682304879,4.0,-0.21692173295,-0.19954687165,0.0647181031,1
1973,0.0,0.0018560060500000001,3.0,-0.20630285645000002,-0.137409877,0.13662497215000002,0
1974,0.0,0.042574217250000004,1.0,-0.34965748815,-0.32564248939999996,0.061901893,0
1975,0.0,0.04186337205,1.0,-0.2662102617,-0.24236219315,0.06942969045,0
1976,0.0,0.0431929816,3.0,-0.2690841306,-0.19583036920000002,0.058282345949999995,1
1977,0.0,0.0356125461,2.0,-0.2973979254,-0.25914136835,0.09825812620000002,0
1978,2.0,0.05359756765,6.0,-0.24168465765,-0.09210443830000001,0.08059228600000001,1
1979,2.0,0.0632788052,3.0,-0.19671115165,-0.14740462455,0.07300746305,0
1980,0.0,-0.01842814475,1.0,-0.1761691325,-0.16074255615,0.13723651664999997,0
1981,0.0,0.0382677973,1.0,-0.26496099845,-0.21736992705000002,0.07509652420000001,0
1982,0.0,-0.027951388,3.0,-0.19958061915,-0.18963017545,0.16371957895,0
1983,0.0,0.029642800599999998,4.0,-0.21523743595,-0.15920792425000002,0.09266568605,0
1984,0.0,0.028181108599999997,4.0,-0.261701054,-0.2455731675,0.0979556805,0
1985,0.0,0.008927783049999999,1.0,-0.1883770831,-0.10080653935,0.11444780709999999,0
1986,0.0,0.02849982415,3.0,-0.2729230505,-0.1649555489,0.0907361916,0
1987,2.0,0.05887711605,4.0,-0.1678964037,-0.11756568684999999,0.07035065730000001,1
1988,0.0,0.05555642935,2.0,-0.19858184369999998,-0.15801601975000001,0.07329724085,0
1989,2.0,0.03660226975,2.0,-0.21686068585,-0.19341901615,0.08062052984999998,1
1990,0.0,0.04037450615,3.0,-0.2954496871,-0.28585840835,0.0774651687,0
1991,2.0,0.0465771906,4.0,-0.2462261381,-0.1175766898,0.1031255447,1
1992,0.0,0.02657835005,2.0,-0.2162808207,-0.1597891355,0.0964990888,1
1993,0.0,0.0247578055,3.0,-0.33160698955,-0.3001166191,0.10200241085,0
1994,0.0,0.027494309350000003,3.0,-0.23871664435,-0.2042316845,0.0885815231,0
1995,0.0,0.030585918099999998,4.0,-0.3032853185,-0.1878674665,0.0889459037,0
1996,0.0,-0.03818598485,1.0,-0.21994703235000002,-0.18496358405000002,0.15411722320000001,0
1997,1.0,0.02960187545,3.0,-0.22817649955,-0.15210453785,0.10214203505,1
1998,1.0,0.051682724,3.0,-0.21198334455,-0.19758608675,0.06809937854999999,1
1999,1.0,0.0609874284,3.0,-0.155797261,-0.11115533205,0.07978750765,1
