molecule,dalpha,dbeta
dsgdb9nsd_009571,0.9,1.6
dsgdb9nsd_009571,0.9,1.8
dsgdb9nsd_009571,1.2,1.3
dsgdb9nsd_009571,0.9,2.0
dsgdb9nsd_009571,0.9,1.6
dsgdb9nsd_009571,0.9,1.6
dsgdb9nsd_009571,1.3,0.2
dsgdb9nsd_009571,1.3,1.6
dsgdb9nsd_009571,0.9,1.8
dsgdb9nsd_009571,0.9,0.5
dsgdb9nsd_009571,1.0,0.1
dsgdb9nsd_009571,0.9,2.0
dsgdb9nsd_009571,0.7,1.6
dsgdb9nsd_009571,1.2,0.9
dsgdb9nsd_009571,0.9,1.6
dsgdb9nsd_009571,1.1,0.6
dsgdb9nsd_009571,0.9,1.6
dsgdb9nsd_072161,0.2,0.0
dsgdb9nsd_072161,0.2,0.0
dsgdb9nsd_072161,0.2,0.0
dsgdb9nsd_072161,0.2,1.4
dsgdb9nsd_072161,0.2,0.0
dsgdb9nsd_002195,0.0,1.7
dsgdb9nsd_002195,0.0,1.7
dsgdb9nsd_002195,0.0,1.7
dsgdb9nsd_002195,0.0,1.5
dsgdb9nsd_002195,0.0,1.7
dsgdb9nsd_002195,0.0,1.7
dsgdb9nsd_002195,0.0,1.7
dsgdb9nsd_002195,0.0,1.7
dsgdb9nsd_002195,0.0,1.6
dsgdb9nsd_012155,0.1,1.3
dsgdb9nsd_012155,0.1,1.3
dsgdb9nsd_012155,0.1,1.4
dsgdb9nsd_012155,0.1,1.3
dsgdb9nsd_012155,0.1,1.4
dsgdb9nsd_003124,0.0,1.8
dsgdb9nsd_003124,0.0,1.8
dsgdb9nsd_003124,0.0,2.0
dsgdb9nsd_003124,0.0,1.9
dsgdb9nsd_003124,0.0,1.8
dsgdb9nsd_003124,0.0,1.9
dsgdb9nsd_003124,0.0,1.8
dsgdb9nsd_003124,0.0,1.3
dsgdb9nsd_003124,0.0,1.9
dsgdb9nsd_003124,0.0,1.8
dsgdb9nsd_125406,0.0,2.0
dsgdb9nsd_125406,0.0,2.0
dsgdb9nsd_125406,0.0,2.0
dsgdb9nsd_125406,0.0,2.0
dsgdb9nsd_125406,0.0,2.0
dsgdb9nsd_096872,0.0,0.3
dsgdb9nsd_096872,0.0,0.3
dsgdb9nsd_096872,0.0,0.3
dsgdb9nsd_096872,0.0,0.3
dsgdb9nsd_096872,0.0,0.3
dsgdb9nsd_096872,0.0,0.3
dsgdb9nsd_096872,0.0,0.4
dsgdb9nsd_096872,0.0,0.5
dsgdb9nsd_028531,1.1,0.6
dsgdb9nsd_028531,1.1,1.1
dsgdb9nsd_028531,1.1,0.7
dsgdb9nsd_028531,1.1,0.6
dsgdb9nsd_028531,1.1,0.6
dsgdb9nsd_028531,1.6,1.4
dsgdb9nsd_062484,0.0,1.1
dsgdb9nsd_062484,0.0,1.1
dsgdb9nsd_062484,0.0,1.1
dsgdb9nsd_062484,0.0,1.1
dsgdb9nsd_062484,0.0,1.1
dsgdb9nsd_062484,0.0,1.1
dsgdb9nsd_027382,0.9,1.5
dsgdb9nsd_027382,0.9,1.5
dsgdb9nsd_027382,1.9,1.5
dsgdb9nsd_027382,0.9,0.2
dsgdb9nsd_027382,0.5,1.5
dsgdb9nsd_027382,0.5,1.5
dsgdb9nsd_027382,0.5,1.7
dsgdb9nsd_027382,1.8,1.5
dsgdb9nsd_027382,0.9,1.4
dsgdb9nsd_027382,1.4,1.5
dsgdb9nsd_027382,1.2,1.9
dsgdb9nsd_027382,0.9,0.8
dsgdb9nsd_027382,0.9,0.3
dsgdb9nsd_027382,1.5,1.4
dsgdb9nsd_027382,0.9,1.5
dsgdb9nsd_027382,0.7,0.8
dsgdb9nsd_027382,2.0,1.5
dsgdb9nsd_027382,1.7,1.0
dsgdb9nsd_027382,1.0,1.5
dsgdb9nsd_027382,1.2,1.5
dsgdb9nsd_010858,0.0,1.1
dsgdb9nsd_010858,0.0,0.9
dsgdb9nsd_010858,0.0,1.1
dsgdb9nsd_010858,0.0,1.1
dsgdb9nsd_010858,0.0,1.1
dsgdb9nsd_010858,0.0,1.1
dsgdb9nsd_087693,1.2,1.9
dsgdb9nsd_087693,1.4,0.0
dsgdb9nsd_087693,1.4,1.6
dsgdb9nsd_087693,1.4,1.8
dsgdb9nsd_087693,1.0,1.8
dsgdb9nsd_087693,1.4,1.9
dsgdb9nsd_087693,1.4,1.8
dsgdb9nsd_087693,1.2,1.7
dsgdb9nsd_087693,1.2,0.7
dsgdb9nsd_087693,1.4,1.8
dsgdb9nsd_087693,1.5,1.4
dsgdb9nsd_087693,1.1,1.8
dsgdb9nsd_087693,0.8,1.9
dsgdb9nsd_007630,0.0,1.9
dsgdb9nsd_007630,0.0,1.9
dsgdb9nsd_007414,0.7,0.4
dsgdb9nsd_007414,0.7,0.4
dsgdb9nsd_007414,0.7,1.5
dsgdb9nsd_007414,0.8,0.1
dsgdb9nsd_007414,0.8,1.8
dsgdb9nsd_007414,0.8,2.0
dsgdb9nsd_007414,0.8,1.8
dsgdb9nsd_007414,0.8,1.8
dsgdb9nsd_007414,1.0,1.8
dsgdb9nsd_007414,0.9,1.8
dsgdb9nsd_042694,1.3,0.3
dsgdb9nsd_042694,0.6,0.5
dsgdb9nsd_042694,0.6,0.5
dsgdb9nsd_042694,0.7,0.3
dsgdb9nsd_042694,1.3,0.2
dsgdb9nsd_042694,1.0,0.3
dsgdb9nsd_042694,1.2,1.3
dsgdb9nsd_042694,1.0,0.3
dsgdb9nsd_042694,1.0,0.7
dsgdb9nsd_042694,1.0,0.3
dsgdb9nsd_042694,1.6,1.9
dsgdb9nsd_042694,1.0,0.7
dsgdb9nsd_042694,1.2,1.0
dsgdb9nsd_042694,1.2,1.9
dsgdb9nsd_042694,1.0,0.3
dsgdb9nsd_002825,0.0,1.9
dsgdb9nsd_002825,0.0,1.9
dsgdb9nsd_009238,0.5,0.9
dsgdb9nsd_009238,0.5,0.9
dsgdb9nsd_009238,0.5,0.9
dsgdb9nsd_009238,0.5,0.9
dsgdb9nsd_096852,0.0,0.9
dsgdb9nsd_096852,0.0,0.7
dsgdb9nsd_096852,0.0,0.7
dsgdb9nsd_096852,0.0,0.7
dsgdb9nsd_096852,0.0,0.7
dsgdb9nsd_093867,0.0,1.8
dsgdb9nsd_093867,0.0,1.8
dsgdb9nsd_093867,0.0,1.8
dsgdb9nsd_093867,0.0,1.8
dsgdb9nsd_093867,0.0,1.6
dsgdb9nsd_093867,0.0,1.8
dsgdb9nsd_093867,0.0,1.8
dsgdb9nsd_093867,0.0,1.6
dsgdb9nsd_000514,0.4,1.1
dsgdb9nsd_000514,0.4,0.0
dsgdb9nsd_000514,0.4,0.0
dsgdb9nsd_000514,0.4,0.0
dsgdb9nsd_000514,0.4,0.0
dsgdb9nsd_000514,0.4,0.0
dsgdb9nsd_014884,0.2,1.0
dsgdb9nsd_014884,0.1,0.0
dsgdb9nsd_014884,0.0,0.7
dsgdb9nsd_014884,0.2,0.0
dsgdb9nsd_014884,0.3,0.0
dsgdb9nsd_014884,0.3,1.7
dsgdb9nsd_014884,0.0,1.6
dsgdb9nsd_014884,0.0,1.1
dsgdb9nsd_014884,0.3,1.8
dsgdb9nsd_014884,0.1,1.9
dsgdb9nsd_109494,0.0,1.1
dsgdb9nsd_109494,0.0,1.1
dsgdb9nsd_109494,0.0,1.1
dsgdb9nsd_109494,0.0,0.8
dsgdb9nsd_109494,0.0,0.8
dsgdb9nsd_109494,0.0,0.9
dsgdb9nsd_109494,0.0,0.8
dsgdb9nsd_109494,0.0,0.8
dsgdb9nsd_011018,0.0,1.3
dsgdb9nsd_011018,0.0,1.3
dsgdb9nsd_011018,0.0,1.3
dsgdb9nsd_011018,0.0,1.3
dsgdb9nsd_004621,0.0,1.1
dsgdb9nsd_004621,0.0,1.1
dsgdb9nsd_004621,0.0,1.1
dsgdb9nsd_004621,0.0,1.1
dsgdb9nsd_004621,0.0,0.9
dsgdb9nsd_004621,0.0,1.8
dsgdb9nsd_002684,0.0,1.0
dsgdb9nsd_002684,0.0,1.1
dsgdb9nsd_002684,0.0,1.1
dsgdb9nsd_002684,0.0,1.1
dsgdb9nsd_002684,0.0,1.1
dsgdb9nsd_002684,0.0,1.1
dsgdb9nsd_002684,0.0,1.1
dsgdb9nsd_002684,0.0,1.2
dsgdb9nsd_012518,0.0,1.1
dsgdb9nsd_012518,0.0,1.1
dsgdb9nsd_012518,0.0,1.1
dsgdb9nsd_012518,0.0,1.2
dsgdb9nsd_012518,0.0,1.8
dsgdb9nsd_012518,0.0,1.6
dsgdb9nsd_012518,0.0,1.1
dsgdb9nsd_131254,0.7,0.4
dsgdb9nsd_131254,0.7,0.4
dsgdb9nsd_131254,0.7,1.2
dsgdb9nsd_131254,0.5,0.4
dsgdb9nsd_131254,0.7,0.4
dsgdb9nsd_005233,0.0,0.8
dsgdb9nsd_005233,0.0,0.8
dsgdb9nsd_005233,0.0,0.8
dsgdb9nsd_005233,0.0,0.8
dsgdb9nsd_005233,0.0,0.9
dsgdb9nsd_002024,1.2,0.7
dsgdb9nsd_002024,1.4,1.5
dsgdb9nsd_002024,1.2,1.3
dsgdb9nsd_002024,1.2,0.9
dsgdb9nsd_002024,1.2,1.9
dsgdb9nsd_002024,1.2,1.3
dsgdb9nsd_002024,1.2,0.0
dsgdb9nsd_002024,1.2,1.3
dsgdb9nsd_002024,1.2,1.6
dsgdb9nsd_002024,1.2,0.8
dsgdb9nsd_002024,1.3,0.2
dsgdb9nsd_002024,1.2,0.1
dsgdb9nsd_002024,1.2,0.4
dsgdb9nsd_002024,1.1,1.3
dsgdb9nsd_002024,1.3,1.3
dsgdb9nsd_002024,1.2,0.2
dsgdb9nsd_002024,1.2,1.3
dsgdb9nsd_002024,1.5,1.4
dsgdb9nsd_002024,0.9,2.0
dsgdb9nsd_002024,1.6,1.6
dsgdb9nsd_002024,1.2,1.3
dsgdb9nsd_002024,1.2,1.3
dsgdb9nsd_002024,1.2,1.1
dsgdb9nsd_002024,1.2,0.5
dsgdb9nsd_002024,1.2,1.3
dsgdb9nsd_013489,0.0,1.3
dsgdb9nsd_013489,0.0,1.3
dsgdb9nsd_013489,0.0,1.1
dsgdb9nsd_013489,0.0,1.2
dsgdb9nsd_013489,0.0,1.8
dsgdb9nsd_013489,0.0,1.3
dsgdb9nsd_013489,0.0,1.3
dsgdb9nsd_013489,0.0,1.3
dsgdb9nsd_013489,0.0,1.8
dsgdb9nsd_020853,0.0,0.1
dsgdb9nsd_020853,0.0,0.1
dsgdb9nsd_020853,0.0,0.1
dsgdb9nsd_012246,0.0,0.7
dsgdb9nsd_012246,0.0,0.7
dsgdb9nsd_012246,0.0,1.1
dsgdb9nsd_012246,0.0,1.1
dsgdb9nsd_012246,0.0,1.1
dsgdb9nsd_012246,0.0,0.8
dsgdb9nsd_012246,0.0,0.7
dsgdb9nsd_011973,0.1,1.9
dsgdb9nsd_011973,0.1,1.9
dsgdb9nsd_011973,0.1,2.0
dsgdb9nsd_011973,0.1,1.7
dsgdb9nsd_011973,0.1,1.9
dsgdb9nsd_011973,0.1,1.9
dsgdb9nsd_011973,0.1,1.9
dsgdb9nsd_000293,0.0,1.7
dsgdb9nsd_000293,0.0,1.7
dsgdb9nsd_000293,0.0,1.7
dsgdb9nsd_000293,0.0,1.7
dsgdb9nsd_000293,0.0,1.7
dsgdb9nsd_000293,0.0,1.7
dsgdb9nsd_002200,0.0,0.7
dsgdb9nsd_002200,0.0,0.7
dsgdb9nsd_002200,0.0,0.9
dsgdb9nsd_002200,0.0,0.7
dsgdb9nsd_002200,0.0,0.7
dsgdb9nsd_002200,0.0,0.8
dsgdb9nsd_002200,0.0,0.7
dsgdb9nsd_002200,0.0,0.7
dsgdb9nsd_002200,0.0,0.7
dsgdb9nsd_077709,0.4,1.7
dsgdb9nsd_077709,0.4,1.2
dsgdb9nsd_077709,0.4,1.9
dsgdb9nsd_077709,0.4,1.2
dsgdb9nsd_000422,0.0,0.7
dsgdb9nsd_000422,0.0,0.7
dsgdb9nsd_000422,0.0,0.7
dsgdb9nsd_000422,0.0,0.7
dsgdb9nsd_000422,0.0,0.8
dsgdb9nsd_000422,0.0,0.7
dsgdb9nsd_000422,0.0,0.7
dsgdb9nsd_000422,0.0,0.9
dsgdb9nsd_000422,0.0,0.7
dsgdb9nsd_053893,0.2,1.5
dsgdb9nsd_053893,0.3,1.3
dsgdb9nsd_053893,0.2,1.3
dsgdb9nsd_053893,0.2,1.3
dsgdb9nsd_053893,0.2,1.3
dsgdb9nsd_053893,0.2,1.1
dsgdb9nsd_053893,0.2,1.3
dsgdb9nsd_053893,0.2,1.4
dsgdb9nsd_053893,0.2,1.3
dsgdb9nsd_053893,0.5,1.7
dsgdb9nsd_053893,0.2,1.3
dsgdb9nsd_053893,0.5,1.7
dsgdb9nsd_000193,0.5,1.0
dsgdb9nsd_000193,0.5,1.0
dsgdb9nsd_000193,0.5,1.0
dsgdb9nsd_000193,0.5,1.0
dsgdb9nsd_000193,0.4,1.5
dsgdb9nsd_000193,0.5,1.0
dsgdb9nsd_000193,0.5,1.0
dsgdb9nsd_000193,0.5,1.0
dsgdb9nsd_079992,0.0,1.2
dsgdb9nsd_079992,0.0,1.0
dsgdb9nsd_079992,0.0,1.1
dsgdb9nsd_079992,0.0,1.2
dsgdb9nsd_020856,0.0,1.1
dsgdb9nsd_020856,0.0,1.1
dsgdb9nsd_020856,0.0,1.1
dsgdb9nsd_020856,0.0,1.1
dsgdb9nsd_020856,0.0,1.1
dsgdb9nsd_001853,0.0,0.9
dsgdb9nsd_001853,0.0,1.1
dsgdb9nsd_001853,0.0,0.9
dsgdb9nsd_001853,0.0,1.1
dsgdb9nsd_001853,0.0,1.1
dsgdb9nsd_001853,0.0,1.1
dsgdb9nsd_001853,0.0,1.1
dsgdb9nsd_001853,0.0,0.9
dsgdb9nsd_001853,0.0,1.1
dsgdb9nsd_001853,0.0,0.9
dsgdb9nsd_008132,1.2,0.0
dsgdb9nsd_008132,1.3,0.2
dsgdb9nsd_008132,1.3,0.2
dsgdb9nsd_008132,1.7,0.1
dsgdb9nsd_008132,1.3,0.7
dsgdb9nsd_008132,1.4,0.3
dsgdb9nsd_008132,1.3,0.1
dsgdb9nsd_008132,1.3,0.4
dsgdb9nsd_008132,1.3,0.1
dsgdb9nsd_008132,1.3,0.0
dsgdb9nsd_008132,1.3,0.2
dsgdb9nsd_008132,1.3,0.5
dsgdb9nsd_002678,0.2,0.5
dsgdb9nsd_002678,0.2,0.5
dsgdb9nsd_002678,0.2,0.5
dsgdb9nsd_002678,0.2,0.7
dsgdb9nsd_002678,0.2,0.5
dsgdb9nsd_002678,0.2,0.7
dsgdb9nsd_002678,0.2,0.5
dsgdb9nsd_002678,0.2,0.7
dsgdb9nsd_002678,0.2,0.5
dsgdb9nsd_002678,0.2,0.5
dsgdb9nsd_004037,0.0,1.1
dsgdb9nsd_004037,0.0,1.1
dsgdb9nsd_004037,0.0,1.1
dsgdb9nsd_062911,1.2,0.2
dsgdb9nsd_110128,0.9,1.1
dsgdb9nsd_110128,0.9,1.1
dsgdb9nsd_110128,0.8,1.5
dsgdb9nsd_110128,0.7,1.1
dsgdb9nsd_110128,0.8,1.9
dsgdb9nsd_110128,0.9,1.1
dsgdb9nsd_110128,0.9,1.1
dsgdb9nsd_110128,0.8,1.9
dsgdb9nsd_110128,0.9,0.8
dsgdb9nsd_110128,0.8,1.5
dsgdb9nsd_110128,0.8,2.0
dsgdb9nsd_110128,0.9,0.4
dsgdb9nsd_027847,0.5,0.8
dsgdb9nsd_027847,0.5,1.3
dsgdb9nsd_027847,0.6,0.8
dsgdb9nsd_027847,0.5,0.8
dsgdb9nsd_027847,0.5,1.7
dsgdb9nsd_027847,0.5,0.8
dsgdb9nsd_055711,0.7,0.4
dsgdb9nsd_055711,0.6,0.3
dsgdb9nsd_055711,0.7,0.4
dsgdb9nsd_055711,0.6,0.3
dsgdb9nsd_055711,0.7,0.4
dsgdb9nsd_055711,0.6,0.1
dsgdb9nsd_055711,0.7,0.4
dsgdb9nsd_107071,0.0,0.4
dsgdb9nsd_107071,0.0,0.3
dsgdb9nsd_107071,0.0,0.4
dsgdb9nsd_107071,0.0,0.4
dsgdb9nsd_107071,0.0,0.4
dsgdb9nsd_107071,0.0,0.4
dsgdb9nsd_075574,0.6,0.0
dsgdb9nsd_075574,0.6,0.0
dsgdb9nsd_075574,0.6,0.0
dsgdb9nsd_075574,0.6,0.0
dsgdb9nsd_023662,1.2,1.5
dsgdb9nsd_023662,0.6,1.6
dsgdb9nsd_023662,1.0,0.2
dsgdb9nsd_023662,1.3,0.2
dsgdb9nsd_023662,1.0,1.7
dsgdb9nsd_023662,1.0,1.2
dsgdb9nsd_023662,1.4,0.3
dsgdb9nsd_023662,1.0,0.2
dsgdb9nsd_023662,1.0,1.7
dsgdb9nsd_023662,1.0,0.2
dsgdb9nsd_023662,1.0,0.2
dsgdb9nsd_023662,1.3,1.4
dsgdb9nsd_023662,1.3,1.6
dsgdb9nsd_023662,1.3,0.2
dsgdb9nsd_023662,1.1,0.7
dsgdb9nsd_023662,1.0,0.9
dsgdb9nsd_023662,1.3,0.1
dsgdb9nsd_023662,1.2,1.9
dsgdb9nsd_023662,1.0,0.2
dsgdb9nsd_000068,1.1,0.0
dsgdb9nsd_000068,1.1,0.6
dsgdb9nsd_000068,1.1,1.9
dsgdb9nsd_000068,1.2,1.9
dsgdb9nsd_000068,1.1,0.6
dsgdb9nsd_000068,1.0,0.6
dsgdb9nsd_000068,1.1,2.0
dsgdb9nsd_000068,1.1,1.8
dsgdb9nsd_000068,1.1,0.6
dsgdb9nsd_000068,1.1,1.2
dsgdb9nsd_000068,1.1,0.7
dsgdb9nsd_000068,1.3,0.2
dsgdb9nsd_000068,1.1,0.2
dsgdb9nsd_000068,1.1,0.6
dsgdb9nsd_000068,1.1,1.0
dsgdb9nsd_000068,1.4,2.0
dsgdb9nsd_000068,1.1,1.7
dsgdb9nsd_000068,1.1,0.6
dsgdb9nsd_000068,1.0,0.5
dsgdb9nsd_000068,1.2,0.2
dsgdb9nsd_000068,1.1,0.2
dsgdb9nsd_000068,1.1,0.6
dsgdb9nsd_000068,1.1,1.3
dsgdb9nsd_000068,1.1,0.6
dsgdb9nsd_000329,0.0,1.9
dsgdb9nsd_000329,0.0,1.7
dsgdb9nsd_000329,0.0,1.9
dsgdb9nsd_000329,0.0,1.9
dsgdb9nsd_000329,0.0,1.3
dsgdb9nsd_000329,0.0,1.9
dsgdb9nsd_000329,0.0,1.9
dsgdb9nsd_000329,0.0,1.9
dsgdb9nsd_000329,0.0,1.8
dsgdb9nsd_000329,0.0,1.9
dsgdb9nsd_000329,0.0,1.5
dsgdb9nsd_003431,0.0,0.1
dsgdb9nsd_003431,0.0,0.1
dsgdb9nsd_003431,0.0,0.1
dsgdb9nsd_003431,0.0,0.3
dsgdb9nsd_003431,0.0,0.3
dsgdb9nsd_003431,0.0,0.1
dsgdb9nsd_003431,0.0,0.3
dsgdb9nsd_013325,0.0,1.8
dsgdb9nsd_013325,0.0,1.8
dsgdb9nsd_013325,0.0,1.8
dsgdb9nsd_013325,0.0,1.2
dsgdb9nsd_013325,0.0,1.8
dsgdb9nsd_013325,0.0,1.8
dsgdb9nsd_013325,0.0,1.8
dsgdb9nsd_001941,1.0,1.5
dsgdb9nsd_001941,1.1,1.2
dsgdb9nsd_001941,1.0,1.5
dsgdb9nsd_001941,1.0,2.0
dsgdb9nsd_001941,1.0,2.0
dsgdb9nsd_001941,1.1,1.2
dsgdb9nsd_001941,1.0,1.5
dsgdb9nsd_001941,1.0,1.5
dsgdb9nsd_001941,1.0,1.5
dsgdb9nsd_001941,1.0,2.0
dsgdb9nsd_001941,1.0,1.2
dsgdb9nsd_001941,1.0,1.8
dsgdb9nsd_001941,1.0,1.5
dsgdb9nsd_001941,1.1,1.2
dsgdb9nsd_001941,0.7,1.5
dsgdb9nsd_001941,1.0,2.0
dsgdb9nsd_001941,1.0,1.8
dsgdb9nsd_043152,0.0,0.8
dsgdb9nsd_043152,0.0,0.8
dsgdb9nsd_043152,0.0,0.7
dsgdb9nsd_043152,0.0,0.8
dsgdb9nsd_043152,0.0,0.7
dsgdb9nsd_043152,0.0,0.8
dsgdb9nsd_043152,0.0,0.8
dsgdb9nsd_009631,1.2,0.5
dsgdb9nsd_009631,1.2,0.5
dsgdb9nsd_009631,1.2,1.4
dsgdb9nsd_009631,1.2,1.9
dsgdb9nsd_009631,1.2,1.5
dsgdb9nsd_009631,1.2,0.5
dsgdb9nsd_009631,1.3,0.2
dsgdb9nsd_009631,1.2,0.7
dsgdb9nsd_009631,1.2,0.5
dsgdb9nsd_009631,1.2,1.9
dsgdb9nsd_009631,1.2,0.5
dsgdb9nsd_009631,1.2,0.5
dsgdb9nsd_009631,1.2,1.3
dsgdb9nsd_009631,1.0,0.5
dsgdb9nsd_009631,1.2,0.0
dsgdb9nsd_009631,1.2,1.9
dsgdb9nsd_009631,1.6,0.6
dsgdb9nsd_009631,1.2,0.8
dsgdb9nsd_012169,0.0,1.6
dsgdb9nsd_005379,0.0,0.6
dsgdb9nsd_005379,0.0,0.6
dsgdb9nsd_015980,0.0,1.1
dsgdb9nsd_015980,0.0,1.1
dsgdb9nsd_015980,0.0,1.1
dsgdb9nsd_015980,0.0,1.1
dsgdb9nsd_015980,0.0,1.1
dsgdb9nsd_102484,0.0,1.1
dsgdb9nsd_102484,0.0,1.1
dsgdb9nsd_102484,0.0,0.9
dsgdb9nsd_102484,0.0,1.1
dsgdb9nsd_102484,0.0,1.1
dsgdb9nsd_102484,0.0,0.9
dsgdb9nsd_102484,0.0,0.9
dsgdb9nsd_102484,0.0,1.1
dsgdb9nsd_102484,0.0,1.1
dsgdb9nsd_066904,0.1,2.0
dsgdb9nsd_066904,0.1,2.0
dsgdb9nsd_066904,0.1,1.9
dsgdb9nsd_066904,0.1,1.9
dsgdb9nsd_066904,0.1,2.0
dsgdb9nsd_001778,0.0,1.9
dsgdb9nsd_001778,0.0,1.9
dsgdb9nsd_001778,0.0,1.8
dsgdb9nsd_001778,0.0,1.9
dsgdb9nsd_001778,0.0,1.8
dsgdb9nsd_001778,0.0,1.8
dsgdb9nsd_001778,0.0,1.8
dsgdb9nsd_001778,0.0,1.3
dsgdb9nsd_001778,0.0,1.8
dsgdb9nsd_001778,0.0,1.8
dsgdb9nsd_001778,0.0,1.8
dsgdb9nsd_019345,0.0,1.8
dsgdb9nsd_019345,0.0,1.8
dsgdb9nsd_130199,0.0,1.4
dsgdb9nsd_130199,0.0,1.1
dsgdb9nsd_130199,0.0,1.3
dsgdb9nsd_130199,0.0,1.2
dsgdb9nsd_130199,0.0,1.2
dsgdb9nsd_130199,0.0,1.2
dsgdb9nsd_130199,0.0,0.9
dsgdb9nsd_043099,0.0,1.4
dsgdb9nsd_043099,0.0,1.1
dsgdb9nsd_043099,0.0,0.9
dsgdb9nsd_043099,0.0,0.9
dsgdb9nsd_043099,0.0,1.3
dsgdb9nsd_043099,0.0,0.9
dsgdb9nsd_043099,0.0,0.9
dsgdb9nsd_043099,0.0,1.1
dsgdb9nsd_043099,0.0,0.9
dsgdb9nsd_043099,0.0,0.9
dsgdb9nsd_037584,0.0,1.8
dsgdb9nsd_037584,0.0,1.8
dsgdb9nsd_037584,0.0,1.8
dsgdb9nsd_037584,0.0,1.8
dsgdb9nsd_037584,0.0,1.8
dsgdb9nsd_037584,0.0,1.8
dsgdb9nsd_004045,0.0,0.3
dsgdb9nsd_004045,0.0,0.3
dsgdb9nsd_004045,0.0,0.3
dsgdb9nsd_004045,0.0,0.3
dsgdb9nsd_004045,0.0,0.3
dsgdb9nsd_004045,0.0,0.3
dsgdb9nsd_002670,0.0,0.8
dsgdb9nsd_011999,0.0,2.0
dsgdb9nsd_011999,0.0,2.0
dsgdb9nsd_011999,0.0,2.0
dsgdb9nsd_059322,0.0,0.7
dsgdb9nsd_059322,0.0,0.7
dsgdb9nsd_059322,0.0,0.9
dsgdb9nsd_059322,0.0,0.8
dsgdb9nsd_059322,0.0,0.7
dsgdb9nsd_059322,0.0,0.7
dsgdb9nsd_059322,0.0,0.7
dsgdb9nsd_059322,0.0,0.7
dsgdb9nsd_059322,0.0,0.7
dsgdb9nsd_000258,1.0,0.2
dsgdb9nsd_000258,1.2,0.7
dsgdb9nsd_000258,0.9,0.2
dsgdb9nsd_000258,1.3,0.2
dsgdb9nsd_000258,1.2,1.9
dsgdb9nsd_000258,1.2,0.2
dsgdb9nsd_000258,1.2,0.2
dsgdb9nsd_000258,1.3,1.4
dsgdb9nsd_000258,1.2,0.2
dsgdb9nsd_000258,1.2,0.2
dsgdb9nsd_000258,1.3,0.2
dsgdb9nsd_000258,1.5,0.2
dsgdb9nsd_000258,1.3,0.2
dsgdb9nsd_000258,1.1,1.1
dsgdb9nsd_000258,1.2,0.2
dsgdb9nsd_000258,1.3,1.0
dsgdb9nsd_000258,1.3,1.6
dsgdb9nsd_000258,1.3,0.1
dsgdb9nsd_000258,1.2,1.5
dsgdb9nsd_000258,1.3,0.7
dsgdb9nsd_000258,1.2,0.0
dsgdb9nsd_000258,1.3,0.2
dsgdb9nsd_000258,1.3,0.2
dsgdb9nsd_000258,1.3,0.2
dsgdb9nsd_000258,1.3,0.2
dsgdb9nsd_000258,1.3,0.5
dsgdb9nsd_000423,0.0,1.2
dsgdb9nsd_000423,0.0,1.2
dsgdb9nsd_000423,0.0,1.2
dsgdb9nsd_000423,0.0,1.3
dsgdb9nsd_000423,0.0,1.2
dsgdb9nsd_002235,0.0,0.9
dsgdb9nsd_002235,0.0,0.9
dsgdb9nsd_002235,0.0,0.9
dsgdb9nsd_002235,0.0,0.9
dsgdb9nsd_019834,0.0,0.8
dsgdb9nsd_019834,0.0,0.8
dsgdb9nsd_019834,0.0,0.7
dsgdb9nsd_019834,0.0,0.7
dsgdb9nsd_019834,0.0,0.7
dsgdb9nsd_019834,0.0,0.7
dsgdb9nsd_063895,0.0,1.9
dsgdb9nsd_063895,0.0,1.9
dsgdb9nsd_063895,0.0,1.9
dsgdb9nsd_063895,0.0,1.9
dsgdb9nsd_063895,0.0,1.9
dsgdb9nsd_000609,1.3,0.2
dsgdb9nsd_000609,1.2,1.7
dsgdb9nsd_000609,1.2,1.9
dsgdb9nsd_000609,1.2,1.9
dsgdb9nsd_000609,0.5,1.7
dsgdb9nsd_000609,1.0,1.5
dsgdb9nsd_000609,1.0,0.9
dsgdb9nsd_000609,1.3,0.2
dsgdb9nsd_000609,1.0,0.8
dsgdb9nsd_000609,1.0,1.5
dsgdb9nsd_000609,1.0,1.6
dsgdb9nsd_000609,1.0,1.6
dsgdb9nsd_000609,1.0,1.6
dsgdb9nsd_000609,1.0,1.6
dsgdb9nsd_000609,1.0,1.6
dsgdb9nsd_000609,1.0,0.0
dsgdb9nsd_000609,1.0,1.6
dsgdb9nsd_000609,0.8,1.6
dsgdb9nsd_000609,0.9,0.3
dsgdb9nsd_000609,1.2,1.0
dsgdb9nsd_000609,1.0,1.1
dsgdb9nsd_000609,1.0,1.6
dsgdb9nsd_000609,1.0,2.0
dsgdb9nsd_000224,0.0,1.6
dsgdb9nsd_000224,0.0,1.6
dsgdb9nsd_001674,0.0,0.5
dsgdb9nsd_001674,0.0,0.3
dsgdb9nsd_001674,0.0,0.3
dsgdb9nsd_001674,0.0,0.3
dsgdb9nsd_001674,0.0,0.4
dsgdb9nsd_001674,0.0,0.3
dsgdb9nsd_001674,0.0,0.3
dsgdb9nsd_001674,0.0,0.3
dsgdb9nsd_001674,0.0,0.3
dsgdb9nsd_033724,0.1,1.9
dsgdb9nsd_033724,0.1,1.9
dsgdb9nsd_033724,0.1,1.9
dsgdb9nsd_033724,0.1,1.9
dsgdb9nsd_033724,0.0,1.9
dsgdb9nsd_010897,0.0,1.8
dsgdb9nsd_010897,0.0,1.9
dsgdb9nsd_010897,0.0,1.8
dsgdb9nsd_010897,0.1,1.9
dsgdb9nsd_010897,0.0,1.8
dsgdb9nsd_010897,0.0,1.9
dsgdb9nsd_010897,0.0,1.8
dsgdb9nsd_010897,0.0,1.8
dsgdb9nsd_010897,0.0,1.3
dsgdb9nsd_010897,0.0,1.8
dsgdb9nsd_022359,0.0,0.9
dsgdb9nsd_022359,0.0,0.8
dsgdb9nsd_022359,0.0,0.8
dsgdb9nsd_022359,0.0,0.8
dsgdb9nsd_022359,0.0,0.8
dsgdb9nsd_022359,0.0,0.8
dsgdb9nsd_002134,0.0,1.1
dsgdb9nsd_002134,0.0,1.0
dsgdb9nsd_002134,0.0,1.1
dsgdb9nsd_002134,0.0,1.1
dsgdb9nsd_002134,0.0,1.1
dsgdb9nsd_002134,0.0,1.1
dsgdb9nsd_002134,0.0,1.2
dsgdb9nsd_002134,0.0,1.1
dsgdb9nsd_002134,0.0,1.1
dsgdb9nsd_029276,0.4,1.3
dsgdb9nsd_029276,0.4,1.3
dsgdb9nsd_029276,0.4,1.3
dsgdb9nsd_002824,0.5,1.3
dsgdb9nsd_002824,0.8,1.8
dsgdb9nsd_002824,0.8,1.8
dsgdb9nsd_002824,0.5,1.8
dsgdb9nsd_002824,0.8,1.8
dsgdb9nsd_002824,0.5,1.8
dsgdb9nsd_002824,0.5,1.8
dsgdb9nsd_002824,0.5,1.8
dsgdb9nsd_015983,0.0,1.1
dsgdb9nsd_015983,0.0,1.1
dsgdb9nsd_015983,0.0,1.1
dsgdb9nsd_015983,0.0,1.1
dsgdb9nsd_015983,0.0,1.1
dsgdb9nsd_015983,0.0,1.1
dsgdb9nsd_015983,0.0,1.0
dsgdb9nsd_056233,0.5,1.3
dsgdb9nsd_056233,0.5,0.1
dsgdb9nsd_056233,0.5,1.5
dsgdb9nsd_056233,1.0,1.1
dsgdb9nsd_056233,0.9,1.7
dsgdb9nsd_056233,0.5,1.7
dsgdb9nsd_056233,0.5,1.1
dsgdb9nsd_056233,0.5,1.1
dsgdb9nsd_056233,0.9,1.7
dsgdb9nsd_056233,0.8,1.8
dsgdb9nsd_056233,0.5,1.7
dsgdb9nsd_056233,0.5,1.1
dsgdb9nsd_056233,0.5,1.1
dsgdb9nsd_056233,0.5,1.7
dsgdb9nsd_015557,0.0,1.2
dsgdb9nsd_015557,0.0,1.8
dsgdb9nsd_015557,0.0,1.2
dsgdb9nsd_015557,0.0,1.8
dsgdb9nsd_015557,0.0,1.2
dsgdb9nsd_015557,0.0,1.2
dsgdb9nsd_015557,0.0,1.3
dsgdb9nsd_126075,1.1,0.6
dsgdb9nsd_126075,1.1,0.6
dsgdb9nsd_126075,1.1,0.6
dsgdb9nsd_126075,1.1,0.6
dsgdb9nsd_113065,1.4,1.4
dsgdb9nsd_113065,1.2,1.9
dsgdb9nsd_113065,1.2,1.4
dsgdb9nsd_113065,1.2,1.9
dsgdb9nsd_113065,1.3,0.2
dsgdb9nsd_113065,1.2,1.4
dsgdb9nsd_113065,1.2,1.4
dsgdb9nsd_113065,1.4,1.9
dsgdb9nsd_113065,1.2,0.0
dsgdb9nsd_113065,1.2,1.4
dsgdb9nsd_113065,1.2,1.9
dsgdb9nsd_113065,0.9,1.4
dsgdb9nsd_113065,1.3,0.2
dsgdb9nsd_113065,1.7,0.1
dsgdb9nsd_113065,1.2,1.4
dsgdb9nsd_113065,1.5,1.4
dsgdb9nsd_113065,1.2,1.4
dsgdb9nsd_113065,1.6,1.9
dsgdb9nsd_113065,1.2,1.9
dsgdb9nsd_128714,0.0,1.1
dsgdb9nsd_128714,0.0,1.1
dsgdb9nsd_128714,0.0,1.1
dsgdb9nsd_128714,0.0,1.1
dsgdb9nsd_004905,0.0,1.5
dsgdb9nsd_004905,0.0,1.5
dsgdb9nsd_004905,0.0,1.5
dsgdb9nsd_004905,0.0,1.5
dsgdb9nsd_004905,0.0,1.9
dsgdb9nsd_004905,0.0,1.5
dsgdb9nsd_004905,0.0,1.9
dsgdb9nsd_004166,0.0,1.9
dsgdb9nsd_004166,0.0,1.9
dsgdb9nsd_004166,0.0,1.9
dsgdb9nsd_003441,0.0,2.0
dsgdb9nsd_003441,0.0,2.0
dsgdb9nsd_062721,0.1,0.0
dsgdb9nsd_062721,0.1,0.0
dsgdb9nsd_062721,0.1,0.0
dsgdb9nsd_062721,0.1,0.0
dsgdb9nsd_062721,0.1,0.0
dsgdb9nsd_002155,0.0,1.8
dsgdb9nsd_002155,0.2,2.0
dsgdb9nsd_002155,0.0,1.9
dsgdb9nsd_002155,0.2,2.0
dsgdb9nsd_002155,0.0,1.9
dsgdb9nsd_002155,0.0,1.8
dsgdb9nsd_002155,0.2,2.0
dsgdb9nsd_002155,0.0,1.8
dsgdb9nsd_002155,0.0,1.9
dsgdb9nsd_002155,0.2,2.0
dsgdb9nsd_002155,0.2,2.0
dsgdb9nsd_002155,0.2,2.0
dsgdb9nsd_016093,0.0,1.4
dsgdb9nsd_016093,0.0,1.1
dsgdb9nsd_016093,0.0,1.2
dsgdb9nsd_016093,0.0,1.2
dsgdb9nsd_016093,0.0,0.9
dsgdb9nsd_016093,0.0,0.9
dsgdb9nsd_016093,0.0,0.9
dsgdb9nsd_016093,0.0,1.2
dsgdb9nsd_016093,0.0,0.9
dsgdb9nsd_072210,0.5,1.5
dsgdb9nsd_072210,0.5,1.3
dsgdb9nsd_072210,0.5,1.5
dsgdb9nsd_072210,0.5,1.3
dsgdb9nsd_072210,0.5,1.3
dsgdb9nsd_072210,0.5,1.5
dsgdb9nsd_072210,0.5,1.5
dsgdb9nsd_012552,0.0,0.7
dsgdb9nsd_012552,0.0,0.9
dsgdb9nsd_012552,0.0,1.1
dsgdb9nsd_012552,0.0,1.1
dsgdb9nsd_012552,0.0,1.0
dsgdb9nsd_012552,0.0,1.1
dsgdb9nsd_012552,0.0,0.5
dsgdb9nsd_012552,0.0,1.1
dsgdb9nsd_012552,0.0,1.1
dsgdb9nsd_040299,0.1,1.6
dsgdb9nsd_040299,0.1,0.4
dsgdb9nsd_040299,0.1,0.3
dsgdb9nsd_040299,0.1,0.7
dsgdb9nsd_040299,0.1,0.3
dsgdb9nsd_040299,0.1,0.4
dsgdb9nsd_040299,0.1,0.4
dsgdb9nsd_040299,0.1,1.4
dsgdb9nsd_040299,0.1,0.3
dsgdb9nsd_040299,0.1,1.3
dsgdb9nsd_040299,0.1,0.4
dsgdb9nsd_040299,0.1,0.4
dsgdb9nsd_040299,0.1,1.0
dsgdb9nsd_018588,0.7,2.0
dsgdb9nsd_018588,0.7,1.6
dsgdb9nsd_018588,0.7,2.0
dsgdb9nsd_018588,0.7,2.0
dsgdb9nsd_018588,0.7,2.0
dsgdb9nsd_018588,0.7,1.6
dsgdb9nsd_018588,0.7,2.0
dsgdb9nsd_018588,0.7,1.6
dsgdb9nsd_039149,0.4,0.2
dsgdb9nsd_039149,0.7,1.7
dsgdb9nsd_039149,0.0,1.2
dsgdb9nsd_039149,0.0,1.1
dsgdb9nsd_039149,0.0,0.7
dsgdb9nsd_039149,0.1,0.0
dsgdb9nsd_039149,0.4,0.3
dsgdb9nsd_039149,0.2,0.0
dsgdb9nsd_039149,0.0,1.1
dsgdb9nsd_039149,0.5,1.5
dsgdb9nsd_039149,0.3,0.2
dsgdb9nsd_039149,0.2,0.2
dsgdb9nsd_039149,0.2,1.1
dsgdb9nsd_039149,0.4,1.1
dsgdb9nsd_039149,0.3,0.0
dsgdb9nsd_075959,0.0,1.7
dsgdb9nsd_075959,0.0,1.9
dsgdb9nsd_075959,0.0,1.9
dsgdb9nsd_075959,0.0,1.7
dsgdb9nsd_075959,0.0,1.7
dsgdb9nsd_075959,0.0,1.9
dsgdb9nsd_075959,0.0,1.8
dsgdb9nsd_067735,0.0,0.8
dsgdb9nsd_067735,0.0,0.8
dsgdb9nsd_067735,0.0,0.8
dsgdb9nsd_067735,0.0,0.8
dsgdb9nsd_067735,0.0,0.8
dsgdb9nsd_067735,0.0,0.8
dsgdb9nsd_067735,0.0,0.8
dsgdb9nsd_002640,0.0,1.2
dsgdb9nsd_002640,0.0,1.2
dsgdb9nsd_002640,0.0,0.8
dsgdb9nsd_002640,0.0,0.8
dsgdb9nsd_002640,0.0,1.2
dsgdb9nsd_002640,0.0,0.8
dsgdb9nsd_002640,0.0,1.2
dsgdb9nsd_002640,0.0,1.2
dsgdb9nsd_002640,0.0,1.2
dsgdb9nsd_002640,0.0,0.8
dsgdb9nsd_002640,0.0,0.7
dsgdb9nsd_002640,0.0,1.3
dsgdb9nsd_002640,0.0,0.8
dsgdb9nsd_002640,0.0,1.2
dsgdb9nsd_000147,1.5,0.9
dsgdb9nsd_000147,1.2,1.3
dsgdb9nsd_000147,1.4,0.1
dsgdb9nsd_000147,1.2,1.3
dsgdb9nsd_000147,1.4,0.1
dsgdb9nsd_000147,1.9,1.2
dsgdb9nsd_000147,1.4,1.0
dsgdb9nsd_000147,1.4,0.0
dsgdb9nsd_000147,1.6,0.1
dsgdb9nsd_000147,1.4,0.1
dsgdb9nsd_000147,1.4,1.4
dsgdb9nsd_000147,1.4,1.7
dsgdb9nsd_000147,1.3,0.2
dsgdb9nsd_000147,1.4,1.2
dsgdb9nsd_000147,1.4,0.1
dsgdb9nsd_000147,1.2,1.9
dsgdb9nsd_000147,1.4,0.1
dsgdb9nsd_000147,1.2,1.0
dsgdb9nsd_000147,1.4,0.1
dsgdb9nsd_000147,1.4,1.8
dsgdb9nsd_000147,1.6,1.9
dsgdb9nsd_000147,1.4,0.4
dsgdb9nsd_000147,1.4,1.6
dsgdb9nsd_000147,1.4,0.1
dsgdb9nsd_000147,1.6,0.1
dsgdb9nsd_000147,1.6,0.1
dsgdb9nsd_000147,1.7,0.3
dsgdb9nsd_000147,2.0,2.0
dsgdb9nsd_000147,1.2,1.9
dsgdb9nsd_128830,0.0,1.6
dsgdb9nsd_128830,0.0,1.6
dsgdb9nsd_128830,0.0,1.6
dsgdb9nsd_128830,0.0,1.6
dsgdb9nsd_128830,0.0,1.6
dsgdb9nsd_020363,0.0,1.2
dsgdb9nsd_020363,0.0,1.2
dsgdb9nsd_020363,0.0,1.2
dsgdb9nsd_020363,0.0,1.1
dsgdb9nsd_020363,0.0,1.3
dsgdb9nsd_020363,0.0,1.2
dsgdb9nsd_020363,0.0,1.1
dsgdb9nsd_020363,0.0,1.2
dsgdb9nsd_020363,0.0,1.3
dsgdb9nsd_020363,0.0,1.2
dsgdb9nsd_093271,0.0,1.2
dsgdb9nsd_093271,0.0,1.2
dsgdb9nsd_093271,0.0,1.2
dsgdb9nsd_093271,0.0,1.3
dsgdb9nsd_000239,1.3,0.1
dsgdb9nsd_000239,1.4,0.3
dsgdb9nsd_000239,1.3,0.2
dsgdb9nsd_000239,0.7,1.3
dsgdb9nsd_000239,1.3,0.5
dsgdb9nsd_000239,1.3,1.3
dsgdb9nsd_000239,1.3,0.2
dsgdb9nsd_000239,1.2,0.2
dsgdb9nsd_000239,1.3,0.2
dsgdb9nsd_000239,1.3,0.2
dsgdb9nsd_000239,1.3,0.2
dsgdb9nsd_000239,1.3,0.2
dsgdb9nsd_000239,1.1,1.1
dsgdb9nsd_000239,0.8,0.2
dsgdb9nsd_000239,1.0,0.2
dsgdb9nsd_000239,0.8,1.4
dsgdb9nsd_000239,1.3,2.0
dsgdb9nsd_000239,1.1,0.6
dsgdb9nsd_000239,1.3,0.7
dsgdb9nsd_000239,1.2,1.9
dsgdb9nsd_000239,1.3,1.4
dsgdb9nsd_000239,1.3,0.2
dsgdb9nsd_000239,1.3,0.0
dsgdb9nsd_000239,1.5,0.2
dsgdb9nsd_000239,1.3,1.0
dsgdb9nsd_016937,0.0,0.9
dsgdb9nsd_016937,0.0,1.1
dsgdb9nsd_016937,0.0,0.9
dsgdb9nsd_016937,0.0,1.1
dsgdb9nsd_019185,0.7,0.5
dsgdb9nsd_019185,1.0,0.5
dsgdb9nsd_019185,1.1,0.6
dsgdb9nsd_019185,1.1,1.2
dsgdb9nsd_019185,0.7,0.5
dsgdb9nsd_019185,0.7,0.5
dsgdb9nsd_019185,0.7,0.2
dsgdb9nsd_019185,1.0,0.5
dsgdb9nsd_019185,1.0,0.5
dsgdb9nsd_019185,1.1,0.6
dsgdb9nsd_129651,0.2,0.0
dsgdb9nsd_129651,0.5,1.7
dsgdb9nsd_129651,0.2,1.0
dsgdb9nsd_129651,0.3,1.8
dsgdb9nsd_129651,0.5,1.5
dsgdb9nsd_129651,0.4,1.1
dsgdb9nsd_003693,0.0,0.8
dsgdb9nsd_003693,0.0,0.8
dsgdb9nsd_003693,0.0,0.8
dsgdb9nsd_039956,0.0,1.1
dsgdb9nsd_039956,0.0,1.1
dsgdb9nsd_039956,0.0,1.1
dsgdb9nsd_012626,0.0,0.7
dsgdb9nsd_012626,0.0,0.3
dsgdb9nsd_012626,0.0,0.3
dsgdb9nsd_012626,0.0,0.3
dsgdb9nsd_099007,0.7,0.7
dsgdb9nsd_099007,1.0,1.1
dsgdb9nsd_099007,1.1,1.0
dsgdb9nsd_099007,1.0,0.8
dsgdb9nsd_099007,1.0,1.1
dsgdb9nsd_099007,1.0,1.8
dsgdb9nsd_099007,0.9,1.8
dsgdb9nsd_099007,1.0,1.1
dsgdb9nsd_099007,0.7,1.8
dsgdb9nsd_099007,1.0,0.4
dsgdb9nsd_099007,0.7,1.8
dsgdb9nsd_099007,0.7,1.8
dsgdb9nsd_099007,0.7,1.8
dsgdb9nsd_099007,1.2,1.9
dsgdb9nsd_099007,0.7,0.4
dsgdb9nsd_099007,0.9,1.8
dsgdb9nsd_099007,0.7,1.8
dsgdb9nsd_099007,0.9,1.8
dsgdb9nsd_002793,1.2,1.3
dsgdb9nsd_002793,1.2,0.7
dsgdb9nsd_002793,1.2,1.9
dsgdb9nsd_002793,1.2,1.3
dsgdb9nsd_002793,1.2,1.1
dsgdb9nsd_002793,1.2,1.6
dsgdb9nsd_002793,1.2,1.3
dsgdb9nsd_002793,1.2,1.3
dsgdb9nsd_002793,1.2,0.9
dsgdb9nsd_020402,0.0,1.2
dsgdb9nsd_020402,0.0,1.2
dsgdb9nsd_020402,0.0,1.2
dsgdb9nsd_020402,0.0,1.2
dsgdb9nsd_085842,0.0,0.3
dsgdb9nsd_085842,0.0,0.3
dsgdb9nsd_085842,0.0,0.3
dsgdb9nsd_085842,0.0,0.3
dsgdb9nsd_085842,0.0,0.3
dsgdb9nsd_085842,0.0,0.3
dsgdb9nsd_020890,0.0,0.8
dsgdb9nsd_020890,0.0,0.7
dsgdb9nsd_020890,0.0,0.7
dsgdb9nsd_020890,0.0,0.8
dsgdb9nsd_020890,0.0,0.7
dsgdb9nsd_020890,0.0,0.8
dsgdb9nsd_020890,0.0,0.8
dsgdb9nsd_020890,0.0,0.8
dsgdb9nsd_020890,0.0,0.8
dsgdb9nsd_020890,0.0,0.8
dsgdb9nsd_014136,0.3,1.2
dsgdb9nsd_014136,0.3,1.2
dsgdb9nsd_014136,0.3,1.2
dsgdb9nsd_014136,0.3,1.2
dsgdb9nsd_032883,0.0,2.0
dsgdb9nsd_023751,0.3,0.0
dsgdb9nsd_023751,0.3,0.2
dsgdb9nsd_023751,0.3,0.0
dsgdb9nsd_023751,0.3,0.0
dsgdb9nsd_023751,0.3,0.2
dsgdb9nsd_023751,0.3,0.0
dsgdb9nsd_023751,0.3,0.0
dsgdb9nsd_002849,0.0,1.9
dsgdb9nsd_002849,0.0,1.9
dsgdb9nsd_020848,0.0,0.4
dsgdb9nsd_020848,0.0,0.4
dsgdb9nsd_020848,0.0,0.4
dsgdb9nsd_020848,0.0,0.4
dsgdb9nsd_017878,0.0,1.9
dsgdb9nsd_017878,0.0,1.7
dsgdb9nsd_017878,0.0,1.9
dsgdb9nsd_017878,0.0,1.9
dsgdb9nsd_017878,0.0,1.9
dsgdb9nsd_017878,0.0,1.9
dsgdb9nsd_049543,0.0,1.8
dsgdb9nsd_049543,0.0,1.8
dsgdb9nsd_049543,0.0,1.9
dsgdb9nsd_049543,0.0,1.9
dsgdb9nsd_049543,0.0,1.8
dsgdb9nsd_049543,0.0,1.8
dsgdb9nsd_049543,0.0,1.8
dsgdb9nsd_049543,0.0,1.8
dsgdb9nsd_017968,0.0,0.4
dsgdb9nsd_017968,0.0,0.4
dsgdb9nsd_067874,0.0,0.7
dsgdb9nsd_067874,0.0,0.7
dsgdb9nsd_067874,0.0,0.7
dsgdb9nsd_067874,0.0,0.7
dsgdb9nsd_067874,0.0,0.7
dsgdb9nsd_108170,0.0,1.8
dsgdb9nsd_108170,0.0,1.7
dsgdb9nsd_108170,0.0,1.8
dsgdb9nsd_069160,1.1,1.9
dsgdb9nsd_069160,0.8,1.1
dsgdb9nsd_069160,0.8,1.1
dsgdb9nsd_069160,0.8,1.1
dsgdb9nsd_069160,1.1,1.9
dsgdb9nsd_069160,0.8,0.2
dsgdb9nsd_069160,0.8,0.5
dsgdb9nsd_069160,1.1,1.9
dsgdb9nsd_015665,0.0,1.2
dsgdb9nsd_015665,0.0,1.3
dsgdb9nsd_015665,0.0,1.2
dsgdb9nsd_015665,0.0,1.0
dsgdb9nsd_015665,0.0,1.2
dsgdb9nsd_002780,1.2,1.9
dsgdb9nsd_002780,1.2,1.8
dsgdb9nsd_002780,1.5,1.0
dsgdb9nsd_002780,1.6,0.6
dsgdb9nsd_002780,1.2,2.0
dsgdb9nsd_002780,1.2,1.0
dsgdb9nsd_002780,1.2,1.9
dsgdb9nsd_002780,1.2,1.0
dsgdb9nsd_002780,1.2,1.3
dsgdb9nsd_002780,1.2,1.7
dsgdb9nsd_002780,1.2,0.0
dsgdb9nsd_002780,1.2,1.0
dsgdb9nsd_002780,1.2,1.0
dsgdb9nsd_002780,1.4,1.5
dsgdb9nsd_002780,1.2,0.1
dsgdb9nsd_002780,1.2,1.0
dsgdb9nsd_007908,0.0,1.0
dsgdb9nsd_007908,0.0,1.1
dsgdb9nsd_007908,0.0,1.1
dsgdb9nsd_007908,0.0,1.1
dsgdb9nsd_032613,0.0,0.9
dsgdb9nsd_032613,0.0,1.2
dsgdb9nsd_032613,0.0,1.2
dsgdb9nsd_032613,0.0,0.9
dsgdb9nsd_032613,0.0,0.9
dsgdb9nsd_032613,0.0,0.9
dsgdb9nsd_032613,0.0,1.2
dsgdb9nsd_032613,0.0,0.9
dsgdb9nsd_031522,0.0,1.7
dsgdb9nsd_031522,0.0,1.7
dsgdb9nsd_031522,0.0,1.7
dsgdb9nsd_031522,0.0,1.7
dsgdb9nsd_001908,0.0,1.1
dsgdb9nsd_001908,0.0,1.1
dsgdb9nsd_001908,0.0,1.1
dsgdb9nsd_001908,0.0,1.1
dsgdb9nsd_001908,0.0,0.9
dsgdb9nsd_001908,0.0,1.0
dsgdb9nsd_001908,0.0,1.2
dsgdb9nsd_001908,0.0,1.1
dsgdb9nsd_001908,0.0,1.1
dsgdb9nsd_001908,0.0,1.1
dsgdb9nsd_021151,0.0,1.3
dsgdb9nsd_021151,0.0,1.8
dsgdb9nsd_021151,0.0,1.3
dsgdb9nsd_021151,0.0,1.8
dsgdb9nsd_021151,0.0,1.8
dsgdb9nsd_021151,0.0,1.8
dsgdb9nsd_021151,0.0,1.3
dsgdb9nsd_021151,0.0,1.8
dsgdb9nsd_017713,0.0,1.1
dsgdb9nsd_017713,0.0,1.2
dsgdb9nsd_017713,0.0,1.1
dsgdb9nsd_017713,0.0,0.9
dsgdb9nsd_017713,0.0,0.9
dsgdb9nsd_017713,0.0,0.9
dsgdb9nsd_017713,0.0,0.9
dsgdb9nsd_017713,0.0,0.9
dsgdb9nsd_017713,0.0,1.2
dsgdb9nsd_017713,0.0,1.2
dsgdb9nsd_017713,0.0,0.9
dsgdb9nsd_003364,0.0,1.2
dsgdb9nsd_003364,0.0,1.2
dsgdb9nsd_003364,0.0,1.3
dsgdb9nsd_003364,0.0,1.2
dsgdb9nsd_000424,0.1,1.9
dsgdb9nsd_000424,0.1,1.9
dsgdb9nsd_000424,0.1,1.9
dsgdb9nsd_000424,0.1,1.9
dsgdb9nsd_000424,0.0,1.9
dsgdb9nsd_000424,0.1,1.9
dsgdb9nsd_000424,0.1,1.9
dsgdb9nsd_000424,0.1,1.9
dsgdb9nsd_000424,0.0,1.9
dsgdb9nsd_044923,0.8,2.0
dsgdb9nsd_044923,0.8,2.0
dsgdb9nsd_013865,0.0,0.3
dsgdb9nsd_013865,0.0,0.3
dsgdb9nsd_013865,0.0,0.3
dsgdb9nsd_013865,0.0,0.5
dsgdb9nsd_013865,0.0,0.3
dsgdb9nsd_017053,0.0,0.9
dsgdb9nsd_017053,0.0,0.9
dsgdb9nsd_017053,0.0,1.2
dsgdb9nsd_017053,0.0,0.9
dsgdb9nsd_017053,0.0,1.3
dsgdb9nsd_017053,0.0,0.9
dsgdb9nsd_017053,0.0,1.1
dsgdb9nsd_017053,0.0,0.9
dsgdb9nsd_017053,0.0,0.9
dsgdb9nsd_002159,0.0,1.1
dsgdb9nsd_002159,0.0,1.2
dsgdb9nsd_002159,0.0,1.1
dsgdb9nsd_002159,0.0,1.1
dsgdb9nsd_002159,0.0,1.1
dsgdb9nsd_002159,0.0,1.1
dsgdb9nsd_002159,0.0,1.0
dsgdb9nsd_002159,0.0,1.1
dsgdb9nsd_002159,0.0,1.1
dsgdb9nsd_000611,1.2,1.6
dsgdb9nsd_000611,0.8,1.8
dsgdb9nsd_000611,1.0,0.2
dsgdb9nsd_000611,1.5,1.1
dsgdb9nsd_000611,1.0,1.6
dsgdb9nsd_000611,0.8,0.1
dsgdb9nsd_000611,1.0,1.6
dsgdb9nsd_000611,1.0,0.0
dsgdb9nsd_000611,1.1,0.6
dsgdb9nsd_000611,1.0,1.6
dsgdb9nsd_000611,1.0,1.4
dsgdb9nsd_000611,1.0,1.6
dsgdb9nsd_000611,0.9,1.8
dsgdb9nsd_000611,1.0,1.6
dsgdb9nsd_000611,1.1,0.6
dsgdb9nsd_000611,1.6,0.6
dsgdb9nsd_000611,1.1,0.6
dsgdb9nsd_000611,0.8,1.8
dsgdb9nsd_000611,1.0,1.6
dsgdb9nsd_000611,1.1,1.2
dsgdb9nsd_000611,1.0,1.6
dsgdb9nsd_000611,1.7,0.3
dsgdb9nsd_000611,1.2,1.9
dsgdb9nsd_000611,1.0,0.1
dsgdb9nsd_000611,1.0,1.2
dsgdb9nsd_000611,0.8,2.0
dsgdb9nsd_000611,1.4,1.6
dsgdb9nsd_000611,1.3,0.2
dsgdb9nsd_004117,0.0,0.7
dsgdb9nsd_004117,0.0,0.9
dsgdb9nsd_004117,0.0,0.7
dsgdb9nsd_004117,0.0,0.7
dsgdb9nsd_004117,0.0,0.7
dsgdb9nsd_004117,0.0,0.7
dsgdb9nsd_020801,0.0,0.7
dsgdb9nsd_020801,0.0,0.7
dsgdb9nsd_020801,0.0,0.7
dsgdb9nsd_020801,0.0,0.7
dsgdb9nsd_020801,0.0,0.8
dsgdb9nsd_021551,0.0,1.2
dsgdb9nsd_021551,0.0,1.2
dsgdb9nsd_021551,0.0,1.4
dsgdb9nsd_021551,0.0,1.2
dsgdb9nsd_021551,0.0,1.1
dsgdb9nsd_028898,0.0,1.6
dsgdb9nsd_028898,0.0,1.6
dsgdb9nsd_002197,0.0,1.1
dsgdb9nsd_002197,0.0,0.8
dsgdb9nsd_002197,0.0,1.1
dsgdb9nsd_002197,0.0,0.9
dsgdb9nsd_002197,0.0,1.1
dsgdb9nsd_002197,0.0,0.8
dsgdb9nsd_002197,0.0,1.1
dsgdb9nsd_002197,0.0,1.1
dsgdb9nsd_002197,0.0,0.8
dsgdb9nsd_002197,0.0,1.2
dsgdb9nsd_002197,0.0,0.8
dsgdb9nsd_002197,0.0,0.8
dsgdb9nsd_002197,0.0,1.1
dsgdb9nsd_054061,0.0,1.1
dsgdb9nsd_054061,0.0,1.1
dsgdb9nsd_054061,0.0,1.1
dsgdb9nsd_054061,0.0,1.1
dsgdb9nsd_054061,0.0,1.2
dsgdb9nsd_054061,0.0,1.1
dsgdb9nsd_129663,0.0,1.2
dsgdb9nsd_129663,0.0,1.2
dsgdb9nsd_129663,0.0,1.4
dsgdb9nsd_129663,0.0,1.2
dsgdb9nsd_129663,0.0,1.2
dsgdb9nsd_129663,0.0,1.2
dsgdb9nsd_129663,0.0,1.2
dsgdb9nsd_002601,0.9,0.8
dsgdb9nsd_002601,1.3,0.2
dsgdb9nsd_002601,0.9,0.0
dsgdb9nsd_002601,1.2,0.7
dsgdb9nsd_002601,1.1,0.8
dsgdb9nsd_002601,1.2,1.9
dsgdb9nsd_002601,1.5,1.4
dsgdb9nsd_002601,1.2,1.7
dsgdb9nsd_002601,0.9,0.8
dsgdb9nsd_002601,1.2,1.9
dsgdb9nsd_002601,0.9,0.8
dsgdb9nsd_002601,1.4,1.9
dsgdb9nsd_002601,0.9,1.0
dsgdb9nsd_002601,0.9,0.8
dsgdb9nsd_002601,1.2,1.3
dsgdb9nsd_002601,0.9,0.8
dsgdb9nsd_002601,1.2,1.9
dsgdb9nsd_002601,1.2,1.9
dsgdb9nsd_002601,0.9,0.8
dsgdb9nsd_002601,0.9,0.8
dsgdb9nsd_002601,1.3,0.2
dsgdb9nsd_002601,0.9,0.3
dsgdb9nsd_002601,1.2,1.0
dsgdb9nsd_016942,0.7,1.6
dsgdb9nsd_016942,0.7,1.8
dsgdb9nsd_016942,0.7,2.0
dsgdb9nsd_016942,0.7,1.6
dsgdb9nsd_016942,0.7,0.1
dsgdb9nsd_016942,1.0,1.6
dsgdb9nsd_016942,0.7,1.6
dsgdb9nsd_016942,0.7,1.6
dsgdb9nsd_016942,0.7,1.6
dsgdb9nsd_016942,1.2,1.9
dsgdb9nsd_003753,0.8,2.0
dsgdb9nsd_003753,1.0,1.5
dsgdb9nsd_003753,0.8,0.2
dsgdb9nsd_003753,0.8,1.5
dsgdb9nsd_116061,0.0,1.2
dsgdb9nsd_116061,0.0,1.2
dsgdb9nsd_116061,0.0,1.2
dsgdb9nsd_116061,0.0,1.2
dsgdb9nsd_068062,0.2,0.8
dsgdb9nsd_068062,0.2,0.8
dsgdb9nsd_068062,0.2,0.8
dsgdb9nsd_129926,0.0,1.2
dsgdb9nsd_129926,0.0,1.2
dsgdb9nsd_129926,0.0,1.3
dsgdb9nsd_129926,0.0,1.2
dsgdb9nsd_129926,0.0,1.2
dsgdb9nsd_129926,0.0,1.1
dsgdb9nsd_129926,0.0,1.2
dsgdb9nsd_013594,0.0,1.2
dsgdb9nsd_000203,0.0,0.0
dsgdb9nsd_000203,0.0,0.0
dsgdb9nsd_000203,0.0,0.0
dsgdb9nsd_000203,0.0,0.0
dsgdb9nsd_000203,0.0,0.0
dsgdb9nsd_000203,0.0,0.0
dsgdb9nsd_000203,0.0,0.0
dsgdb9nsd_002668,0.5,0.1
dsgdb9nsd_002668,0.5,0.1
dsgdb9nsd_002668,0.5,0.1
dsgdb9nsd_002668,0.5,0.1
dsgdb9nsd_002668,0.5,0.1
dsgdb9nsd_002668,0.5,0.1
dsgdb9nsd_002668,0.5,0.1
dsgdb9nsd_126209,0.8,1.2
dsgdb9nsd_126209,0.8,1.2
dsgdb9nsd_126209,0.8,1.2
dsgdb9nsd_126209,0.8,1.2
dsgdb9nsd_020582,0.0,2.0
dsgdb9nsd_037208,0.6,0.0
dsgdb9nsd_037208,0.6,0.0
dsgdb9nsd_037208,0.6,0.0
dsgdb9nsd_037208,0.6,0.0
dsgdb9nsd_084281,0.0,0.3
dsgdb9nsd_084281,0.0,0.3
dsgdb9nsd_084281,0.0,0.3
dsgdb9nsd_084281,0.0,0.1
dsgdb9nsd_084281,0.0,0.1
dsgdb9nsd_084281,0.0,0.3
dsgdb9nsd_084281,0.0,0.1
dsgdb9nsd_010571,0.0,0.3
dsgdb9nsd_010571,0.0,0.3
dsgdb9nsd_010571,0.0,0.3
dsgdb9nsd_010571,0.0,0.3
dsgdb9nsd_010571,0.0,0.3
dsgdb9nsd_016755,0.5,1.0
dsgdb9nsd_016755,0.5,1.7
dsgdb9nsd_016755,0.5,1.2
dsgdb9nsd_016755,0.5,1.7
dsgdb9nsd_016755,0.5,1.7
dsgdb9nsd_016755,0.5,1.7
dsgdb9nsd_016755,0.5,1.7
dsgdb9nsd_016755,0.5,1.6
dsgdb9nsd_016755,0.5,1.2
dsgdb9nsd_127751,0.0,2.0
dsgdb9nsd_127751,0.0,2.0
dsgdb9nsd_127751,0.0,2.0
dsgdb9nsd_001777,0.1,1.9
dsgdb9nsd_001777,0.1,2.0
dsgdb9nsd_001777,0.1,2.0
dsgdb9nsd_001777,0.1,2.0
dsgdb9nsd_001777,0.1,2.0
dsgdb9nsd_001777,0.1,2.0
dsgdb9nsd_001777,0.1,1.9
dsgdb9nsd_001777,0.1,2.0
dsgdb9nsd_001777,0.1,1.9
dsgdb9nsd_001777,0.1,2.0
dsgdb9nsd_001777,0.1,1.9
dsgdb9nsd_007613,0.2,1.3
dsgdb9nsd_007613,0.2,1.0
dsgdb9nsd_007613,0.2,1.2
dsgdb9nsd_007613,0.2,0.7
dsgdb9nsd_007613,0.2,0.5
dsgdb9nsd_007613,0.2,0.7
dsgdb9nsd_007613,0.2,0.1
dsgdb9nsd_007613,0.2,0.7
dsgdb9nsd_007613,0.2,0.7
dsgdb9nsd_007613,0.2,0.7
dsgdb9nsd_007613,0.2,1.0
dsgdb9nsd_007613,0.2,0.0
dsgdb9nsd_007613,0.2,0.0
dsgdb9nsd_002077,0.0,1.1
dsgdb9nsd_002077,0.0,1.1
dsgdb9nsd_002077,0.0,1.1
dsgdb9nsd_002077,0.0,1.2
dsgdb9nsd_002077,0.0,1.1
dsgdb9nsd_002077,0.0,1.1
dsgdb9nsd_002077,0.0,1.0
dsgdb9nsd_002077,0.0,1.1
dsgdb9nsd_002077,0.0,1.1
dsgdb9nsd_002077,0.0,0.9
dsgdb9nsd_003794,0.0,1.1
dsgdb9nsd_003794,0.0,0.9
dsgdb9nsd_003794,0.0,1.1
dsgdb9nsd_003794,0.0,1.1
dsgdb9nsd_003794,0.0,0.7
dsgdb9nsd_006186,1.0,0.5
dsgdb9nsd_006186,0.9,0.4
dsgdb9nsd_006186,0.9,0.0
dsgdb9nsd_006186,0.9,0.5
dsgdb9nsd_006186,0.9,0.2
dsgdb9nsd_006186,0.9,0.5
dsgdb9nsd_006186,1.3,0.2
dsgdb9nsd_006186,1.1,0.6
dsgdb9nsd_006186,0.9,1.4
dsgdb9nsd_006186,0.9,0.5
dsgdb9nsd_006186,0.7,1.0
dsgdb9nsd_006186,0.9,1.4
dsgdb9nsd_006186,0.9,0.7
dsgdb9nsd_006186,1.2,1.9
dsgdb9nsd_006186,0.9,0.5
dsgdb9nsd_006186,0.9,0.5
dsgdb9nsd_006186,0.9,0.5
dsgdb9nsd_006186,1.1,0.6
dsgdb9nsd_006186,0.9,0.5
dsgdb9nsd_010269,0.0,2.0
dsgdb9nsd_010269,0.0,2.0
dsgdb9nsd_042642,0.0,1.1
dsgdb9nsd_042642,0.0,1.1
dsgdb9nsd_042642,0.0,1.1
dsgdb9nsd_042642,0.0,1.2
dsgdb9nsd_042642,0.0,1.1
dsgdb9nsd_002655,0.0,0.9
dsgdb9nsd_002655,0.0,0.9
dsgdb9nsd_003503,0.0,1.2
dsgdb9nsd_003503,0.0,0.9
dsgdb9nsd_003503,0.0,1.2
dsgdb9nsd_003503,0.0,0.9
dsgdb9nsd_003503,0.0,0.9
dsgdb9nsd_003503,0.0,1.2
dsgdb9nsd_003503,0.0,0.9
dsgdb9nsd_003503,0.0,0.9
dsgdb9nsd_002648,0.9,1.8
dsgdb9nsd_002648,1.1,1.9
dsgdb9nsd_002648,1.1,0.6
dsgdb9nsd_002648,0.9,1.7
dsgdb9nsd_002648,0.7,1.8
dsgdb9nsd_002648,0.9,1.8
dsgdb9nsd_002648,0.9,1.8
dsgdb9nsd_002648,0.6,1.8
dsgdb9nsd_002648,1.2,1.9
dsgdb9nsd_002648,0.9,0.2
dsgdb9nsd_002648,0.9,0.0
dsgdb9nsd_002648,0.9,1.8
dsgdb9nsd_002648,0.9,0.7
dsgdb9nsd_002648,0.9,1.8
dsgdb9nsd_002648,1.2,1.9
dsgdb9nsd_002648,1.1,1.9
dsgdb9nsd_002648,0.9,0.9
dsgdb9nsd_002648,0.9,1.8
dsgdb9nsd_002648,0.9,1.6
dsgdb9nsd_002648,1.0,1.8
dsgdb9nsd_002648,1.1,0.6
dsgdb9nsd_002648,0.9,1.5
dsgdb9nsd_002648,0.9,1.8
dsgdb9nsd_010775,0.0,0.3
dsgdb9nsd_010775,0.0,0.3
dsgdb9nsd_010775,0.0,0.3
dsgdb9nsd_010775,0.0,0.6
dsgdb9nsd_010775,0.0,0.3
dsgdb9nsd_010775,0.0,0.3
dsgdb9nsd_010775,0.0,0.3
dsgdb9nsd_095509,0.1,1.9
dsgdb9nsd_095509,0.1,1.9
dsgdb9nsd_095509,0.1,1.9
dsgdb9nsd_095509,0.1,2.0
dsgdb9nsd_095509,0.1,1.9
dsgdb9nsd_095509,0.1,1.9
dsgdb9nsd_095509,0.1,2.0
dsgdb9nsd_095509,0.1,2.0
dsgdb9nsd_095509,0.1,2.0
dsgdb9nsd_013516,0.0,1.2
dsgdb9nsd_013516,0.0,1.2
dsgdb9nsd_013516,0.0,1.2
dsgdb9nsd_013516,0.0,1.3
dsgdb9nsd_013516,0.0,1.3
dsgdb9nsd_007154,0.0,1.9
dsgdb9nsd_007154,0.0,1.9
dsgdb9nsd_000505,0.8,0.3
dsgdb9nsd_000505,0.8,0.3
dsgdb9nsd_000505,0.8,0.3
dsgdb9nsd_000505,0.8,0.3
dsgdb9nsd_000505,0.8,0.3
dsgdb9nsd_000505,0.8,0.3
dsgdb9nsd_000505,0.8,0.3
dsgdb9nsd_000505,0.8,1.5
dsgdb9nsd_007808,0.0,1.6
dsgdb9nsd_083352,0.0,0.9
dsgdb9nsd_083352,0.0,1.5
dsgdb9nsd_083352,0.0,1.5
dsgdb9nsd_083352,0.0,1.1
dsgdb9nsd_083352,0.0,1.2
dsgdb9nsd_083352,0.0,1.2
dsgdb9nsd_083352,0.0,1.1
dsgdb9nsd_083352,0.0,1.2
dsgdb9nsd_010717,0.0,1.1
dsgdb9nsd_010717,0.0,1.1
dsgdb9nsd_010717,0.0,1.0
dsgdb9nsd_010717,0.0,1.1
dsgdb9nsd_010717,0.0,1.1
dsgdb9nsd_010717,0.0,1.1
dsgdb9nsd_123859,1.1,2.0
dsgdb9nsd_123859,1.1,2.0
dsgdb9nsd_123859,1.1,2.0
dsgdb9nsd_123859,1.1,0.8
dsgdb9nsd_123859,1.1,2.0
dsgdb9nsd_010337,0.9,0.9
dsgdb9nsd_010337,1.2,1.9
dsgdb9nsd_010337,1.1,0.6
dsgdb9nsd_010337,0.9,1.4
dsgdb9nsd_010337,0.9,0.0
dsgdb9nsd_010337,0.9,0.8
dsgdb9nsd_011558,0.0,1.9
dsgdb9nsd_011558,0.0,1.8
dsgdb9nsd_011558,0.0,1.8
dsgdb9nsd_011558,0.0,1.8
dsgdb9nsd_011558,0.0,1.9
dsgdb9nsd_011558,0.0,1.8
dsgdb9nsd_024366,0.0,1.1
dsgdb9nsd_024366,0.0,1.1
dsgdb9nsd_024366,0.0,1.1
dsgdb9nsd_024366,0.0,1.1
dsgdb9nsd_000450,0.0,1.7
dsgdb9nsd_001427,1.2,1.9
dsgdb9nsd_001427,1.0,0.1
dsgdb9nsd_001427,0.8,1.9
dsgdb9nsd_001427,1.2,1.9
dsgdb9nsd_001427,1.0,1.1
dsgdb9nsd_001427,1.0,1.7
dsgdb9nsd_001427,1.0,0.1
dsgdb9nsd_001427,1.0,1.7
dsgdb9nsd_001427,1.0,2.0
dsgdb9nsd_001427,1.0,0.1
dsgdb9nsd_001427,1.0,1.0
dsgdb9nsd_001427,1.0,0.1
dsgdb9nsd_001427,1.0,0.9
dsgdb9nsd_001427,1.1,0.1
dsgdb9nsd_001427,1.0,0.1
dsgdb9nsd_001427,1.2,1.9
dsgdb9nsd_001427,1.2,1.9
dsgdb9nsd_001427,1.0,0.1
dsgdb9nsd_001966,0.9,0.1
dsgdb9nsd_001966,1.2,1.9
dsgdb9nsd_001966,1.0,1.7
dsgdb9nsd_001966,1.2,1.9
dsgdb9nsd_001966,1.2,1.9
dsgdb9nsd_001966,1.2,0.4
dsgdb9nsd_001966,1.2,1.4
dsgdb9nsd_001966,0.8,1.9
dsgdb9nsd_001966,1.0,0.9
dsgdb9nsd_001966,1.0,0.2
dsgdb9nsd_001966,1.2,0.0
dsgdb9nsd_001966,1.3,0.2
dsgdb9nsd_001966,1.0,1.7
dsgdb9nsd_001966,1.1,0.6
dsgdb9nsd_001966,1.2,0.9
dsgdb9nsd_001966,1.0,1.7
dsgdb9nsd_001966,1.1,1.9
dsgdb9nsd_001966,1.0,1.7
dsgdb9nsd_001966,1.2,1.3
dsgdb9nsd_001966,1.4,1.9
dsgdb9nsd_001966,1.0,1.4
dsgdb9nsd_001966,1.0,1.7
dsgdb9nsd_001966,1.0,1.7
dsgdb9nsd_001966,1.1,0.6
dsgdb9nsd_001966,1.2,1.9
dsgdb9nsd_001966,1.2,1.9
dsgdb9nsd_011399,0.0,0.1
dsgdb9nsd_011399,0.0,0.1
dsgdb9nsd_011399,0.0,0.1
dsgdb9nsd_004969,1.2,1.9
dsgdb9nsd_004969,1.0,0.9
dsgdb9nsd_004969,1.2,1.9
dsgdb9nsd_004969,0.7,1.6
dsgdb9nsd_004969,0.7,1.8
dsgdb9nsd_004969,0.7,1.5
dsgdb9nsd_004969,1.2,1.9
dsgdb9nsd_004969,0.7,1.8
dsgdb9nsd_004969,0.9,0.8
dsgdb9nsd_038354,0.0,1.1
dsgdb9nsd_038354,0.0,1.1
dsgdb9nsd_038354,0.0,1.1
dsgdb9nsd_038354,0.0,1.1
dsgdb9nsd_038354,0.0,1.1
dsgdb9nsd_038354,0.0,1.0
dsgdb9nsd_003460,0.0,2.0
dsgdb9nsd_003460,0.0,2.0
dsgdb9nsd_003460,0.0,2.0
dsgdb9nsd_003460,0.0,2.0
dsgdb9nsd_003460,0.0,2.0
dsgdb9nsd_127280,0.8,1.1
dsgdb9nsd_002845,1.1,0.6
dsgdb9nsd_002845,0.9,1.4
dsgdb9nsd_002845,0.9,1.4
dsgdb9nsd_002845,0.6,0.0
dsgdb9nsd_002845,1.1,0.6
dsgdb9nsd_002845,0.9,1.4
dsgdb9nsd_002845,1.3,0.2
dsgdb9nsd_002845,0.9,2.0
dsgdb9nsd_002845,0.9,0.0
dsgdb9nsd_002845,0.9,2.0
dsgdb9nsd_037023,0.0,1.1
dsgdb9nsd_037023,0.0,1.1
dsgdb9nsd_037023,0.0,1.1
dsgdb9nsd_037023,0.0,1.1
dsgdb9nsd_037023,0.0,1.1
dsgdb9nsd_037023,0.0,1.1
dsgdb9nsd_027904,0.0,0.3
dsgdb9nsd_027904,0.0,0.3
dsgdb9nsd_027904,0.0,0.4
dsgdb9nsd_027904,0.0,0.3
dsgdb9nsd_027904,0.0,0.3
dsgdb9nsd_027904,0.0,0.3
dsgdb9nsd_002023,0.0,1.8
dsgdb9nsd_002023,0.0,1.8
dsgdb9nsd_002023,0.0,1.8
dsgdb9nsd_002023,0.0,1.8
dsgdb9nsd_002023,0.0,2.0
dsgdb9nsd_002023,0.0,1.8
dsgdb9nsd_002023,0.0,1.8
dsgdb9nsd_002023,0.0,1.8
dsgdb9nsd_001330,1.1,0.6
dsgdb9nsd_001330,1.3,0.2
dsgdb9nsd_001330,1.3,0.1
dsgdb9nsd_001330,1.1,0.7
dsgdb9nsd_001330,0.8,0.1
dsgdb9nsd_001330,1.1,1.2
dsgdb9nsd_001330,0.8,0.1
dsgdb9nsd_001330,0.8,0.1
dsgdb9nsd_001330,0.8,0.1
dsgdb9nsd_001330,0.8,1.8
dsgdb9nsd_001330,0.8,0.1
dsgdb9nsd_001330,0.8,1.8
dsgdb9nsd_001330,0.8,1.7
dsgdb9nsd_001330,0.8,1.0
dsgdb9nsd_001330,1.2,0.1
dsgdb9nsd_001330,0.8,0.0
dsgdb9nsd_001330,1.4,1.4
dsgdb9nsd_001330,0.8,0.1
dsgdb9nsd_001330,0.8,0.1
dsgdb9nsd_001330,1.2,1.9
dsgdb9nsd_001330,1.1,0.6
dsgdb9nsd_001330,1.1,0.6
dsgdb9nsd_000430,0.0,0.7
dsgdb9nsd_000430,0.0,0.7
dsgdb9nsd_000430,0.0,1.1
dsgdb9nsd_000430,0.0,0.8
dsgdb9nsd_000430,0.0,1.1
dsgdb9nsd_000430,0.0,0.7
dsgdb9nsd_000430,0.0,0.7
dsgdb9nsd_000430,0.0,0.7
dsgdb9nsd_000430,0.0,0.8
dsgdb9nsd_000430,0.0,1.1
dsgdb9nsd_000430,0.0,1.1
dsgdb9nsd_000430,0.0,0.7
dsgdb9nsd_044439,0.0,1.7
dsgdb9nsd_044439,0.0,1.2
dsgdb9nsd_044439,0.0,1.6
dsgdb9nsd_044439,0.0,1.7
dsgdb9nsd_044439,0.0,1.7
dsgdb9nsd_044439,0.0,1.7
dsgdb9nsd_044439,0.0,1.7
dsgdb9nsd_019032,1.0,1.0
dsgdb9nsd_019032,1.0,1.0
dsgdb9nsd_019032,0.6,2.0
dsgdb9nsd_019032,1.0,1.7
dsgdb9nsd_019032,1.0,2.0
dsgdb9nsd_019032,1.0,1.0
dsgdb9nsd_019032,0.9,2.0
dsgdb9nsd_000265,0.0,1.6
dsgdb9nsd_018321,0.0,0.4
dsgdb9nsd_018321,0.0,0.3
dsgdb9nsd_018321,0.0,0.3
dsgdb9nsd_018321,0.0,0.3
dsgdb9nsd_018321,0.0,0.3
dsgdb9nsd_018321,0.0,0.3
dsgdb9nsd_013115,0.0,1.1
dsgdb9nsd_013115,0.0,1.8
dsgdb9nsd_013115,0.0,1.1
dsgdb9nsd_013115,0.0,1.1
dsgdb9nsd_013115,0.0,1.6
dsgdb9nsd_010966,0.0,1.5
dsgdb9nsd_010966,0.0,1.5
dsgdb9nsd_010966,0.0,1.5
dsgdb9nsd_010966,0.0,1.5
dsgdb9nsd_010966,0.0,1.5
dsgdb9nsd_010966,0.0,1.5
dsgdb9nsd_063266,0.0,1.2
dsgdb9nsd_063266,0.0,1.2
dsgdb9nsd_063266,0.0,1.2
dsgdb9nsd_063266,0.0,1.4
dsgdb9nsd_063266,0.0,1.3
dsgdb9nsd_063266,0.0,1.2
dsgdb9nsd_002158,0.0,1.2
dsgdb9nsd_002158,0.0,1.2
dsgdb9nsd_002158,0.0,1.2
dsgdb9nsd_002158,0.0,1.2
dsgdb9nsd_002158,0.0,1.2
dsgdb9nsd_002158,0.0,1.3
dsgdb9nsd_002158,0.0,1.1
dsgdb9nsd_002158,0.0,1.2
dsgdb9nsd_002158,0.0,1.1
dsgdb9nsd_002158,0.0,1.2
dsgdb9nsd_016995,0.9,1.7
dsgdb9nsd_016995,0.8,0.1
dsgdb9nsd_016995,0.8,0.3
dsgdb9nsd_016995,0.6,1.4
dsgdb9nsd_016995,0.8,0.3
dsgdb9nsd_016995,0.5,1.4
dsgdb9nsd_016995,0.9,1.7
dsgdb9nsd_016995,0.8,2.0
dsgdb9nsd_016995,0.5,0.5
dsgdb9nsd_016995,0.7,0.3
dsgdb9nsd_016995,0.5,0.8
dsgdb9nsd_016995,0.8,0.3
dsgdb9nsd_016995,0.5,1.4
dsgdb9nsd_016995,0.8,1.2
dsgdb9nsd_016995,0.5,1.4
dsgdb9nsd_001481,0.0,0.7
dsgdb9nsd_001481,0.0,0.9
dsgdb9nsd_001481,0.0,0.7
dsgdb9nsd_001481,0.0,1.1
dsgdb9nsd_001481,0.0,1.1
dsgdb9nsd_001481,0.0,0.7
dsgdb9nsd_001481,0.0,0.7
dsgdb9nsd_001481,0.0,0.7
dsgdb9nsd_001481,0.0,1.1
dsgdb9nsd_001481,0.0,0.9
dsgdb9nsd_001481,0.0,1.1
dsgdb9nsd_001481,0.0,0.8
dsgdb9nsd_001481,0.0,0.7
dsgdb9nsd_001481,0.0,1.2
dsgdb9nsd_001481,0.0,0.7
dsgdb9nsd_003883,0.0,1.9
dsgdb9nsd_003883,0.0,1.9
dsgdb9nsd_002290,0.0,1.1
dsgdb9nsd_002290,0.0,1.1
dsgdb9nsd_002290,0.0,1.1
dsgdb9nsd_002290,0.0,1.2
dsgdb9nsd_002290,0.0,1.1
dsgdb9nsd_002290,0.0,1.1
dsgdb9nsd_002290,0.0,1.1
dsgdb9nsd_002290,0.0,1.1
dsgdb9nsd_015655,0.1,1.3
dsgdb9nsd_015655,0.1,1.4
dsgdb9nsd_015655,0.1,1.3
dsgdb9nsd_015655,0.1,1.3
dsgdb9nsd_015655,0.1,1.3
dsgdb9nsd_015655,0.1,1.4
dsgdb9nsd_001344,0.0,1.3
dsgdb9nsd_001344,0.0,1.3
dsgdb9nsd_001344,0.0,1.3
dsgdb9nsd_001344,0.0,1.3
dsgdb9nsd_001344,0.0,1.3
dsgdb9nsd_001344,0.0,1.3
dsgdb9nsd_001344,0.0,1.3
dsgdb9nsd_022074,0.1,1.5
dsgdb9nsd_022074,0.1,1.4
dsgdb9nsd_022074,0.1,1.4
dsgdb9nsd_022074,0.1,1.4
dsgdb9nsd_022074,0.1,1.4
dsgdb9nsd_012252,0.0,1.1
dsgdb9nsd_012252,0.0,1.1
dsgdb9nsd_012252,0.0,1.3
dsgdb9nsd_012252,0.0,1.1
dsgdb9nsd_012252,0.0,1.1
dsgdb9nsd_012252,0.0,1.1
dsgdb9nsd_012252,0.0,1.1
dsgdb9nsd_093603,0.7,1.7
dsgdb9nsd_093603,0.2,0.7
dsgdb9nsd_093603,0.1,1.3
dsgdb9nsd_093603,0.5,1.3
dsgdb9nsd_093603,0.3,1.3
dsgdb9nsd_093603,0.5,1.3
dsgdb9nsd_093603,0.3,0.0
dsgdb9nsd_093603,0.5,1.3
dsgdb9nsd_093603,0.5,1.3
dsgdb9nsd_000198,0.3,0.0
dsgdb9nsd_000198,0.3,0.0
dsgdb9nsd_000198,0.3,0.0
dsgdb9nsd_000198,0.3,0.0
dsgdb9nsd_000198,0.3,0.0
dsgdb9nsd_000198,0.3,0.0
dsgdb9nsd_000198,0.3,0.0
dsgdb9nsd_000198,0.2,0.0
dsgdb9nsd_000198,0.2,0.0
dsgdb9nsd_000245,0.1,0.4
dsgdb9nsd_000245,0.1,0.4
dsgdb9nsd_000245,0.1,0.4
dsgdb9nsd_000245,0.1,0.7
dsgdb9nsd_000245,0.1,0.4
dsgdb9nsd_000245,0.1,0.7
dsgdb9nsd_000245,0.1,0.4
dsgdb9nsd_003716,0.0,0.1
dsgdb9nsd_003716,0.0,0.1
dsgdb9nsd_003716,0.0,0.1
dsgdb9nsd_003972,0.7,0.0
dsgdb9nsd_003972,0.7,1.7
dsgdb9nsd_003972,0.7,0.0
dsgdb9nsd_003972,0.7,0.0
dsgdb9nsd_003972,0.7,1.7
dsgdb9nsd_003972,0.7,0.3
dsgdb9nsd_011375,0.0,1.9
dsgdb9nsd_011375,0.1,1.9
dsgdb9nsd_011375,0.1,1.9
dsgdb9nsd_011375,0.1,1.9
dsgdb9nsd_010653,0.1,1.4
dsgdb9nsd_010653,0.1,1.4
dsgdb9nsd_010653,0.1,1.4
dsgdb9nsd_010653,0.1,1.4
dsgdb9nsd_010653,0.1,1.4
dsgdb9nsd_093801,0.0,0.8
dsgdb9nsd_093801,0.0,0.7
dsgdb9nsd_093801,0.0,0.8
dsgdb9nsd_093801,0.0,0.8
dsgdb9nsd_093801,0.0,0.8
dsgdb9nsd_026769,1.3,0.1
dsgdb9nsd_026769,0.5,1.5
dsgdb9nsd_000441,0.0,1.1
dsgdb9nsd_000441,0.0,1.1
dsgdb9nsd_000441,0.0,1.1
dsgdb9nsd_000441,0.0,1.1
dsgdb9nsd_000441,0.0,1.1
dsgdb9nsd_000441,0.0,1.1
dsgdb9nsd_000441,0.0,1.6
dsgdb9nsd_000441,0.0,1.1
dsgdb9nsd_000441,0.0,1.9
dsgdb9nsd_003456,1.3,0.7
dsgdb9nsd_003456,1.3,0.0
dsgdb9nsd_003456,0.9,0.2
dsgdb9nsd_003456,1.3,0.2
dsgdb9nsd_003456,1.3,0.2
dsgdb9nsd_003456,1.3,0.8
dsgdb9nsd_003456,1.0,0.2
dsgdb9nsd_003456,1.3,0.2
dsgdb9nsd_000335,0.8,1.1
dsgdb9nsd_000335,0.9,2.0
dsgdb9nsd_000335,0.9,0.1
dsgdb9nsd_000335,0.8,1.8
dsgdb9nsd_000335,0.9,2.0
dsgdb9nsd_000335,0.8,2.0
dsgdb9nsd_000335,0.9,2.0
dsgdb9nsd_000335,0.8,2.0
dsgdb9nsd_000335,0.9,2.0
dsgdb9nsd_000335,0.9,2.0
dsgdb9nsd_000335,0.8,2.0
dsgdb9nsd_000335,0.8,0.1
dsgdb9nsd_000335,1.1,0.6
dsgdb9nsd_000335,0.8,0.1
dsgdb9nsd_000335,0.9,2.0
dsgdb9nsd_000335,1.1,0.6
dsgdb9nsd_000335,1.1,0.6
dsgdb9nsd_000335,0.9,0.2
dsgdb9nsd_000335,0.8,2.0
dsgdb9nsd_000335,1.0,2.0
dsgdb9nsd_000335,1.1,0.7
dsgdb9nsd_000335,0.9,0.9
dsgdb9nsd_000335,1.1,1.2
dsgdb9nsd_000335,0.8,2.0
dsgdb9nsd_019948,1.2,1.0
dsgdb9nsd_019948,1.2,0.1
dsgdb9nsd_019948,0.9,0.1
dsgdb9nsd_019948,1.2,0.1
dsgdb9nsd_019948,1.2,1.9
dsgdb9nsd_019948,1.2,1.7
dsgdb9nsd_019948,1.2,1.0
dsgdb9nsd_019948,1.2,1.0
dsgdb9nsd_019948,1.2,0.1
dsgdb9nsd_019948,1.2,1.3
dsgdb9nsd_019948,1.2,0.1
dsgdb9nsd_019948,1.2,0.3
dsgdb9nsd_019948,1.2,0.1
dsgdb9nsd_019948,1.2,0.1
dsgdb9nsd_019948,1.0,0.8
dsgdb9nsd_028521,1.5,1.7
dsgdb9nsd_028521,1.5,1.7
dsgdb9nsd_028521,1.5,1.7
dsgdb9nsd_028521,1.5,1.7
dsgdb9nsd_028521,1.5,1.7
dsgdb9nsd_013327,0.0,1.1
dsgdb9nsd_013327,0.0,1.1
dsgdb9nsd_013327,0.0,1.1
dsgdb9nsd_013327,0.0,1.1
dsgdb9nsd_013327,0.0,1.1
dsgdb9nsd_004014,1.0,0.1
dsgdb9nsd_004014,1.0,0.1
dsgdb9nsd_004014,1.0,0.1
dsgdb9nsd_004014,0.7,0.1
dsgdb9nsd_004014,0.9,1.3
dsgdb9nsd_004014,1.0,0.2
dsgdb9nsd_004014,0.9,0.1
dsgdb9nsd_004014,0.9,0.1
dsgdb9nsd_000610,1.3,0.2
dsgdb9nsd_000610,1.4,0.3
dsgdb9nsd_000610,1.2,1.9
dsgdb9nsd_000610,1.3,0.5
dsgdb9nsd_000610,1.0,1.0
dsgdb9nsd_000610,1.1,0.7
dsgdb9nsd_000610,1.2,1.5
dsgdb9nsd_000610,0.8,1.8
dsgdb9nsd_000610,1.5,0.2
dsgdb9nsd_000610,1.0,0.2
dsgdb9nsd_000610,1.0,1.7
dsgdb9nsd_000610,1.3,0.2
dsgdb9nsd_000610,1.2,1.5
dsgdb9nsd_000610,1.3,0.2
dsgdb9nsd_000610,1.3,1.0
dsgdb9nsd_000610,1.0,0.2
dsgdb9nsd_000610,1.0,0.2
dsgdb9nsd_000610,1.0,1.7
dsgdb9nsd_000610,1.3,1.6
dsgdb9nsd_000610,1.0,0.2
dsgdb9nsd_000610,1.0,0.2
dsgdb9nsd_000610,1.3,0.1
dsgdb9nsd_000610,1.0,1.7
dsgdb9nsd_000610,1.0,1.1
dsgdb9nsd_000610,1.3,0.2
dsgdb9nsd_000610,1.3,1.4
dsgdb9nsd_000610,1.0,0.2
dsgdb9nsd_000610,1.0,0.2
dsgdb9nsd_000610,1.3,0.2
dsgdb9nsd_000610,1.2,1.5
dsgdb9nsd_000610,1.5,1.5
dsgdb9nsd_032737,0.0,1.1
dsgdb9nsd_032737,0.0,1.1
dsgdb9nsd_032737,0.0,0.9
dsgdb9nsd_032737,0.0,1.0
dsgdb9nsd_008699,0.0,1.7
dsgdb9nsd_008699,0.0,1.7
dsgdb9nsd_008699,0.0,1.7
dsgdb9nsd_008699,0.0,1.7
dsgdb9nsd_008699,0.0,1.7
dsgdb9nsd_084527,0.5,0.8
dsgdb9nsd_084527,0.5,0.4
dsgdb9nsd_084527,0.5,0.4
dsgdb9nsd_084527,0.5,0.4
dsgdb9nsd_084527,0.5,0.4
dsgdb9nsd_084527,0.5,0.8
dsgdb9nsd_084527,0.5,0.4
dsgdb9nsd_033367,0.4,0.2
dsgdb9nsd_033367,0.4,0.2
dsgdb9nsd_033367,0.4,0.2
dsgdb9nsd_033367,0.4,0.2
dsgdb9nsd_033367,0.4,0.2
dsgdb9nsd_072639,1.4,1.1
dsgdb9nsd_072639,0.9,1.8
dsgdb9nsd_072639,0.9,1.8
dsgdb9nsd_072639,0.9,1.8
dsgdb9nsd_058674,0.0,1.8
dsgdb9nsd_058674,0.0,1.2
dsgdb9nsd_058674,0.0,1.5
dsgdb9nsd_058674,0.0,1.7
dsgdb9nsd_058674,0.0,1.8
dsgdb9nsd_003421,0.0,1.9
dsgdb9nsd_003421,0.0,1.9
dsgdb9nsd_003421,0.0,1.8
dsgdb9nsd_003421,0.0,1.7
dsgdb9nsd_087284,0.2,0.7
dsgdb9nsd_087284,0.2,0.0
dsgdb9nsd_087284,0.2,0.7
dsgdb9nsd_087284,0.2,0.7
dsgdb9nsd_087284,0.2,0.5
dsgdb9nsd_087284,0.3,0.0
dsgdb9nsd_087284,0.2,0.1
dsgdb9nsd_087284,0.2,0.9
dsgdb9nsd_087284,0.2,0.7
dsgdb9nsd_087284,0.3,0.3
dsgdb9nsd_003730,0.0,0.9
dsgdb9nsd_003730,0.0,0.9
dsgdb9nsd_003730,0.0,0.9
dsgdb9nsd_003730,0.0,0.9
dsgdb9nsd_003730,0.0,0.9
dsgdb9nsd_003125,0.0,1.9
dsgdb9nsd_003125,0.0,1.3
dsgdb9nsd_003125,0.0,1.9
dsgdb9nsd_003125,0.0,1.9
dsgdb9nsd_003125,0.0,1.9
dsgdb9nsd_003125,0.0,1.9
dsgdb9nsd_003125,0.0,1.3
dsgdb9nsd_007736,0.0,1.7
dsgdb9nsd_007736,0.0,1.7
dsgdb9nsd_007736,0.0,1.3
dsgdb9nsd_007736,0.0,1.7
dsgdb9nsd_006948,0.0,1.8
dsgdb9nsd_006948,0.0,1.8
dsgdb9nsd_006948,0.0,1.8
dsgdb9nsd_006948,0.0,1.5
dsgdb9nsd_006948,0.0,1.8
dsgdb9nsd_002852,0.0,0.7
dsgdb9nsd_002852,0.0,0.7
dsgdb9nsd_002852,0.0,0.7
dsgdb9nsd_002852,0.0,1.4
dsgdb9nsd_002852,0.0,1.1
dsgdb9nsd_002852,0.0,0.7
dsgdb9nsd_002852,0.0,1.1
dsgdb9nsd_002852,0.0,1.1
dsgdb9nsd_002852,0.0,0.8
dsgdb9nsd_002852,0.0,0.7
dsgdb9nsd_006489,1.2,1.9
dsgdb9nsd_006489,1.0,0.1
dsgdb9nsd_006489,0.9,0.8
dsgdb9nsd_006489,1.0,0.8
dsgdb9nsd_006489,1.0,0.8
dsgdb9nsd_006489,1.0,0.8
dsgdb9nsd_006489,1.0,1.6
dsgdb9nsd_006489,1.0,1.0
dsgdb9nsd_006489,1.2,1.9
dsgdb9nsd_006489,1.2,1.9
dsgdb9nsd_006489,1.0,0.8
dsgdb9nsd_006489,0.7,0.9
dsgdb9nsd_006489,1.2,1.9
dsgdb9nsd_006489,1.0,1.1
dsgdb9nsd_006489,1.0,2.0
dsgdb9nsd_006489,0.9,0.8
dsgdb9nsd_006489,0.9,0.8
dsgdb9nsd_003612,0.0,1.2
dsgdb9nsd_003612,0.0,1.3
dsgdb9nsd_003612,0.0,1.2
dsgdb9nsd_003612,0.0,1.4
dsgdb9nsd_003612,0.0,1.2
dsgdb9nsd_003612,0.0,1.2
dsgdb9nsd_003612,0.0,1.2
dsgdb9nsd_003612,0.0,1.2
dsgdb9nsd_020145,0.0,1.3
dsgdb9nsd_020145,0.0,1.2
dsgdb9nsd_020145,0.0,1.2
dsgdb9nsd_020145,0.0,1.3
dsgdb9nsd_020145,0.0,1.3
dsgdb9nsd_104707,0.6,0.1
dsgdb9nsd_104707,0.8,1.8
dsgdb9nsd_104707,0.8,0.1
dsgdb9nsd_104707,0.6,0.8
dsgdb9nsd_104707,0.6,0.8
dsgdb9nsd_104707,0.6,0.8
dsgdb9nsd_104707,0.6,0.1
dsgdb9nsd_104707,0.6,0.8
dsgdb9nsd_104707,0.8,0.1
dsgdb9nsd_104707,0.6,1.5
dsgdb9nsd_104707,0.6,0.1
dsgdb9nsd_104707,0.8,1.8
dsgdb9nsd_003723,0.0,0.3
dsgdb9nsd_003723,0.0,0.3
dsgdb9nsd_003723,0.0,0.3
dsgdb9nsd_003723,0.0,0.6
dsgdb9nsd_003723,0.0,0.3
dsgdb9nsd_125632,0.7,0.5
dsgdb9nsd_125632,0.7,1.0
dsgdb9nsd_125632,0.8,1.8
dsgdb9nsd_125632,0.7,1.0
dsgdb9nsd_125632,0.7,1.0
dsgdb9nsd_125632,0.7,1.3
dsgdb9nsd_125632,0.7,1.0
dsgdb9nsd_125632,1.1,0.6
dsgdb9nsd_125632,0.7,1.7
dsgdb9nsd_125632,0.8,1.8
dsgdb9nsd_125632,0.7,1.0
dsgdb9nsd_125632,1.0,1.7
dsgdb9nsd_002271,0.1,1.2
dsgdb9nsd_002271,0.1,1.0
dsgdb9nsd_002271,0.1,1.0
dsgdb9nsd_002271,0.1,1.0
dsgdb9nsd_002271,0.1,1.0
dsgdb9nsd_002271,0.1,1.0
dsgdb9nsd_002271,0.1,1.0
dsgdb9nsd_002271,0.1,1.0
dsgdb9nsd_002271,0.1,1.1
dsgdb9nsd_062340,0.0,0.8
dsgdb9nsd_062340,0.0,0.7
dsgdb9nsd_062340,0.0,0.7
dsgdb9nsd_062340,0.0,0.7
dsgdb9nsd_062340,0.0,0.7
dsgdb9nsd_062340,0.0,0.7
dsgdb9nsd_062340,0.0,0.9
dsgdb9nsd_062340,0.0,0.7
dsgdb9nsd_003713,0.5,1.5
dsgdb9nsd_003713,0.5,1.5
dsgdb9nsd_004845,0.0,0.3
dsgdb9nsd_004845,0.0,0.3
dsgdb9nsd_004845,0.0,0.3
dsgdb9nsd_004845,0.0,0.3
dsgdb9nsd_004845,0.0,0.3
dsgdb9nsd_016137,0.0,1.1
dsgdb9nsd_016137,0.0,1.1
dsgdb9nsd_016137,0.0,1.1
dsgdb9nsd_016137,0.0,1.1
dsgdb9nsd_016137,0.0,1.1
dsgdb9nsd_105732,0.6,0.5
dsgdb9nsd_105732,1.0,0.8
dsgdb9nsd_105732,0.9,0.8
dsgdb9nsd_105732,1.2,1.3
dsgdb9nsd_105732,0.9,0.0
dsgdb9nsd_105732,0.9,0.9
dsgdb9nsd_105732,1.2,1.9
dsgdb9nsd_105732,1.2,1.3
dsgdb9nsd_105732,1.2,1.9
dsgdb9nsd_105732,1.2,1.9
dsgdb9nsd_105732,0.9,0.8
dsgdb9nsd_105732,0.9,0.8
dsgdb9nsd_105732,0.9,0.8
dsgdb9nsd_105732,0.9,0.9
dsgdb9nsd_105732,0.9,0.8
dsgdb9nsd_105732,0.9,0.9
dsgdb9nsd_105732,0.9,0.9
dsgdb9nsd_105732,0.7,0.8
dsgdb9nsd_010353,0.0,1.6
dsgdb9nsd_010353,0.0,1.6
dsgdb9nsd_038135,0.1,1.9
dsgdb9nsd_038135,0.1,1.9
dsgdb9nsd_038135,0.1,1.9
dsgdb9nsd_038135,0.1,1.9
dsgdb9nsd_038135,0.1,1.8
dsgdb9nsd_038135,0.0,0.5
dsgdb9nsd_003172,0.0,0.7
dsgdb9nsd_003172,0.0,0.7
dsgdb9nsd_003172,0.0,0.9
dsgdb9nsd_003172,0.0,0.9
dsgdb9nsd_003172,0.0,0.9
dsgdb9nsd_003172,0.0,0.7
dsgdb9nsd_003172,0.0,0.9
dsgdb9nsd_003172,0.0,0.7
dsgdb9nsd_003172,0.0,0.9
dsgdb9nsd_015101,0.0,1.1
dsgdb9nsd_015101,0.0,1.1
dsgdb9nsd_015101,0.0,1.1
dsgdb9nsd_126656,0.0,0.8
dsgdb9nsd_126656,0.0,0.7
dsgdb9nsd_126656,0.0,1.1
dsgdb9nsd_126656,0.0,1.1
dsgdb9nsd_126656,0.0,0.7
dsgdb9nsd_049366,1.1,0.6
dsgdb9nsd_049366,0.9,0.1
dsgdb9nsd_049366,0.9,0.1
dsgdb9nsd_049366,0.9,0.1
dsgdb9nsd_049366,0.9,0.4
dsgdb9nsd_049366,0.9,0.3
dsgdb9nsd_049366,0.9,0.7
dsgdb9nsd_049366,0.9,0.8
dsgdb9nsd_049366,0.9,0.1
dsgdb9nsd_049366,1.1,0.6
dsgdb9nsd_049366,1.4,0.1
dsgdb9nsd_049366,0.9,0.1
dsgdb9nsd_049366,0.9,0.1
dsgdb9nsd_003459,0.0,1.7
dsgdb9nsd_003459,0.0,1.7
dsgdb9nsd_003459,0.0,1.8
dsgdb9nsd_003459,0.0,1.7
dsgdb9nsd_003459,0.0,1.7
dsgdb9nsd_003459,0.0,1.7
dsgdb9nsd_006423,0.8,1.2
dsgdb9nsd_006423,0.8,1.2
dsgdb9nsd_006423,0.8,1.2
dsgdb9nsd_006423,0.8,1.5
dsgdb9nsd_006423,0.8,1.3
dsgdb9nsd_006423,0.8,0.1
dsgdb9nsd_006423,0.8,1.2
dsgdb9nsd_006423,0.8,1.2
dsgdb9nsd_006423,0.8,0.9
dsgdb9nsd_006423,0.8,0.3
dsgdb9nsd_006423,0.8,1.2
dsgdb9nsd_006423,0.8,1.2
dsgdb9nsd_001310,0.9,0.4
dsgdb9nsd_001310,1.2,1.9
dsgdb9nsd_001310,0.9,1.8
dsgdb9nsd_001310,1.2,1.0
dsgdb9nsd_001310,0.9,0.4
dsgdb9nsd_001310,1.2,1.0
dsgdb9nsd_001310,0.9,1.8
dsgdb9nsd_001310,0.9,0.7
dsgdb9nsd_001310,1.2,1.9
dsgdb9nsd_001310,1.1,0.4
dsgdb9nsd_001310,0.9,1.8
dsgdb9nsd_001310,0.9,1.6
dsgdb9nsd_001310,0.9,0.4
dsgdb9nsd_001310,0.9,0.4
dsgdb9nsd_001310,0.9,0.4
dsgdb9nsd_001310,0.9,1.8
dsgdb9nsd_001310,0.9,0.8
dsgdb9nsd_001310,0.9,0.4
dsgdb9nsd_001310,0.9,1.8
dsgdb9nsd_001310,1.2,1.0
dsgdb9nsd_003726,0.8,1.8
dsgdb9nsd_003726,0.8,0.4
dsgdb9nsd_003726,0.8,0.4
dsgdb9nsd_003726,0.8,1.8
dsgdb9nsd_003726,0.8,0.4
dsgdb9nsd_010661,0.0,1.9
dsgdb9nsd_093508,0.0,0.5
dsgdb9nsd_093508,0.0,1.3
dsgdb9nsd_093508,0.0,1.1
dsgdb9nsd_093508,0.0,0.5
dsgdb9nsd_093508,0.0,0.5
dsgdb9nsd_093508,0.0,1.1
dsgdb9nsd_093508,0.0,1.1
dsgdb9nsd_093508,0.0,0.5
dsgdb9nsd_093508,0.0,1.6
dsgdb9nsd_093508,0.0,1.1
dsgdb9nsd_009860,0.0,1.1
dsgdb9nsd_009860,0.1,1.9
dsgdb9nsd_009860,0.0,1.2
dsgdb9nsd_009860,0.2,0.7
dsgdb9nsd_009860,0.1,0.0
dsgdb9nsd_009860,0.2,0.0
dsgdb9nsd_009860,0.2,1.0
dsgdb9nsd_009860,0.2,0.0
dsgdb9nsd_020441,0.0,1.1
dsgdb9nsd_020441,0.0,1.1
dsgdb9nsd_020441,0.0,1.1
dsgdb9nsd_020441,0.0,1.1
dsgdb9nsd_020441,0.0,1.1
dsgdb9nsd_003402,0.5,1.7
dsgdb9nsd_003402,0.5,1.7
dsgdb9nsd_003402,0.5,1.7
dsgdb9nsd_003402,0.5,1.7
dsgdb9nsd_003402,0.5,1.7
dsgdb9nsd_002377,0.7,1.6
dsgdb9nsd_002377,1.1,0.6
dsgdb9nsd_002377,0.9,0.8
dsgdb9nsd_002377,1.2,1.9
dsgdb9nsd_002377,0.7,0.3
dsgdb9nsd_002377,1.0,1.8
dsgdb9nsd_002377,0.7,1.6
dsgdb9nsd_002377,1.0,1.6
dsgdb9nsd_002377,1.0,1.6
dsgdb9nsd_002377,1.0,2.0
dsgdb9nsd_002377,1.2,0.9
dsgdb9nsd_002377,1.0,1.6
dsgdb9nsd_002377,0.7,1.6
dsgdb9nsd_002377,1.2,1.9
dsgdb9nsd_002377,1.2,1.9
dsgdb9nsd_002377,1.2,1.9
dsgdb9nsd_002377,0.7,1.6
dsgdb9nsd_002377,1.0,1.6
dsgdb9nsd_002377,1.0,1.6
dsgdb9nsd_002377,1.1,0.6
dsgdb9nsd_002377,1.1,1.9
dsgdb9nsd_002377,1.0,0.2
dsgdb9nsd_002377,1.0,0.1
dsgdb9nsd_002377,0.7,1.6
dsgdb9nsd_002377,1.0,1.6
dsgdb9nsd_030165,0.7,0.0
dsgdb9nsd_030165,0.7,0.0
dsgdb9nsd_030165,0.7,0.0
dsgdb9nsd_030165,0.7,0.0
dsgdb9nsd_001304,0.0,2.0
dsgdb9nsd_001304,0.0,1.8
dsgdb9nsd_001304,0.0,1.8
dsgdb9nsd_001304,0.0,1.8
dsgdb9nsd_001304,0.0,1.8
dsgdb9nsd_001304,0.0,1.8
dsgdb9nsd_001304,0.0,1.9
dsgdb9nsd_001304,0.0,1.9
dsgdb9nsd_001304,0.0,1.8
dsgdb9nsd_001304,0.0,1.9
dsgdb9nsd_001304,0.0,1.8
dsgdb9nsd_020618,0.0,1.6
dsgdb9nsd_070108,0.0,1.7
dsgdb9nsd_085629,0.2,0.0
dsgdb9nsd_085629,0.2,0.7
dsgdb9nsd_085629,0.2,1.0
dsgdb9nsd_085629,0.1,0.0
dsgdb9nsd_085629,0.3,0.2
dsgdb9nsd_085629,0.3,0.0
dsgdb9nsd_085629,0.3,1.8
dsgdb9nsd_085629,0.2,0.2
dsgdb9nsd_050977,0.1,0.5
dsgdb9nsd_050977,0.1,0.5
dsgdb9nsd_050977,0.1,0.4
dsgdb9nsd_050977,0.1,0.5
dsgdb9nsd_050977,0.1,0.4
dsgdb9nsd_050977,0.1,0.4
dsgdb9nsd_050977,0.2,0.5
dsgdb9nsd_050977,0.2,0.5
dsgdb9nsd_050977,0.1,0.4
dsgdb9nsd_004133,0.8,1.8
dsgdb9nsd_004133,0.8,0.1
dsgdb9nsd_004133,0.8,0.4
dsgdb9nsd_004133,1.1,0.6
dsgdb9nsd_004133,0.8,2.0
dsgdb9nsd_004133,0.8,1.4
dsgdb9nsd_004133,0.8,1.0
dsgdb9nsd_004133,1.1,0.6
dsgdb9nsd_004133,0.8,1.4
dsgdb9nsd_021482,1.1,0.6
dsgdb9nsd_021482,1.1,0.6
dsgdb9nsd_021482,1.0,0.9
dsgdb9nsd_021482,1.0,0.9
dsgdb9nsd_021482,1.0,0.5
dsgdb9nsd_021482,1.0,0.5
dsgdb9nsd_021482,1.1,0.6
dsgdb9nsd_021482,1.0,0.9
dsgdb9nsd_021482,1.0,0.9
dsgdb9nsd_021482,1.0,0.9
dsgdb9nsd_021482,1.1,0.6
dsgdb9nsd_074631,0.0,1.8
dsgdb9nsd_074631,0.0,1.8
dsgdb9nsd_074631,0.0,1.8
dsgdb9nsd_074631,0.0,1.8
dsgdb9nsd_074631,0.0,1.6
dsgdb9nsd_074631,0.0,2.0
dsgdb9nsd_011136,0.0,1.1
dsgdb9nsd_011136,0.0,1.1
dsgdb9nsd_011136,0.0,1.1
dsgdb9nsd_011136,0.0,1.1
dsgdb9nsd_011136,0.0,0.7
dsgdb9nsd_011136,0.0,1.1
dsgdb9nsd_113531,0.0,0.3
dsgdb9nsd_113531,0.0,0.4
dsgdb9nsd_113531,0.0,0.3
dsgdb9nsd_113531,0.0,0.3
dsgdb9nsd_113531,0.0,0.3
dsgdb9nsd_113531,0.0,0.5
dsgdb9nsd_023870,0.0,1.5
dsgdb9nsd_023870,0.0,1.8
dsgdb9nsd_023870,0.0,1.8
dsgdb9nsd_023870,0.0,1.8
dsgdb9nsd_023870,0.0,1.1
dsgdb9nsd_023870,0.0,1.8
dsgdb9nsd_023870,0.0,1.1
dsgdb9nsd_023870,0.0,1.8
dsgdb9nsd_023870,0.0,1.8
dsgdb9nsd_085891,0.0,0.8
dsgdb9nsd_085891,0.0,1.1
dsgdb9nsd_085891,0.0,1.1
dsgdb9nsd_085891,0.0,0.8
dsgdb9nsd_085891,0.0,0.8
dsgdb9nsd_085891,0.0,0.7
dsgdb9nsd_085891,0.0,0.8
dsgdb9nsd_085891,0.0,0.7
dsgdb9nsd_085891,0.0,0.8
dsgdb9nsd_085891,0.0,0.8
dsgdb9nsd_009307,0.5,1.7
dsgdb9nsd_009307,0.5,1.7
dsgdb9nsd_009307,0.5,1.7
dsgdb9nsd_009307,0.5,1.7
dsgdb9nsd_000183,0.9,0.4
dsgdb9nsd_000183,0.9,0.1
dsgdb9nsd_000183,0.9,0.4
dsgdb9nsd_000183,0.9,0.4
dsgdb9nsd_000183,0.9,0.4
dsgdb9nsd_000183,0.9,0.3
dsgdb9nsd_000183,0.9,0.0
dsgdb9nsd_000183,0.8,1.8
dsgdb9nsd_000183,0.9,0.1
dsgdb9nsd_000183,0.9,0.4
dsgdb9nsd_000183,0.9,0.1
dsgdb9nsd_000183,0.9,0.4
dsgdb9nsd_000183,1.3,0.2
dsgdb9nsd_000183,0.8,0.1
dsgdb9nsd_000183,1.3,0.2
dsgdb9nsd_000183,0.9,0.4
dsgdb9nsd_000183,1.3,0.1
dsgdb9nsd_000183,0.9,0.1
dsgdb9nsd_022937,0.5,1.7
dsgdb9nsd_022937,0.5,1.7
dsgdb9nsd_022937,0.9,1.7
dsgdb9nsd_022937,0.5,1.7
dsgdb9nsd_022937,0.5,1.7
dsgdb9nsd_022937,0.5,1.7
dsgdb9nsd_022937,0.5,1.7
dsgdb9nsd_014505,0.0,1.8
dsgdb9nsd_014505,0.0,1.8
dsgdb9nsd_014505,0.0,1.8
dsgdb9nsd_014505,0.0,1.8
dsgdb9nsd_002196,0.0,0.9
dsgdb9nsd_002196,0.0,0.7
dsgdb9nsd_002196,0.0,0.8
dsgdb9nsd_002196,0.0,0.7
dsgdb9nsd_002196,0.0,0.7
dsgdb9nsd_002196,0.0,0.7
dsgdb9nsd_002196,0.0,0.7
dsgdb9nsd_002196,0.0,0.7
dsgdb9nsd_002196,0.0,0.7
dsgdb9nsd_016416,0.0,0.5
dsgdb9nsd_016416,0.0,0.5
dsgdb9nsd_016416,0.0,0.5
dsgdb9nsd_016416,0.0,0.5
dsgdb9nsd_016416,0.0,0.5
dsgdb9nsd_010869,0.0,1.3
dsgdb9nsd_010869,0.0,1.3
dsgdb9nsd_010869,0.0,1.3
dsgdb9nsd_010869,0.0,1.3
dsgdb9nsd_021101,0.5,1.7
dsgdb9nsd_021101,0.5,1.7
dsgdb9nsd_021101,0.5,1.7
dsgdb9nsd_021101,0.5,1.7
dsgdb9nsd_039071,0.0,1.3
dsgdb9nsd_039071,0.0,1.3
dsgdb9nsd_000579,0.9,1.4
dsgdb9nsd_000579,0.9,1.7
dsgdb9nsd_000579,0.9,1.7
dsgdb9nsd_000579,0.9,1.4
dsgdb9nsd_000579,0.9,1.7
dsgdb9nsd_000579,0.9,1.7
dsgdb9nsd_000579,1.1,0.6
dsgdb9nsd_000579,0.9,1.4
dsgdb9nsd_000579,0.9,1.7
dsgdb9nsd_000579,1.1,0.6
dsgdb9nsd_000579,0.9,1.7
dsgdb9nsd_000579,1.1,0.6
dsgdb9nsd_000579,0.9,1.4
dsgdb9nsd_000579,0.9,1.4
dsgdb9nsd_003779,0.0,1.1
dsgdb9nsd_003779,0.0,0.9
dsgdb9nsd_003779,0.0,0.9
dsgdb9nsd_003779,0.0,1.2
dsgdb9nsd_003779,0.0,1.2
dsgdb9nsd_003779,0.0,1.1
dsgdb9nsd_003779,0.0,0.9
dsgdb9nsd_003779,0.0,0.9
dsgdb9nsd_003779,0.0,0.9
dsgdb9nsd_003779,0.0,1.2
dsgdb9nsd_003353,0.0,0.7
dsgdb9nsd_003353,0.0,0.7
dsgdb9nsd_003353,0.0,0.8
dsgdb9nsd_003353,0.0,1.2
dsgdb9nsd_003353,0.0,0.3
dsgdb9nsd_003353,0.0,0.7
dsgdb9nsd_003353,0.0,0.7
dsgdb9nsd_003353,0.0,0.7
dsgdb9nsd_132030,1.1,0.6
dsgdb9nsd_015888,0.0,1.1
dsgdb9nsd_015888,0.0,1.2
dsgdb9nsd_015888,0.0,1.1
dsgdb9nsd_015888,0.0,0.9
dsgdb9nsd_015888,0.0,0.9
dsgdb9nsd_015888,0.0,1.1
dsgdb9nsd_015888,0.0,1.1
dsgdb9nsd_121737,0.0,0.9
dsgdb9nsd_121737,0.0,0.4
dsgdb9nsd_121737,0.0,1.2
dsgdb9nsd_121737,0.0,1.2
dsgdb9nsd_121737,0.0,1.1
dsgdb9nsd_004272,0.8,1.8
dsgdb9nsd_004272,0.8,1.8
dsgdb9nsd_004272,0.8,2.0
dsgdb9nsd_004272,0.8,0.1
dsgdb9nsd_004272,0.8,0.1
dsgdb9nsd_004272,0.8,0.1
dsgdb9nsd_004272,0.8,0.1
dsgdb9nsd_004272,0.8,0.1
dsgdb9nsd_007920,0.6,2.0
dsgdb9nsd_007920,0.7,1.0
dsgdb9nsd_007920,0.6,1.0
dsgdb9nsd_007920,0.6,1.0
dsgdb9nsd_007920,0.9,0.8
dsgdb9nsd_007920,0.6,1.0
dsgdb9nsd_007920,0.6,1.0
dsgdb9nsd_012351,0.0,0.7
dsgdb9nsd_012351,0.0,0.7
dsgdb9nsd_012351,0.0,0.7
dsgdb9nsd_033441,0.0,0.8
dsgdb9nsd_033441,0.0,1.1
dsgdb9nsd_033441,0.0,1.2
dsgdb9nsd_033441,0.0,0.8
dsgdb9nsd_033441,0.0,0.9
dsgdb9nsd_033441,0.0,1.1
dsgdb9nsd_033441,0.0,1.1
dsgdb9nsd_033441,0.0,0.8
dsgdb9nsd_033441,0.0,0.8
dsgdb9nsd_033441,0.0,1.1
dsgdb9nsd_006526,0.0,1.9
dsgdb9nsd_006526,0.0,1.9
dsgdb9nsd_006526,0.0,1.9
dsgdb9nsd_107767,0.5,1.2
dsgdb9nsd_107767,0.5,1.5
dsgdb9nsd_107767,0.5,1.5
dsgdb9nsd_107767,0.5,1.3
dsgdb9nsd_107767,0.8,1.3
dsgdb9nsd_107767,0.5,1.7
dsgdb9nsd_107767,0.5,1.5
dsgdb9nsd_107767,0.5,1.7
dsgdb9nsd_107767,0.5,1.7
dsgdb9nsd_107767,0.5,1.5
dsgdb9nsd_111426,0.0,1.7
dsgdb9nsd_111426,0.0,1.8
dsgdb9nsd_111426,0.0,2.0
dsgdb9nsd_111426,0.0,1.2
dsgdb9nsd_111426,0.0,1.8
dsgdb9nsd_111426,0.0,1.1
dsgdb9nsd_002527,0.1,0.5
dsgdb9nsd_002527,0.1,0.5
dsgdb9nsd_002527,0.1,0.4
dsgdb9nsd_002527,0.1,0.5
dsgdb9nsd_002527,0.1,0.5
dsgdb9nsd_002527,0.1,0.8
dsgdb9nsd_002527,0.1,0.5
dsgdb9nsd_002527,0.1,0.5
dsgdb9nsd_002527,0.1,0.5
dsgdb9nsd_124111,0.0,1.8
dsgdb9nsd_124111,0.0,1.5
dsgdb9nsd_124111,0.0,1.8
dsgdb9nsd_124111,0.0,1.5
dsgdb9nsd_124111,0.0,1.5
dsgdb9nsd_124111,0.0,1.5
dsgdb9nsd_124111,0.0,1.5
dsgdb9nsd_038638,0.0,0.9
dsgdb9nsd_038638,0.0,0.9
dsgdb9nsd_038638,0.0,0.9
dsgdb9nsd_038638,0.0,0.9
dsgdb9nsd_038638,0.0,1.2
dsgdb9nsd_038638,0.0,1.1
dsgdb9nsd_038638,0.0,0.9
dsgdb9nsd_000408,0.0,1.8
dsgdb9nsd_000408,0.0,1.7
dsgdb9nsd_000408,0.0,1.5
dsgdb9nsd_000408,0.0,1.5
dsgdb9nsd_000408,0.0,1.9
dsgdb9nsd_000408,0.0,1.7
dsgdb9nsd_000408,0.0,1.5
dsgdb9nsd_000408,0.0,1.5
dsgdb9nsd_000408,0.0,1.9
dsgdb9nsd_000408,0.0,1.8
dsgdb9nsd_000408,0.0,1.8
dsgdb9nsd_000408,0.0,1.7
dsgdb9nsd_000408,0.0,1.9
dsgdb9nsd_012791,0.0,0.9
dsgdb9nsd_012791,0.0,0.9
dsgdb9nsd_012791,0.0,1.2
dsgdb9nsd_012791,0.0,0.9
dsgdb9nsd_012791,0.0,0.9
dsgdb9nsd_012791,0.0,0.9
dsgdb9nsd_012791,0.0,1.1
dsgdb9nsd_012791,0.0,1.1
dsgdb9nsd_015637,0.8,1.7
dsgdb9nsd_015637,0.8,0.1
dsgdb9nsd_015637,0.8,0.1
dsgdb9nsd_015637,0.8,0.0
dsgdb9nsd_015637,0.8,0.1
dsgdb9nsd_015637,0.7,1.0
dsgdb9nsd_015637,0.8,0.1
dsgdb9nsd_049367,0.4,1.5
dsgdb9nsd_049367,0.5,1.7
dsgdb9nsd_049367,0.4,1.5
dsgdb9nsd_049367,0.5,1.7
dsgdb9nsd_049367,0.4,1.5
dsgdb9nsd_049367,0.4,1.5
dsgdb9nsd_049367,0.4,1.7
dsgdb9nsd_049367,0.5,1.7
dsgdb9nsd_049367,0.5,1.7
dsgdb9nsd_049367,0.5,1.7
dsgdb9nsd_049367,0.4,1.7
dsgdb9nsd_049367,0.4,1.7
dsgdb9nsd_000089,0.6,1.6
dsgdb9nsd_002053,0.7,1.1
dsgdb9nsd_002053,0.9,1.8
dsgdb9nsd_002053,0.7,0.4
dsgdb9nsd_002053,0.7,0.4
dsgdb9nsd_002053,0.9,1.8
dsgdb9nsd_002053,0.7,1.1
dsgdb9nsd_002053,0.7,0.4
dsgdb9nsd_002053,0.7,1.1
dsgdb9nsd_002053,0.7,0.4
dsgdb9nsd_002053,0.9,1.8
dsgdb9nsd_002053,0.9,1.8
dsgdb9nsd_002053,0.8,1.1
dsgdb9nsd_002053,0.7,1.2
dsgdb9nsd_002053,0.7,1.1
dsgdb9nsd_002053,0.9,1.8
dsgdb9nsd_002053,0.7,1.1
dsgdb9nsd_002053,0.7,1.1
dsgdb9nsd_002053,0.7,0.4
dsgdb9nsd_001302,0.0,0.9
dsgdb9nsd_001302,0.1,1.9
dsgdb9nsd_001302,0.0,1.2
dsgdb9nsd_001302,0.0,0.9
dsgdb9nsd_001302,0.0,1.4
dsgdb9nsd_001302,0.0,0.9
dsgdb9nsd_001302,0.0,0.9
dsgdb9nsd_001302,0.0,0.9
dsgdb9nsd_001302,0.0,1.2
dsgdb9nsd_001302,0.0,1.2
dsgdb9nsd_001302,0.0,0.9
dsgdb9nsd_001302,0.0,1.1
dsgdb9nsd_001302,0.0,1.1
dsgdb9nsd_001302,0.0,0.9
dsgdb9nsd_103509,0.0,0.9
dsgdb9nsd_103509,0.0,1.1
dsgdb9nsd_103509,0.0,1.1
dsgdb9nsd_103509,0.0,1.1
dsgdb9nsd_103509,0.0,1.2
dsgdb9nsd_103509,0.0,1.1
dsgdb9nsd_103509,0.0,1.1
dsgdb9nsd_103509,0.0,1.1
dsgdb9nsd_103509,0.0,1.1
dsgdb9nsd_095154,0.0,0.5
dsgdb9nsd_095154,0.0,0.4
dsgdb9nsd_095154,0.0,0.4
dsgdb9nsd_095154,0.0,0.4
dsgdb9nsd_095154,0.0,0.3
dsgdb9nsd_095154,0.0,0.3
dsgdb9nsd_040982,0.0,1.4
dsgdb9nsd_040982,0.0,1.2
dsgdb9nsd_040982,0.0,1.2
dsgdb9nsd_040982,0.0,1.2
dsgdb9nsd_040982,0.0,1.1
dsgdb9nsd_040982,0.0,1.2
dsgdb9nsd_040982,0.0,1.3
dsgdb9nsd_040982,0.0,1.2
dsgdb9nsd_010245,0.0,0.9
dsgdb9nsd_010245,0.0,0.9
dsgdb9nsd_010245,0.0,0.9
dsgdb9nsd_010245,0.0,0.9
dsgdb9nsd_003739,0.0,0.9
dsgdb9nsd_003739,0.0,0.9
dsgdb9nsd_003739,0.0,0.9
dsgdb9nsd_003739,0.0,0.9
dsgdb9nsd_003739,0.0,0.9
dsgdb9nsd_077509,0.0,2.0
dsgdb9nsd_077509,0.0,2.0
dsgdb9nsd_077509,0.0,2.0
dsgdb9nsd_077509,0.0,2.0
dsgdb9nsd_077509,0.0,2.0
dsgdb9nsd_021527,0.1,1.9
dsgdb9nsd_021527,0.1,1.9
dsgdb9nsd_001886,0.0,1.8
dsgdb9nsd_001886,0.0,1.8
dsgdb9nsd_001886,0.0,1.8
dsgdb9nsd_001886,0.0,1.3
dsgdb9nsd_001886,0.0,1.3
dsgdb9nsd_001886,0.0,1.8
dsgdb9nsd_001886,0.0,1.3
dsgdb9nsd_001886,0.0,1.3
dsgdb9nsd_001886,0.0,1.3
dsgdb9nsd_001886,0.0,1.3
dsgdb9nsd_001886,0.0,1.3
dsgdb9nsd_001886,0.0,1.8
dsgdb9nsd_012876,0.0,0.4
dsgdb9nsd_012876,0.0,0.4
dsgdb9nsd_012876,0.0,0.4
dsgdb9nsd_011807,0.0,0.3
dsgdb9nsd_011807,0.0,0.3
dsgdb9nsd_011807,0.0,0.3
dsgdb9nsd_011807,0.0,0.3
dsgdb9nsd_011807,0.0,0.3
dsgdb9nsd_011807,0.0,0.3
dsgdb9nsd_031882,0.5,1.5
dsgdb9nsd_031882,0.4,0.2
dsgdb9nsd_031882,0.8,2.0
dsgdb9nsd_031882,0.5,1.7
dsgdb9nsd_031882,0.5,1.0
dsgdb9nsd_031882,0.8,0.1
dsgdb9nsd_031882,0.7,0.4
dsgdb9nsd_031882,0.5,1.4
dsgdb9nsd_031882,0.5,0.8
dsgdb9nsd_031882,0.5,1.4
dsgdb9nsd_031882,0.8,2.0
dsgdb9nsd_018751,1.1,0.6
dsgdb9nsd_018751,1.0,1.7
dsgdb9nsd_018751,1.2,1.9
dsgdb9nsd_018751,1.2,1.9
dsgdb9nsd_018751,1.1,0.6
dsgdb9nsd_018751,1.0,1.7
dsgdb9nsd_018751,1.2,1.9
dsgdb9nsd_018751,1.2,1.4
dsgdb9nsd_018751,1.3,0.2
dsgdb9nsd_018751,1.2,0.4
dsgdb9nsd_131212,0.0,0.7
dsgdb9nsd_131212,0.0,0.9
dsgdb9nsd_131212,0.0,0.7
dsgdb9nsd_131212,0.0,0.8
dsgdb9nsd_131212,0.0,1.2
dsgdb9nsd_131212,0.0,1.2
dsgdb9nsd_131212,0.0,0.8
dsgdb9nsd_131212,0.0,0.7
dsgdb9nsd_131212,0.0,0.9
dsgdb9nsd_131212,0.0,0.8
dsgdb9nsd_131212,0.0,1.2
dsgdb9nsd_131212,0.0,1.2
dsgdb9nsd_000018,1.4,0.5
dsgdb9nsd_000018,1.4,1.7
dsgdb9nsd_000018,1.4,1.8
dsgdb9nsd_000018,1.4,1.2
dsgdb9nsd_000018,1.2,1.9
dsgdb9nsd_000018,1.4,1.4
dsgdb9nsd_000018,1.6,0.6
dsgdb9nsd_000018,1.6,0.4
dsgdb9nsd_000018,1.7,1.5
dsgdb9nsd_000018,1.4,1.4
dsgdb9nsd_000018,1.4,1.4
dsgdb9nsd_000018,1.4,1.4
dsgdb9nsd_000018,1.4,1.4
dsgdb9nsd_000018,1.8,1.4
dsgdb9nsd_000018,1.4,0.1
dsgdb9nsd_000018,1.4,1.0
dsgdb9nsd_000018,1.6,0.6
dsgdb9nsd_000018,1.4,1.6
dsgdb9nsd_000018,1.4,1.4
dsgdb9nsd_000018,1.6,1.4
dsgdb9nsd_000018,1.5,1.4
dsgdb9nsd_000018,1.4,1.2
dsgdb9nsd_000018,1.4,1.4
dsgdb9nsd_000018,1.4,0.8
dsgdb9nsd_000018,1.6,1.4
dsgdb9nsd_000018,1.5,0.7
dsgdb9nsd_019581,1.0,0.9
dsgdb9nsd_019581,0.8,0.9
dsgdb9nsd_019581,0.8,0.9
dsgdb9nsd_019581,0.8,0.4
dsgdb9nsd_019581,1.2,1.9
dsgdb9nsd_019581,0.8,0.3
dsgdb9nsd_019581,0.8,0.1
dsgdb9nsd_019581,0.8,0.9
dsgdb9nsd_019581,0.8,0.1
dsgdb9nsd_019581,0.8,0.9
dsgdb9nsd_025622,0.0,1.2
dsgdb9nsd_025622,0.0,1.1
dsgdb9nsd_025622,0.0,1.0
dsgdb9nsd_002386,0.0,1.6
dsgdb9nsd_002386,0.0,1.6
dsgdb9nsd_002386,0.0,1.6
dsgdb9nsd_002386,0.0,2.0
dsgdb9nsd_002386,0.0,1.6
dsgdb9nsd_002386,0.0,1.6
dsgdb9nsd_002386,0.0,2.0
dsgdb9nsd_002386,0.0,1.6
dsgdb9nsd_051606,0.7,0.1
dsgdb9nsd_051606,0.7,1.8
dsgdb9nsd_051606,0.7,0.1
dsgdb9nsd_051606,0.7,0.1
dsgdb9nsd_051606,0.7,0.1
dsgdb9nsd_051606,0.7,1.8
dsgdb9nsd_051606,0.7,0.1
dsgdb9nsd_000358,0.8,2.0
dsgdb9nsd_000358,1.1,0.6
dsgdb9nsd_000358,1.4,1.7
dsgdb9nsd_000358,1.2,1.0
dsgdb9nsd_000358,0.8,2.0
dsgdb9nsd_000358,0.8,2.0
dsgdb9nsd_000358,0.8,2.0
dsgdb9nsd_000358,1.2,0.1
dsgdb9nsd_000358,1.3,0.2
dsgdb9nsd_000358,1.2,1.9
dsgdb9nsd_000358,0.8,2.0
dsgdb9nsd_000358,1.2,1.7
dsgdb9nsd_000358,1.2,1.7
dsgdb9nsd_000358,0.8,2.0
dsgdb9nsd_000358,1.2,1.3
dsgdb9nsd_000358,1.3,0.2
dsgdb9nsd_000358,0.8,2.0
dsgdb9nsd_000358,1.2,1.0
dsgdb9nsd_021886,0.0,1.2
dsgdb9nsd_021886,0.0,1.2
dsgdb9nsd_021886,0.0,1.2
dsgdb9nsd_040979,0.0,1.1
dsgdb9nsd_040979,0.0,1.0
dsgdb9nsd_040979,0.0,1.1
dsgdb9nsd_040979,0.0,1.1
dsgdb9nsd_012525,0.7,0.9
dsgdb9nsd_012525,0.8,0.1
dsgdb9nsd_012525,0.8,0.1
dsgdb9nsd_012525,0.8,0.1
dsgdb9nsd_012525,0.8,0.1
dsgdb9nsd_012525,0.8,0.1
dsgdb9nsd_008171,0.0,0.8
dsgdb9nsd_008171,0.0,1.1
dsgdb9nsd_008171,0.0,0.7
dsgdb9nsd_008171,0.0,0.7
dsgdb9nsd_008171,0.0,0.7
dsgdb9nsd_008171,0.0,0.7
dsgdb9nsd_008171,0.0,1.1
dsgdb9nsd_008171,0.0,1.1
dsgdb9nsd_006777,0.9,1.4
dsgdb9nsd_006777,0.9,1.4
dsgdb9nsd_006777,1.1,0.6
dsgdb9nsd_006777,1.5,0.2
dsgdb9nsd_006777,1.3,0.1
dsgdb9nsd_006777,1.3,0.8
dsgdb9nsd_006777,0.9,1.8
dsgdb9nsd_006777,1.3,1.4
dsgdb9nsd_006777,1.3,1.4
dsgdb9nsd_006777,1.0,2.0
dsgdb9nsd_006777,1.4,1.5
dsgdb9nsd_006777,1.1,0.8
dsgdb9nsd_006777,1.3,0.2
dsgdb9nsd_006777,1.3,1.4
dsgdb9nsd_006777,1.3,1.7
dsgdb9nsd_006777,1.2,1.9
dsgdb9nsd_006777,1.3,1.0
dsgdb9nsd_009540,0.8,0.2
dsgdb9nsd_009540,1.3,0.1
dsgdb9nsd_009540,1.1,0.6
dsgdb9nsd_009540,1.2,1.9
dsgdb9nsd_009540,1.5,0.1
dsgdb9nsd_009540,0.8,0.1
dsgdb9nsd_009540,0.8,0.1
dsgdb9nsd_009540,0.8,0.1
dsgdb9nsd_009540,1.2,1.3
dsgdb9nsd_009540,1.2,1.3
dsgdb9nsd_009540,0.8,0.1
dsgdb9nsd_009540,1.1,0.1
dsgdb9nsd_009540,0.8,0.1
dsgdb9nsd_009540,1.0,0.4
dsgdb9nsd_009540,1.2,1.3
dsgdb9nsd_002493,0.0,1.4
dsgdb9nsd_002493,0.1,1.4
dsgdb9nsd_002493,0.0,1.4
dsgdb9nsd_002493,0.0,1.4
dsgdb9nsd_002493,0.0,1.4
dsgdb9nsd_002493,0.1,1.9
dsgdb9nsd_002493,0.1,1.4
dsgdb9nsd_002493,0.1,1.4
dsgdb9nsd_002493,0.1,1.4
dsgdb9nsd_002493,0.0,1.4
dsgdb9nsd_002493,0.1,1.4
dsgdb9nsd_002493,0.0,1.4
dsgdb9nsd_002493,0.0,1.4
dsgdb9nsd_005486,0.0,1.3
dsgdb9nsd_005486,0.0,1.3
dsgdb9nsd_002787,0.0,1.1
dsgdb9nsd_002787,0.0,1.1
dsgdb9nsd_002787,0.0,1.1
dsgdb9nsd_002787,0.0,1.1
dsgdb9nsd_002787,0.0,1.1
dsgdb9nsd_002787,0.0,1.1
dsgdb9nsd_002937,0.0,1.1
dsgdb9nsd_002937,0.0,1.1
dsgdb9nsd_002937,0.0,1.1
dsgdb9nsd_002937,0.0,1.1
dsgdb9nsd_002937,0.0,1.0
dsgdb9nsd_002937,0.0,1.1
dsgdb9nsd_002937,0.0,1.1
dsgdb9nsd_002937,0.0,1.1
dsgdb9nsd_039639,0.0,1.1
dsgdb9nsd_039639,0.0,0.9
dsgdb9nsd_039639,0.0,0.7
dsgdb9nsd_039639,0.0,0.7
dsgdb9nsd_039639,0.0,0.8
dsgdb9nsd_039639,0.0,0.7
dsgdb9nsd_039639,0.0,0.7
dsgdb9nsd_019946,0.9,0.9
dsgdb9nsd_019946,1.0,0.1
dsgdb9nsd_019946,1.0,0.8
dsgdb9nsd_019946,1.1,1.8
dsgdb9nsd_019946,1.1,1.8
dsgdb9nsd_019946,1.1,1.8
dsgdb9nsd_019946,1.1,1.8
dsgdb9nsd_019946,1.0,0.8
dsgdb9nsd_019946,1.0,0.3
dsgdb9nsd_019946,1.0,1.8
dsgdb9nsd_019946,1.0,1.8
dsgdb9nsd_062609,0.6,0.2
dsgdb9nsd_062609,0.6,0.9
dsgdb9nsd_062609,1.0,1.3
dsgdb9nsd_062609,0.6,0.9
dsgdb9nsd_062609,0.6,0.9
dsgdb9nsd_062609,0.6,0.8
dsgdb9nsd_062609,0.6,0.9
dsgdb9nsd_062609,0.6,0.8
dsgdb9nsd_040839,0.2,1.2
dsgdb9nsd_040839,0.1,1.0
dsgdb9nsd_040839,0.1,0.3
dsgdb9nsd_040839,0.1,0.4
dsgdb9nsd_040839,0.1,1.0
dsgdb9nsd_040839,0.1,0.4
dsgdb9nsd_040839,0.1,1.0
dsgdb9nsd_040839,0.1,1.6
dsgdb9nsd_040839,0.1,0.4
dsgdb9nsd_040839,0.1,0.3
dsgdb9nsd_040839,0.1,1.0
dsgdb9nsd_040839,0.1,0.1
dsgdb9nsd_040839,0.1,0.4
dsgdb9nsd_040839,0.1,1.0
dsgdb9nsd_084497,0.0,1.1
dsgdb9nsd_084497,0.0,1.1
dsgdb9nsd_084497,0.0,0.8
dsgdb9nsd_084497,0.0,0.8
dsgdb9nsd_084497,0.0,1.1
dsgdb9nsd_084497,0.0,0.8
dsgdb9nsd_084497,0.0,0.7
dsgdb9nsd_084497,0.0,1.1
dsgdb9nsd_084497,0.0,0.8
dsgdb9nsd_084497,0.0,0.7
dsgdb9nsd_084497,0.0,0.7
dsgdb9nsd_130784,0.0,1.1
dsgdb9nsd_130784,0.0,1.1
dsgdb9nsd_130784,0.0,1.1
dsgdb9nsd_130784,0.0,1.1
dsgdb9nsd_130784,0.0,1.1
dsgdb9nsd_130784,0.0,1.1
dsgdb9nsd_130784,0.0,1.1
dsgdb9nsd_130784,0.0,0.9
dsgdb9nsd_003545,0.0,1.1
dsgdb9nsd_003545,0.0,1.1
dsgdb9nsd_003545,0.0,1.2
dsgdb9nsd_003545,0.0,1.0
dsgdb9nsd_003545,0.0,1.1
dsgdb9nsd_002007,0.1,1.4
dsgdb9nsd_002007,0.1,1.5
dsgdb9nsd_002007,0.1,1.5
dsgdb9nsd_002007,0.1,1.4
dsgdb9nsd_002007,0.1,1.5
dsgdb9nsd_002007,0.1,1.4
dsgdb9nsd_002007,0.1,1.5
dsgdb9nsd_002007,0.1,1.5
dsgdb9nsd_002007,0.1,1.5
dsgdb9nsd_002007,0.1,1.4
dsgdb9nsd_002007,0.1,1.4
dsgdb9nsd_002007,0.1,1.5
dsgdb9nsd_055003,0.9,0.1
dsgdb9nsd_055003,0.9,0.1
dsgdb9nsd_055003,0.9,0.0
dsgdb9nsd_055003,0.9,0.1
dsgdb9nsd_055003,1.0,0.1
dsgdb9nsd_055003,0.7,0.1
dsgdb9nsd_055003,0.9,0.1
dsgdb9nsd_020802,0.0,0.9
dsgdb9nsd_020802,0.0,0.7
dsgdb9nsd_020802,0.0,0.7
dsgdb9nsd_020802,0.0,0.7
dsgdb9nsd_020802,0.0,0.7
dsgdb9nsd_020802,0.0,0.8
dsgdb9nsd_055015,0.0,1.1
dsgdb9nsd_055015,0.0,1.0
dsgdb9nsd_055015,0.0,0.9
dsgdb9nsd_055015,0.0,1.1
dsgdb9nsd_055015,0.0,1.1
dsgdb9nsd_055015,0.0,1.2
dsgdb9nsd_055015,0.0,1.1
dsgdb9nsd_002687,0.0,1.6
dsgdb9nsd_002687,0.0,2.0
dsgdb9nsd_002687,0.0,1.8
dsgdb9nsd_002687,0.0,1.9
dsgdb9nsd_002687,0.0,1.8
dsgdb9nsd_002687,0.0,1.8
dsgdb9nsd_002687,0.0,2.0
dsgdb9nsd_006058,0.0,0.6
dsgdb9nsd_006058,0.0,0.6
dsgdb9nsd_006058,0.0,0.6
dsgdb9nsd_006058,0.0,0.6
dsgdb9nsd_006058,0.0,0.6
dsgdb9nsd_021026,0.7,1.3
dsgdb9nsd_021026,0.7,1.3
dsgdb9nsd_021026,0.7,1.3
dsgdb9nsd_021026,0.7,1.3
dsgdb9nsd_031023,0.5,1.5
dsgdb9nsd_031023,0.5,1.7
dsgdb9nsd_031023,0.5,0.2
dsgdb9nsd_031023,0.5,1.3
dsgdb9nsd_031023,0.5,1.7
dsgdb9nsd_031023,0.5,1.7
dsgdb9nsd_001625,1.1,1.8
dsgdb9nsd_001625,1.1,0.6
dsgdb9nsd_001625,1.1,0.0
dsgdb9nsd_001625,0.9,1.4
dsgdb9nsd_001625,1.1,0.7
dsgdb9nsd_001625,1.1,1.8
dsgdb9nsd_001625,1.1,1.8
dsgdb9nsd_001625,1.1,1.8
dsgdb9nsd_001625,1.1,0.8
dsgdb9nsd_001625,1.1,0.6
dsgdb9nsd_001625,1.1,0.0
dsgdb9nsd_001625,1.0,1.8
dsgdb9nsd_001625,1.1,0.6
dsgdb9nsd_001625,1.1,1.8
dsgdb9nsd_001625,1.1,1.8
dsgdb9nsd_001625,1.1,1.7
dsgdb9nsd_001625,1.1,1.1
dsgdb9nsd_001625,1.2,1.9
dsgdb9nsd_001625,1.1,1.8
dsgdb9nsd_001625,1.4,2.0
dsgdb9nsd_001625,1.3,0.2
dsgdb9nsd_000077,1.0,0.9
dsgdb9nsd_000077,1.0,0.9
dsgdb9nsd_000077,1.1,1.2
dsgdb9nsd_000077,1.2,2.0
dsgdb9nsd_000077,1.1,1.2
dsgdb9nsd_000077,1.0,0.9
dsgdb9nsd_000077,1.0,1.0
dsgdb9nsd_000077,1.0,2.0
dsgdb9nsd_000077,1.1,1.2
dsgdb9nsd_000077,1.0,0.9
dsgdb9nsd_000077,1.1,1.2
dsgdb9nsd_000077,1.0,0.9
dsgdb9nsd_000077,0.9,1.4
dsgdb9nsd_000077,1.0,2.0
dsgdb9nsd_000077,1.0,1.3
dsgdb9nsd_000077,0.9,1.4
dsgdb9nsd_000077,1.0,0.9
dsgdb9nsd_118673,0.0,0.9
dsgdb9nsd_118673,0.0,0.9
dsgdb9nsd_118673,0.0,1.2
dsgdb9nsd_118673,0.0,1.2
dsgdb9nsd_118673,0.0,0.9
dsgdb9nsd_118673,0.0,0.9
dsgdb9nsd_001419,0.1,2.0
dsgdb9nsd_001419,0.1,1.9
dsgdb9nsd_001419,0.1,1.9
dsgdb9nsd_001419,0.1,1.9
dsgdb9nsd_001419,0.1,1.9
dsgdb9nsd_001419,0.1,1.9
dsgdb9nsd_001419,0.0,1.8
dsgdb9nsd_001419,0.1,1.9
dsgdb9nsd_001419,0.1,1.9
dsgdb9nsd_001419,0.0,1.8
dsgdb9nsd_001850,0.0,0.8
dsgdb9nsd_001850,0.0,0.8
dsgdb9nsd_001850,0.0,0.8
dsgdb9nsd_001850,0.0,0.8
dsgdb9nsd_001850,0.0,0.8
dsgdb9nsd_002251,0.0,1.9
dsgdb9nsd_002251,0.0,2.0
dsgdb9nsd_002251,0.0,1.8
dsgdb9nsd_002251,0.0,1.8
dsgdb9nsd_002251,0.0,1.8
dsgdb9nsd_002251,0.0,1.9
dsgdb9nsd_002251,0.0,1.9
dsgdb9nsd_002251,0.0,1.8
dsgdb9nsd_002251,0.0,1.8
dsgdb9nsd_002251,0.0,1.8
dsgdb9nsd_002251,0.0,1.8
dsgdb9nsd_016355,0.0,1.1
dsgdb9nsd_016355,0.0,0.9
dsgdb9nsd_016355,0.0,0.9
dsgdb9nsd_016355,0.0,0.9
dsgdb9nsd_016355,0.0,1.2
dsgdb9nsd_016355,0.0,1.1
dsgdb9nsd_016355,0.0,1.2
dsgdb9nsd_016355,0.0,0.9
dsgdb9nsd_013562,0.0,1.3
dsgdb9nsd_013562,0.0,1.3
dsgdb9nsd_013562,0.0,1.2
dsgdb9nsd_013562,0.0,1.2
dsgdb9nsd_013562,0.0,1.2
dsgdb9nsd_013562,0.0,1.2
dsgdb9nsd_013562,0.0,1.3
dsgdb9nsd_013562,0.0,1.3
dsgdb9nsd_020202,1.1,0.6
dsgdb9nsd_020202,1.1,0.6
dsgdb9nsd_020202,0.7,1.3
dsgdb9nsd_020202,1.0,0.8
dsgdb9nsd_020202,1.1,0.6
dsgdb9nsd_020202,0.7,1.3
dsgdb9nsd_020202,1.1,0.6
dsgdb9nsd_009439,0.0,1.2
dsgdb9nsd_009439,0.0,1.2
dsgdb9nsd_009439,0.0,1.1
dsgdb9nsd_009439,0.0,1.6
dsgdb9nsd_009439,0.0,1.2
dsgdb9nsd_009439,0.0,1.2
dsgdb9nsd_009439,0.0,1.0
dsgdb9nsd_009439,0.0,1.2
dsgdb9nsd_009439,0.0,1.3
dsgdb9nsd_009439,0.0,1.1
dsgdb9nsd_011629,0.0,0.3
dsgdb9nsd_011629,0.0,0.3
dsgdb9nsd_011629,0.0,0.3
dsgdb9nsd_011629,0.0,0.4
dsgdb9nsd_011629,0.0,0.4
dsgdb9nsd_003654,1.1,1.0
dsgdb9nsd_003654,1.1,0.6
dsgdb9nsd_003654,0.9,1.4
dsgdb9nsd_003654,1.1,0.6
dsgdb9nsd_003654,1.0,0.8
dsgdb9nsd_003654,1.0,1.7
dsgdb9nsd_003654,1.0,1.0
dsgdb9nsd_003654,1.0,1.7
dsgdb9nsd_003654,1.0,0.5
dsgdb9nsd_003654,1.0,0.5
dsgdb9nsd_003654,1.0,0.5
dsgdb9nsd_003654,1.1,0.6
dsgdb9nsd_003654,1.0,1.7
dsgdb9nsd_003654,1.2,1.7
dsgdb9nsd_003654,1.0,0.5
dsgdb9nsd_003654,1.0,1.7
dsgdb9nsd_003654,1.1,0.6
dsgdb9nsd_003654,1.0,1.7
dsgdb9nsd_003654,1.0,1.1
dsgdb9nsd_003654,1.1,0.6
dsgdb9nsd_003654,1.0,1.7
dsgdb9nsd_005246,0.5,1.7
dsgdb9nsd_005246,0.1,1.9
dsgdb9nsd_005246,0.3,1.1
dsgdb9nsd_005246,0.1,1.9
dsgdb9nsd_005246,0.1,1.9
dsgdb9nsd_005246,0.5,1.7
dsgdb9nsd_066397,0.0,1.1
dsgdb9nsd_066397,0.0,1.1
dsgdb9nsd_066397,0.0,1.1
dsgdb9nsd_066397,0.0,1.1
dsgdb9nsd_001982,0.1,1.1
dsgdb9nsd_001982,0.0,1.1
dsgdb9nsd_001982,0.0,1.1
dsgdb9nsd_001982,0.0,1.1
dsgdb9nsd_001982,0.0,1.1
dsgdb9nsd_001982,0.0,1.1
dsgdb9nsd_001982,0.0,1.1
dsgdb9nsd_001982,0.1,1.1
dsgdb9nsd_001982,0.0,1.1
dsgdb9nsd_004138,0.0,1.1
dsgdb9nsd_004138,0.0,1.1
dsgdb9nsd_004138,0.0,1.1
dsgdb9nsd_004138,0.0,1.2
dsgdb9nsd_004138,0.0,1.1
dsgdb9nsd_004138,0.0,1.1
dsgdb9nsd_004138,0.0,1.6
dsgdb9nsd_004138,0.0,1.1
dsgdb9nsd_064922,1.1,0.7
dsgdb9nsd_064922,1.1,0.6
dsgdb9nsd_064922,1.1,0.7
dsgdb9nsd_064922,1.2,0.2
dsgdb9nsd_064922,1.1,0.6
dsgdb9nsd_064922,0.7,0.6
dsgdb9nsd_064922,1.3,0.2
dsgdb9nsd_064922,1.1,0.0
dsgdb9nsd_064922,1.3,0.6
dsgdb9nsd_001866,0.0,1.9
dsgdb9nsd_001866,0.0,1.9
dsgdb9nsd_001866,0.0,1.9
dsgdb9nsd_080249,1.2,1.9
dsgdb9nsd_080249,1.1,0.6
dsgdb9nsd_080249,1.1,0.7
dsgdb9nsd_080249,0.9,1.4
dsgdb9nsd_080249,0.9,1.4
dsgdb9nsd_080249,0.9,2.0
dsgdb9nsd_080249,0.9,1.4
dsgdb9nsd_080249,0.9,1.4
dsgdb9nsd_080249,0.9,1.2
dsgdb9nsd_080249,1.1,0.6
dsgdb9nsd_080249,0.9,0.9
dsgdb9nsd_080249,0.9,0.0
dsgdb9nsd_053671,0.3,0.4
dsgdb9nsd_053671,0.3,0.4
dsgdb9nsd_053671,0.3,0.4
dsgdb9nsd_016543,0.0,0.3
dsgdb9nsd_016543,0.0,0.3
dsgdb9nsd_016543,0.0,0.3
dsgdb9nsd_016543,0.0,0.1
dsgdb9nsd_016543,0.0,0.1
dsgdb9nsd_016543,0.0,0.5
dsgdb9nsd_020627,0.0,0.9
dsgdb9nsd_020627,0.0,0.9
dsgdb9nsd_020627,0.0,0.9
dsgdb9nsd_020627,0.0,1.2
dsgdb9nsd_020627,0.0,0.9
dsgdb9nsd_020627,0.0,1.2
dsgdb9nsd_005244,0.0,0.3
dsgdb9nsd_005244,0.0,0.3
dsgdb9nsd_005244,0.0,0.3
dsgdb9nsd_005244,0.0,0.3
dsgdb9nsd_005244,0.0,0.3
dsgdb9nsd_005244,0.0,0.3
dsgdb9nsd_017803,0.6,1.5
dsgdb9nsd_017803,0.6,1.8
dsgdb9nsd_017803,0.6,1.5
dsgdb9nsd_017803,0.6,1.5
dsgdb9nsd_017803,0.6,1.5
dsgdb9nsd_017803,0.8,1.9
dsgdb9nsd_017803,0.6,0.7
dsgdb9nsd_017803,0.8,1.9
dsgdb9nsd_019120,0.2,0.0
dsgdb9nsd_019120,0.2,1.6
dsgdb9nsd_019120,0.2,1.0
dsgdb9nsd_019120,0.2,1.6
dsgdb9nsd_019120,0.1,1.5
dsgdb9nsd_019120,0.2,0.7
dsgdb9nsd_019120,0.2,1.2
dsgdb9nsd_019120,0.2,0.7
dsgdb9nsd_019120,0.2,1.6
dsgdb9nsd_019120,0.2,0.7
dsgdb9nsd_019120,0.2,1.7
dsgdb9nsd_019120,0.2,0.0
dsgdb9nsd_019120,0.2,1.6
dsgdb9nsd_019120,0.2,1.6
dsgdb9nsd_004768,0.9,0.8
dsgdb9nsd_004768,0.9,0.8
dsgdb9nsd_004768,0.9,0.8
dsgdb9nsd_004768,1.1,0.6
dsgdb9nsd_004768,1.1,0.7
dsgdb9nsd_004768,0.9,0.8
dsgdb9nsd_004768,0.9,0.8
dsgdb9nsd_004768,1.1,0.6
dsgdb9nsd_004768,0.8,0.3
dsgdb9nsd_004768,0.9,0.8
dsgdb9nsd_004768,0.9,1.8
dsgdb9nsd_004768,1.0,1.8
dsgdb9nsd_004768,0.9,1.8
dsgdb9nsd_004768,0.9,1.1
dsgdb9nsd_004768,1.2,1.9
dsgdb9nsd_004768,0.9,1.8
dsgdb9nsd_004768,0.9,1.8
dsgdb9nsd_004768,0.9,1.6
dsgdb9nsd_075897,0.0,1.2
dsgdb9nsd_075897,0.0,1.2
dsgdb9nsd_075897,0.0,1.3
dsgdb9nsd_075897,0.0,1.2
dsgdb9nsd_075897,0.0,1.2
dsgdb9nsd_020573,0.0,1.0
dsgdb9nsd_020573,0.0,1.1
dsgdb9nsd_020573,0.0,1.1
dsgdb9nsd_020573,0.0,1.1
dsgdb9nsd_020573,0.0,1.1
dsgdb9nsd_020573,0.0,1.2
dsgdb9nsd_020573,0.0,1.1
dsgdb9nsd_020573,0.0,1.1
dsgdb9nsd_087363,0.0,1.6
dsgdb9nsd_087363,0.0,1.6
dsgdb9nsd_007381,0.0,2.0
dsgdb9nsd_007381,0.0,2.0
dsgdb9nsd_007381,0.0,2.0
dsgdb9nsd_007381,0.0,2.0
dsgdb9nsd_007381,0.0,2.0
dsgdb9nsd_003395,0.0,0.4
dsgdb9nsd_003395,0.0,0.3
dsgdb9nsd_003395,0.0,0.3
dsgdb9nsd_003395,0.0,0.3
dsgdb9nsd_003395,0.0,0.3
dsgdb9nsd_003395,0.0,0.3
dsgdb9nsd_003395,0.0,0.3
dsgdb9nsd_003395,0.0,0.3
dsgdb9nsd_112183,0.0,1.2
dsgdb9nsd_112183,0.0,1.2
dsgdb9nsd_112183,0.0,1.2
dsgdb9nsd_112183,0.0,1.1
dsgdb9nsd_086436,0.0,1.1
dsgdb9nsd_086436,0.0,1.1
dsgdb9nsd_086436,0.0,1.1
dsgdb9nsd_086436,0.0,1.1
dsgdb9nsd_086436,0.0,1.1
dsgdb9nsd_086436,0.0,1.1
dsgdb9nsd_112377,0.0,1.8
dsgdb9nsd_112377,0.0,1.9
dsgdb9nsd_112377,0.0,1.8
dsgdb9nsd_112377,0.0,1.9
dsgdb9nsd_112377,0.0,1.8
dsgdb9nsd_112377,0.0,1.8
dsgdb9nsd_112377,0.0,1.8
dsgdb9nsd_002009,0.0,1.9
dsgdb9nsd_002009,0.0,1.9
dsgdb9nsd_002009,0.0,1.9
dsgdb9nsd_002009,0.0,1.9
dsgdb9nsd_002009,0.0,1.9
dsgdb9nsd_002009,0.0,1.9
dsgdb9nsd_002009,0.0,1.9
dsgdb9nsd_125779,0.0,1.2
dsgdb9nsd_125779,0.1,0.0
dsgdb9nsd_125779,0.1,1.9
dsgdb9nsd_125779,0.0,0.7
dsgdb9nsd_125779,0.0,1.1
dsgdb9nsd_001661,0.0,1.3
dsgdb9nsd_001661,0.0,1.2
dsgdb9nsd_001661,0.0,1.2
dsgdb9nsd_001661,0.0,1.1
dsgdb9nsd_001661,0.0,1.2
dsgdb9nsd_001661,0.0,1.2
dsgdb9nsd_001661,0.0,1.2
dsgdb9nsd_001661,0.0,1.1
dsgdb9nsd_001661,0.0,1.0
dsgdb9nsd_001661,0.0,1.2
dsgdb9nsd_001661,0.0,1.2
dsgdb9nsd_001661,0.0,1.6
dsgdb9nsd_010456,0.0,1.1
dsgdb9nsd_010456,0.0,0.9
dsgdb9nsd_010456,0.0,1.1
dsgdb9nsd_010456,0.0,1.1
dsgdb9nsd_010456,0.0,1.1
dsgdb9nsd_010456,0.0,1.2
dsgdb9nsd_028223,0.5,1.5
dsgdb9nsd_028223,0.5,1.0
dsgdb9nsd_028223,0.5,1.0
dsgdb9nsd_028223,0.5,1.7
dsgdb9nsd_028223,0.5,1.1
dsgdb9nsd_028223,0.5,1.7
dsgdb9nsd_028223,0.5,1.7
dsgdb9nsd_028223,0.5,1.7
dsgdb9nsd_033554,0.0,0.7
dsgdb9nsd_033554,0.0,0.7
dsgdb9nsd_033554,0.0,0.7
dsgdb9nsd_033554,0.0,0.7
dsgdb9nsd_033554,0.0,0.7
dsgdb9nsd_033554,0.0,0.7
dsgdb9nsd_033554,0.0,0.7
dsgdb9nsd_033554,0.0,0.8
dsgdb9nsd_001482,0.0,1.1
dsgdb9nsd_001482,0.0,1.1
dsgdb9nsd_001482,0.0,1.1
dsgdb9nsd_001482,0.0,1.1
dsgdb9nsd_001482,0.0,1.1
dsgdb9nsd_001482,0.0,1.1
dsgdb9nsd_001482,0.0,1.0
dsgdb9nsd_001482,0.0,1.1
dsgdb9nsd_001482,0.0,1.2
dsgdb9nsd_015609,0.0,0.9
dsgdb9nsd_015609,0.0,0.9
dsgdb9nsd_015609,0.0,1.1
dsgdb9nsd_015609,0.0,1.1
dsgdb9nsd_015609,0.0,0.9
dsgdb9nsd_015563,0.8,1.1
dsgdb9nsd_015563,0.8,1.1
dsgdb9nsd_015563,0.8,1.1
dsgdb9nsd_015563,0.8,1.1
dsgdb9nsd_001940,0.0,1.4
dsgdb9nsd_001940,0.0,1.2
dsgdb9nsd_001940,0.0,0.9
dsgdb9nsd_001940,0.0,1.1
dsgdb9nsd_001940,0.0,0.9
dsgdb9nsd_001940,0.0,0.9
dsgdb9nsd_001940,0.0,1.2
dsgdb9nsd_001940,0.0,1.2
dsgdb9nsd_001940,0.0,0.9
dsgdb9nsd_001940,0.0,0.9
dsgdb9nsd_001940,0.0,0.9
dsgdb9nsd_001940,0.0,1.1
dsgdb9nsd_001940,0.0,0.9
dsgdb9nsd_128365,0.6,1.2
dsgdb9nsd_128365,0.6,0.5
dsgdb9nsd_005304,0.0,0.8
dsgdb9nsd_005304,0.0,0.7
dsgdb9nsd_005304,0.0,0.8
dsgdb9nsd_005304,0.0,0.8
dsgdb9nsd_005304,0.0,0.8
dsgdb9nsd_005304,0.0,0.7
dsgdb9nsd_005304,0.0,0.8
dsgdb9nsd_005304,0.0,0.7
dsgdb9nsd_098270,0.0,1.3
dsgdb9nsd_098270,0.0,1.8
dsgdb9nsd_098270,0.0,1.3
dsgdb9nsd_098270,0.0,1.2
dsgdb9nsd_098270,0.0,1.2
dsgdb9nsd_098270,0.0,1.8
dsgdb9nsd_098270,0.0,1.2
dsgdb9nsd_098270,0.0,1.1
dsgdb9nsd_098270,0.0,1.2
dsgdb9nsd_014632,0.0,2.0
dsgdb9nsd_125318,0.1,1.9
dsgdb9nsd_125318,0.0,2.0
dsgdb9nsd_125318,0.1,2.0
dsgdb9nsd_125318,0.1,1.9
dsgdb9nsd_125318,0.1,1.9
dsgdb9nsd_125318,0.0,2.0
dsgdb9nsd_125318,0.0,2.0
dsgdb9nsd_125318,0.1,1.9
dsgdb9nsd_016707,0.0,1.4
dsgdb9nsd_016707,0.0,1.2
dsgdb9nsd_016707,0.0,1.1
dsgdb9nsd_016707,0.0,1.1
dsgdb9nsd_016707,0.0,1.2
dsgdb9nsd_016707,0.0,1.2
dsgdb9nsd_016707,0.0,1.2
dsgdb9nsd_016707,0.0,1.2
dsgdb9nsd_016707,0.0,1.0
dsgdb9nsd_016707,0.0,0.9
dsgdb9nsd_016707,0.0,1.2
dsgdb9nsd_048218,0.0,0.9
dsgdb9nsd_048218,0.0,0.9
dsgdb9nsd_048218,0.0,1.4
dsgdb9nsd_048218,0.0,0.9
dsgdb9nsd_002093,0.0,0.3
dsgdb9nsd_002093,0.0,0.3
dsgdb9nsd_002093,0.0,0.3
dsgdb9nsd_002093,0.0,0.3
dsgdb9nsd_002093,0.0,0.3
dsgdb9nsd_002093,0.0,0.3
dsgdb9nsd_002093,0.0,0.3
dsgdb9nsd_063218,0.0,1.1
dsgdb9nsd_063218,0.0,1.1
dsgdb9nsd_063218,0.0,1.8
dsgdb9nsd_063218,0.0,1.1
dsgdb9nsd_063218,0.0,1.1
dsgdb9nsd_007972,1.1,0.6
dsgdb9nsd_007972,0.8,1.8
dsgdb9nsd_007972,1.0,1.8
dsgdb9nsd_007972,0.8,1.8
dsgdb9nsd_007972,0.8,1.8
dsgdb9nsd_007972,0.8,1.8
dsgdb9nsd_007972,0.8,1.8
dsgdb9nsd_007972,1.1,1.2
dsgdb9nsd_007972,1.2,1.9
dsgdb9nsd_007972,1.1,0.6
dsgdb9nsd_007972,0.8,1.8
dsgdb9nsd_058573,0.1,1.9
dsgdb9nsd_058573,0.1,1.9
dsgdb9nsd_058573,0.1,1.9
dsgdb9nsd_058573,0.1,1.5
dsgdb9nsd_058573,0.1,1.9
dsgdb9nsd_001435,0.0,1.9
dsgdb9nsd_001435,0.0,1.9
dsgdb9nsd_001435,0.0,1.9
dsgdb9nsd_001435,0.0,1.9
dsgdb9nsd_001435,0.0,1.9
dsgdb9nsd_001435,0.0,1.9
dsgdb9nsd_001435,0.0,1.9
dsgdb9nsd_009356,0.0,1.1
dsgdb9nsd_009356,0.0,1.1
dsgdb9nsd_007948,1.2,1.0
dsgdb9nsd_007948,1.2,1.0
dsgdb9nsd_007948,1.3,0.8
dsgdb9nsd_007948,1.2,0.7
dsgdb9nsd_007948,1.2,0.7
dsgdb9nsd_007948,1.2,0.7
dsgdb9nsd_007948,1.2,2.0
dsgdb9nsd_007948,1.2,2.0
dsgdb9nsd_007948,1.3,1.0
dsgdb9nsd_007948,1.2,0.7
dsgdb9nsd_007948,1.2,1.0
dsgdb9nsd_012672,0.0,0.9
dsgdb9nsd_012672,0.0,0.9
dsgdb9nsd_012672,0.0,0.9
dsgdb9nsd_012672,0.0,1.4
dsgdb9nsd_012672,0.0,1.2
dsgdb9nsd_012672,0.0,0.9
dsgdb9nsd_012672,0.0,1.2
dsgdb9nsd_012672,0.0,0.9
dsgdb9nsd_012672,0.0,0.9
dsgdb9nsd_012672,0.0,1.1
dsgdb9nsd_012672,0.0,1.1
dsgdb9nsd_020893,1.2,1.3
dsgdb9nsd_020893,1.1,0.6
dsgdb9nsd_020893,1.2,1.9
dsgdb9nsd_020893,1.2,1.9
dsgdb9nsd_020893,1.2,0.0
dsgdb9nsd_020893,1.2,0.8
dsgdb9nsd_020893,1.2,0.0
dsgdb9nsd_020893,1.2,0.0
dsgdb9nsd_020893,1.2,0.4
dsgdb9nsd_020893,1.2,0.0
dsgdb9nsd_020893,1.2,0.0
dsgdb9nsd_020893,1.2,1.9
dsgdb9nsd_020893,1.1,0.6
dsgdb9nsd_020893,1.2,1.9
dsgdb9nsd_048947,0.0,1.6
dsgdb9nsd_048947,0.0,1.6
dsgdb9nsd_048947,0.0,1.6
dsgdb9nsd_130130,0.0,1.1
dsgdb9nsd_130130,0.0,1.2
dsgdb9nsd_130130,0.0,1.0
dsgdb9nsd_130130,0.0,1.1
dsgdb9nsd_130130,0.0,1.1
dsgdb9nsd_130130,0.0,1.1
dsgdb9nsd_130130,0.0,1.1
dsgdb9nsd_004529,0.0,0.9
dsgdb9nsd_004529,0.0,0.9
dsgdb9nsd_013466,0.8,1.9
dsgdb9nsd_013466,1.2,1.3
dsgdb9nsd_013466,1.1,1.9
dsgdb9nsd_013466,1.2,1.9
dsgdb9nsd_013466,1.0,0.9
dsgdb9nsd_013466,1.2,1.9
dsgdb9nsd_013466,1.2,1.9
dsgdb9nsd_013466,1.2,1.7
dsgdb9nsd_013466,1.2,1.6
dsgdb9nsd_013466,1.2,1.9
dsgdb9nsd_013466,1.2,1.9
dsgdb9nsd_013466,1.5,2.0
dsgdb9nsd_013466,1.1,2.0
dsgdb9nsd_013466,1.1,0.2
dsgdb9nsd_001942,0.0,1.1
dsgdb9nsd_001942,0.0,1.1
dsgdb9nsd_001942,0.0,1.0
dsgdb9nsd_001942,0.0,0.9
dsgdb9nsd_001942,0.0,1.1
dsgdb9nsd_001942,0.0,1.1
dsgdb9nsd_001942,0.0,1.1
dsgdb9nsd_001942,0.0,1.1
dsgdb9nsd_001942,0.0,1.1
dsgdb9nsd_061507,0.4,0.5
dsgdb9nsd_061507,0.4,0.5
dsgdb9nsd_061507,0.4,0.5
dsgdb9nsd_061507,0.4,0.5
dsgdb9nsd_061507,0.4,0.4
dsgdb9nsd_061507,0.4,0.5
dsgdb9nsd_061507,0.4,0.1
dsgdb9nsd_061507,0.4,0.4
dsgdb9nsd_061507,0.4,0.2
dsgdb9nsd_061507,0.4,0.4
dsgdb9nsd_039381,0.0,1.2
dsgdb9nsd_039381,0.0,1.2
dsgdb9nsd_039381,0.0,1.2
dsgdb9nsd_039381,0.0,1.2
dsgdb9nsd_039381,0.0,1.2
dsgdb9nsd_039381,0.0,1.3
dsgdb9nsd_039381,0.0,1.3
dsgdb9nsd_010867,0.0,0.3
dsgdb9nsd_010867,0.0,0.3
dsgdb9nsd_010867,0.0,0.3
dsgdb9nsd_010867,0.0,0.4
dsgdb9nsd_010867,0.0,0.3
dsgdb9nsd_010867,0.0,0.3
dsgdb9nsd_001969,0.8,1.6
dsgdb9nsd_001969,0.8,1.7
dsgdb9nsd_001969,1.0,1.7
dsgdb9nsd_001969,1.3,0.2
dsgdb9nsd_001969,0.8,1.7
dsgdb9nsd_001969,1.3,0.2
dsgdb9nsd_001969,1.3,1.6
dsgdb9nsd_001969,0.8,0.5
dsgdb9nsd_001969,1.0,1.7
dsgdb9nsd_001969,0.8,1.7
dsgdb9nsd_001969,1.2,1.7
dsgdb9nsd_001969,1.3,0.1
dsgdb9nsd_001969,0.8,1.7
dsgdb9nsd_001969,0.8,1.6
dsgdb9nsd_001969,1.3,0.2
dsgdb9nsd_001969,0.8,1.6
dsgdb9nsd_001969,1.3,0.2
dsgdb9nsd_001969,0.8,1.7
dsgdb9nsd_001969,1.3,0.5
dsgdb9nsd_001969,1.0,1.7
dsgdb9nsd_001969,0.8,1.7
dsgdb9nsd_006373,0.5,1.7
dsgdb9nsd_006373,0.8,0.1
dsgdb9nsd_006373,1.1,0.0
dsgdb9nsd_006373,0.5,1.7
dsgdb9nsd_006373,0.5,1.7
dsgdb9nsd_006373,0.8,0.1
dsgdb9nsd_006373,1.0,0.1
dsgdb9nsd_006373,0.5,1.7
dsgdb9nsd_006373,0.5,1.7
dsgdb9nsd_006373,0.5,1.7
dsgdb9nsd_003717,0.7,1.5
dsgdb9nsd_003717,0.7,1.0
dsgdb9nsd_003717,0.7,1.3
dsgdb9nsd_003717,0.7,1.0
dsgdb9nsd_003717,0.7,1.0
dsgdb9nsd_003717,0.7,1.0
dsgdb9nsd_003717,0.7,1.0
dsgdb9nsd_003717,0.7,1.0
dsgdb9nsd_000148,0.0,1.4
dsgdb9nsd_001781,0.0,1.6
dsgdb9nsd_005761,0.0,1.1
dsgdb9nsd_005761,0.0,1.1
dsgdb9nsd_005761,0.0,1.1
dsgdb9nsd_005761,0.0,1.1
dsgdb9nsd_005761,0.0,1.1
dsgdb9nsd_005761,0.0,1.1
dsgdb9nsd_057680,0.9,2.0
dsgdb9nsd_057680,0.9,2.0
dsgdb9nsd_057680,0.9,2.0
dsgdb9nsd_057680,0.9,1.8
dsgdb9nsd_057680,0.9,1.8
dsgdb9nsd_057680,0.9,2.0
dsgdb9nsd_005255,0.0,0.8
dsgdb9nsd_005255,0.0,0.8
dsgdb9nsd_005255,0.0,0.8
dsgdb9nsd_005255,0.0,0.8
dsgdb9nsd_005255,0.0,0.7
dsgdb9nsd_005255,0.0,0.8
dsgdb9nsd_005255,0.0,0.8
dsgdb9nsd_005255,0.0,0.7
dsgdb9nsd_014625,0.8,1.5
dsgdb9nsd_014625,0.7,1.5
dsgdb9nsd_014625,0.5,1.1
dsgdb9nsd_014625,0.8,1.8
dsgdb9nsd_014625,0.8,1.5
dsgdb9nsd_014625,0.8,1.8
dsgdb9nsd_014625,0.8,2.0
dsgdb9nsd_014625,0.8,1.4
dsgdb9nsd_020569,0.7,1.0
dsgdb9nsd_020569,0.7,1.0
dsgdb9nsd_020569,0.7,1.0
dsgdb9nsd_020569,0.7,1.0
dsgdb9nsd_020569,0.7,1.0
dsgdb9nsd_020569,0.7,1.0
dsgdb9nsd_020569,0.7,1.0
dsgdb9nsd_011776,0.6,0.0
dsgdb9nsd_011776,0.6,0.0
dsgdb9nsd_011776,0.6,0.0
dsgdb9nsd_011776,0.6,0.0
dsgdb9nsd_087661,0.0,0.4
dsgdb9nsd_000020,0.0,0.3
dsgdb9nsd_000020,0.0,0.3
dsgdb9nsd_000020,0.0,0.4
dsgdb9nsd_000020,0.0,0.3
dsgdb9nsd_000020,0.0,0.3
dsgdb9nsd_000020,0.0,0.3
dsgdb9nsd_000020,0.0,0.3
dsgdb9nsd_000020,0.0,0.3
dsgdb9nsd_033103,0.1,0.3
dsgdb9nsd_033103,0.1,0.3
dsgdb9nsd_033103,0.1,0.3
dsgdb9nsd_033103,0.1,0.3
dsgdb9nsd_033103,0.1,0.3
dsgdb9nsd_033103,0.1,0.4
dsgdb9nsd_010509,0.6,0.6
dsgdb9nsd_010509,0.6,0.6
dsgdb9nsd_010509,0.6,0.6
dsgdb9nsd_010509,0.6,0.6
dsgdb9nsd_010509,0.6,0.6
dsgdb9nsd_125224,0.0,1.3
dsgdb9nsd_125224,0.0,1.8
dsgdb9nsd_125224,0.0,1.3
dsgdb9nsd_125224,0.0,1.3
dsgdb9nsd_125224,0.0,1.8
dsgdb9nsd_125224,0.0,1.3
dsgdb9nsd_125224,0.0,1.8
dsgdb9nsd_125224,0.0,1.3
dsgdb9nsd_005381,0.0,0.8
dsgdb9nsd_005381,0.0,0.4
dsgdb9nsd_005381,0.0,0.4
dsgdb9nsd_005381,0.0,0.4
dsgdb9nsd_005381,0.0,0.4
dsgdb9nsd_005381,0.0,0.4
dsgdb9nsd_014297,0.0,1.6
dsgdb9nsd_014297,0.0,1.3
dsgdb9nsd_014297,0.0,1.3
dsgdb9nsd_014297,0.0,1.6
dsgdb9nsd_014297,0.0,1.3
dsgdb9nsd_014297,0.0,1.6
dsgdb9nsd_014297,0.0,1.6
dsgdb9nsd_001521,0.0,2.0
dsgdb9nsd_001521,0.0,1.6
dsgdb9nsd_001521,0.0,1.6
dsgdb9nsd_001521,0.0,1.6
dsgdb9nsd_005302,0.3,0.0
dsgdb9nsd_005302,0.5,1.7
dsgdb9nsd_005302,0.3,0.0
dsgdb9nsd_005302,0.5,1.7
dsgdb9nsd_005302,0.5,1.7
dsgdb9nsd_005302,0.5,1.7
dsgdb9nsd_005302,0.5,2.0
dsgdb9nsd_003150,0.0,0.7
dsgdb9nsd_003150,0.0,0.7
dsgdb9nsd_003150,0.0,0.7
dsgdb9nsd_003150,0.0,0.7
dsgdb9nsd_003150,0.0,0.7
dsgdb9nsd_127760,0.7,1.6
dsgdb9nsd_127760,0.7,1.7
dsgdb9nsd_127760,0.8,1.6
dsgdb9nsd_127760,0.5,1.6
dsgdb9nsd_127760,0.7,1.1
dsgdb9nsd_127760,0.7,1.6
dsgdb9nsd_127760,0.7,1.6
dsgdb9nsd_127760,1.0,1.6
dsgdb9nsd_127760,0.7,1.6
dsgdb9nsd_127760,0.7,1.6
dsgdb9nsd_054138,1.3,1.9
dsgdb9nsd_054138,1.2,1.5
dsgdb9nsd_054138,1.2,1.8
dsgdb9nsd_054138,1.2,0.8
dsgdb9nsd_054138,0.9,1.9
dsgdb9nsd_054138,1.2,0.1
dsgdb9nsd_054138,1.2,1.9
dsgdb9nsd_054138,1.2,1.8
dsgdb9nsd_054138,1.0,1.8
dsgdb9nsd_054138,1.2,1.5
dsgdb9nsd_054138,1.2,1.9
dsgdb9nsd_054138,1.5,1.8
dsgdb9nsd_054138,1.1,0.6
dsgdb9nsd_054138,1.2,1.8
dsgdb9nsd_054138,1.2,1.8
dsgdb9nsd_054138,1.3,0.2
dsgdb9nsd_054138,1.2,1.0
dsgdb9nsd_054138,1.2,1.3
dsgdb9nsd_054138,1.5,1.4
dsgdb9nsd_011139,0.0,0.8
dsgdb9nsd_011139,0.0,1.2
dsgdb9nsd_011139,0.0,1.1
dsgdb9nsd_011139,0.0,1.1
dsgdb9nsd_011139,0.0,1.1
dsgdb9nsd_011139,0.0,1.1
dsgdb9nsd_011139,0.0,0.9
dsgdb9nsd_039928,0.0,1.7
dsgdb9nsd_039928,0.0,1.7
dsgdb9nsd_039928,0.0,1.7
dsgdb9nsd_002157,0.0,0.7
dsgdb9nsd_002157,0.0,0.7
dsgdb9nsd_002157,0.0,0.8
dsgdb9nsd_002157,0.0,0.7
dsgdb9nsd_002157,0.0,0.7
dsgdb9nsd_002157,0.0,0.7
dsgdb9nsd_002157,0.0,0.9
dsgdb9nsd_002157,0.0,0.7
dsgdb9nsd_002157,0.0,0.7
dsgdb9nsd_026157,0.0,0.4
dsgdb9nsd_026157,0.0,0.4
dsgdb9nsd_026157,0.0,0.8
dsgdb9nsd_026157,0.0,0.8
dsgdb9nsd_026157,0.0,0.8
dsgdb9nsd_026157,0.0,0.4
dsgdb9nsd_002455,1.1,0.6
dsgdb9nsd_002455,1.2,0.7
dsgdb9nsd_002455,1.2,0.7
dsgdb9nsd_002455,1.3,0.2
dsgdb9nsd_002455,1.1,1.8
dsgdb9nsd_002455,1.2,1.3
dsgdb9nsd_002455,1.0,0.7
dsgdb9nsd_002455,1.6,1.9
dsgdb9nsd_002455,1.2,0.2
dsgdb9nsd_002455,1.2,0.0
dsgdb9nsd_002455,1.2,0.7
dsgdb9nsd_002455,1.2,2.0
dsgdb9nsd_002455,1.2,1.3
dsgdb9nsd_002455,1.2,1.9
dsgdb9nsd_002455,1.4,1.8
dsgdb9nsd_002455,1.2,0.7
dsgdb9nsd_002455,1.2,1.0
dsgdb9nsd_002455,1.2,1.1
dsgdb9nsd_002455,1.3,1.7
dsgdb9nsd_002455,1.2,1.9
dsgdb9nsd_002455,1.2,0.9
dsgdb9nsd_002455,1.2,0.7
dsgdb9nsd_002455,1.2,0.7
dsgdb9nsd_002455,1.2,1.9
dsgdb9nsd_002455,1.2,0.7
dsgdb9nsd_011449,1.2,0.0
dsgdb9nsd_011449,1.2,0.0
dsgdb9nsd_011449,1.2,0.0
dsgdb9nsd_011449,1.2,0.0
dsgdb9nsd_011449,1.2,1.9
dsgdb9nsd_011449,1.2,0.5
dsgdb9nsd_011449,1.2,1.9
dsgdb9nsd_011449,1.2,1.7
dsgdb9nsd_011449,1.1,0.6
dsgdb9nsd_011449,1.2,2.0
dsgdb9nsd_011449,1.2,1.1
dsgdb9nsd_011449,1.5,0.0
dsgdb9nsd_011449,1.3,0.2
dsgdb9nsd_011449,1.2,0.0
dsgdb9nsd_131725,0.0,0.4
dsgdb9nsd_131725,0.0,0.4
dsgdb9nsd_131725,0.0,0.3
dsgdb9nsd_131725,0.0,0.4
dsgdb9nsd_002792,0.0,0.3
dsgdb9nsd_002792,0.0,0.3
dsgdb9nsd_002792,0.0,0.3
dsgdb9nsd_002792,0.0,0.3
dsgdb9nsd_002792,0.0,0.3
dsgdb9nsd_043096,0.0,1.1
dsgdb9nsd_043096,0.0,1.1
dsgdb9nsd_043096,0.0,1.1
dsgdb9nsd_043096,0.0,0.9
dsgdb9nsd_043096,0.0,1.1
dsgdb9nsd_043096,0.0,1.1
dsgdb9nsd_002230,0.0,1.5
dsgdb9nsd_002230,0.0,1.8
dsgdb9nsd_002230,0.0,1.5
dsgdb9nsd_002230,0.0,1.8
dsgdb9nsd_002230,0.0,1.5
dsgdb9nsd_002230,0.0,1.8
dsgdb9nsd_002230,0.0,1.8
dsgdb9nsd_002230,0.0,1.5
dsgdb9nsd_002230,0.0,1.5
dsgdb9nsd_002230,0.0,1.8
dsgdb9nsd_002230,0.1,1.9
dsgdb9nsd_002230,0.0,1.5
dsgdb9nsd_002230,0.0,1.5
dsgdb9nsd_099258,1.0,0.7
dsgdb9nsd_099258,1.0,1.1
dsgdb9nsd_099258,1.0,0.7
dsgdb9nsd_099258,1.0,0.7
dsgdb9nsd_099258,1.0,0.7
dsgdb9nsd_099258,1.0,0.7
dsgdb9nsd_067762,0.2,1.6
dsgdb9nsd_067762,0.6,0.5
dsgdb9nsd_067762,0.2,1.6
dsgdb9nsd_067762,0.5,1.0
dsgdb9nsd_067762,0.7,1.6
dsgdb9nsd_067762,0.7,1.6
dsgdb9nsd_067762,0.5,1.0
dsgdb9nsd_067762,0.5,1.7
dsgdb9nsd_067762,0.7,0.6
dsgdb9nsd_067762,0.7,1.6
dsgdb9nsd_067762,0.5,1.7
dsgdb9nsd_002055,0.0,1.2
dsgdb9nsd_002055,0.0,1.6
dsgdb9nsd_002055,0.0,1.2
dsgdb9nsd_002055,0.0,1.1
dsgdb9nsd_002055,0.0,1.1
dsgdb9nsd_002055,0.0,1.1
dsgdb9nsd_002055,0.0,1.1
dsgdb9nsd_002055,0.0,1.5
dsgdb9nsd_002055,0.0,1.2
dsgdb9nsd_018742,1.2,0.7
dsgdb9nsd_018742,1.5,0.0
dsgdb9nsd_018742,1.2,0.4
dsgdb9nsd_018742,0.9,0.1
dsgdb9nsd_018742,1.2,0.9
dsgdb9nsd_018742,1.2,0.0
dsgdb9nsd_018742,1.2,0.0
dsgdb9nsd_018742,0.8,1.9
dsgdb9nsd_018742,1.2,0.8
dsgdb9nsd_018742,1.2,1.4
dsgdb9nsd_018742,1.1,1.9
dsgdb9nsd_018742,1.6,1.9
dsgdb9nsd_018742,1.3,0.0
dsgdb9nsd_018742,1.3,0.2
dsgdb9nsd_011347,0.0,0.9
dsgdb9nsd_011347,0.0,1.2
dsgdb9nsd_011347,0.0,0.9
dsgdb9nsd_011347,0.0,0.9
dsgdb9nsd_011347,0.0,0.9
dsgdb9nsd_001285,1.2,0.4
dsgdb9nsd_001285,1.2,1.9
dsgdb9nsd_001285,1.2,0.0
dsgdb9nsd_001285,1.1,0.6
dsgdb9nsd_001285,1.2,1.9
dsgdb9nsd_001285,1.2,1.9
dsgdb9nsd_001285,1.2,1.4
dsgdb9nsd_001285,1.2,1.9
dsgdb9nsd_001285,1.2,1.9
dsgdb9nsd_001285,1.2,1.9
dsgdb9nsd_001285,1.1,0.6
dsgdb9nsd_001285,1.2,1.9
dsgdb9nsd_001285,1.4,1.9
dsgdb9nsd_001285,1.2,0.8
dsgdb9nsd_001285,1.2,1.0
dsgdb9nsd_001285,1.2,2.0
dsgdb9nsd_037999,0.0,1.2
dsgdb9nsd_002192,0.0,0.8
dsgdb9nsd_002192,0.0,0.7
dsgdb9nsd_002192,0.0,0.7
dsgdb9nsd_002192,0.0,0.7
dsgdb9nsd_002192,0.0,1.1
dsgdb9nsd_002192,0.0,0.8
dsgdb9nsd_002192,0.0,1.2
dsgdb9nsd_002192,0.0,1.1
dsgdb9nsd_002192,0.0,1.1
dsgdb9nsd_002192,0.0,0.7
dsgdb9nsd_002192,0.0,0.7
dsgdb9nsd_002192,0.0,0.7
dsgdb9nsd_002192,0.0,1.1
dsgdb9nsd_001921,0.7,1.0
dsgdb9nsd_001921,0.7,1.0
dsgdb9nsd_001921,0.7,1.0
dsgdb9nsd_006953,0.0,1.1
dsgdb9nsd_006953,0.0,1.1
dsgdb9nsd_006953,0.0,1.1
dsgdb9nsd_006953,0.0,1.1
dsgdb9nsd_006953,0.0,1.1
dsgdb9nsd_006953,0.0,1.1
dsgdb9nsd_024683,0.5,1.5
dsgdb9nsd_024683,0.5,1.5
dsgdb9nsd_024683,0.5,1.5
dsgdb9nsd_020336,0.1,1.9
dsgdb9nsd_020336,0.1,1.9
dsgdb9nsd_103263,0.0,1.6
dsgdb9nsd_103263,0.0,1.9
dsgdb9nsd_103263,0.0,1.9
dsgdb9nsd_028922,0.4,1.1
dsgdb9nsd_028922,0.4,1.1
dsgdb9nsd_028922,0.4,1.1
dsgdb9nsd_028922,0.4,1.1
dsgdb9nsd_028922,0.4,1.1
dsgdb9nsd_024203,0.0,1.2
dsgdb9nsd_024203,0.0,1.2
dsgdb9nsd_024203,0.0,1.2
dsgdb9nsd_003953,1.0,0.6
dsgdb9nsd_003953,1.0,0.6
dsgdb9nsd_003953,1.6,0.6
dsgdb9nsd_003953,1.0,0.7
dsgdb9nsd_003953,1.6,0.6
dsgdb9nsd_003953,1.0,0.9
dsgdb9nsd_003953,1.6,0.6
dsgdb9nsd_003953,1.0,0.6
dsgdb9nsd_003953,1.0,0.6
dsgdb9nsd_003953,1.0,0.6
dsgdb9nsd_003953,1.0,0.6
dsgdb9nsd_002523,0.0,1.7
dsgdb9nsd_002523,0.0,1.7
dsgdb9nsd_002523,0.0,1.6
dsgdb9nsd_002523,0.0,1.7
dsgdb9nsd_002523,0.0,1.7
dsgdb9nsd_002523,0.0,1.7
dsgdb9nsd_002523,0.0,1.7
dsgdb9nsd_002523,0.0,1.7
dsgdb9nsd_000409,2.0,0.2
dsgdb9nsd_000409,2.0,0.4
dsgdb9nsd_000409,1.5,1.9
dsgdb9nsd_000409,1.0,0.9
dsgdb9nsd_000409,1.2,1.7
dsgdb9nsd_000409,1.3,0.2
dsgdb9nsd_000409,1.2,0.2
dsgdb9nsd_000409,1.2,0.4
dsgdb9nsd_000409,1.1,0.6
dsgdb9nsd_000409,0.1,1.9
dsgdb9nsd_000409,1.6,1.9
dsgdb9nsd_000409,1.7,0.8
dsgdb9nsd_000409,1.2,1.9
dsgdb9nsd_000409,0.5,1.7
dsgdb9nsd_000409,1.8,1.2
dsgdb9nsd_000409,1.8,0.2
dsgdb9nsd_000409,1.2,1.4
dsgdb9nsd_000409,0.0,1.6
dsgdb9nsd_000409,0.7,1.6
dsgdb9nsd_000409,1.2,0.2
dsgdb9nsd_000409,1.8,1.9
dsgdb9nsd_000409,1.2,2.0
dsgdb9nsd_000409,0.5,1.9
dsgdb9nsd_000409,0.4,1.8
dsgdb9nsd_000409,1.2,1.3
dsgdb9nsd_000409,0.0,1.1
dsgdb9nsd_000409,1.9,1.9
dsgdb9nsd_000409,1.2,0.2
dsgdb9nsd_000409,0.3,0.0
dsgdb9nsd_000409,0.8,0.3
dsgdb9nsd_000409,1.6,0.6
dsgdb9nsd_000409,0.2,0.0
dsgdb9nsd_000409,1.2,1.9
dsgdb9nsd_000409,1.1,1.9
dsgdb9nsd_000409,0.6,0.5
dsgdb9nsd_000409,0.4,0.2
dsgdb9nsd_000409,1.4,1.9
dsgdb9nsd_000409,1.2,1.9
dsgdb9nsd_000409,1.2,1.0
dsgdb9nsd_000409,1.2,1.9
dsgdb9nsd_000409,1.2,1.9
dsgdb9nsd_000409,1.9,1.5
dsgdb9nsd_000409,1.2,1.9
dsgdb9nsd_000409,0.9,0.1
dsgdb9nsd_000409,1.2,1.9
dsgdb9nsd_000409,0.2,0.7
dsgdb9nsd_000409,1.2,1.1
dsgdb9nsd_000409,1.7,1.9
dsgdb9nsd_000409,1.2,0.2
dsgdb9nsd_000409,0.2,0.0
dsgdb9nsd_017960,0.0,1.2
dsgdb9nsd_017960,0.0,1.1
dsgdb9nsd_017960,0.0,0.5
dsgdb9nsd_017960,0.0,0.5
dsgdb9nsd_017960,0.0,0.5
dsgdb9nsd_017960,0.0,0.5
dsgdb9nsd_017960,0.0,1.1
dsgdb9nsd_017960,0.0,0.5
dsgdb9nsd_017960,0.0,1.1
dsgdb9nsd_017960,0.0,0.5
dsgdb9nsd_077912,0.0,1.1
dsgdb9nsd_077912,0.0,1.1
dsgdb9nsd_077912,0.0,1.1
dsgdb9nsd_077912,0.0,1.8
dsgdb9nsd_077912,0.0,0.5
dsgdb9nsd_077912,0.0,1.1
dsgdb9nsd_077912,0.0,1.1
dsgdb9nsd_002209,0.0,1.7
dsgdb9nsd_002209,0.0,1.7
dsgdb9nsd_002209,0.0,1.7
dsgdb9nsd_002209,0.0,1.7
dsgdb9nsd_002209,0.0,1.7
dsgdb9nsd_002209,0.0,1.7
dsgdb9nsd_002209,0.0,1.7
dsgdb9nsd_114954,0.1,1.4
dsgdb9nsd_114954,0.1,0.8
dsgdb9nsd_114954,0.1,0.8
dsgdb9nsd_114954,0.1,0.8
dsgdb9nsd_114954,0.1,1.4
dsgdb9nsd_114954,0.1,1.1
dsgdb9nsd_114954,0.1,1.6
dsgdb9nsd_114954,0.1,1.3
dsgdb9nsd_003008,1.0,0.1
dsgdb9nsd_003008,1.0,1.7
dsgdb9nsd_003008,1.1,0.7
dsgdb9nsd_003008,1.0,1.7
dsgdb9nsd_003008,1.1,0.7
dsgdb9nsd_003008,1.1,0.7
dsgdb9nsd_003008,1.0,1.7
dsgdb9nsd_003008,1.0,0.7
dsgdb9nsd_003008,1.1,0.7
dsgdb9nsd_076271,0.1,1.9
dsgdb9nsd_076271,0.0,1.9
dsgdb9nsd_076271,0.1,1.9
dsgdb9nsd_076271,0.1,1.9
dsgdb9nsd_076271,0.1,1.9
dsgdb9nsd_000308,0.0,1.8
dsgdb9nsd_003735,1.3,0.2
dsgdb9nsd_003735,1.2,0.2
dsgdb9nsd_003735,1.2,1.3
dsgdb9nsd_003735,1.2,1.3
dsgdb9nsd_003735,0.6,1.3
dsgdb9nsd_003735,1.2,0.7
dsgdb9nsd_003735,1.2,1.3
dsgdb9nsd_003735,1.2,1.1
dsgdb9nsd_003735,1.2,0.2
dsgdb9nsd_003735,1.2,0.2
dsgdb9nsd_003735,0.7,1.0
dsgdb9nsd_003735,1.0,1.1
dsgdb9nsd_003735,1.2,1.9
dsgdb9nsd_003735,1.2,1.1
dsgdb9nsd_003735,1.2,0.2
dsgdb9nsd_003735,1.2,0.0
dsgdb9nsd_003735,1.2,1.3
dsgdb9nsd_012389,0.0,1.3
dsgdb9nsd_012389,0.0,1.7
dsgdb9nsd_012389,0.0,1.3
dsgdb9nsd_012389,0.0,1.7
dsgdb9nsd_012389,0.0,1.3
dsgdb9nsd_012389,0.0,1.7
dsgdb9nsd_012389,0.0,1.7
dsgdb9nsd_012389,0.0,1.3
dsgdb9nsd_002160,0.0,1.0
dsgdb9nsd_002160,0.1,1.2
dsgdb9nsd_002160,0.0,0.9
dsgdb9nsd_002160,0.0,1.1
dsgdb9nsd_002160,0.0,1.2
dsgdb9nsd_002160,0.0,1.2
dsgdb9nsd_002160,0.0,1.2
dsgdb9nsd_002160,0.0,1.1
dsgdb9nsd_002160,0.0,1.2
dsgdb9nsd_002160,0.0,1.2
dsgdb9nsd_002160,0.0,1.2
dsgdb9nsd_002160,0.0,1.2
dsgdb9nsd_004116,0.9,0.5
dsgdb9nsd_004116,0.9,0.5
dsgdb9nsd_004116,0.9,0.5
dsgdb9nsd_004116,0.9,0.5
dsgdb9nsd_004116,0.9,0.5
dsgdb9nsd_074772,0.5,1.7
dsgdb9nsd_074772,0.5,1.6
dsgdb9nsd_074772,0.5,1.7
dsgdb9nsd_074772,0.5,1.6
dsgdb9nsd_074772,0.5,1.6
dsgdb9nsd_074772,0.5,1.7
dsgdb9nsd_074772,0.5,1.6
dsgdb9nsd_003650,0.0,1.5
dsgdb9nsd_011816,0.0,1.9
dsgdb9nsd_011816,0.0,1.9
dsgdb9nsd_011816,0.0,1.8
dsgdb9nsd_011816,0.0,1.9
dsgdb9nsd_011816,0.0,1.8
dsgdb9nsd_011816,0.0,1.8
dsgdb9nsd_106593,0.0,0.1
dsgdb9nsd_009349,0.7,0.4
dsgdb9nsd_009349,0.6,1.6
dsgdb9nsd_009349,0.6,1.6
dsgdb9nsd_009349,0.6,1.4
dsgdb9nsd_009349,0.6,1.6
dsgdb9nsd_009349,0.6,0.6
dsgdb9nsd_013105,0.0,1.2
dsgdb9nsd_013105,0.0,1.2
dsgdb9nsd_013105,0.0,1.1
dsgdb9nsd_013105,0.0,1.2
dsgdb9nsd_013105,0.0,1.2
dsgdb9nsd_013105,0.0,1.1
dsgdb9nsd_117620,0.2,1.8
dsgdb9nsd_117620,0.2,1.8
dsgdb9nsd_117620,0.2,2.0
dsgdb9nsd_117620,0.2,2.0
dsgdb9nsd_117620,0.1,1.9
dsgdb9nsd_117620,0.2,2.0
dsgdb9nsd_117620,0.1,1.9
dsgdb9nsd_021160,0.4,1.7
dsgdb9nsd_021160,0.4,1.7
dsgdb9nsd_021160,0.4,1.7
dsgdb9nsd_021160,0.5,1.7
dsgdb9nsd_021160,0.4,1.6
dsgdb9nsd_021160,0.4,1.7
dsgdb9nsd_021160,0.4,1.7
dsgdb9nsd_021160,0.4,1.7
dsgdb9nsd_021160,0.4,1.6
dsgdb9nsd_021160,0.5,1.7
dsgdb9nsd_021160,0.4,1.7
dsgdb9nsd_000306,0.0,1.8
dsgdb9nsd_000306,0.0,1.8
dsgdb9nsd_000306,0.0,1.8
dsgdb9nsd_000306,0.0,1.8
dsgdb9nsd_000306,0.0,1.8
dsgdb9nsd_000306,0.0,1.8
dsgdb9nsd_000306,0.0,2.0
dsgdb9nsd_000306,0.0,1.8
dsgdb9nsd_013471,0.0,0.3
dsgdb9nsd_013471,0.0,0.3
dsgdb9nsd_013471,0.0,0.4
dsgdb9nsd_013471,0.0,0.3
dsgdb9nsd_013471,0.0,0.3
dsgdb9nsd_013471,0.0,0.5
dsgdb9nsd_013471,0.0,0.3
dsgdb9nsd_003152,0.0,1.9
dsgdb9nsd_003152,0.0,1.9
dsgdb9nsd_003152,0.0,1.9
dsgdb9nsd_003152,0.0,1.8
dsgdb9nsd_003152,0.0,1.9
dsgdb9nsd_003152,0.0,1.9
dsgdb9nsd_017638,0.0,1.7
dsgdb9nsd_020933,0.0,1.1
dsgdb9nsd_020933,0.0,1.1
dsgdb9nsd_020933,0.0,1.2
dsgdb9nsd_020933,0.0,1.3
dsgdb9nsd_020933,0.0,1.2
dsgdb9nsd_011554,1.2,0.7
dsgdb9nsd_011554,1.2,1.9
dsgdb9nsd_011554,1.5,1.4
dsgdb9nsd_011554,0.9,1.9
dsgdb9nsd_011554,1.1,1.9
dsgdb9nsd_011554,1.2,0.9
dsgdb9nsd_011554,1.2,1.1
dsgdb9nsd_011554,1.7,2.0
dsgdb9nsd_011554,1.1,0.6
dsgdb9nsd_011554,1.4,1.9
dsgdb9nsd_011554,1.2,1.9
dsgdb9nsd_011554,1.2,1.9
dsgdb9nsd_011554,1.2,0.4
dsgdb9nsd_093263,0.0,1.1
dsgdb9nsd_093263,0.0,1.1
dsgdb9nsd_093263,0.0,1.2
dsgdb9nsd_093263,0.0,0.9
dsgdb9nsd_093263,0.0,1.1
dsgdb9nsd_093263,0.0,1.1
dsgdb9nsd_093263,0.0,1.1
dsgdb9nsd_041931,0.0,1.1
dsgdb9nsd_041931,0.3,1.7
dsgdb9nsd_041931,1.4,0.8
dsgdb9nsd_041931,0.2,1.1
dsgdb9nsd_041931,1.2,1.5
dsgdb9nsd_041931,0.5,1.7
dsgdb9nsd_041931,0.7,0.0
dsgdb9nsd_041931,1.3,0.1
dsgdb9nsd_041931,1.1,1.1
dsgdb9nsd_041931,0.2,0.7
dsgdb9nsd_041931,1.6,0.6
dsgdb9nsd_041931,0.6,0.0
dsgdb9nsd_041931,0.0,1.1
dsgdb9nsd_041931,0.3,0.0
dsgdb9nsd_041931,1.3,0.2
dsgdb9nsd_041931,0.5,0.5
dsgdb9nsd_041931,1.9,2.0
dsgdb9nsd_041931,0.2,0.0
dsgdb9nsd_041931,0.3,0.2
dsgdb9nsd_041931,0.3,1.8
dsgdb9nsd_041931,1.5,1.4
dsgdb9nsd_041931,0.5,1.3
dsgdb9nsd_041931,0.4,0.3
dsgdb9nsd_041931,1.8,0.9
dsgdb9nsd_041931,1.5,1.7
dsgdb9nsd_041931,0.2,0.0
dsgdb9nsd_041931,0.8,1.1
dsgdb9nsd_041931,0.3,0.0
dsgdb9nsd_041931,0.7,1.7
dsgdb9nsd_042597,0.0,1.2
dsgdb9nsd_042597,0.0,1.2
dsgdb9nsd_042597,0.0,1.8
dsgdb9nsd_042597,0.0,1.2
dsgdb9nsd_042597,0.0,1.8
dsgdb9nsd_006673,1.0,1.7
dsgdb9nsd_006673,1.0,0.9
dsgdb9nsd_006673,1.2,1.9
dsgdb9nsd_006673,1.0,1.6
dsgdb9nsd_006673,1.1,0.6
dsgdb9nsd_006673,0.9,1.4
dsgdb9nsd_006673,0.9,1.4
dsgdb9nsd_006673,1.0,1.1
dsgdb9nsd_006673,1.0,0.9
dsgdb9nsd_006673,1.0,0.9
dsgdb9nsd_006673,1.0,0.2
dsgdb9nsd_006673,1.0,0.9
dsgdb9nsd_006673,1.0,0.9
dsgdb9nsd_006673,1.0,0.8
dsgdb9nsd_006673,1.1,0.6
dsgdb9nsd_028786,0.5,1.5
dsgdb9nsd_028786,0.5,1.5
dsgdb9nsd_028786,0.5,1.4
dsgdb9nsd_028786,0.8,0.9
dsgdb9nsd_080112,0.5,1.7
dsgdb9nsd_080112,0.5,1.4
dsgdb9nsd_080112,0.5,1.3
dsgdb9nsd_080112,0.5,1.0
dsgdb9nsd_080112,0.5,1.0
dsgdb9nsd_080112,0.5,1.0
dsgdb9nsd_007634,1.2,1.7
dsgdb9nsd_007634,1.1,2.0
dsgdb9nsd_007634,0.9,1.9
dsgdb9nsd_007634,1.2,0.0
dsgdb9nsd_007634,1.2,1.9
dsgdb9nsd_007634,1.2,1.3
dsgdb9nsd_007634,1.2,1.0
dsgdb9nsd_007634,0.9,0.9
dsgdb9nsd_007634,0.9,1.9
dsgdb9nsd_007634,1.1,1.9
dsgdb9nsd_007634,0.9,1.9
dsgdb9nsd_007634,1.2,1.6
dsgdb9nsd_007634,1.2,1.9
dsgdb9nsd_007634,1.2,1.9
dsgdb9nsd_012349,1.0,1.8
dsgdb9nsd_012349,1.3,0.2
dsgdb9nsd_012349,0.8,1.8
dsgdb9nsd_012349,1.3,0.2
dsgdb9nsd_012349,0.8,1.8
dsgdb9nsd_012349,0.8,1.8
dsgdb9nsd_012349,0.8,0.0
dsgdb9nsd_012349,1.3,0.2
dsgdb9nsd_012349,0.8,1.8
dsgdb9nsd_012349,0.8,1.8
dsgdb9nsd_008396,0.0,0.3
dsgdb9nsd_008396,0.0,0.3
dsgdb9nsd_008396,0.0,0.6
dsgdb9nsd_008396,0.0,0.3
dsgdb9nsd_008396,0.0,0.3
dsgdb9nsd_008396,0.0,0.3
dsgdb9nsd_004031,0.0,1.0
dsgdb9nsd_004031,0.0,1.1
dsgdb9nsd_004031,0.0,0.9
dsgdb9nsd_004031,0.0,1.1
dsgdb9nsd_004031,0.0,1.1
dsgdb9nsd_004031,0.0,0.7
dsgdb9nsd_004031,0.0,1.1
dsgdb9nsd_000512,0.1,1.4
dsgdb9nsd_000512,0.1,1.4
dsgdb9nsd_000512,0.1,1.9
dsgdb9nsd_000512,0.1,1.9
dsgdb9nsd_000512,0.1,1.9
dsgdb9nsd_000512,0.1,1.5
dsgdb9nsd_000512,0.1,1.9
dsgdb9nsd_000512,0.1,1.9
dsgdb9nsd_000512,0.1,1.9
dsgdb9nsd_000512,0.1,1.5
dsgdb9nsd_000512,0.1,1.5
dsgdb9nsd_000512,0.1,1.9
dsgdb9nsd_001806,0.0,1.2
dsgdb9nsd_001806,0.0,1.3
dsgdb9nsd_001806,0.0,0.7
dsgdb9nsd_001806,0.0,1.1
dsgdb9nsd_001806,0.0,1.3
dsgdb9nsd_001806,0.0,1.2
dsgdb9nsd_001806,0.0,1.3
dsgdb9nsd_001806,0.0,1.3
dsgdb9nsd_001806,0.0,1.2
dsgdb9nsd_001806,0.0,1.1
dsgdb9nsd_001806,0.0,1.2
dsgdb9nsd_001806,0.0,1.2
dsgdb9nsd_001806,0.0,1.2
dsgdb9nsd_001806,0.0,1.3
dsgdb9nsd_001806,0.0,1.3
dsgdb9nsd_064743,0.0,1.6
dsgdb9nsd_051602,0.3,0.0
dsgdb9nsd_051602,0.8,0.8
dsgdb9nsd_051602,0.3,1.0
dsgdb9nsd_051602,2.0,1.0
dsgdb9nsd_051602,0.8,0.9
dsgdb9nsd_051602,1.2,1.9
dsgdb9nsd_051602,0.1,1.9
dsgdb9nsd_051602,1.2,1.0
dsgdb9nsd_051602,0.8,0.1
dsgdb9nsd_051602,0.0,1.1
dsgdb9nsd_051602,0.6,0.5
dsgdb9nsd_051602,0.8,0.1
dsgdb9nsd_051602,0.2,0.0
dsgdb9nsd_051602,1.5,2.0
dsgdb9nsd_051602,1.4,1.5
dsgdb9nsd_051602,0.8,0.1
dsgdb9nsd_051602,0.8,0.1
dsgdb9nsd_051602,0.8,1.7
dsgdb9nsd_051602,1.2,1.0
dsgdb9nsd_051602,1.3,0.2
dsgdb9nsd_051602,1.8,1.0
dsgdb9nsd_051602,0.8,1.6
dsgdb9nsd_051602,1.2,1.7
dsgdb9nsd_051602,0.8,1.6
dsgdb9nsd_051602,1.6,0.6
dsgdb9nsd_051602,0.5,1.7
dsgdb9nsd_003731,0.0,1.5
dsgdb9nsd_003731,0.0,1.5
dsgdb9nsd_003731,0.0,1.5
dsgdb9nsd_020927,1.1,0.6
dsgdb9nsd_020927,1.4,0.9
dsgdb9nsd_020927,1.1,1.3
dsgdb9nsd_020927,1.1,1.8
dsgdb9nsd_020927,1.1,1.6
dsgdb9nsd_020927,1.1,0.7
dsgdb9nsd_020927,1.3,0.2
dsgdb9nsd_020927,1.1,0.7
dsgdb9nsd_020927,1.1,1.9
dsgdb9nsd_020927,1.1,1.2
dsgdb9nsd_020927,0.5,1.7
dsgdb9nsd_020927,1.1,0.7
dsgdb9nsd_020927,1.1,0.6
dsgdb9nsd_001746,1.2,0.2
dsgdb9nsd_001746,1.2,1.3
dsgdb9nsd_001746,1.1,0.6
dsgdb9nsd_001746,1.4,0.2
dsgdb9nsd_001746,1.3,0.2
dsgdb9nsd_001746,1.2,0.2
dsgdb9nsd_001746,1.2,0.4
dsgdb9nsd_001746,1.4,0.2
dsgdb9nsd_001746,1.2,1.3
dsgdb9nsd_001746,1.2,1.3
dsgdb9nsd_001746,1.2,0.2
dsgdb9nsd_001746,1.2,0.2
dsgdb9nsd_001746,1.2,1.9
dsgdb9nsd_001746,2.0,0.2
dsgdb9nsd_001746,1.4,1.2
dsgdb9nsd_001746,1.2,0.2
dsgdb9nsd_001746,1.2,1.3
dsgdb9nsd_001746,1.7,0.2
dsgdb9nsd_001746,1.2,0.2
dsgdb9nsd_001746,1.7,0.3
dsgdb9nsd_001746,1.4,0.2
dsgdb9nsd_001746,1.2,0.2
dsgdb9nsd_016157,0.0,0.9
dsgdb9nsd_016157,0.0,0.9
dsgdb9nsd_016157,0.0,0.9
dsgdb9nsd_000681,1.2,1.3
dsgdb9nsd_000681,1.2,1.3
dsgdb9nsd_000681,1.0,1.6
dsgdb9nsd_000681,0.0,1.6
dsgdb9nsd_000681,1.2,1.3
dsgdb9nsd_000681,1.0,1.6
dsgdb9nsd_000681,1.0,1.6
dsgdb9nsd_000681,1.2,1.3
dsgdb9nsd_000681,1.0,1.6
dsgdb9nsd_000681,1.0,1.7
dsgdb9nsd_000681,1.0,1.2
dsgdb9nsd_000681,1.1,1.6
dsgdb9nsd_000681,1.2,1.3
dsgdb9nsd_000681,1.0,0.9
dsgdb9nsd_000681,1.0,1.6
dsgdb9nsd_000681,1.0,0.0
dsgdb9nsd_000681,1.0,1.6
dsgdb9nsd_000629,0.0,1.6
dsgdb9nsd_017127,1.1,1.3
dsgdb9nsd_017127,0.9,0.8
dsgdb9nsd_017127,1.2,1.9
dsgdb9nsd_017127,1.1,0.9
dsgdb9nsd_017127,1.1,0.6
dsgdb9nsd_017127,1.1,1.2
dsgdb9nsd_017127,1.1,0.7
dsgdb9nsd_017127,0.8,0.1
dsgdb9nsd_017127,0.8,0.1
dsgdb9nsd_017127,1.1,1.2
dsgdb9nsd_017127,1.1,0.6
dsgdb9nsd_017127,1.1,1.7
dsgdb9nsd_017127,1.1,1.2
dsgdb9nsd_013881,0.0,1.1
dsgdb9nsd_013881,0.0,0.9
dsgdb9nsd_013881,0.0,0.8
dsgdb9nsd_013881,0.0,1.1
dsgdb9nsd_007852,0.5,1.7
dsgdb9nsd_007852,0.5,1.7
dsgdb9nsd_007852,0.5,1.7
dsgdb9nsd_007852,0.5,1.7
dsgdb9nsd_007852,0.5,1.7
dsgdb9nsd_007852,0.5,1.7
dsgdb9nsd_007852,0.5,1.7
dsgdb9nsd_133863,0.2,0.5
dsgdb9nsd_133863,0.2,0.5
dsgdb9nsd_133863,0.2,0.5
dsgdb9nsd_133863,0.2,0.0
dsgdb9nsd_133863,0.2,0.0
dsgdb9nsd_133863,0.2,0.7
dsgdb9nsd_133863,0.2,0.4
dsgdb9nsd_133863,0.2,0.5
dsgdb9nsd_133863,0.2,0.5
dsgdb9nsd_028597,0.0,0.9
dsgdb9nsd_028597,0.0,1.2
dsgdb9nsd_028597,0.0,0.9
dsgdb9nsd_028597,0.0,0.9
dsgdb9nsd_037018,0.0,1.3
dsgdb9nsd_037018,0.0,1.3
dsgdb9nsd_037018,0.0,1.3
dsgdb9nsd_037018,0.0,1.3
dsgdb9nsd_037018,0.0,1.3
dsgdb9nsd_037018,0.0,1.3
dsgdb9nsd_003207,0.0,0.8
dsgdb9nsd_003207,0.0,0.7
dsgdb9nsd_003207,0.0,0.7
dsgdb9nsd_003207,0.0,0.7
dsgdb9nsd_003207,0.0,0.7
dsgdb9nsd_003207,0.0,0.7
dsgdb9nsd_003207,0.0,0.7
dsgdb9nsd_003454,0.5,1.3
dsgdb9nsd_028113,0.0,1.0
dsgdb9nsd_002154,0.0,1.8
dsgdb9nsd_002154,0.0,0.4
dsgdb9nsd_002154,0.0,2.0
dsgdb9nsd_002154,0.0,1.8
dsgdb9nsd_002154,0.0,1.8
dsgdb9nsd_002154,0.0,1.8
dsgdb9nsd_002154,0.0,1.8
dsgdb9nsd_002154,0.0,0.4
dsgdb9nsd_002154,0.0,1.8
dsgdb9nsd_002154,0.0,0.4
dsgdb9nsd_002154,0.0,1.8
dsgdb9nsd_000367,1.0,1.0
dsgdb9nsd_000367,1.0,1.3
dsgdb9nsd_000367,1.0,1.3
dsgdb9nsd_000367,1.0,1.3
dsgdb9nsd_000367,1.0,1.0
dsgdb9nsd_000367,1.0,1.3
dsgdb9nsd_000367,1.2,1.9
dsgdb9nsd_000367,1.2,1.7
dsgdb9nsd_000367,1.0,1.3
dsgdb9nsd_000367,1.2,1.7
dsgdb9nsd_000367,1.0,2.0
dsgdb9nsd_000367,0.5,1.7
dsgdb9nsd_000367,0.7,1.3
dsgdb9nsd_000367,1.0,1.3
dsgdb9nsd_000367,1.0,1.0
dsgdb9nsd_000367,1.0,2.0
dsgdb9nsd_000367,1.0,1.8
dsgdb9nsd_000367,1.0,1.3
dsgdb9nsd_000367,0.5,1.7
dsgdb9nsd_015814,0.0,1.2
dsgdb9nsd_015814,0.0,1.2
dsgdb9nsd_015814,0.0,1.0
dsgdb9nsd_015814,0.0,1.2
dsgdb9nsd_015814,0.0,1.2
dsgdb9nsd_127015,0.0,1.1
dsgdb9nsd_127015,0.5,1.4
dsgdb9nsd_127015,0.5,1.8
dsgdb9nsd_127015,0.5,1.4
dsgdb9nsd_127015,0.5,1.4
dsgdb9nsd_127015,0.4,1.4
dsgdb9nsd_127015,0.5,1.4
dsgdb9nsd_127015,0.5,1.4
dsgdb9nsd_127015,0.5,1.4
dsgdb9nsd_127015,0.5,1.4
dsgdb9nsd_127015,0.0,1.1
dsgdb9nsd_000309,1.5,1.6
dsgdb9nsd_000309,1.5,1.6
dsgdb9nsd_000309,1.2,1.6
dsgdb9nsd_000309,1.3,0.2
dsgdb9nsd_000309,1.2,1.6
dsgdb9nsd_000309,1.5,0.8
dsgdb9nsd_000309,1.4,1.6
dsgdb9nsd_000309,1.6,0.6
dsgdb9nsd_000309,1.6,0.6
dsgdb9nsd_000309,0.9,0.1
dsgdb9nsd_000309,1.5,0.5
dsgdb9nsd_000309,1.5,1.6
dsgdb9nsd_000309,1.5,1.6
dsgdb9nsd_000309,1.5,1.6
dsgdb9nsd_000309,1.0,0.6
dsgdb9nsd_000309,1.2,1.9
dsgdb9nsd_000309,1.5,1.7
dsgdb9nsd_000309,1.6,0.4
dsgdb9nsd_000309,1.5,0.0
dsgdb9nsd_000309,1.5,1.8
dsgdb9nsd_000309,1.5,0.2
dsgdb9nsd_000309,1.5,1.6
dsgdb9nsd_000309,1.2,1.6
dsgdb9nsd_000309,1.5,1.6
dsgdb9nsd_000309,1.6,1.4
dsgdb9nsd_000309,1.1,0.6
dsgdb9nsd_000309,1.7,1.6
dsgdb9nsd_000309,1.6,0.4
dsgdb9nsd_000309,0.8,1.5
dsgdb9nsd_000309,1.0,1.6
dsgdb9nsd_000309,1.6,0.6
dsgdb9nsd_000309,1.5,0.3
dsgdb9nsd_096485,0.0,1.2
dsgdb9nsd_096485,0.0,1.2
dsgdb9nsd_096485,0.0,1.2
dsgdb9nsd_096485,0.0,1.1
dsgdb9nsd_096485,0.0,1.2
dsgdb9nsd_096485,0.0,1.1
dsgdb9nsd_006120,0.0,1.1
dsgdb9nsd_006120,0.0,1.1
dsgdb9nsd_006120,0.0,1.1
dsgdb9nsd_006120,0.0,1.6
dsgdb9nsd_006120,0.0,1.1
dsgdb9nsd_023009,0.0,1.8
dsgdb9nsd_023009,0.0,2.0
dsgdb9nsd_023009,0.0,1.8
dsgdb9nsd_023009,0.0,1.8
dsgdb9nsd_023009,0.0,1.8
dsgdb9nsd_002186,0.0,1.1
dsgdb9nsd_002186,0.0,1.1
dsgdb9nsd_002186,0.0,1.1
dsgdb9nsd_002186,0.0,1.2
dsgdb9nsd_002186,0.0,1.6
dsgdb9nsd_002186,0.0,1.9
dsgdb9nsd_002186,0.2,2.0
dsgdb9nsd_002186,0.0,1.1
dsgdb9nsd_002186,0.0,1.1
dsgdb9nsd_002186,0.0,1.1
dsgdb9nsd_002186,0.0,1.1
dsgdb9nsd_007743,0.0,1.8
dsgdb9nsd_007743,0.0,1.8
dsgdb9nsd_007743,0.0,1.8
dsgdb9nsd_007743,0.0,2.0
dsgdb9nsd_007743,0.0,1.8
dsgdb9nsd_007743,0.0,1.8
dsgdb9nsd_016928,0.0,0.8
dsgdb9nsd_016928,0.0,0.8
dsgdb9nsd_016928,0.0,0.7
dsgdb9nsd_016928,0.0,0.8
dsgdb9nsd_016928,0.0,0.7
dsgdb9nsd_020828,0.0,0.3
dsgdb9nsd_020828,0.0,0.1
dsgdb9nsd_020828,0.0,0.3
dsgdb9nsd_020828,0.0,0.3
dsgdb9nsd_019031,0.0,1.1
dsgdb9nsd_019031,0.0,0.9
dsgdb9nsd_019031,0.0,0.8
dsgdb9nsd_019031,0.0,1.1
dsgdb9nsd_019031,0.0,0.8
dsgdb9nsd_019031,0.0,0.8
dsgdb9nsd_019031,0.0,1.1
dsgdb9nsd_005774,0.4,0.1
dsgdb9nsd_005774,0.4,0.1
dsgdb9nsd_005774,0.4,0.1
dsgdb9nsd_005774,0.4,0.1
dsgdb9nsd_000419,0.1,1.3
dsgdb9nsd_000419,0.1,1.1
dsgdb9nsd_000419,0.1,1.3
dsgdb9nsd_000419,0.1,1.3
dsgdb9nsd_000419,0.0,1.1
dsgdb9nsd_000419,0.1,1.3
dsgdb9nsd_000419,0.1,1.3
dsgdb9nsd_000419,0.1,1.3
dsgdb9nsd_000419,0.0,1.3
dsgdb9nsd_000419,0.1,1.3
dsgdb9nsd_003023,0.0,0.7
dsgdb9nsd_003023,0.0,0.7
dsgdb9nsd_003023,0.0,1.2
dsgdb9nsd_003023,0.0,1.1
dsgdb9nsd_003023,0.0,0.7
dsgdb9nsd_003023,0.0,0.8
dsgdb9nsd_003023,0.0,0.7
dsgdb9nsd_003023,0.0,0.8
dsgdb9nsd_003023,0.0,0.7
dsgdb9nsd_019781,0.0,1.2
dsgdb9nsd_019781,0.0,1.3
dsgdb9nsd_019781,0.0,1.3
dsgdb9nsd_019781,0.0,1.2
dsgdb9nsd_019781,0.0,1.2
dsgdb9nsd_019781,0.0,1.3
dsgdb9nsd_017126,0.8,1.1
dsgdb9nsd_017126,1.1,1.9
dsgdb9nsd_017126,1.1,0.6
dsgdb9nsd_017126,0.8,0.3
dsgdb9nsd_017126,1.2,1.9
dsgdb9nsd_017126,0.7,1.6
dsgdb9nsd_017126,0.8,0.3
dsgdb9nsd_017126,1.2,1.9
dsgdb9nsd_017126,0.8,1.1
dsgdb9nsd_017126,1.2,1.9
dsgdb9nsd_017126,0.8,1.1
dsgdb9nsd_006955,0.0,1.7
dsgdb9nsd_006955,0.0,1.7
dsgdb9nsd_006955,0.0,1.6
dsgdb9nsd_006955,0.0,1.7
dsgdb9nsd_047425,0.1,1.9
dsgdb9nsd_047425,0.1,1.9
dsgdb9nsd_047425,0.1,1.9
dsgdb9nsd_047425,0.1,1.9
dsgdb9nsd_047425,0.1,1.9
dsgdb9nsd_047425,0.1,1.9
dsgdb9nsd_039577,0.0,0.7
dsgdb9nsd_039577,0.0,0.7
dsgdb9nsd_039577,0.0,0.7
dsgdb9nsd_039577,0.0,0.7
dsgdb9nsd_039577,0.0,1.1
dsgdb9nsd_039577,0.0,0.8
dsgdb9nsd_039577,0.0,1.1
dsgdb9nsd_039577,0.0,0.8
dsgdb9nsd_039577,0.0,0.7
dsgdb9nsd_039577,0.0,1.1
dsgdb9nsd_002375,0.0,1.6
dsgdb9nsd_016220,0.0,1.2
dsgdb9nsd_123858,0.6,1.8
dsgdb9nsd_123858,0.6,1.8
dsgdb9nsd_123858,0.6,1.8
dsgdb9nsd_123858,0.6,1.8
dsgdb9nsd_123858,0.6,1.8
dsgdb9nsd_020480,0.4,0.9
dsgdb9nsd_020480,0.4,0.9
dsgdb9nsd_020480,0.4,0.9
dsgdb9nsd_020480,0.4,0.9
dsgdb9nsd_020480,0.4,0.9
dsgdb9nsd_071320,0.0,1.1
dsgdb9nsd_071320,0.0,1.2
dsgdb9nsd_071320,0.0,1.1
dsgdb9nsd_071320,0.0,1.1
dsgdb9nsd_008300,1.2,1.9
dsgdb9nsd_008300,1.1,0.0
dsgdb9nsd_008300,1.2,1.9
dsgdb9nsd_008300,1.2,1.9
dsgdb9nsd_008300,1.2,1.9
dsgdb9nsd_008300,1.2,1.8
dsgdb9nsd_008300,1.1,1.5
dsgdb9nsd_008300,1.2,0.8
dsgdb9nsd_008300,1.0,1.5
dsgdb9nsd_008300,1.2,1.9
dsgdb9nsd_008300,0.7,1.5
dsgdb9nsd_008300,1.1,1.5
dsgdb9nsd_008300,1.1,1.5
dsgdb9nsd_008300,1.1,0.9
dsgdb9nsd_008300,1.1,0.8
dsgdb9nsd_008300,1.3,0.2
dsgdb9nsd_085166,0.0,1.3
dsgdb9nsd_085166,0.0,1.2
dsgdb9nsd_085166,0.0,1.3
dsgdb9nsd_085166,0.0,1.2
dsgdb9nsd_085166,0.0,1.3
dsgdb9nsd_085166,0.0,1.2
dsgdb9nsd_085166,0.0,1.2
dsgdb9nsd_085166,0.0,1.2
dsgdb9nsd_032084,0.0,0.8
dsgdb9nsd_032084,0.0,0.8
dsgdb9nsd_032084,0.0,0.8
dsgdb9nsd_032084,0.0,0.8
dsgdb9nsd_032084,0.0,0.8
dsgdb9nsd_006207,0.6,1.4
dsgdb9nsd_006207,0.6,0.5
dsgdb9nsd_006207,0.6,0.5
dsgdb9nsd_006207,0.6,0.5
dsgdb9nsd_006207,0.6,0.5
dsgdb9nsd_006207,0.6,0.0
dsgdb9nsd_006207,0.9,1.7
dsgdb9nsd_112867,1.3,1.6
dsgdb9nsd_112867,1.3,1.6
dsgdb9nsd_112867,1.3,0.2
dsgdb9nsd_112867,1.3,1.6
dsgdb9nsd_112867,1.3,1.0
dsgdb9nsd_112867,1.3,0.2
dsgdb9nsd_112867,1.3,1.8
dsgdb9nsd_112867,1.3,0.1
dsgdb9nsd_112867,1.3,1.6
dsgdb9nsd_112867,1.4,0.3
dsgdb9nsd_112867,1.3,0.2
dsgdb9nsd_022988,1.0,0.2
dsgdb9nsd_022988,0.7,0.2
dsgdb9nsd_022988,1.0,0.2
dsgdb9nsd_022988,0.7,0.2
dsgdb9nsd_022988,0.7,0.2
dsgdb9nsd_022988,0.7,0.2
dsgdb9nsd_022988,0.7,0.2
dsgdb9nsd_022988,0.7,0.2
dsgdb9nsd_022988,0.7,0.2
dsgdb9nsd_022988,1.0,0.2
dsgdb9nsd_000093,0.9,1.8
dsgdb9nsd_000093,1.5,1.4
dsgdb9nsd_000093,1.7,1.8
dsgdb9nsd_000093,0.9,1.8
dsgdb9nsd_000093,0.9,0.5
dsgdb9nsd_000093,0.9,1.8
dsgdb9nsd_000093,0.9,1.8
dsgdb9nsd_000093,1.1,0.6
dsgdb9nsd_000093,1.4,1.8
dsgdb9nsd_000093,1.1,0.7
dsgdb9nsd_000093,0.9,0.8
dsgdb9nsd_000093,1.6,0.6
dsgdb9nsd_000093,1.6,1.8
dsgdb9nsd_000093,1.8,1.9
dsgdb9nsd_000093,1.2,1.9
dsgdb9nsd_000093,0.9,1.8
dsgdb9nsd_000093,1.2,1.8
dsgdb9nsd_000093,1.1,1.2
dsgdb9nsd_000093,1.1,0.7
dsgdb9nsd_000093,1.1,0.6
dsgdb9nsd_000093,0.9,1.6
dsgdb9nsd_000093,0.9,1.8
dsgdb9nsd_000093,0.9,1.8
dsgdb9nsd_000093,1.1,0.6
dsgdb9nsd_000093,1.4,1.8
dsgdb9nsd_000093,1.1,0.7
dsgdb9nsd_000093,1.3,0.2
dsgdb9nsd_004170,0.0,1.3
dsgdb9nsd_004170,0.0,1.3
dsgdb9nsd_004170,0.0,1.3
dsgdb9nsd_004170,0.0,1.3
dsgdb9nsd_002189,0.0,1.1
dsgdb9nsd_002189,0.0,1.1
dsgdb9nsd_002189,0.0,0.8
dsgdb9nsd_002189,0.0,0.8
dsgdb9nsd_002189,0.0,0.8
dsgdb9nsd_002189,0.0,1.3
dsgdb9nsd_002189,0.0,0.8
dsgdb9nsd_002189,0.0,1.3
dsgdb9nsd_002189,0.0,1.1
dsgdb9nsd_002189,0.0,1.1
dsgdb9nsd_002189,0.0,0.8
dsgdb9nsd_002189,0.0,1.1
dsgdb9nsd_002189,0.0,0.7
dsgdb9nsd_002189,0.0,1.1
dsgdb9nsd_001868,0.0,2.0
dsgdb9nsd_001868,0.0,2.0
dsgdb9nsd_001868,0.0,2.0
dsgdb9nsd_001868,0.0,2.0
dsgdb9nsd_001868,0.0,2.0
dsgdb9nsd_001868,0.0,2.0
dsgdb9nsd_002405,0.1,1.9
dsgdb9nsd_002405,0.1,1.9
dsgdb9nsd_002405,0.1,1.9
dsgdb9nsd_002405,0.1,1.7
dsgdb9nsd_002405,0.1,1.7
dsgdb9nsd_002405,0.1,1.7
dsgdb9nsd_002405,0.1,1.7
dsgdb9nsd_002405,0.1,1.7
dsgdb9nsd_002405,0.1,1.9
dsgdb9nsd_002405,0.1,1.9
dsgdb9nsd_002405,0.1,1.9
dsgdb9nsd_002405,0.1,1.7
dsgdb9nsd_012832,0.0,1.2
dsgdb9nsd_012832,0.0,1.2
dsgdb9nsd_012832,0.0,1.3
dsgdb9nsd_012832,0.0,1.3
dsgdb9nsd_012832,0.0,1.2
dsgdb9nsd_012832,0.0,1.8
dsgdb9nsd_012832,0.0,1.2
dsgdb9nsd_012832,0.0,1.8
dsgdb9nsd_003770,0.9,0.1
dsgdb9nsd_003770,0.9,0.8
dsgdb9nsd_003770,0.9,0.0
dsgdb9nsd_003770,0.7,1.8
dsgdb9nsd_003770,0.9,0.3
dsgdb9nsd_003770,0.9,0.8
dsgdb9nsd_003770,0.7,1.0
dsgdb9nsd_003770,1.2,1.0
dsgdb9nsd_003770,0.7,1.0
dsgdb9nsd_003770,0.9,1.5
dsgdb9nsd_003770,0.9,1.5
dsgdb9nsd_003770,1.2,1.9
dsgdb9nsd_003770,0.9,0.8
dsgdb9nsd_003770,0.9,0.8
dsgdb9nsd_012408,0.0,1.2
dsgdb9nsd_012408,0.0,0.9
dsgdb9nsd_012408,0.0,0.9
dsgdb9nsd_012408,0.0,0.9
dsgdb9nsd_012408,0.0,1.1
dsgdb9nsd_012408,0.0,0.9
dsgdb9nsd_012408,0.0,0.9
dsgdb9nsd_093481,0.0,1.3
dsgdb9nsd_093481,0.0,1.3
dsgdb9nsd_093481,0.0,1.3
dsgdb9nsd_093481,0.0,1.3
dsgdb9nsd_011382,1.2,1.1
dsgdb9nsd_011382,1.2,0.5
dsgdb9nsd_011382,0.9,0.8
dsgdb9nsd_011382,1.2,0.0
dsgdb9nsd_011382,1.0,0.3
dsgdb9nsd_011382,1.2,1.3
dsgdb9nsd_011382,1.2,2.0
dsgdb9nsd_011382,1.3,0.2
dsgdb9nsd_011382,1.2,1.9
dsgdb9nsd_011382,1.2,0.0
dsgdb9nsd_011382,1.2,1.9
dsgdb9nsd_011382,1.2,0.7
dsgdb9nsd_011382,1.3,1.9
dsgdb9nsd_011382,1.2,0.0
dsgdb9nsd_011382,1.5,0.0
dsgdb9nsd_011382,1.6,1.9
dsgdb9nsd_011382,1.2,0.0
dsgdb9nsd_011382,1.2,0.0
dsgdb9nsd_021839,0.0,1.8
dsgdb9nsd_021839,0.0,2.0
dsgdb9nsd_021839,0.0,1.8
dsgdb9nsd_029929,0.0,1.1
dsgdb9nsd_029929,0.0,0.9
dsgdb9nsd_029929,0.0,1.1
dsgdb9nsd_029929,0.0,1.1
dsgdb9nsd_029929,0.0,1.1
dsgdb9nsd_029929,0.0,0.9
dsgdb9nsd_125870,0.0,1.2
dsgdb9nsd_125870,0.0,1.2
dsgdb9nsd_125870,0.0,1.2
dsgdb9nsd_125870,0.0,1.2
dsgdb9nsd_125870,0.0,1.2
dsgdb9nsd_125870,0.0,1.2
dsgdb9nsd_125870,0.0,1.2
dsgdb9nsd_125870,0.0,1.0
dsgdb9nsd_002774,0.0,0.7
dsgdb9nsd_002774,0.0,0.7
dsgdb9nsd_002774,0.0,0.7
dsgdb9nsd_011277,0.4,0.3
dsgdb9nsd_011277,0.2,1.1
dsgdb9nsd_011277,0.4,0.2
dsgdb9nsd_011277,0.3,0.0
dsgdb9nsd_011277,0.3,1.7
dsgdb9nsd_011277,0.3,0.0
dsgdb9nsd_011277,0.2,1.0
dsgdb9nsd_011277,0.3,1.8
dsgdb9nsd_011277,0.4,0.2
dsgdb9nsd_011277,0.7,1.7
dsgdb9nsd_011277,0.2,0.7
dsgdb9nsd_011277,0.2,0.2
dsgdb9nsd_011277,0.2,0.0
dsgdb9nsd_011277,0.0,1.2
dsgdb9nsd_011277,0.5,1.5
dsgdb9nsd_011277,0.0,1.1
dsgdb9nsd_008377,0.1,1.9
dsgdb9nsd_008377,0.1,1.9
dsgdb9nsd_008377,0.1,1.9
dsgdb9nsd_008377,0.1,1.9
dsgdb9nsd_008377,0.1,1.9
dsgdb9nsd_008377,0.1,1.9
dsgdb9nsd_018099,1.1,0.6
dsgdb9nsd_018099,0.7,1.0
dsgdb9nsd_018099,0.7,1.0
dsgdb9nsd_018099,0.7,1.0
dsgdb9nsd_018099,0.7,1.0
dsgdb9nsd_018099,1.1,1.8
dsgdb9nsd_018099,1.1,0.6
dsgdb9nsd_018099,0.8,1.8
dsgdb9nsd_018099,0.7,1.0
dsgdb9nsd_109477,0.1,1.9
dsgdb9nsd_109477,0.1,1.9
dsgdb9nsd_109477,0.1,1.9
dsgdb9nsd_109477,0.1,1.7
dsgdb9nsd_109477,0.1,1.9
dsgdb9nsd_109477,0.0,1.9
dsgdb9nsd_109477,0.1,1.9
dsgdb9nsd_109477,0.1,1.9
dsgdb9nsd_011662,0.0,0.7
dsgdb9nsd_011662,0.0,0.7
dsgdb9nsd_011662,0.0,0.7
dsgdb9nsd_011662,0.0,0.7
dsgdb9nsd_084357,0.0,0.7
dsgdb9nsd_084357,0.0,0.8
dsgdb9nsd_084357,0.0,0.7
dsgdb9nsd_084357,0.0,0.8
dsgdb9nsd_084357,0.0,0.7
dsgdb9nsd_002767,0.0,2.0
dsgdb9nsd_002767,0.0,1.6
dsgdb9nsd_002767,0.0,2.0
dsgdb9nsd_002250,0.0,1.0
dsgdb9nsd_002250,0.0,1.0
dsgdb9nsd_001447,0.0,1.2
dsgdb9nsd_001447,0.0,1.2
dsgdb9nsd_001447,0.0,0.9
dsgdb9nsd_001447,0.0,1.1
dsgdb9nsd_001447,0.0,0.9
dsgdb9nsd_001447,0.0,0.9
dsgdb9nsd_001447,0.0,0.9
dsgdb9nsd_001447,0.0,0.9
dsgdb9nsd_001447,0.0,1.2
dsgdb9nsd_001447,0.0,1.1
dsgdb9nsd_001447,0.0,0.9
dsgdb9nsd_001447,0.0,1.4
dsgdb9nsd_001447,0.0,0.9
dsgdb9nsd_084077,0.0,0.3
dsgdb9nsd_084077,0.0,0.3
dsgdb9nsd_084077,0.0,0.3
dsgdb9nsd_084077,0.0,0.3
dsgdb9nsd_084077,0.0,0.3
dsgdb9nsd_084077,0.0,0.3
dsgdb9nsd_084077,0.0,0.4
dsgdb9nsd_001845,0.8,0.1
dsgdb9nsd_001845,1.2,0.1
dsgdb9nsd_001845,1.0,0.1
dsgdb9nsd_001845,1.0,0.1
dsgdb9nsd_001845,0.8,0.5
dsgdb9nsd_001845,1.3,1.0
dsgdb9nsd_001845,1.1,0.0
dsgdb9nsd_001845,0.8,0.1
dsgdb9nsd_001845,0.8,0.1
dsgdb9nsd_001845,0.8,0.1
dsgdb9nsd_001845,1.1,0.6
dsgdb9nsd_001845,0.8,1.8
dsgdb9nsd_001845,0.8,0.1
dsgdb9nsd_001845,1.4,0.1
dsgdb9nsd_001845,0.8,1.5
dsgdb9nsd_001845,1.3,0.2
dsgdb9nsd_001845,1.3,0.2
dsgdb9nsd_001845,0.8,1.6
dsgdb9nsd_001845,0.8,0.1
dsgdb9nsd_001845,0.8,0.1
dsgdb9nsd_005704,0.5,1.2
dsgdb9nsd_005704,0.4,1.2
dsgdb9nsd_005704,0.5,1.7
dsgdb9nsd_005704,0.4,1.2
dsgdb9nsd_005704,0.4,0.9
dsgdb9nsd_005704,0.4,1.2
dsgdb9nsd_000407,0.0,1.2
dsgdb9nsd_000407,0.0,1.3
dsgdb9nsd_000407,0.0,1.2
dsgdb9nsd_000407,0.0,1.4
dsgdb9nsd_000407,0.0,1.2
dsgdb9nsd_000407,0.0,1.2
dsgdb9nsd_000407,0.0,1.2
dsgdb9nsd_000407,0.0,1.2
dsgdb9nsd_000407,0.0,1.2
dsgdb9nsd_048950,0.3,0.0
dsgdb9nsd_048950,0.3,0.0
dsgdb9nsd_048950,0.3,1.2
dsgdb9nsd_048950,0.3,1.2
dsgdb9nsd_048950,0.3,0.0
dsgdb9nsd_048950,0.3,0.0
dsgdb9nsd_012219,0.0,1.9
dsgdb9nsd_012219,0.0,1.6
dsgdb9nsd_083149,0.0,1.9
dsgdb9nsd_083149,0.0,1.9
dsgdb9nsd_083149,0.0,1.9
dsgdb9nsd_083149,0.0,1.9
dsgdb9nsd_083149,0.0,1.9
dsgdb9nsd_011549,0.0,2.0
dsgdb9nsd_075468,0.0,1.2
dsgdb9nsd_075468,0.0,1.3
dsgdb9nsd_075468,0.0,1.2
dsgdb9nsd_075468,0.0,1.3
dsgdb9nsd_075468,0.0,1.2
dsgdb9nsd_075468,0.0,0.7
dsgdb9nsd_001987,0.0,2.0
dsgdb9nsd_001987,0.0,2.0
dsgdb9nsd_001987,0.0,2.0
dsgdb9nsd_001987,0.0,2.0
dsgdb9nsd_001987,0.0,2.0
dsgdb9nsd_001987,0.0,2.0
dsgdb9nsd_012328,0.0,1.8
dsgdb9nsd_012328,0.0,1.5
dsgdb9nsd_012328,0.0,1.5
dsgdb9nsd_012328,0.0,1.5
dsgdb9nsd_012328,0.0,1.8
dsgdb9nsd_012328,0.0,1.5
dsgdb9nsd_012328,0.0,1.5
dsgdb9nsd_012328,0.0,1.8
dsgdb9nsd_018584,0.1,1.9
dsgdb9nsd_018584,0.1,1.9
dsgdb9nsd_018584,0.1,1.9
dsgdb9nsd_018584,0.1,1.9
dsgdb9nsd_018584,0.0,1.9
dsgdb9nsd_018584,0.0,1.9
dsgdb9nsd_018584,0.1,1.9
dsgdb9nsd_001301,0.1,1.4
dsgdb9nsd_001301,0.1,1.4
dsgdb9nsd_001301,0.1,1.4
dsgdb9nsd_001301,0.1,1.4
dsgdb9nsd_001301,0.1,1.4
dsgdb9nsd_001301,0.1,1.4
dsgdb9nsd_001301,0.1,1.4
dsgdb9nsd_001301,0.1,1.3
dsgdb9nsd_003852,0.0,1.6
dsgdb9nsd_003852,0.0,1.8
dsgdb9nsd_003852,0.0,1.6
dsgdb9nsd_003852,0.0,1.8
dsgdb9nsd_003852,0.0,1.8
dsgdb9nsd_003852,0.0,1.6
dsgdb9nsd_076269,0.0,2.0
dsgdb9nsd_076269,0.0,2.0
dsgdb9nsd_076269,0.0,2.0
dsgdb9nsd_002933,0.0,1.1
dsgdb9nsd_002933,0.0,0.9
dsgdb9nsd_002933,0.0,1.1
dsgdb9nsd_002933,0.0,1.1
dsgdb9nsd_002933,0.0,0.9
dsgdb9nsd_002933,0.0,0.8
dsgdb9nsd_002933,0.0,1.1
dsgdb9nsd_002933,0.0,1.1
dsgdb9nsd_002933,0.0,0.9
dsgdb9nsd_012992,0.0,1.1
dsgdb9nsd_012992,0.0,1.1
dsgdb9nsd_012992,0.0,1.1
dsgdb9nsd_012992,0.0,1.1
dsgdb9nsd_012992,0.0,1.0
dsgdb9nsd_012369,0.0,0.9
dsgdb9nsd_012369,0.0,0.9
dsgdb9nsd_012369,0.0,0.9
dsgdb9nsd_012369,0.0,0.9
dsgdb9nsd_012369,0.0,0.9
dsgdb9nsd_014170,0.1,1.9
dsgdb9nsd_014170,0.1,1.9
dsgdb9nsd_014170,0.1,1.9
dsgdb9nsd_014170,0.1,1.9
dsgdb9nsd_014170,0.1,1.9
dsgdb9nsd_014170,0.1,1.9
dsgdb9nsd_014170,0.1,1.9
dsgdb9nsd_015223,0.2,0.4
dsgdb9nsd_015223,0.2,0.7
dsgdb9nsd_015223,0.2,0.4
dsgdb9nsd_015223,0.2,0.4
dsgdb9nsd_015223,0.2,0.0
dsgdb9nsd_015223,0.1,0.4
dsgdb9nsd_015223,0.2,0.9
dsgdb9nsd_015223,0.2,0.5
dsgdb9nsd_015223,0.2,0.0
dsgdb9nsd_129750,0.1,1.9
dsgdb9nsd_129750,0.1,1.9
dsgdb9nsd_129750,0.1,1.9
dsgdb9nsd_129750,0.1,1.9
dsgdb9nsd_003208,0.0,0.3
dsgdb9nsd_003208,0.0,0.1
dsgdb9nsd_003208,0.0,0.5
dsgdb9nsd_003208,0.0,0.3
dsgdb9nsd_003208,0.0,0.3
dsgdb9nsd_001658,1.3,0.7
dsgdb9nsd_001658,1.3,1.9
dsgdb9nsd_001658,1.2,1.9
dsgdb9nsd_001658,1.1,0.6
dsgdb9nsd_001658,1.3,1.1
dsgdb9nsd_001658,1.3,1.5
dsgdb9nsd_001658,1.3,0.2
dsgdb9nsd_001658,1.4,1.9
dsgdb9nsd_001658,1.3,0.0
dsgdb9nsd_001658,1.3,0.8
dsgdb9nsd_001658,1.3,1.9
dsgdb9nsd_001658,1.3,2.0
dsgdb9nsd_001658,1.3,1.9
dsgdb9nsd_001658,1.2,1.3
dsgdb9nsd_001658,1.3,1.9
dsgdb9nsd_001658,1.1,1.9
dsgdb9nsd_001658,1.3,0.2
dsgdb9nsd_001658,1.3,1.9
dsgdb9nsd_001658,1.5,1.4
dsgdb9nsd_001658,1.3,1.3
dsgdb9nsd_001658,1.3,1.9
dsgdb9nsd_001658,1.3,1.9
dsgdb9nsd_001658,1.4,1.1
dsgdb9nsd_001658,1.3,1.2
dsgdb9nsd_002600,0.0,1.9
dsgdb9nsd_002600,0.0,1.9
dsgdb9nsd_002600,0.0,1.7
dsgdb9nsd_002600,0.0,1.9
dsgdb9nsd_002600,0.0,1.7
dsgdb9nsd_002600,0.0,1.8
dsgdb9nsd_002600,0.0,1.7
dsgdb9nsd_002600,0.0,1.9
dsgdb9nsd_002600,0.0,1.7
dsgdb9nsd_002600,0.0,1.9
dsgdb9nsd_002600,0.0,1.9
dsgdb9nsd_020538,0.0,0.9
dsgdb9nsd_020538,0.0,0.9
dsgdb9nsd_020538,0.0,1.2
dsgdb9nsd_020538,0.0,1.2
dsgdb9nsd_020538,0.0,1.1
dsgdb9nsd_020538,0.0,0.9
dsgdb9nsd_020538,0.0,0.9
dsgdb9nsd_020538,0.0,0.9
dsgdb9nsd_020538,0.0,1.1
dsgdb9nsd_018445,0.0,1.1
dsgdb9nsd_018445,0.0,1.4
dsgdb9nsd_018445,0.0,1.2
dsgdb9nsd_018445,0.0,1.6
dsgdb9nsd_018445,0.0,1.1
dsgdb9nsd_018445,0.0,1.3
dsgdb9nsd_006161,1.2,1.9
dsgdb9nsd_006161,1.1,1.3
dsgdb9nsd_006161,1.1,1.3
dsgdb9nsd_006161,1.1,1.3
dsgdb9nsd_006161,1.2,1.3
dsgdb9nsd_006161,1.1,1.3
dsgdb9nsd_006161,0.8,1.8
dsgdb9nsd_006161,1.1,1.3
dsgdb9nsd_006161,1.1,1.2
dsgdb9nsd_006161,0.9,1.3
dsgdb9nsd_006161,0.6,0.0
dsgdb9nsd_006161,1.1,0.6
dsgdb9nsd_006161,1.1,1.2
dsgdb9nsd_006161,1.1,1.2
dsgdb9nsd_006161,1.1,1.3
dsgdb9nsd_006161,1.1,0.6
dsgdb9nsd_011002,1.2,1.3
dsgdb9nsd_011002,1.2,1.9
dsgdb9nsd_011002,1.2,0.0
dsgdb9nsd_011002,1.2,1.9
dsgdb9nsd_011002,1.2,0.7
dsgdb9nsd_011002,1.2,0.0
dsgdb9nsd_011002,1.2,1.9
dsgdb9nsd_011002,1.2,1.6
dsgdb9nsd_011002,1.0,0.9
dsgdb9nsd_011002,1.4,1.9
dsgdb9nsd_011002,1.2,1.9
dsgdb9nsd_011002,1.2,0.0
dsgdb9nsd_011002,1.3,0.2
dsgdb9nsd_011002,1.2,0.0
dsgdb9nsd_011002,1.2,1.3
dsgdb9nsd_039468,0.1,1.4
dsgdb9nsd_039468,0.1,1.9
dsgdb9nsd_039468,0.1,1.9
dsgdb9nsd_039468,0.1,1.9
dsgdb9nsd_039468,0.1,1.9
dsgdb9nsd_039468,0.1,1.5
dsgdb9nsd_039468,0.1,1.5
dsgdb9nsd_085766,0.9,1.2
dsgdb9nsd_085766,0.9,1.8
dsgdb9nsd_085766,0.9,1.5
dsgdb9nsd_085766,1.3,1.4
dsgdb9nsd_085766,0.9,1.4
dsgdb9nsd_085766,0.9,1.2
dsgdb9nsd_085766,0.9,1.2
dsgdb9nsd_085766,0.9,1.5
dsgdb9nsd_085766,0.9,1.5
dsgdb9nsd_085766,0.9,0.0
dsgdb9nsd_085766,0.9,1.2
dsgdb9nsd_004962,1.1,1.0
dsgdb9nsd_004962,1.3,1.0
dsgdb9nsd_004962,1.5,1.5
dsgdb9nsd_004962,1.1,1.0
dsgdb9nsd_004962,1.1,0.6
dsgdb9nsd_004962,1.1,1.0
dsgdb9nsd_004962,1.1,1.0
dsgdb9nsd_004962,1.1,1.0
dsgdb9nsd_004962,1.1,0.6
dsgdb9nsd_018115,0.1,1.5
dsgdb9nsd_018115,0.1,1.5
dsgdb9nsd_018115,0.1,1.4
dsgdb9nsd_018115,0.1,1.5
dsgdb9nsd_018115,0.1,1.5
dsgdb9nsd_018115,0.1,1.5
dsgdb9nsd_018115,0.1,1.5
dsgdb9nsd_018115,0.1,1.4
dsgdb9nsd_018115,0.1,1.4
dsgdb9nsd_018115,0.1,1.5
dsgdb9nsd_006066,1.2,1.9
dsgdb9nsd_006066,0.9,1.8
dsgdb9nsd_006066,0.9,2.0
dsgdb9nsd_006066,0.9,1.8
dsgdb9nsd_006066,0.9,0.0
dsgdb9nsd_006066,1.1,1.9
dsgdb9nsd_006066,0.9,0.9
dsgdb9nsd_006066,0.9,1.8
dsgdb9nsd_006066,0.9,1.8
dsgdb9nsd_006066,0.9,1.8
dsgdb9nsd_006066,1.0,1.8
dsgdb9nsd_006066,1.1,0.6
dsgdb9nsd_006066,0.9,1.1
dsgdb9nsd_017969,0.8,0.7
dsgdb9nsd_017969,0.8,1.2
dsgdb9nsd_017969,0.8,1.2
dsgdb9nsd_017969,0.8,1.2
dsgdb9nsd_017969,1.3,0.2
dsgdb9nsd_017969,1.3,0.2
dsgdb9nsd_017969,0.9,1.4
dsgdb9nsd_017969,1.3,1.9
dsgdb9nsd_017969,0.8,1.5
dsgdb9nsd_017969,0.8,1.2
dsgdb9nsd_017969,0.8,0.3
dsgdb9nsd_017969,0.7,1.2
dsgdb9nsd_017969,0.8,1.8
dsgdb9nsd_027348,0.0,1.2
dsgdb9nsd_027348,0.0,1.2
dsgdb9nsd_027348,0.0,1.3
dsgdb9nsd_027348,0.0,1.1
dsgdb9nsd_006853,0.0,1.3
dsgdb9nsd_006853,0.0,1.3
dsgdb9nsd_006853,0.0,1.2
dsgdb9nsd_006853,0.0,1.2
dsgdb9nsd_006853,0.0,1.2
dsgdb9nsd_006853,0.0,1.2
dsgdb9nsd_006853,0.0,1.3
dsgdb9nsd_006853,0.0,1.2
dsgdb9nsd_006853,0.0,1.3
dsgdb9nsd_027381,0.5,1.3
dsgdb9nsd_027381,0.5,1.3
dsgdb9nsd_027381,0.5,1.3
dsgdb9nsd_027381,0.5,1.3
dsgdb9nsd_027381,0.5,1.7
dsgdb9nsd_027381,0.5,1.7
dsgdb9nsd_027381,0.5,1.3
dsgdb9nsd_027381,0.5,1.7
dsgdb9nsd_131550,1.2,1.9
dsgdb9nsd_131550,1.2,1.9
dsgdb9nsd_010905,0.0,0.7
dsgdb9nsd_010905,0.0,0.7
dsgdb9nsd_010905,0.0,0.7
dsgdb9nsd_010905,0.0,0.7
dsgdb9nsd_010905,0.0,0.7
dsgdb9nsd_132394,1.2,0.4
dsgdb9nsd_132394,1.2,0.4
dsgdb9nsd_132394,1.2,0.4
dsgdb9nsd_132394,1.2,1.0
dsgdb9nsd_002604,1.2,1.3
dsgdb9nsd_002604,1.2,0.1
dsgdb9nsd_002604,1.2,1.1
dsgdb9nsd_002604,1.2,1.3
dsgdb9nsd_002604,1.2,1.3
dsgdb9nsd_002604,1.0,1.7
dsgdb9nsd_002604,1.2,0.0
dsgdb9nsd_002604,1.2,1.3
dsgdb9nsd_002604,0.9,2.0
dsgdb9nsd_002604,1.2,1.3
dsgdb9nsd_002604,1.2,1.3
dsgdb9nsd_002604,1.2,0.9
dsgdb9nsd_002604,1.2,1.3
dsgdb9nsd_002604,1.2,1.9
dsgdb9nsd_002604,1.2,0.8
dsgdb9nsd_002604,1.2,1.6
dsgdb9nsd_000670,0.0,1.5
dsgdb9nsd_000670,0.0,1.8
dsgdb9nsd_000670,0.0,1.5
dsgdb9nsd_000670,0.0,1.5
dsgdb9nsd_000670,0.0,1.5
dsgdb9nsd_000670,0.0,1.5
dsgdb9nsd_000670,0.0,1.5
dsgdb9nsd_000670,0.0,1.5
dsgdb9nsd_000670,0.0,1.8
dsgdb9nsd_003680,0.0,1.8
dsgdb9nsd_003680,0.0,1.8
dsgdb9nsd_003680,0.0,1.8
dsgdb9nsd_003680,0.0,1.8
dsgdb9nsd_013061,0.0,1.1
dsgdb9nsd_013061,0.0,0.9
dsgdb9nsd_013061,0.0,1.1
dsgdb9nsd_013061,0.0,0.9
dsgdb9nsd_013061,0.0,1.2
dsgdb9nsd_013061,0.0,1.2
dsgdb9nsd_013061,0.0,0.9
dsgdb9nsd_013061,0.0,0.9
dsgdb9nsd_086595,1.9,1.0
dsgdb9nsd_086595,1.9,1.0
dsgdb9nsd_086595,1.9,1.0
dsgdb9nsd_086595,1.1,1.9
dsgdb9nsd_086595,1.9,1.0
dsgdb9nsd_086595,1.9,1.0
dsgdb9nsd_086595,1.9,1.0
dsgdb9nsd_086595,1.9,1.0
dsgdb9nsd_004623,0.0,0.8
dsgdb9nsd_004623,0.0,0.7
dsgdb9nsd_004623,0.0,0.7
dsgdb9nsd_004623,0.0,0.7
dsgdb9nsd_004623,0.0,0.7
dsgdb9nsd_022355,1.0,0.2
dsgdb9nsd_022355,1.0,0.4
dsgdb9nsd_022355,1.0,0.2
dsgdb9nsd_022355,1.0,0.2
dsgdb9nsd_022355,1.0,0.4
dsgdb9nsd_022355,1.0,0.4
dsgdb9nsd_022355,1.0,0.4
dsgdb9nsd_077191,0.0,1.0
dsgdb9nsd_077191,0.0,1.3
dsgdb9nsd_077191,0.0,1.3
dsgdb9nsd_077191,0.0,1.3
dsgdb9nsd_005716,0.0,1.2
dsgdb9nsd_005716,0.0,1.2
dsgdb9nsd_005716,0.0,1.3
dsgdb9nsd_005716,0.0,1.2
dsgdb9nsd_005716,0.0,1.2
dsgdb9nsd_005716,0.0,1.2
dsgdb9nsd_005716,0.0,1.2
dsgdb9nsd_000456,0.0,1.1
dsgdb9nsd_000456,0.0,1.1
dsgdb9nsd_000456,0.0,1.1
dsgdb9nsd_000456,0.0,1.1
dsgdb9nsd_000456,0.0,1.1
dsgdb9nsd_000456,0.0,1.2
dsgdb9nsd_000456,0.0,1.1
dsgdb9nsd_000456,0.0,1.0
dsgdb9nsd_000456,0.0,1.1
dsgdb9nsd_016227,0.0,0.9
dsgdb9nsd_016227,0.0,0.9
dsgdb9nsd_043145,0.0,1.1
dsgdb9nsd_043145,0.0,1.1
dsgdb9nsd_043145,0.0,0.8
dsgdb9nsd_043145,0.0,0.9
dsgdb9nsd_043145,0.0,0.7
dsgdb9nsd_015100,0.4,1.7
dsgdb9nsd_015100,0.4,1.7
dsgdb9nsd_015100,0.4,1.7
dsgdb9nsd_015100,0.4,1.7
dsgdb9nsd_015100,0.4,1.7
dsgdb9nsd_015100,0.4,1.7
dsgdb9nsd_020553,0.8,1.8
dsgdb9nsd_020553,0.8,1.8
dsgdb9nsd_020553,0.8,1.5
dsgdb9nsd_020553,1.2,1.8
dsgdb9nsd_020553,1.1,1.2
dsgdb9nsd_020553,0.8,1.8
dsgdb9nsd_020553,1.1,0.6
dsgdb9nsd_020553,1.0,1.8
dsgdb9nsd_020553,0.8,0.4
dsgdb9nsd_020553,0.8,0.3
dsgdb9nsd_020553,0.8,1.4
dsgdb9nsd_012934,0.9,1.5
dsgdb9nsd_012934,0.9,1.6
dsgdb9nsd_012934,0.9,1.5
dsgdb9nsd_012934,0.8,0.3
dsgdb9nsd_012934,1.1,1.9
dsgdb9nsd_012934,0.9,1.8
dsgdb9nsd_012934,0.9,1.5
dsgdb9nsd_012934,0.9,1.5
dsgdb9nsd_012934,1.1,1.9
dsgdb9nsd_012934,0.9,1.6
dsgdb9nsd_012934,0.9,1.6
dsgdb9nsd_035098,0.0,0.4
dsgdb9nsd_039462,1.0,1.8
dsgdb9nsd_039462,1.0,1.1
dsgdb9nsd_039462,1.0,1.1
dsgdb9nsd_039462,1.2,1.9
dsgdb9nsd_039462,1.0,0.8
dsgdb9nsd_039462,1.0,1.1
dsgdb9nsd_039462,1.2,1.9
dsgdb9nsd_039462,1.0,0.4
dsgdb9nsd_039462,1.2,1.8
dsgdb9nsd_039462,1.1,0.6
dsgdb9nsd_016104,1.1,1.2
dsgdb9nsd_016104,0.7,1.3
dsgdb9nsd_016104,1.2,1.3
dsgdb9nsd_016104,0.7,1.1
dsgdb9nsd_016104,0.7,1.6
dsgdb9nsd_016104,1.0,1.2
dsgdb9nsd_016104,1.1,1.2
dsgdb9nsd_016104,0.9,1.3
dsgdb9nsd_016104,0.9,1.2
dsgdb9nsd_016104,0.7,1.6
dsgdb9nsd_016104,0.7,1.8
dsgdb9nsd_016104,0.7,1.6
dsgdb9nsd_016104,0.7,1.4
dsgdb9nsd_016104,1.1,1.2
dsgdb9nsd_012530,0.5,0.9
dsgdb9nsd_012530,0.5,0.5
dsgdb9nsd_012530,0.5,0.9
dsgdb9nsd_012530,0.5,0.5
dsgdb9nsd_012530,0.5,0.5
dsgdb9nsd_015535,0.0,1.2
dsgdb9nsd_015535,0.0,1.4
dsgdb9nsd_015535,0.0,0.8
dsgdb9nsd_015535,0.0,1.0
dsgdb9nsd_015535,0.0,1.2
dsgdb9nsd_015535,0.0,0.7
dsgdb9nsd_015535,0.0,1.6
dsgdb9nsd_015535,0.0,1.2
dsgdb9nsd_015535,0.0,1.2
dsgdb9nsd_015535,0.0,1.2
dsgdb9nsd_015535,0.0,0.9
dsgdb9nsd_015535,0.0,1.1
dsgdb9nsd_011653,0.8,1.5
dsgdb9nsd_011653,0.8,1.8
dsgdb9nsd_011653,1.0,1.8
dsgdb9nsd_011653,1.3,0.2
dsgdb9nsd_011653,0.9,1.8
dsgdb9nsd_011653,1.2,1.9
dsgdb9nsd_011653,0.8,1.8
dsgdb9nsd_011653,0.8,0.2
dsgdb9nsd_011653,1.1,0.6
dsgdb9nsd_011653,0.8,1.8
dsgdb9nsd_011653,1.1,1.2
dsgdb9nsd_011653,0.9,1.8
dsgdb9nsd_011653,1.1,1.2
dsgdb9nsd_031576,0.0,0.9
dsgdb9nsd_031576,0.0,0.9
dsgdb9nsd_031576,0.0,0.9
dsgdb9nsd_031576,0.0,0.9
dsgdb9nsd_003123,0.0,1.2
dsgdb9nsd_003123,0.0,1.6
dsgdb9nsd_003123,0.0,1.6
dsgdb9nsd_003123,0.0,1.6
dsgdb9nsd_003123,0.0,1.6
dsgdb9nsd_006453,0.0,0.9
dsgdb9nsd_006453,0.0,0.9
dsgdb9nsd_006453,0.0,0.9
dsgdb9nsd_006453,0.0,0.9
dsgdb9nsd_002669,0.0,1.1
dsgdb9nsd_002669,0.0,1.1
dsgdb9nsd_002669,0.0,1.1
dsgdb9nsd_002669,0.0,1.1
dsgdb9nsd_002669,0.0,1.1
dsgdb9nsd_002669,0.0,1.1
dsgdb9nsd_002669,0.0,1.1
dsgdb9nsd_041398,0.0,1.3
dsgdb9nsd_041398,0.0,1.8
dsgdb9nsd_041398,0.0,1.8
dsgdb9nsd_041398,0.0,1.3
dsgdb9nsd_041398,0.0,1.3
dsgdb9nsd_041398,0.0,1.8
dsgdb9nsd_041398,0.0,1.3
dsgdb9nsd_041398,0.0,1.3
dsgdb9nsd_041398,0.0,1.1
dsgdb9nsd_000145,0.0,1.8
dsgdb9nsd_000145,0.0,1.8
dsgdb9nsd_000145,0.0,1.8
dsgdb9nsd_000145,0.0,1.8
dsgdb9nsd_000145,0.0,1.8
dsgdb9nsd_000145,0.0,1.8
dsgdb9nsd_000145,0.0,1.8
dsgdb9nsd_004507,0.0,2.0
dsgdb9nsd_004507,0.0,2.0
dsgdb9nsd_004507,0.0,2.0
dsgdb9nsd_013344,0.0,0.3
dsgdb9nsd_013344,0.0,0.4
dsgdb9nsd_013344,0.0,0.4
dsgdb9nsd_013344,0.0,0.3
dsgdb9nsd_013344,0.0,0.4
dsgdb9nsd_130879,1.0,1.2
dsgdb9nsd_130879,0.9,1.3
dsgdb9nsd_130879,0.9,1.2
dsgdb9nsd_130879,0.9,0.8
dsgdb9nsd_130879,0.9,0.8
dsgdb9nsd_130879,0.9,0.8
dsgdb9nsd_130879,0.9,0.8
dsgdb9nsd_130879,1.0,1.2
dsgdb9nsd_016053,0.0,1.1
dsgdb9nsd_016053,0.0,0.7
dsgdb9nsd_016053,0.0,0.7
dsgdb9nsd_016053,0.0,1.2
dsgdb9nsd_016053,0.0,1.2
dsgdb9nsd_016053,0.0,1.1
dsgdb9nsd_016053,0.0,0.7
dsgdb9nsd_016053,0.0,1.2
dsgdb9nsd_016053,0.0,0.7
dsgdb9nsd_016053,0.0,0.7
dsgdb9nsd_006129,0.0,0.3
dsgdb9nsd_006129,0.0,0.3
dsgdb9nsd_006129,0.0,0.3
dsgdb9nsd_006129,0.0,0.4
dsgdb9nsd_006129,0.0,0.3
dsgdb9nsd_006129,0.0,0.5
dsgdb9nsd_006129,0.0,0.3
dsgdb9nsd_126341,0.0,2.0
dsgdb9nsd_126341,0.0,2.0
dsgdb9nsd_126341,0.0,2.0
dsgdb9nsd_126341,0.0,2.0
dsgdb9nsd_108678,0.0,0.3
dsgdb9nsd_108678,0.0,0.3
dsgdb9nsd_108678,0.0,0.3
dsgdb9nsd_012547,0.5,1.7
dsgdb9nsd_012547,0.5,1.5
dsgdb9nsd_012547,0.5,1.5
dsgdb9nsd_012547,0.7,2.0
dsgdb9nsd_012547,0.5,1.5
dsgdb9nsd_012547,0.5,1.5
dsgdb9nsd_012547,0.5,1.5
dsgdb9nsd_009752,0.0,0.9
dsgdb9nsd_009752,0.0,1.2
dsgdb9nsd_009752,0.0,1.1
dsgdb9nsd_009752,0.1,1.9
dsgdb9nsd_085105,0.0,1.2
dsgdb9nsd_085105,0.0,1.3
dsgdb9nsd_085105,0.0,1.2
dsgdb9nsd_085105,0.0,1.3
dsgdb9nsd_085105,0.0,1.3
dsgdb9nsd_085105,0.0,1.2
dsgdb9nsd_085105,0.0,1.3
dsgdb9nsd_085105,0.0,1.3
dsgdb9nsd_085105,0.0,1.2
dsgdb9nsd_021066,0.5,1.8
dsgdb9nsd_021066,0.8,1.6
dsgdb9nsd_021066,0.5,1.8
dsgdb9nsd_021066,0.8,1.8
dsgdb9nsd_021066,0.5,1.8
dsgdb9nsd_021066,0.8,1.8
dsgdb9nsd_021066,0.5,1.8
dsgdb9nsd_021066,0.8,0.1
dsgdb9nsd_021066,0.8,1.8
dsgdb9nsd_021066,0.8,0.1
dsgdb9nsd_018974,0.0,1.5
dsgdb9nsd_018974,0.0,1.5
dsgdb9nsd_018974,0.0,1.5
dsgdb9nsd_018974,0.0,1.5
dsgdb9nsd_018974,0.0,1.8
dsgdb9nsd_018974,0.1,1.9
dsgdb9nsd_018974,0.0,1.8
dsgdb9nsd_018974,0.0,1.8
dsgdb9nsd_039574,0.0,0.9
dsgdb9nsd_039574,0.0,0.9
dsgdb9nsd_039574,0.0,0.9
dsgdb9nsd_039574,0.0,0.9
dsgdb9nsd_039574,0.0,0.9
dsgdb9nsd_039574,0.0,1.2
dsgdb9nsd_039574,0.0,0.9
dsgdb9nsd_039574,0.0,0.9
dsgdb9nsd_014008,0.2,2.0
dsgdb9nsd_014008,0.2,1.9
dsgdb9nsd_014008,0.2,2.0
dsgdb9nsd_079970,0.0,1.8
dsgdb9nsd_079970,0.0,1.8
dsgdb9nsd_079970,0.0,1.8
dsgdb9nsd_001392,0.6,0.4
dsgdb9nsd_001392,1.2,1.9
dsgdb9nsd_001392,1.4,0.1
dsgdb9nsd_001392,0.6,0.4
dsgdb9nsd_001392,0.6,0.7
dsgdb9nsd_001392,0.9,1.6
dsgdb9nsd_001392,0.6,0.4
dsgdb9nsd_001392,1.3,0.1
dsgdb9nsd_001392,0.6,0.4
dsgdb9nsd_001392,1.3,0.1
dsgdb9nsd_001392,0.6,0.4
dsgdb9nsd_001392,0.6,0.0
dsgdb9nsd_001392,1.3,0.1
dsgdb9nsd_001392,1.3,0.1
dsgdb9nsd_001392,0.9,0.1
dsgdb9nsd_001392,0.6,0.7
dsgdb9nsd_001392,1.5,0.2
dsgdb9nsd_001392,1.3,0.2
dsgdb9nsd_001392,1.0,0.9
dsgdb9nsd_001392,1.3,0.2
dsgdb9nsd_001392,1.4,0.1
dsgdb9nsd_001392,0.6,0.4
dsgdb9nsd_023501,0.0,1.1
dsgdb9nsd_023501,0.0,1.1
dsgdb9nsd_023501,0.0,1.1
dsgdb9nsd_023501,0.0,1.1
dsgdb9nsd_023501,0.0,1.0
dsgdb9nsd_050507,1.9,0.3
dsgdb9nsd_050507,1.7,0.4
dsgdb9nsd_050507,1.9,0.3
dsgdb9nsd_050507,1.9,0.3
dsgdb9nsd_050507,1.7,0.3
dsgdb9nsd_050507,1.7,0.3
dsgdb9nsd_050507,1.9,0.7
dsgdb9nsd_050507,1.9,0.7
dsgdb9nsd_050507,1.7,0.3
dsgdb9nsd_050507,1.7,0.3
dsgdb9nsd_050507,1.7,0.3
dsgdb9nsd_099416,0.0,1.0
dsgdb9nsd_130936,0.7,0.7
dsgdb9nsd_130936,0.6,0.7
dsgdb9nsd_130936,1.1,0.7
dsgdb9nsd_130936,1.1,0.7
dsgdb9nsd_130936,1.0,0.7
dsgdb9nsd_130936,1.1,0.7
dsgdb9nsd_130936,1.1,0.7
dsgdb9nsd_130936,1.1,0.7
dsgdb9nsd_002182,0.0,1.1
dsgdb9nsd_002182,0.0,1.1
dsgdb9nsd_002182,0.0,1.1
dsgdb9nsd_002182,0.0,0.9
dsgdb9nsd_002182,0.0,0.9
dsgdb9nsd_002182,0.0,1.1
dsgdb9nsd_002182,0.0,0.9
dsgdb9nsd_002182,0.0,1.2
dsgdb9nsd_002182,0.0,0.8
dsgdb9nsd_002182,0.0,0.9
dsgdb9nsd_002182,0.0,1.1
dsgdb9nsd_002182,0.0,1.1
dsgdb9nsd_039532,0.0,0.9
dsgdb9nsd_039532,0.0,0.9
dsgdb9nsd_039532,0.0,0.9
dsgdb9nsd_039532,0.0,0.9
dsgdb9nsd_039532,0.0,1.2
dsgdb9nsd_039532,0.0,1.2
dsgdb9nsd_039532,0.0,0.9
dsgdb9nsd_039532,0.0,0.9
dsgdb9nsd_039532,0.0,1.2
dsgdb9nsd_039532,0.0,0.9
dsgdb9nsd_007924,0.0,1.5
dsgdb9nsd_007924,0.0,1.5
dsgdb9nsd_007924,0.0,1.5
dsgdb9nsd_007924,0.0,1.5
dsgdb9nsd_007924,0.0,1.8
dsgdb9nsd_007924,0.0,1.8
dsgdb9nsd_007924,0.0,1.5
dsgdb9nsd_011660,0.0,1.2
dsgdb9nsd_011660,0.0,1.2
dsgdb9nsd_027378,0.0,1.2
dsgdb9nsd_027378,0.0,1.2
dsgdb9nsd_027378,0.0,1.5
dsgdb9nsd_027378,0.0,1.2
dsgdb9nsd_027378,0.0,1.2
dsgdb9nsd_001524,0.0,2.0
dsgdb9nsd_001524,0.0,2.0
dsgdb9nsd_001524,0.0,2.0
dsgdb9nsd_001524,0.0,2.0
dsgdb9nsd_001524,0.0,2.0
dsgdb9nsd_001524,0.0,2.0
dsgdb9nsd_020536,0.5,1.7
dsgdb9nsd_020536,0.5,1.7
dsgdb9nsd_020536,0.5,1.7
dsgdb9nsd_020536,0.5,1.7
dsgdb9nsd_020536,0.5,1.7
dsgdb9nsd_020536,0.5,1.7
dsgdb9nsd_009949,1.2,0.7
dsgdb9nsd_009949,1.4,0.3
dsgdb9nsd_009949,1.2,1.9
dsgdb9nsd_009949,1.2,1.9
dsgdb9nsd_009949,1.2,1.0
dsgdb9nsd_009949,1.2,0.5
dsgdb9nsd_009949,1.2,1.9
dsgdb9nsd_009949,1.3,1.9
dsgdb9nsd_009949,0.7,0.4
dsgdb9nsd_009949,1.2,1.9
dsgdb9nsd_009949,1.2,1.9
dsgdb9nsd_009949,1.3,0.2
dsgdb9nsd_009949,1.2,1.6
dsgdb9nsd_009949,1.1,0.6
dsgdb9nsd_009949,1.2,1.9
dsgdb9nsd_009949,1.2,0.0
dsgdb9nsd_009949,1.3,0.2
dsgdb9nsd_122591,0.0,0.8
dsgdb9nsd_122591,0.0,0.7
dsgdb9nsd_122591,0.0,0.8
dsgdb9nsd_122591,0.0,0.8
dsgdb9nsd_122591,0.0,0.8
dsgdb9nsd_122591,0.0,1.1
dsgdb9nsd_122591,0.0,0.7
dsgdb9nsd_122591,0.0,1.1
dsgdb9nsd_122591,0.0,0.7
dsgdb9nsd_122591,0.0,0.7
dsgdb9nsd_122591,0.0,0.8
dsgdb9nsd_075079,0.0,1.1
dsgdb9nsd_075079,0.0,0.9
dsgdb9nsd_075079,0.0,1.1
dsgdb9nsd_075079,0.0,1.1
dsgdb9nsd_000448,1.2,1.0
dsgdb9nsd_000448,1.2,1.7
dsgdb9nsd_000448,1.0,1.0
dsgdb9nsd_000448,1.2,1.9
dsgdb9nsd_000448,1.2,1.0
dsgdb9nsd_000448,1.3,0.2
dsgdb9nsd_000448,1.2,2.0
dsgdb9nsd_000448,1.2,1.0
dsgdb9nsd_000448,1.2,0.0
dsgdb9nsd_000448,1.0,0.1
dsgdb9nsd_000448,1.2,1.3
dsgdb9nsd_000448,1.2,1.0
dsgdb9nsd_000448,1.3,0.2
dsgdb9nsd_000448,1.2,1.1
dsgdb9nsd_000448,1.4,1.5
dsgdb9nsd_000448,1.1,0.6
dsgdb9nsd_000448,1.2,1.0
dsgdb9nsd_000448,1.2,1.0
dsgdb9nsd_000448,1.2,1.9
dsgdb9nsd_000448,1.2,0.7
dsgdb9nsd_000448,1.2,0.8
dsgdb9nsd_000448,1.2,1.0
dsgdb9nsd_000448,1.0,1.0
dsgdb9nsd_012073,0.0,1.7
dsgdb9nsd_013652,0.0,1.1
dsgdb9nsd_013652,0.0,0.3
dsgdb9nsd_013652,0.0,0.3
dsgdb9nsd_013652,0.0,1.3
dsgdb9nsd_013652,0.0,0.3
dsgdb9nsd_013652,0.0,1.1
dsgdb9nsd_043094,0.0,0.3
dsgdb9nsd_043094,0.0,0.3
dsgdb9nsd_043094,0.0,0.3
dsgdb9nsd_043094,0.0,0.3
dsgdb9nsd_003024,1.1,0.6
dsgdb9nsd_003024,1.1,0.6
dsgdb9nsd_003024,1.1,0.6
dsgdb9nsd_003024,1.1,0.6
dsgdb9nsd_003024,1.1,0.6
dsgdb9nsd_003024,1.1,0.6
dsgdb9nsd_012941,0.0,0.9
dsgdb9nsd_012941,0.0,1.1
dsgdb9nsd_012941,0.0,0.9
dsgdb9nsd_012941,0.0,1.1
dsgdb9nsd_012941,0.0,1.1
dsgdb9nsd_075612,0.0,1.3
dsgdb9nsd_075612,0.0,1.3
dsgdb9nsd_075612,0.0,2.0
dsgdb9nsd_075612,0.0,2.0
dsgdb9nsd_075612,0.0,1.3
dsgdb9nsd_075612,0.0,1.6
dsgdb9nsd_075612,0.0,2.0
dsgdb9nsd_006488,0.5,1.0
dsgdb9nsd_006488,0.5,1.7
dsgdb9nsd_006488,0.5,1.0
dsgdb9nsd_006488,0.5,1.0
dsgdb9nsd_006488,0.5,1.0
dsgdb9nsd_096790,1.0,1.0
dsgdb9nsd_096790,0.5,1.7
dsgdb9nsd_096790,0.5,1.7
dsgdb9nsd_096790,0.8,0.1
dsgdb9nsd_096790,0.5,1.7
dsgdb9nsd_096790,0.9,1.7
dsgdb9nsd_096790,1.3,0.2
dsgdb9nsd_096790,0.5,1.7
dsgdb9nsd_096790,1.2,1.7
dsgdb9nsd_096790,0.5,1.7
dsgdb9nsd_010895,0.0,1.1
dsgdb9nsd_010895,0.0,1.1
dsgdb9nsd_010895,0.0,0.9
dsgdb9nsd_010895,0.0,1.1
dsgdb9nsd_010895,0.0,0.9
dsgdb9nsd_010895,0.0,1.2
dsgdb9nsd_010895,0.0,1.1
dsgdb9nsd_085244,0.0,1.7
dsgdb9nsd_085244,0.0,1.6
dsgdb9nsd_085244,0.0,1.7
dsgdb9nsd_085244,0.0,1.7
dsgdb9nsd_085244,0.0,1.8
dsgdb9nsd_085244,0.0,1.7
dsgdb9nsd_077859,0.0,1.6
dsgdb9nsd_006972,0.0,0.9
dsgdb9nsd_006972,0.0,0.9
dsgdb9nsd_006972,0.0,0.9
dsgdb9nsd_006972,0.0,1.2
dsgdb9nsd_006972,0.0,1.2
dsgdb9nsd_006972,0.0,0.9
dsgdb9nsd_006972,0.0,1.2
dsgdb9nsd_006972,0.0,0.9
dsgdb9nsd_109148,0.7,1.0
dsgdb9nsd_109148,0.7,1.0
dsgdb9nsd_109148,0.7,1.3
dsgdb9nsd_109148,0.9,1.4
dsgdb9nsd_109148,0.9,1.4
dsgdb9nsd_109148,0.7,1.0
dsgdb9nsd_109148,0.7,1.0
dsgdb9nsd_109148,0.7,1.0
dsgdb9nsd_109148,0.9,1.4
dsgdb9nsd_006998,0.0,0.9
dsgdb9nsd_006998,0.0,0.9
dsgdb9nsd_006998,0.0,1.1
dsgdb9nsd_006998,0.0,1.1
dsgdb9nsd_006998,0.0,0.7
dsgdb9nsd_006998,0.0,1.1
dsgdb9nsd_006998,0.0,0.8
dsgdb9nsd_006998,0.0,0.9
dsgdb9nsd_006998,0.0,1.1
dsgdb9nsd_121760,1.2,1.3
dsgdb9nsd_121760,0.8,1.9
dsgdb9nsd_121760,0.9,1.7
dsgdb9nsd_121760,1.2,1.9
dsgdb9nsd_121760,0.9,1.8
dsgdb9nsd_121760,0.8,1.9
dsgdb9nsd_121760,0.8,1.9
dsgdb9nsd_121760,1.0,1.9
dsgdb9nsd_121760,1.2,1.9
dsgdb9nsd_121760,0.9,1.8
dsgdb9nsd_000672,0.0,1.1
dsgdb9nsd_000672,0.0,1.1
dsgdb9nsd_000672,0.0,1.4
dsgdb9nsd_000672,0.0,1.2
dsgdb9nsd_000672,0.0,1.2
dsgdb9nsd_000672,0.0,1.2
dsgdb9nsd_000672,0.0,1.2
dsgdb9nsd_000672,0.0,1.1
dsgdb9nsd_001938,1.2,1.9
dsgdb9nsd_001938,1.2,1.6
dsgdb9nsd_001938,1.2,0.7
dsgdb9nsd_001938,1.2,1.3
dsgdb9nsd_001938,1.0,1.8
dsgdb9nsd_001938,1.3,0.2
dsgdb9nsd_001938,1.2,1.9
dsgdb9nsd_001938,1.3,1.6
dsgdb9nsd_001938,1.2,1.6
dsgdb9nsd_001938,1.2,1.6
dsgdb9nsd_001938,1.2,0.2
dsgdb9nsd_001938,0.9,0.8
dsgdb9nsd_001938,1.2,1.9
dsgdb9nsd_001938,1.1,0.6
dsgdb9nsd_001938,1.4,1.9
dsgdb9nsd_001938,1.2,1.6
dsgdb9nsd_001938,1.2,1.6
dsgdb9nsd_001938,1.6,1.9
dsgdb9nsd_001938,1.2,1.9
dsgdb9nsd_001938,1.2,1.1
dsgdb9nsd_001938,1.2,0.0
dsgdb9nsd_001938,1.2,1.0
dsgdb9nsd_001938,1.2,1.6
dsgdb9nsd_001938,1.2,1.3
dsgdb9nsd_001938,1.5,1.6
dsgdb9nsd_001938,0.8,1.9
dsgdb9nsd_001938,1.2,1.6
dsgdb9nsd_063329,1.2,1.3
dsgdb9nsd_063329,0.6,1.3
dsgdb9nsd_063329,1.8,1.2
dsgdb9nsd_063329,0.8,0.2
dsgdb9nsd_063329,1.0,1.6
dsgdb9nsd_063329,1.0,2.0
dsgdb9nsd_063329,0.0,1.1
dsgdb9nsd_063329,1.2,1.9
dsgdb9nsd_063329,1.1,0.6
dsgdb9nsd_063329,0.5,1.7
dsgdb9nsd_063329,0.9,1.8
dsgdb9nsd_063329,0.9,1.6
dsgdb9nsd_063329,1.4,1.8
dsgdb9nsd_063329,1.0,0.8
dsgdb9nsd_063329,1.0,1.1
dsgdb9nsd_063329,1.3,0.2
dsgdb9nsd_063329,1.0,0.4
dsgdb9nsd_063329,0.2,1.8
dsgdb9nsd_063329,0.8,1.8
dsgdb9nsd_063329,1.0,1.8
dsgdb9nsd_063329,0.8,1.8
dsgdb9nsd_063329,0.2,0.0
dsgdb9nsd_063329,1.0,1.8
dsgdb9nsd_063329,0.9,1.8
dsgdb9nsd_063329,1.5,1.4
dsgdb9nsd_063329,0.4,0.2
dsgdb9nsd_063329,0.3,1.8
dsgdb9nsd_063329,1.0,0.7
dsgdb9nsd_004050,0.8,2.0
dsgdb9nsd_004050,0.8,0.3
dsgdb9nsd_004050,0.7,0.3
dsgdb9nsd_004050,0.8,2.0
dsgdb9nsd_004050,0.8,2.0
dsgdb9nsd_004050,0.8,0.3
dsgdb9nsd_004050,0.8,2.0
dsgdb9nsd_004050,0.9,1.8
dsgdb9nsd_004050,0.8,0.3
dsgdb9nsd_002927,0.9,1.7
dsgdb9nsd_002927,0.9,0.4
dsgdb9nsd_002927,0.9,1.1
dsgdb9nsd_002927,0.5,1.7
dsgdb9nsd_002927,0.9,1.1
dsgdb9nsd_002927,0.9,0.4
dsgdb9nsd_002927,0.9,1.1
dsgdb9nsd_002927,0.9,1.1
dsgdb9nsd_002927,0.9,1.1
dsgdb9nsd_002927,0.9,1.7
dsgdb9nsd_002927,0.9,0.4
dsgdb9nsd_002927,0.9,1.1
dsgdb9nsd_019083,0.1,0.4
dsgdb9nsd_019083,0.1,0.9
dsgdb9nsd_019083,0.1,1.4
dsgdb9nsd_019083,0.1,0.4
dsgdb9nsd_019083,0.1,0.4
dsgdb9nsd_020110,0.0,1.6
dsgdb9nsd_020110,0.0,1.6
dsgdb9nsd_019656,0.0,1.2
dsgdb9nsd_019656,0.0,1.2
dsgdb9nsd_019656,0.0,1.2
dsgdb9nsd_019656,0.0,1.4
dsgdb9nsd_019656,0.0,1.0
dsgdb9nsd_019656,0.0,1.2
dsgdb9nsd_019656,0.0,1.2
dsgdb9nsd_018665,0.6,0.1
dsgdb9nsd_018665,0.5,0.1
dsgdb9nsd_018665,0.5,0.1
dsgdb9nsd_018665,0.5,0.1
dsgdb9nsd_018665,0.6,0.1
dsgdb9nsd_018665,0.5,0.1
dsgdb9nsd_018665,0.5,0.1
dsgdb9nsd_018665,0.6,0.1
dsgdb9nsd_026085,0.0,1.2
dsgdb9nsd_026085,0.0,1.1
dsgdb9nsd_026085,0.0,1.1
dsgdb9nsd_026085,0.0,1.2
dsgdb9nsd_002328,0.1,1.7
dsgdb9nsd_002328,0.1,1.7
dsgdb9nsd_003428,0.0,0.9
dsgdb9nsd_003428,0.0,1.1
dsgdb9nsd_003428,0.0,0.9
dsgdb9nsd_003428,0.0,1.1
dsgdb9nsd_003428,0.0,1.1
dsgdb9nsd_003428,0.0,1.1
dsgdb9nsd_049348,0.0,1.8
dsgdb9nsd_049348,0.0,1.9
dsgdb9nsd_049348,0.0,1.8
dsgdb9nsd_049348,0.0,1.1
dsgdb9nsd_057990,0.8,1.8
dsgdb9nsd_057990,0.8,0.2
dsgdb9nsd_057990,0.9,1.8
dsgdb9nsd_057990,0.8,2.0
dsgdb9nsd_057990,0.8,2.0
dsgdb9nsd_057990,0.8,2.0
dsgdb9nsd_057990,1.1,0.6
dsgdb9nsd_057990,0.8,2.0
dsgdb9nsd_057990,1.1,0.6
dsgdb9nsd_057990,0.8,2.0
dsgdb9nsd_009295,0.1,0.3
dsgdb9nsd_009295,0.1,0.3
dsgdb9nsd_009295,0.1,0.2
dsgdb9nsd_009295,0.1,0.1
dsgdb9nsd_009295,0.1,0.3
dsgdb9nsd_000208,0.0,1.6
dsgdb9nsd_000208,0.0,1.6
dsgdb9nsd_000208,0.0,1.6
dsgdb9nsd_084367,0.0,0.7
dsgdb9nsd_084367,0.0,0.7
dsgdb9nsd_084367,0.0,0.8
dsgdb9nsd_084367,0.0,0.9
dsgdb9nsd_084367,0.0,0.7
dsgdb9nsd_066745,1.3,0.8
dsgdb9nsd_066745,1.1,0.6
dsgdb9nsd_066745,1.3,0.2
dsgdb9nsd_066745,1.0,0.2
dsgdb9nsd_066745,1.3,1.0
dsgdb9nsd_066745,1.1,0.6
dsgdb9nsd_066745,1.3,0.2
dsgdb9nsd_066745,0.5,1.7
dsgdb9nsd_066745,1.3,0.2
dsgdb9nsd_066745,1.3,0.0
dsgdb9nsd_066745,0.8,0.1
dsgdb9nsd_066745,1.3,1.2
dsgdb9nsd_066745,1.3,0.2
dsgdb9nsd_066745,1.3,0.2
dsgdb9nsd_066745,1.3,1.6
dsgdb9nsd_066745,1.1,0.7
dsgdb9nsd_066745,1.3,0.9
dsgdb9nsd_003976,0.0,1.6
dsgdb9nsd_003976,0.0,1.7
dsgdb9nsd_003976,0.0,1.6
dsgdb9nsd_003976,0.0,1.6
dsgdb9nsd_005380,0.5,1.5
dsgdb9nsd_005380,0.5,1.5
dsgdb9nsd_005380,0.5,1.5
dsgdb9nsd_007255,1.2,1.7
dsgdb9nsd_007255,0.6,0.6
dsgdb9nsd_007255,0.9,1.8
dsgdb9nsd_007255,0.6,0.1
dsgdb9nsd_007255,0.6,0.6
dsgdb9nsd_007255,1.1,0.6
dsgdb9nsd_007255,0.9,1.4
dsgdb9nsd_007255,0.6,0.6
dsgdb9nsd_007255,0.8,1.0
dsgdb9nsd_007255,0.9,1.8
dsgdb9nsd_007255,0.6,0.6
dsgdb9nsd_007255,0.6,0.6
dsgdb9nsd_007255,0.9,1.8
dsgdb9nsd_007255,0.6,0.6
dsgdb9nsd_062917,0.0,1.9
dsgdb9nsd_062917,0.1,1.9
dsgdb9nsd_062917,0.1,2.0
dsgdb9nsd_062917,0.1,1.9
dsgdb9nsd_005077,0.2,2.0
dsgdb9nsd_005077,0.2,2.0
dsgdb9nsd_005077,0.2,2.0
dsgdb9nsd_049546,0.9,0.5
dsgdb9nsd_049546,0.9,0.3
dsgdb9nsd_049546,1.1,0.6
dsgdb9nsd_049546,1.1,1.0
dsgdb9nsd_049546,1.1,0.7
dsgdb9nsd_049546,1.1,0.6
dsgdb9nsd_049546,0.9,0.3
dsgdb9nsd_049546,0.9,0.7
dsgdb9nsd_049546,1.1,0.6
dsgdb9nsd_069916,0.0,1.8
dsgdb9nsd_069916,0.0,2.0
dsgdb9nsd_069916,0.0,2.0
dsgdb9nsd_069916,0.0,2.0
dsgdb9nsd_069916,0.0,1.8
dsgdb9nsd_069916,0.0,1.8
dsgdb9nsd_069916,0.0,1.8
dsgdb9nsd_069916,0.0,1.8
dsgdb9nsd_069916,0.0,2.0
dsgdb9nsd_069916,0.0,1.8
dsgdb9nsd_069916,0.0,2.0
dsgdb9nsd_003652,0.0,1.4
dsgdb9nsd_003652,0.0,1.4
dsgdb9nsd_003652,0.0,1.4
dsgdb9nsd_003652,0.0,1.4
dsgdb9nsd_003652,0.0,1.4
dsgdb9nsd_012669,0.0,1.1
dsgdb9nsd_012669,0.0,1.0
dsgdb9nsd_012669,0.0,1.1
dsgdb9nsd_012669,0.0,1.1
dsgdb9nsd_012669,0.0,1.1
dsgdb9nsd_012669,0.0,0.9
dsgdb9nsd_012669,0.0,1.1
dsgdb9nsd_001289,0.0,0.3
dsgdb9nsd_001289,0.0,0.5
dsgdb9nsd_001289,0.0,0.4
dsgdb9nsd_001289,0.0,0.3
dsgdb9nsd_001289,0.0,0.3
dsgdb9nsd_001289,0.0,0.3
dsgdb9nsd_001289,0.0,0.3
dsgdb9nsd_001289,0.0,0.3
dsgdb9nsd_001289,0.0,0.3
dsgdb9nsd_011974,0.0,1.7
dsgdb9nsd_004203,0.0,1.1
dsgdb9nsd_004203,0.0,1.1
dsgdb9nsd_004203,0.0,0.7
dsgdb9nsd_004203,0.0,0.8
dsgdb9nsd_004203,0.0,1.1
dsgdb9nsd_004203,0.0,0.8
dsgdb9nsd_004203,0.0,0.8
dsgdb9nsd_004203,0.0,0.7
dsgdb9nsd_010800,0.9,1.7
dsgdb9nsd_010800,0.9,1.7
dsgdb9nsd_010800,0.9,1.7
dsgdb9nsd_010800,1.2,1.3
dsgdb9nsd_010800,0.9,1.8
dsgdb9nsd_010800,1.2,1.3
dsgdb9nsd_010800,0.9,1.8
dsgdb9nsd_010800,0.9,1.8
dsgdb9nsd_010800,0.9,1.7
dsgdb9nsd_010800,0.9,1.7
dsgdb9nsd_000091,0.0,1.1
dsgdb9nsd_000091,0.0,1.1
dsgdb9nsd_000091,0.0,1.0
dsgdb9nsd_000091,0.0,1.1
dsgdb9nsd_000091,0.0,1.2
dsgdb9nsd_000091,0.0,1.1
dsgdb9nsd_000091,0.0,1.1
dsgdb9nsd_000091,0.0,1.1
dsgdb9nsd_000091,0.0,1.1
dsgdb9nsd_013483,0.0,1.2
dsgdb9nsd_013483,0.0,1.2
dsgdb9nsd_013483,0.0,1.2
dsgdb9nsd_013483,0.0,1.2
dsgdb9nsd_013483,0.0,1.2
dsgdb9nsd_013483,0.0,1.2
dsgdb9nsd_002462,0.0,1.6
dsgdb9nsd_002462,0.0,1.2
dsgdb9nsd_002462,0.0,1.1
dsgdb9nsd_002462,0.0,1.1
dsgdb9nsd_002462,0.0,1.1
dsgdb9nsd_002462,0.0,1.1
dsgdb9nsd_002462,0.0,1.1
dsgdb9nsd_002462,0.0,1.0
dsgdb9nsd_002462,0.0,1.1
dsgdb9nsd_002462,0.0,1.1
dsgdb9nsd_126443,0.5,1.7
dsgdb9nsd_126443,0.5,1.7
dsgdb9nsd_126443,0.5,1.7
dsgdb9nsd_126443,0.5,1.7
dsgdb9nsd_126443,0.5,1.7
dsgdb9nsd_008773,0.6,1.3
dsgdb9nsd_008773,0.6,0.9
dsgdb9nsd_008773,0.6,1.3
dsgdb9nsd_008773,0.6,1.3
dsgdb9nsd_008773,0.6,1.3
dsgdb9nsd_008773,0.6,1.3
dsgdb9nsd_005409,1.6,1.4
dsgdb9nsd_005409,1.4,1.4
dsgdb9nsd_005409,1.6,1.4
dsgdb9nsd_005409,1.4,0.8
dsgdb9nsd_005409,1.4,0.8
dsgdb9nsd_005409,1.4,1.4
dsgdb9nsd_005409,1.4,1.4
dsgdb9nsd_005409,1.4,0.5
dsgdb9nsd_006124,0.0,1.1
dsgdb9nsd_006124,0.0,1.1
dsgdb9nsd_006124,0.0,1.2
dsgdb9nsd_006124,0.0,1.1
dsgdb9nsd_006124,0.0,1.0
dsgdb9nsd_006124,0.0,1.1
dsgdb9nsd_006117,1.0,0.9
dsgdb9nsd_006117,1.2,1.3
dsgdb9nsd_006117,1.0,2.0
dsgdb9nsd_006117,1.0,2.0
dsgdb9nsd_006117,1.0,0.9
dsgdb9nsd_006117,1.0,0.9
dsgdb9nsd_006117,1.2,1.3
dsgdb9nsd_006117,1.0,0.9
dsgdb9nsd_006117,1.0,0.9
dsgdb9nsd_006117,0.9,2.0
dsgdb9nsd_006117,1.0,2.0
dsgdb9nsd_006117,1.0,0.9
dsgdb9nsd_006117,1.2,1.9
dsgdb9nsd_006117,1.0,1.0
dsgdb9nsd_002776,0.1,2.0
dsgdb9nsd_002776,0.0,1.9
dsgdb9nsd_002776,0.1,1.9
dsgdb9nsd_002776,0.1,1.9
dsgdb9nsd_002776,0.1,1.9
dsgdb9nsd_002776,0.1,1.9
dsgdb9nsd_002776,0.1,1.7
dsgdb9nsd_002776,0.1,1.9
dsgdb9nsd_016165,0.6,0.6
dsgdb9nsd_016165,0.6,0.6
dsgdb9nsd_016165,0.6,1.6
dsgdb9nsd_016165,0.6,1.6
dsgdb9nsd_016165,0.6,1.6
dsgdb9nsd_016165,0.6,1.6
dsgdb9nsd_016165,0.9,2.0
dsgdb9nsd_016165,0.6,1.6
dsgdb9nsd_000502,0.0,0.4
dsgdb9nsd_000502,0.0,0.4
dsgdb9nsd_000502,0.0,0.4
dsgdb9nsd_000502,0.0,0.8
dsgdb9nsd_000502,0.0,0.4
dsgdb9nsd_000502,0.0,0.4
dsgdb9nsd_000502,0.0,0.4
dsgdb9nsd_000502,0.0,0.4
dsgdb9nsd_014707,0.1,1.9
dsgdb9nsd_014707,0.1,1.9
dsgdb9nsd_014707,0.0,1.9
dsgdb9nsd_014707,0.1,1.9
dsgdb9nsd_014707,0.1,1.9
dsgdb9nsd_014707,0.1,1.7
dsgdb9nsd_002884,0.0,0.7
dsgdb9nsd_002884,0.0,0.7
dsgdb9nsd_002884,0.0,0.7
dsgdb9nsd_002884,0.0,0.9
dsgdb9nsd_002884,0.0,0.7
dsgdb9nsd_002884,0.0,0.7
dsgdb9nsd_002884,0.0,0.7
dsgdb9nsd_005616,0.1,1.3
dsgdb9nsd_005616,0.1,1.6
dsgdb9nsd_005616,0.1,1.9
dsgdb9nsd_005616,0.1,1.7
dsgdb9nsd_005616,0.1,1.9
dsgdb9nsd_005616,0.1,1.9
dsgdb9nsd_005616,0.0,1.6
dsgdb9nsd_003211,0.0,1.2
dsgdb9nsd_003211,0.0,1.1
dsgdb9nsd_003211,0.0,1.1
dsgdb9nsd_003211,0.0,1.1
dsgdb9nsd_003211,0.0,0.9
dsgdb9nsd_007915,0.0,1.1
dsgdb9nsd_007915,0.0,1.1
dsgdb9nsd_007915,0.0,0.9
dsgdb9nsd_007915,0.0,0.9
dsgdb9nsd_007915,0.0,1.1
dsgdb9nsd_007915,0.0,0.9
dsgdb9nsd_007915,0.0,0.9
dsgdb9nsd_090114,0.1,1.9
dsgdb9nsd_090114,0.1,1.9
dsgdb9nsd_090114,0.1,1.9
dsgdb9nsd_090114,0.1,1.9
dsgdb9nsd_090114,0.1,1.9
dsgdb9nsd_090114,0.1,1.9
dsgdb9nsd_090114,0.1,2.0
dsgdb9nsd_090114,0.1,1.9
dsgdb9nsd_001963,0.8,0.3
dsgdb9nsd_001963,0.8,0.3
dsgdb9nsd_001963,0.8,0.3
dsgdb9nsd_001963,0.8,0.3
dsgdb9nsd_001963,0.8,0.3
dsgdb9nsd_001963,0.8,1.9
dsgdb9nsd_001963,0.8,0.3
dsgdb9nsd_001963,0.8,1.9
dsgdb9nsd_001963,0.8,0.3
dsgdb9nsd_001963,0.8,1.9
dsgdb9nsd_001963,0.8,1.9
dsgdb9nsd_003780,0.0,1.7
dsgdb9nsd_003780,0.0,1.7
dsgdb9nsd_003780,0.0,1.7
dsgdb9nsd_003780,0.0,1.3
dsgdb9nsd_003780,0.0,1.7
dsgdb9nsd_037947,0.0,0.5
dsgdb9nsd_037947,0.0,0.4
dsgdb9nsd_037947,0.0,0.7
dsgdb9nsd_037947,0.0,0.3
dsgdb9nsd_037947,0.0,0.4
dsgdb9nsd_037947,0.0,0.3
dsgdb9nsd_037947,0.0,0.3
dsgdb9nsd_037947,0.0,0.4
dsgdb9nsd_011048,0.2,1.1
dsgdb9nsd_021850,0.0,1.1
dsgdb9nsd_021850,0.0,1.1
dsgdb9nsd_048539,0.0,0.8
dsgdb9nsd_048539,0.0,0.8
dsgdb9nsd_048539,0.0,0.8
dsgdb9nsd_048539,0.0,0.9
dsgdb9nsd_048539,0.0,0.8
dsgdb9nsd_048539,0.0,0.8
dsgdb9nsd_075406,0.0,0.4
dsgdb9nsd_075406,0.0,0.4
dsgdb9nsd_007918,0.0,0.9
dsgdb9nsd_007918,0.0,0.9
dsgdb9nsd_019775,0.6,0.1
dsgdb9nsd_019775,0.6,0.1
dsgdb9nsd_019775,0.6,0.1
dsgdb9nsd_019775,0.6,0.1
dsgdb9nsd_019775,0.6,0.1
dsgdb9nsd_013788,0.9,1.4
dsgdb9nsd_013788,1.3,0.1
dsgdb9nsd_013788,1.3,0.1
dsgdb9nsd_013788,1.0,1.4
dsgdb9nsd_013788,1.3,2.0
dsgdb9nsd_013788,1.3,0.2
dsgdb9nsd_013788,1.3,0.7
dsgdb9nsd_013788,1.3,1.4
dsgdb9nsd_013788,1.5,0.2
dsgdb9nsd_013788,1.3,1.4
dsgdb9nsd_013788,1.3,1.6
dsgdb9nsd_013788,1.3,1.0
dsgdb9nsd_013788,1.3,1.4
dsgdb9nsd_013788,1.3,1.4
dsgdb9nsd_013788,1.3,0.6
dsgdb9nsd_013788,1.3,0.2
dsgdb9nsd_013788,1.6,1.7
dsgdb9nsd_013788,1.2,1.9
dsgdb9nsd_013788,1.4,1.2
dsgdb9nsd_002985,0.8,0.1
dsgdb9nsd_002985,0.8,0.1
dsgdb9nsd_002985,1.0,1.8
dsgdb9nsd_002985,0.9,1.8
dsgdb9nsd_002985,0.8,0.1
dsgdb9nsd_002985,0.8,1.8
dsgdb9nsd_002985,0.9,1.5
dsgdb9nsd_002985,0.9,1.8
dsgdb9nsd_002985,0.8,1.8
dsgdb9nsd_002985,0.8,0.1
dsgdb9nsd_019141,0.0,1.6
dsgdb9nsd_019141,0.0,2.0
dsgdb9nsd_019141,0.0,2.0
dsgdb9nsd_019141,0.0,2.0
dsgdb9nsd_056003,0.0,0.8
dsgdb9nsd_056003,0.0,0.9
dsgdb9nsd_056003,0.0,0.8
dsgdb9nsd_004965,0.0,1.5
dsgdb9nsd_004965,0.0,1.6
dsgdb9nsd_004965,0.0,1.6
dsgdb9nsd_004965,0.0,1.6
dsgdb9nsd_009746,0.0,0.1
dsgdb9nsd_009746,0.0,0.1
dsgdb9nsd_009746,0.0,0.3
dsgdb9nsd_009746,0.0,0.3
dsgdb9nsd_009746,0.0,0.1
dsgdb9nsd_018826,0.0,1.1
dsgdb9nsd_018826,0.0,1.3
dsgdb9nsd_018826,0.0,1.3
dsgdb9nsd_018826,0.0,1.2
dsgdb9nsd_018826,0.0,1.2
dsgdb9nsd_018826,0.0,1.3
dsgdb9nsd_018826,0.0,1.3
dsgdb9nsd_018826,0.0,1.2
dsgdb9nsd_018826,0.0,1.2
dsgdb9nsd_018826,0.0,1.3
dsgdb9nsd_018826,0.0,1.2
dsgdb9nsd_018826,0.0,1.1
dsgdb9nsd_006954,0.0,1.2
dsgdb9nsd_006954,0.0,0.9
dsgdb9nsd_006954,0.0,0.9
dsgdb9nsd_006954,0.0,1.4
dsgdb9nsd_006954,0.0,0.9
dsgdb9nsd_006954,0.0,0.9
dsgdb9nsd_006954,0.0,0.9
dsgdb9nsd_006954,0.0,0.9
dsgdb9nsd_012955,0.0,1.1
dsgdb9nsd_012955,0.0,1.1
dsgdb9nsd_012955,0.0,1.2
dsgdb9nsd_012955,0.0,1.1
dsgdb9nsd_012955,0.0,1.1
dsgdb9nsd_018241,0.0,1.1
dsgdb9nsd_018241,0.0,1.1
dsgdb9nsd_018241,0.0,1.1
dsgdb9nsd_018241,0.0,1.0
dsgdb9nsd_018241,0.0,1.1
dsgdb9nsd_000581,1.3,0.2
dsgdb9nsd_000581,1.9,1.9
dsgdb9nsd_000581,1.2,0.7
dsgdb9nsd_000581,0.0,1.7
dsgdb9nsd_000581,0.8,1.9
dsgdb9nsd_000581,1.6,0.6
dsgdb9nsd_000581,0.9,0.8
dsgdb9nsd_000581,0.2,0.0
dsgdb9nsd_000581,0.7,1.6
dsgdb9nsd_000581,1.2,1.9
dsgdb9nsd_000581,0.6,0.5
dsgdb9nsd_000581,1.2,1.0
dsgdb9nsd_000581,1.7,0.3
dsgdb9nsd_000581,0.1,1.9
dsgdb9nsd_000581,1.2,1.7
dsgdb9nsd_000581,1.2,0.4
dsgdb9nsd_000581,0.5,0.1
dsgdb9nsd_000581,1.2,1.7
dsgdb9nsd_000581,1.2,1.9
dsgdb9nsd_000581,1.2,1.3
dsgdb9nsd_000581,1.9,1.5
dsgdb9nsd_000581,0.2,2.0
dsgdb9nsd_000581,0.4,1.9
dsgdb9nsd_000581,2.0,0.4
dsgdb9nsd_000581,1.2,1.9
dsgdb9nsd_000581,1.2,1.1
dsgdb9nsd_000581,1.8,1.2
dsgdb9nsd_000581,1.2,1.7
dsgdb9nsd_000581,0.4,0.2
dsgdb9nsd_000581,1.2,1.3
dsgdb9nsd_000581,0.3,0.0
dsgdb9nsd_000581,1.1,0.6
dsgdb9nsd_000581,1.2,1.9
dsgdb9nsd_000581,1.2,1.7
dsgdb9nsd_000581,1.2,1.9
dsgdb9nsd_000581,1.6,1.9
dsgdb9nsd_000581,1.5,1.7
dsgdb9nsd_000581,1.4,1.9
dsgdb9nsd_000581,2.0,1.7
dsgdb9nsd_000581,1.5,1.4
dsgdb9nsd_000581,0.0,1.1
dsgdb9nsd_000581,1.2,1.7
dsgdb9nsd_000581,1.2,1.7
dsgdb9nsd_000581,0.5,1.7
dsgdb9nsd_000581,1.2,1.9
dsgdb9nsd_000581,1.2,1.6
dsgdb9nsd_000581,1.2,1.7
dsgdb9nsd_000581,1.3,1.7
dsgdb9nsd_000581,1.0,0.9
dsgdb9nsd_000581,0.7,1.8
dsgdb9nsd_060148,0.7,1.8
dsgdb9nsd_060148,0.9,1.8
dsgdb9nsd_060148,0.8,1.9
dsgdb9nsd_060148,0.9,1.8
dsgdb9nsd_060148,0.9,1.8
dsgdb9nsd_060148,0.9,0.8
dsgdb9nsd_060148,0.9,1.8
dsgdb9nsd_016403,0.0,1.6
dsgdb9nsd_016403,0.0,1.6
dsgdb9nsd_016403,0.0,1.6
dsgdb9nsd_016403,0.0,1.6
dsgdb9nsd_016403,0.0,1.7
dsgdb9nsd_016403,0.0,1.6
dsgdb9nsd_016403,0.0,1.6
dsgdb9nsd_016403,0.0,1.7
dsgdb9nsd_010872,0.0,0.8
dsgdb9nsd_010872,0.0,0.7
dsgdb9nsd_010872,0.0,0.7
dsgdb9nsd_010872,0.0,0.7
dsgdb9nsd_010872,0.0,0.7
dsgdb9nsd_010872,0.0,0.7
dsgdb9nsd_010872,0.0,0.7
dsgdb9nsd_010872,0.0,0.9
dsgdb9nsd_006147,0.0,2.0
dsgdb9nsd_006147,0.0,1.2
dsgdb9nsd_006147,0.0,1.1
dsgdb9nsd_091371,0.0,1.1
dsgdb9nsd_091371,0.2,2.0
dsgdb9nsd_091371,0.0,1.1
dsgdb9nsd_091371,0.0,1.1
dsgdb9nsd_091371,0.0,1.1
dsgdb9nsd_091371,0.2,2.0
dsgdb9nsd_091371,0.2,2.0
dsgdb9nsd_002138,0.0,1.8
dsgdb9nsd_002138,0.0,1.8
dsgdb9nsd_002138,0.0,1.9
dsgdb9nsd_002138,0.0,1.8
dsgdb9nsd_002138,0.0,1.8
dsgdb9nsd_002138,0.0,1.8
dsgdb9nsd_002138,0.0,2.0
dsgdb9nsd_002138,0.0,1.9
dsgdb9nsd_002138,0.0,1.9
dsgdb9nsd_002138,0.0,1.8
dsgdb9nsd_002138,0.0,1.8
dsgdb9nsd_007035,0.0,1.8
dsgdb9nsd_029560,1.3,1.0
dsgdb9nsd_029560,1.3,0.4
dsgdb9nsd_029560,1.3,0.2
dsgdb9nsd_029560,1.3,0.2
dsgdb9nsd_029560,1.3,0.2
dsgdb9nsd_029560,1.6,1.7
dsgdb9nsd_029560,1.1,0.6
dsgdb9nsd_029560,1.2,0.2
dsgdb9nsd_029560,1.4,0.3
dsgdb9nsd_029560,1.3,0.5
dsgdb9nsd_029560,1.3,1.3
dsgdb9nsd_029560,1.2,1.9
dsgdb9nsd_029560,2.0,0.2
dsgdb9nsd_029560,2.0,0.0
dsgdb9nsd_029560,1.3,0.2
dsgdb9nsd_029560,1.3,1.4
dsgdb9nsd_029560,1.3,0.0
dsgdb9nsd_029560,1.1,1.1
dsgdb9nsd_029560,1.7,0.4
dsgdb9nsd_029560,1.3,0.7
dsgdb9nsd_029560,1.3,0.2
dsgdb9nsd_002453,0.8,1.8
dsgdb9nsd_002453,0.8,2.0
dsgdb9nsd_002453,0.8,1.8
dsgdb9nsd_002453,0.8,1.8
dsgdb9nsd_002453,0.8,1.8
dsgdb9nsd_002453,0.8,1.8
dsgdb9nsd_002453,0.8,2.0
dsgdb9nsd_002453,0.8,1.8
dsgdb9nsd_002453,1.0,1.8
dsgdb9nsd_002453,0.8,1.8
dsgdb9nsd_000584,0.0,0.8
dsgdb9nsd_000584,0.0,0.8
dsgdb9nsd_000584,0.0,0.7
dsgdb9nsd_000584,0.0,0.8
dsgdb9nsd_000584,0.0,0.7
dsgdb9nsd_000584,0.0,0.8
dsgdb9nsd_000584,0.0,0.8
dsgdb9nsd_000584,0.0,0.7
dsgdb9nsd_000584,0.0,0.8
dsgdb9nsd_000584,0.0,0.8
dsgdb9nsd_000584,0.0,0.7
dsgdb9nsd_012960,0.7,1.7
dsgdb9nsd_012960,1.2,1.9
dsgdb9nsd_012960,1.0,1.7
dsgdb9nsd_012960,1.2,0.7
dsgdb9nsd_012960,1.6,1.9
dsgdb9nsd_012960,0.9,0.8
dsgdb9nsd_012960,0.9,1.7
dsgdb9nsd_012960,0.7,1.7
dsgdb9nsd_012960,1.2,1.9
dsgdb9nsd_012960,0.9,0.8
dsgdb9nsd_012960,0.9,0.8
dsgdb9nsd_012960,0.9,0.8
dsgdb9nsd_002603,0.0,2.0
dsgdb9nsd_002603,0.0,2.0
dsgdb9nsd_002603,0.0,2.0
dsgdb9nsd_002603,0.0,2.0
dsgdb9nsd_002603,0.0,2.0
dsgdb9nsd_002603,0.0,2.0
dsgdb9nsd_076834,1.1,0.6
dsgdb9nsd_076834,1.0,1.7
dsgdb9nsd_076834,1.0,0.1
dsgdb9nsd_076834,1.0,1.0
dsgdb9nsd_076834,1.0,1.0
dsgdb9nsd_076834,1.0,1.0
dsgdb9nsd_076834,1.0,1.0
dsgdb9nsd_076834,1.0,1.0
dsgdb9nsd_076834,1.0,1.7
dsgdb9nsd_076834,1.0,0.1
dsgdb9nsd_010141,0.8,1.6
dsgdb9nsd_010141,0.8,0.1
dsgdb9nsd_010141,0.6,0.4
dsgdb9nsd_010141,0.8,0.1
dsgdb9nsd_010141,0.6,0.4
dsgdb9nsd_010141,0.8,1.8
dsgdb9nsd_010141,0.6,0.4
dsgdb9nsd_010141,0.8,0.1
dsgdb9nsd_010141,0.6,0.0
dsgdb9nsd_123837,0.0,1.8
dsgdb9nsd_075958,0.0,0.7
dsgdb9nsd_075958,0.0,1.1
dsgdb9nsd_075958,0.0,1.0
dsgdb9nsd_075958,0.0,1.1
dsgdb9nsd_075958,0.0,1.1
dsgdb9nsd_075958,0.0,0.9
dsgdb9nsd_075958,0.0,1.1
dsgdb9nsd_075958,0.0,1.1
dsgdb9nsd_006396,0.9,1.4
dsgdb9nsd_006396,0.9,1.4
dsgdb9nsd_006396,0.5,1.4
dsgdb9nsd_006396,0.5,1.4
dsgdb9nsd_006396,0.5,1.4
dsgdb9nsd_006396,0.9,1.7
dsgdb9nsd_006396,0.9,0.9
dsgdb9nsd_026944,0.0,0.7
dsgdb9nsd_026944,0.0,0.9
dsgdb9nsd_026944,0.0,0.7
dsgdb9nsd_026944,0.0,0.8
dsgdb9nsd_026944,0.0,0.7
dsgdb9nsd_002233,0.5,0.8
dsgdb9nsd_002233,0.5,0.8
dsgdb9nsd_002233,0.5,0.8
dsgdb9nsd_002233,0.5,0.8
dsgdb9nsd_002233,0.5,0.8
dsgdb9nsd_002233,0.8,0.8
dsgdb9nsd_002233,0.7,0.8
dsgdb9nsd_002233,0.5,0.8
dsgdb9nsd_002233,0.5,0.9
dsgdb9nsd_002233,0.5,0.8
dsgdb9nsd_002233,0.5,0.5
dsgdb9nsd_002233,0.5,1.7
dsgdb9nsd_002233,1.0,0.8
dsgdb9nsd_006461,0.9,1.8
dsgdb9nsd_006461,0.9,1.8
dsgdb9nsd_006461,1.0,1.7
dsgdb9nsd_006461,0.8,1.8
dsgdb9nsd_006461,1.2,1.9
dsgdb9nsd_006461,0.8,0.5
dsgdb9nsd_006461,0.8,1.7
dsgdb9nsd_006461,0.8,1.8
dsgdb9nsd_006461,0.8,1.7
dsgdb9nsd_006461,1.1,0.6
dsgdb9nsd_006461,0.8,1.8
dsgdb9nsd_006461,1.1,0.6
dsgdb9nsd_006461,0.8,1.7
dsgdb9nsd_002156,0.0,1.2
dsgdb9nsd_002156,0.0,1.2
dsgdb9nsd_002156,0.0,1.3
dsgdb9nsd_002156,0.0,1.3
dsgdb9nsd_002156,0.0,1.2
dsgdb9nsd_002156,0.0,0.9
dsgdb9nsd_002156,0.0,1.2
dsgdb9nsd_002156,0.0,1.3
dsgdb9nsd_002156,0.0,1.2
dsgdb9nsd_002156,0.0,1.3
dsgdb9nsd_002156,0.0,1.3
dsgdb9nsd_002156,0.0,1.3
dsgdb9nsd_002156,0.0,1.1
dsgdb9nsd_002156,0.0,1.2
dsgdb9nsd_002156,0.0,1.1
dsgdb9nsd_006738,0.0,1.1
dsgdb9nsd_006738,0.0,1.1
dsgdb9nsd_006738,0.0,1.1
dsgdb9nsd_006738,0.0,1.0
dsgdb9nsd_006738,0.0,1.1
dsgdb9nsd_006738,0.0,0.9
dsgdb9nsd_006738,0.0,1.2
dsgdb9nsd_006738,0.0,1.6
dsgdb9nsd_001878,1.3,0.2
dsgdb9nsd_001878,1.3,1.6
dsgdb9nsd_001878,1.1,1.2
dsgdb9nsd_001878,1.3,1.2
dsgdb9nsd_001878,1.3,0.8
dsgdb9nsd_001878,1.3,1.1
dsgdb9nsd_001878,1.1,1.2
dsgdb9nsd_001878,1.1,0.6
dsgdb9nsd_001878,1.3,1.6
dsgdb9nsd_001878,1.3,0.8
dsgdb9nsd_001878,1.3,2.0
dsgdb9nsd_001878,1.1,0.6
dsgdb9nsd_001878,1.3,1.2
dsgdb9nsd_001878,1.2,0.2
dsgdb9nsd_001878,1.3,1.2
dsgdb9nsd_001878,1.3,1.6
dsgdb9nsd_001878,1.3,1.6
dsgdb9nsd_001878,1.1,0.7
dsgdb9nsd_001878,1.1,0.6
dsgdb9nsd_001878,1.1,1.2
dsgdb9nsd_001878,1.3,1.7
dsgdb9nsd_001878,1.4,2.0
dsgdb9nsd_001878,1.3,0.9
dsgdb9nsd_001878,1.3,1.2
dsgdb9nsd_001878,1.3,1.2
dsgdb9nsd_001878,1.1,1.2
dsgdb9nsd_001878,0.8,1.6
dsgdb9nsd_005519,0.0,1.0
dsgdb9nsd_005519,0.0,1.1
dsgdb9nsd_005519,0.0,1.1
dsgdb9nsd_005519,0.1,1.9
dsgdb9nsd_005519,0.0,1.0
dsgdb9nsd_005519,0.0,1.1
dsgdb9nsd_006745,0.0,0.5
dsgdb9nsd_006745,0.0,0.3
dsgdb9nsd_006745,0.0,0.4
dsgdb9nsd_006745,0.0,0.3
dsgdb9nsd_006745,0.0,0.3
dsgdb9nsd_121732,0.0,1.7
dsgdb9nsd_124935,0.0,0.5
dsgdb9nsd_124935,0.0,0.5
dsgdb9nsd_124935,0.4,0.4
dsgdb9nsd_124935,0.0,0.5
dsgdb9nsd_124935,0.0,0.5
dsgdb9nsd_124935,0.4,0.4
dsgdb9nsd_124935,0.4,0.4
dsgdb9nsd_124935,0.4,0.5
dsgdb9nsd_124935,0.0,0.5
dsgdb9nsd_011803,0.1,1.9
dsgdb9nsd_011803,0.1,1.9
dsgdb9nsd_011803,0.0,1.9
dsgdb9nsd_011803,0.1,1.9
dsgdb9nsd_011803,0.1,1.9
dsgdb9nsd_005759,0.0,0.9
dsgdb9nsd_005759,0.0,0.9
dsgdb9nsd_005759,0.0,0.9
dsgdb9nsd_005759,0.0,0.9
dsgdb9nsd_004516,0.5,1.0
dsgdb9nsd_004516,0.5,1.7
dsgdb9nsd_004516,0.5,1.7
dsgdb9nsd_004516,0.5,0.2
dsgdb9nsd_004516,0.5,1.7
dsgdb9nsd_004516,0.5,0.8
dsgdb9nsd_004516,0.5,0.7
dsgdb9nsd_004516,0.5,0.1
dsgdb9nsd_004516,0.5,1.7
dsgdb9nsd_004516,0.5,1.2
dsgdb9nsd_003872,0.0,1.1
dsgdb9nsd_003872,0.0,1.1
dsgdb9nsd_003872,0.0,0.9
dsgdb9nsd_003872,0.0,0.9
dsgdb9nsd_003872,0.0,1.1
dsgdb9nsd_003872,0.0,0.9
dsgdb9nsd_003872,0.0,1.1
dsgdb9nsd_010575,0.5,1.0
dsgdb9nsd_010575,0.5,1.0
dsgdb9nsd_010575,0.5,0.2
dsgdb9nsd_010575,0.5,1.7
dsgdb9nsd_010575,0.5,1.0
dsgdb9nsd_010575,0.5,0.7
dsgdb9nsd_010575,0.5,1.4
dsgdb9nsd_010575,0.5,1.0
dsgdb9nsd_010575,0.5,1.4
dsgdb9nsd_010575,0.5,1.0
dsgdb9nsd_013102,0.0,0.7
dsgdb9nsd_013102,0.0,0.7
dsgdb9nsd_013102,0.0,0.7
dsgdb9nsd_013102,0.0,0.7
dsgdb9nsd_014159,0.4,1.6
dsgdb9nsd_014159,0.4,1.6
dsgdb9nsd_014159,0.4,1.6
dsgdb9nsd_003861,0.0,0.3
dsgdb9nsd_003861,0.0,0.3
dsgdb9nsd_003861,0.0,0.3
dsgdb9nsd_003861,0.0,0.3
dsgdb9nsd_018467,0.0,1.2
dsgdb9nsd_018467,0.0,1.2
dsgdb9nsd_018467,0.0,1.2
dsgdb9nsd_018467,0.0,1.2
dsgdb9nsd_018467,0.0,1.2
dsgdb9nsd_018467,0.0,1.2
dsgdb9nsd_018467,0.0,1.2
dsgdb9nsd_018467,0.0,1.4
dsgdb9nsd_018467,0.0,0.8
dsgdb9nsd_019949,1.2,1.6
dsgdb9nsd_019949,1.2,1.3
dsgdb9nsd_019949,1.2,1.3
dsgdb9nsd_019949,1.2,0.4
dsgdb9nsd_019949,1.4,1.9
dsgdb9nsd_019949,1.2,0.0
dsgdb9nsd_019949,1.2,0.0
dsgdb9nsd_019949,1.2,1.7
dsgdb9nsd_019949,1.2,1.9
dsgdb9nsd_019949,1.2,0.0
dsgdb9nsd_000115,0.3,0.2
dsgdb9nsd_000115,0.0,1.2
dsgdb9nsd_000115,0.0,1.1
dsgdb9nsd_000115,0.3,1.7
dsgdb9nsd_000115,0.1,1.9
dsgdb9nsd_000115,0.2,1.1
dsgdb9nsd_000115,0.4,1.1
dsgdb9nsd_000115,0.2,0.7
dsgdb9nsd_000115,0.2,1.0
dsgdb9nsd_000115,0.2,0.0
dsgdb9nsd_000115,0.0,0.7
dsgdb9nsd_000115,0.3,0.0
dsgdb9nsd_000115,0.5,1.7
dsgdb9nsd_000115,0.4,0.2
dsgdb9nsd_000115,0.4,0.2
dsgdb9nsd_000115,0.0,1.6
dsgdb9nsd_000115,0.0,1.1
dsgdb9nsd_000115,0.1,0.0
dsgdb9nsd_000115,0.2,0.2
dsgdb9nsd_000115,0.3,0.0
dsgdb9nsd_000115,0.5,1.7
dsgdb9nsd_000115,0.3,1.8
dsgdb9nsd_000115,0.2,0.0
dsgdb9nsd_132577,1.3,0.2
dsgdb9nsd_132577,1.3,0.2
dsgdb9nsd_132577,1.3,0.2
dsgdb9nsd_132577,1.8,0.9
dsgdb9nsd_132577,1.3,0.2
dsgdb9nsd_132577,0.5,0.2
dsgdb9nsd_086164,0.2,0.2
dsgdb9nsd_086164,0.2,0.7
dsgdb9nsd_086164,0.3,1.8
dsgdb9nsd_086164,0.0,1.1
dsgdb9nsd_086164,0.1,1.9
dsgdb9nsd_086164,0.3,1.7
dsgdb9nsd_086164,0.4,0.3
dsgdb9nsd_086164,0.3,0.2
dsgdb9nsd_086164,0.3,0.0
dsgdb9nsd_086164,0.2,1.0
dsgdb9nsd_086164,0.0,1.1
dsgdb9nsd_086164,0.3,0.0
dsgdb9nsd_086164,0.2,0.0
dsgdb9nsd_002920,0.1,1.9
dsgdb9nsd_002920,0.1,1.9
dsgdb9nsd_002920,0.1,1.9
dsgdb9nsd_002920,0.1,1.9
dsgdb9nsd_002920,0.0,1.9
dsgdb9nsd_011975,0.0,1.2
dsgdb9nsd_011975,0.0,1.2
dsgdb9nsd_011975,0.0,1.2
dsgdb9nsd_045899,0.2,0.0
dsgdb9nsd_015541,0.1,2.0
dsgdb9nsd_015541,0.1,2.0
dsgdb9nsd_015541,0.2,2.0
dsgdb9nsd_015541,0.1,2.0
dsgdb9nsd_015541,0.1,2.0
dsgdb9nsd_015541,0.1,1.9
dsgdb9nsd_015541,0.1,2.0
dsgdb9nsd_015541,0.1,2.0
dsgdb9nsd_009405,1.1,0.2
dsgdb9nsd_009405,1.3,0.2
dsgdb9nsd_009405,1.1,0.6
dsgdb9nsd_009405,1.1,0.6
dsgdb9nsd_009405,1.0,0.6
dsgdb9nsd_009405,1.1,0.6
dsgdb9nsd_009405,1.1,1.7
dsgdb9nsd_009405,1.1,0.6
dsgdb9nsd_009405,1.1,0.0
dsgdb9nsd_009405,1.1,1.2
dsgdb9nsd_009405,0.9,0.3
dsgdb9nsd_009405,1.1,0.6
dsgdb9nsd_007610,0.0,0.7
dsgdb9nsd_007610,0.0,0.9
dsgdb9nsd_007610,0.0,0.7
dsgdb9nsd_007610,0.0,0.8
dsgdb9nsd_007610,0.0,0.7
dsgdb9nsd_007610,0.0,0.7
dsgdb9nsd_007610,0.0,0.7
dsgdb9nsd_007610,0.0,0.7
dsgdb9nsd_003544,0.0,1.1
dsgdb9nsd_003544,0.0,1.1
dsgdb9nsd_003544,0.0,0.7
dsgdb9nsd_003544,0.0,0.7
dsgdb9nsd_003544,0.0,1.1
dsgdb9nsd_003544,0.0,0.8
dsgdb9nsd_003544,0.0,0.7
dsgdb9nsd_003544,0.0,0.7
dsgdb9nsd_003544,0.0,0.9
dsgdb9nsd_091486,0.0,0.7
dsgdb9nsd_091486,0.0,0.7
dsgdb9nsd_091486,0.0,0.7
dsgdb9nsd_091486,0.0,0.8
dsgdb9nsd_091486,0.0,0.7
dsgdb9nsd_091486,0.0,0.7
dsgdb9nsd_091486,0.0,0.7
dsgdb9nsd_004459,0.0,0.7
dsgdb9nsd_004459,0.0,0.9
dsgdb9nsd_004459,0.0,0.7
dsgdb9nsd_004459,0.0,0.7
dsgdb9nsd_004459,0.0,0.7
dsgdb9nsd_012793,0.1,1.5
dsgdb9nsd_012793,0.1,1.9
dsgdb9nsd_012793,0.1,1.5
dsgdb9nsd_012793,0.1,1.9
dsgdb9nsd_012793,0.1,1.9
dsgdb9nsd_012793,0.1,1.5
dsgdb9nsd_012793,0.1,1.5
dsgdb9nsd_093575,0.0,1.7
dsgdb9nsd_093575,0.0,1.7
dsgdb9nsd_093575,0.0,1.7
dsgdb9nsd_093575,0.0,1.7
dsgdb9nsd_093575,0.0,1.7
dsgdb9nsd_123547,0.8,1.0
dsgdb9nsd_123547,1.2,1.9
dsgdb9nsd_123547,0.8,0.1
dsgdb9nsd_123547,1.1,0.7
dsgdb9nsd_123547,0.8,0.1
dsgdb9nsd_123547,0.8,2.0
dsgdb9nsd_123547,0.8,0.1
dsgdb9nsd_123547,0.8,0.1
dsgdb9nsd_123547,1.1,1.2
dsgdb9nsd_123547,0.8,0.1
dsgdb9nsd_123547,1.1,0.6
dsgdb9nsd_123547,1.0,0.4
dsgdb9nsd_123547,1.1,0.6
dsgdb9nsd_016714,0.3,0.2
dsgdb9nsd_016714,0.5,1.3
dsgdb9nsd_016714,0.3,1.8
dsgdb9nsd_016714,0.2,0.2
dsgdb9nsd_016714,0.2,1.0
dsgdb9nsd_016714,0.3,0.0
dsgdb9nsd_016714,0.3,1.7
dsgdb9nsd_016714,0.1,1.9
dsgdb9nsd_016714,0.0,1.1
dsgdb9nsd_016714,0.2,0.7
dsgdb9nsd_016714,0.2,1.1
dsgdb9nsd_016714,0.1,0.0
dsgdb9nsd_016714,0.3,0.0
dsgdb9nsd_017121,1.1,1.2
dsgdb9nsd_017121,0.8,2.0
dsgdb9nsd_017121,0.8,2.0
dsgdb9nsd_017121,0.8,0.1
dsgdb9nsd_017121,0.8,2.0
dsgdb9nsd_017121,0.8,2.0
dsgdb9nsd_017121,1.1,0.6
dsgdb9nsd_001518,0.0,0.3
dsgdb9nsd_001518,0.0,0.3
dsgdb9nsd_001518,0.0,0.3
dsgdb9nsd_001518,0.0,0.3
dsgdb9nsd_001518,0.0,0.3
dsgdb9nsd_001518,0.0,0.3
dsgdb9nsd_001518,0.0,0.4
dsgdb9nsd_001518,0.0,0.3
dsgdb9nsd_001518,0.0,0.5
dsgdb9nsd_020915,1.0,1.8
dsgdb9nsd_020915,1.0,1.8
dsgdb9nsd_020915,1.0,0.2
dsgdb9nsd_020915,1.0,1.8
dsgdb9nsd_020915,1.0,0.1
dsgdb9nsd_020915,1.0,1.5
dsgdb9nsd_020915,0.8,1.8
dsgdb9nsd_020915,0.8,1.8
dsgdb9nsd_020915,0.8,1.8
dsgdb9nsd_020915,1.0,0.8
dsgdb9nsd_000403,0.0,0.7
dsgdb9nsd_000403,0.0,0.8
dsgdb9nsd_000403,0.0,1.1
dsgdb9nsd_000403,0.0,1.1
dsgdb9nsd_000403,0.0,0.8
dsgdb9nsd_000403,0.0,0.7
dsgdb9nsd_000403,0.0,0.8
dsgdb9nsd_000403,0.0,0.8
dsgdb9nsd_000403,0.0,0.8
dsgdb9nsd_000403,0.0,0.8
dsgdb9nsd_000403,0.0,0.8
dsgdb9nsd_000403,0.0,1.1
dsgdb9nsd_000403,0.0,1.1
dsgdb9nsd_000403,0.0,0.7
dsgdb9nsd_000403,0.0,0.7
dsgdb9nsd_075693,0.0,0.9
dsgdb9nsd_075693,0.0,0.9
dsgdb9nsd_075693,0.0,1.2
dsgdb9nsd_075693,0.0,1.2
dsgdb9nsd_075693,0.0,0.9
dsgdb9nsd_075693,0.0,0.9
dsgdb9nsd_075693,0.0,0.9
dsgdb9nsd_005312,0.0,1.3
dsgdb9nsd_005312,0.0,0.9
dsgdb9nsd_005312,0.0,1.3
dsgdb9nsd_005312,0.0,1.1
dsgdb9nsd_005312,0.0,0.9
dsgdb9nsd_005312,0.0,0.9
dsgdb9nsd_005312,0.0,0.9
dsgdb9nsd_005312,0.0,1.1
dsgdb9nsd_005312,0.0,1.2
dsgdb9nsd_005312,0.0,1.2
dsgdb9nsd_005312,0.0,1.3
dsgdb9nsd_005312,0.0,1.3
dsgdb9nsd_005312,0.0,0.9
dsgdb9nsd_003001,0.0,0.4
dsgdb9nsd_003001,0.0,0.3
dsgdb9nsd_003001,0.0,0.3
dsgdb9nsd_003001,0.0,0.3
dsgdb9nsd_003001,0.0,0.3
dsgdb9nsd_003001,0.0,0.1
dsgdb9nsd_025652,0.4,0.9
dsgdb9nsd_025652,0.4,0.9
dsgdb9nsd_025652,0.4,0.9
dsgdb9nsd_025652,0.4,0.9
dsgdb9nsd_025652,0.6,1.1
dsgdb9nsd_025652,0.4,0.0
dsgdb9nsd_125082,0.0,0.8
dsgdb9nsd_125082,0.0,0.7
dsgdb9nsd_125082,0.0,0.8
dsgdb9nsd_125082,0.0,0.8
dsgdb9nsd_125082,0.0,0.7
dsgdb9nsd_125082,0.0,0.8
dsgdb9nsd_125082,0.0,0.8
dsgdb9nsd_125082,0.0,0.8
dsgdb9nsd_003860,0.0,0.3
dsgdb9nsd_003860,0.0,0.3
dsgdb9nsd_003860,0.0,0.5
dsgdb9nsd_003860,0.0,0.3
dsgdb9nsd_003860,0.0,0.4
dsgdb9nsd_001328,0.0,1.2
dsgdb9nsd_001328,0.0,0.7
dsgdb9nsd_001328,0.0,0.7
dsgdb9nsd_001328,0.0,1.1
dsgdb9nsd_001328,0.0,0.7
dsgdb9nsd_001328,0.0,0.7
dsgdb9nsd_001328,0.0,0.7
dsgdb9nsd_001328,0.0,0.9
dsgdb9nsd_001328,0.0,1.2
dsgdb9nsd_001328,0.0,1.2
dsgdb9nsd_001328,0.0,1.2
dsgdb9nsd_001328,0.0,0.7
dsgdb9nsd_001328,0.0,1.1
dsgdb9nsd_001328,0.0,1.2
dsgdb9nsd_001328,0.0,0.7
dsgdb9nsd_001874,0.8,0.1
dsgdb9nsd_001874,0.8,0.1
dsgdb9nsd_001874,0.8,0.1
dsgdb9nsd_001874,0.8,0.1
dsgdb9nsd_001874,0.9,0.8
dsgdb9nsd_001874,0.8,1.3
dsgdb9nsd_001874,0.8,0.1
dsgdb9nsd_001874,0.8,1.1
dsgdb9nsd_001874,0.8,0.1
dsgdb9nsd_001874,0.8,0.1
dsgdb9nsd_123551,0.0,1.2
dsgdb9nsd_123551,0.0,1.2
dsgdb9nsd_123551,0.0,1.2
dsgdb9nsd_123551,0.0,1.2
dsgdb9nsd_123551,0.0,1.1
dsgdb9nsd_124825,0.4,0.8
dsgdb9nsd_124825,0.4,1.7
dsgdb9nsd_124825,0.4,1.7
dsgdb9nsd_124825,0.4,0.8
dsgdb9nsd_124825,0.4,1.7
dsgdb9nsd_124825,0.4,1.7
dsgdb9nsd_000284,1.3,0.2
dsgdb9nsd_000284,0.9,0.2
dsgdb9nsd_000284,1.3,0.2
dsgdb9nsd_000284,1.0,0.2
dsgdb9nsd_000284,1.6,1.7
dsgdb9nsd_000284,1.4,0.2
dsgdb9nsd_000284,1.3,0.1
dsgdb9nsd_000284,1.3,0.5
dsgdb9nsd_000284,1.3,1.3
dsgdb9nsd_000284,1.3,1.0
dsgdb9nsd_000284,1.3,0.7
dsgdb9nsd_000284,1.3,0.8
dsgdb9nsd_000284,1.5,0.2
dsgdb9nsd_000284,1.3,1.6
dsgdb9nsd_000284,1.3,2.0
dsgdb9nsd_000284,1.3,0.2
dsgdb9nsd_000284,1.1,1.1
dsgdb9nsd_000284,1.3,0.4
dsgdb9nsd_000284,1.3,1.4
dsgdb9nsd_000284,1.3,0.2
dsgdb9nsd_000284,1.3,1.6
dsgdb9nsd_000284,1.2,1.9
dsgdb9nsd_000284,1.3,0.2
dsgdb9nsd_000284,1.1,0.6
dsgdb9nsd_000284,1.4,0.3
dsgdb9nsd_000284,1.3,0.2
dsgdb9nsd_010793,0.0,0.7
dsgdb9nsd_010793,0.0,1.1
dsgdb9nsd_010793,0.0,1.4
dsgdb9nsd_010793,0.0,1.2
dsgdb9nsd_010793,0.0,0.7
dsgdb9nsd_010793,0.0,0.7
dsgdb9nsd_010793,0.0,1.1
dsgdb9nsd_010793,0.0,1.1
dsgdb9nsd_010793,0.0,0.7
dsgdb9nsd_010793,0.0,1.1
dsgdb9nsd_045233,0.9,0.7
dsgdb9nsd_045233,0.9,0.7
dsgdb9nsd_045233,0.9,0.0
dsgdb9nsd_045233,0.9,0.7
dsgdb9nsd_045233,0.9,0.7
dsgdb9nsd_045233,0.9,0.7
dsgdb9nsd_045233,0.9,2.0
dsgdb9nsd_045233,0.9,1.8
dsgdb9nsd_125945,0.0,1.8
dsgdb9nsd_125945,0.0,2.0
dsgdb9nsd_125945,0.0,1.8
dsgdb9nsd_125945,0.0,1.8
dsgdb9nsd_125945,0.0,1.9
dsgdb9nsd_125945,0.0,1.9
dsgdb9nsd_125945,0.0,1.9
dsgdb9nsd_112252,0.0,1.8
dsgdb9nsd_112252,0.0,1.3
dsgdb9nsd_112252,0.0,1.8
dsgdb9nsd_112252,0.0,1.2
dsgdb9nsd_112252,0.0,1.8
dsgdb9nsd_112252,0.0,1.8
dsgdb9nsd_112252,0.0,1.8
dsgdb9nsd_112252,0.0,1.5
dsgdb9nsd_112252,0.0,1.8
dsgdb9nsd_012957,0.0,1.1
dsgdb9nsd_012957,0.0,1.1
dsgdb9nsd_012957,0.0,1.1
dsgdb9nsd_012957,0.0,0.8
dsgdb9nsd_012957,0.0,0.8
dsgdb9nsd_012957,0.0,0.9
dsgdb9nsd_012957,0.0,0.8
dsgdb9nsd_000368,0.6,0.7
dsgdb9nsd_000368,0.6,0.7
dsgdb9nsd_000368,0.8,1.5
dsgdb9nsd_000368,0.9,1.4
dsgdb9nsd_000368,0.9,1.4
dsgdb9nsd_000368,0.9,0.4
dsgdb9nsd_000368,0.9,0.8
dsgdb9nsd_000368,0.9,1.4
dsgdb9nsd_000368,0.9,1.4
dsgdb9nsd_000368,0.9,0.1
dsgdb9nsd_000368,0.9,0.1
dsgdb9nsd_000368,0.6,0.7
dsgdb9nsd_000368,0.9,1.4
dsgdb9nsd_000368,0.6,0.7
dsgdb9nsd_000368,0.9,0.1
dsgdb9nsd_000368,0.9,0.1
dsgdb9nsd_000368,0.9,1.4
dsgdb9nsd_000368,0.9,0.1
dsgdb9nsd_061511,0.9,0.8
dsgdb9nsd_061511,1.3,0.2
dsgdb9nsd_061511,1.2,1.3
dsgdb9nsd_061511,0.9,0.9
dsgdb9nsd_061511,0.9,0.4
dsgdb9nsd_061511,1.2,1.0
dsgdb9nsd_061511,0.9,0.9
dsgdb9nsd_061511,0.9,0.9
dsgdb9nsd_061511,1.2,0.7
dsgdb9nsd_061511,1.0,0.3
dsgdb9nsd_061511,1.2,1.9
dsgdb9nsd_061511,0.7,0.8
dsgdb9nsd_061511,1.2,0.1
dsgdb9nsd_061511,0.9,0.0
dsgdb9nsd_061511,0.9,1.7
dsgdb9nsd_125913,2.0,1.2
dsgdb9nsd_003722,0.0,1.1
dsgdb9nsd_003722,0.0,1.2
dsgdb9nsd_003722,0.0,1.1
dsgdb9nsd_003722,0.0,1.1
dsgdb9nsd_003722,0.0,1.1
dsgdb9nsd_003869,0.7,0.7
dsgdb9nsd_003869,0.5,1.0
dsgdb9nsd_003869,0.5,1.0
dsgdb9nsd_003869,0.5,1.4
dsgdb9nsd_003869,0.7,0.9
dsgdb9nsd_003869,0.6,0.5
dsgdb9nsd_003869,0.8,0.5
dsgdb9nsd_003869,0.5,1.7
dsgdb9nsd_003869,0.7,0.9
dsgdb9nsd_003869,0.8,0.5
dsgdb9nsd_003869,0.7,1.3
dsgdb9nsd_003869,0.5,1.0
dsgdb9nsd_003869,0.7,0.9
dsgdb9nsd_012675,0.0,1.2
dsgdb9nsd_012675,0.0,1.2
dsgdb9nsd_012675,0.0,1.2
dsgdb9nsd_009597,0.4,0.4
dsgdb9nsd_009597,0.4,0.4
dsgdb9nsd_009597,0.4,0.4
dsgdb9nsd_009597,0.4,0.4
dsgdb9nsd_009597,0.4,0.4
dsgdb9nsd_002768,0.0,1.2
dsgdb9nsd_002768,0.0,0.9
dsgdb9nsd_002768,0.0,1.2
dsgdb9nsd_002768,0.0,1.1
dsgdb9nsd_002768,0.0,0.9
dsgdb9nsd_002768,0.0,1.1
dsgdb9nsd_008148,0.1,1.9
dsgdb9nsd_008148,0.1,1.9
dsgdb9nsd_008148,0.1,1.9
dsgdb9nsd_008148,0.1,1.7
dsgdb9nsd_008148,0.1,1.9
dsgdb9nsd_008148,0.0,1.8
dsgdb9nsd_008148,0.1,2.0
dsgdb9nsd_008148,0.1,1.9
dsgdb9nsd_010903,0.0,1.4
dsgdb9nsd_010903,0.0,0.9
dsgdb9nsd_010903,0.0,1.2
dsgdb9nsd_010903,0.0,0.9
dsgdb9nsd_010903,0.0,1.1
dsgdb9nsd_010903,0.0,1.2
dsgdb9nsd_010903,0.0,0.9
dsgdb9nsd_010903,0.0,1.2
dsgdb9nsd_006065,0.8,0.1
dsgdb9nsd_006065,0.8,2.0
dsgdb9nsd_006065,0.8,0.1
dsgdb9nsd_006065,0.8,1.2
dsgdb9nsd_006065,0.8,0.1
dsgdb9nsd_006065,1.1,0.6
dsgdb9nsd_006065,1.2,1.5
dsgdb9nsd_006065,1.1,1.2
dsgdb9nsd_006065,1.1,0.7
dsgdb9nsd_006065,1.3,0.1
dsgdb9nsd_006065,0.8,0.1
dsgdb9nsd_006065,1.1,0.6
dsgdb9nsd_006065,0.8,0.3
dsgdb9nsd_112668,0.0,1.1
dsgdb9nsd_112668,0.0,1.1
dsgdb9nsd_112668,0.0,1.1
dsgdb9nsd_112668,0.0,1.1
dsgdb9nsd_112668,0.0,1.1
dsgdb9nsd_004035,0.8,0.1
dsgdb9nsd_004035,0.8,0.1
dsgdb9nsd_004035,0.8,0.1
dsgdb9nsd_004035,0.8,1.5
dsgdb9nsd_004035,0.8,0.1
dsgdb9nsd_004035,0.7,1.0
dsgdb9nsd_004035,0.8,0.1
dsgdb9nsd_004035,0.8,1.1
dsgdb9nsd_004035,0.8,0.1
dsgdb9nsd_004035,0.8,0.7
dsgdb9nsd_067937,0.0,1.8
dsgdb9nsd_067937,0.0,1.9
dsgdb9nsd_067937,0.0,1.8
dsgdb9nsd_067937,0.0,1.8
dsgdb9nsd_067937,0.0,1.0
dsgdb9nsd_084746,0.0,0.7
dsgdb9nsd_084746,0.0,0.7
dsgdb9nsd_084746,0.0,0.7
dsgdb9nsd_084746,0.0,0.7
dsgdb9nsd_017905,0.0,1.1
dsgdb9nsd_017905,0.0,1.1
dsgdb9nsd_017905,0.0,1.1
dsgdb9nsd_017905,0.0,1.2
dsgdb9nsd_017905,0.0,1.1
dsgdb9nsd_042690,0.0,1.9
dsgdb9nsd_042690,0.0,1.8
dsgdb9nsd_042690,0.0,1.8
dsgdb9nsd_042690,0.0,1.9
dsgdb9nsd_006973,0.1,1.7
dsgdb9nsd_006973,0.0,1.9
dsgdb9nsd_006973,0.1,1.9
dsgdb9nsd_006973,0.1,1.9
dsgdb9nsd_006973,0.1,1.9
dsgdb9nsd_003502,1.3,0.4
dsgdb9nsd_003502,1.3,0.2
dsgdb9nsd_003502,1.3,0.2
dsgdb9nsd_003502,1.6,1.1
dsgdb9nsd_003502,1.3,1.0
dsgdb9nsd_003502,1.1,1.1
dsgdb9nsd_003502,1.2,1.9
dsgdb9nsd_003502,1.5,0.2
dsgdb9nsd_003502,1.3,0.2
dsgdb9nsd_003502,1.7,0.4
dsgdb9nsd_003502,1.1,1.8
dsgdb9nsd_003502,1.3,0.2
dsgdb9nsd_003502,1.1,1.1
dsgdb9nsd_003502,1.3,0.2
dsgdb9nsd_001910,0.0,0.9
dsgdb9nsd_001910,0.0,1.2
dsgdb9nsd_001910,0.0,1.3
dsgdb9nsd_001910,0.0,0.9
dsgdb9nsd_001910,0.0,0.9
dsgdb9nsd_001910,0.0,0.9
dsgdb9nsd_001910,0.0,1.1
dsgdb9nsd_001910,0.0,1.1
dsgdb9nsd_001910,0.0,1.2
dsgdb9nsd_001910,0.0,0.9
dsgdb9nsd_001910,0.0,0.9
dsgdb9nsd_001910,0.0,0.9
dsgdb9nsd_001910,0.0,1.4
dsgdb9nsd_010755,0.0,1.1
dsgdb9nsd_010755,0.0,1.1
dsgdb9nsd_010755,0.0,1.2
dsgdb9nsd_010755,0.0,1.1
dsgdb9nsd_010755,0.0,1.5
dsgdb9nsd_007956,0.7,1.6
dsgdb9nsd_007956,0.9,1.6
dsgdb9nsd_007956,0.8,1.9
dsgdb9nsd_007956,0.7,1.2
dsgdb9nsd_007956,0.6,1.6
dsgdb9nsd_007956,0.7,1.2
dsgdb9nsd_007956,0.7,1.2
dsgdb9nsd_007956,0.9,1.8
dsgdb9nsd_007956,0.7,1.2
dsgdb9nsd_014934,0.8,0.1
dsgdb9nsd_014934,1.3,0.2
dsgdb9nsd_014934,1.0,1.8
dsgdb9nsd_014934,1.0,0.4
dsgdb9nsd_014934,1.4,0.3
dsgdb9nsd_014934,1.3,0.2
dsgdb9nsd_014934,1.0,1.3
dsgdb9nsd_014934,1.2,1.9
dsgdb9nsd_014934,1.6,0.6
dsgdb9nsd_014934,0.9,1.8
dsgdb9nsd_014934,1.0,1.8
dsgdb9nsd_014934,1.7,1.8
dsgdb9nsd_014934,1.2,1.8
dsgdb9nsd_014934,1.3,1.0
dsgdb9nsd_014934,1.0,0.0
dsgdb9nsd_014934,1.0,0.4
dsgdb9nsd_014934,1.5,1.4
dsgdb9nsd_004121,0.0,1.2
dsgdb9nsd_004121,0.0,1.2
dsgdb9nsd_035143,0.6,2.0
dsgdb9nsd_035143,0.6,2.0
dsgdb9nsd_035143,0.6,2.0
dsgdb9nsd_035143,0.6,2.0
dsgdb9nsd_035143,0.6,1.5
dsgdb9nsd_035143,0.6,2.0
dsgdb9nsd_003154,1.0,0.9
dsgdb9nsd_003154,1.0,0.9
dsgdb9nsd_003154,1.0,2.0
dsgdb9nsd_003154,1.2,1.9
dsgdb9nsd_003154,0.9,2.0
dsgdb9nsd_003154,1.0,1.8
dsgdb9nsd_003154,1.4,1.9
dsgdb9nsd_003154,1.0,0.9
dsgdb9nsd_003154,1.2,1.9
dsgdb9nsd_003154,1.2,1.9
dsgdb9nsd_008104,0.0,0.3
dsgdb9nsd_008104,0.0,0.3
dsgdb9nsd_008104,0.0,0.1
dsgdb9nsd_008104,0.0,0.1
dsgdb9nsd_008104,0.0,0.1
dsgdb9nsd_008104,0.0,0.3
dsgdb9nsd_008104,0.0,0.1
dsgdb9nsd_059285,0.0,1.1
dsgdb9nsd_059285,0.0,1.5
dsgdb9nsd_059285,0.0,1.1
dsgdb9nsd_059285,0.0,1.6
dsgdb9nsd_059285,0.0,1.2
dsgdb9nsd_059285,0.0,1.1
dsgdb9nsd_059285,0.0,0.8
dsgdb9nsd_059285,0.0,1.2
dsgdb9nsd_059285,0.0,0.7
dsgdb9nsd_116898,0.1,1.4
dsgdb9nsd_116898,0.1,1.5
dsgdb9nsd_116898,0.1,1.4
dsgdb9nsd_116898,0.1,1.5
dsgdb9nsd_116898,0.1,0.7
dsgdb9nsd_116898,0.1,1.5
dsgdb9nsd_116898,0.1,1.4
dsgdb9nsd_116898,0.1,1.9
dsgdb9nsd_116898,0.1,1.4
dsgdb9nsd_000307,0.0,1.2
dsgdb9nsd_000307,0.0,2.0
dsgdb9nsd_000307,0.0,1.2
dsgdb9nsd_000307,0.0,2.0
dsgdb9nsd_000307,0.0,1.2
dsgdb9nsd_000307,0.0,1.2
dsgdb9nsd_000307,0.0,2.0
dsgdb9nsd_003122,0.0,1.8
dsgdb9nsd_003122,0.0,1.7
dsgdb9nsd_003122,0.0,1.7
dsgdb9nsd_003122,0.0,1.6
dsgdb9nsd_003122,0.0,1.7
dsgdb9nsd_003122,0.0,1.7
dsgdb9nsd_003122,0.0,1.8
dsgdb9nsd_007981,0.0,1.9
dsgdb9nsd_007981,0.0,1.9
dsgdb9nsd_007981,0.0,1.9
dsgdb9nsd_007981,0.0,1.9
dsgdb9nsd_007981,0.0,1.9
dsgdb9nsd_019342,0.0,0.9
dsgdb9nsd_019342,0.0,1.2
dsgdb9nsd_019342,0.0,1.2
dsgdb9nsd_019342,0.0,1.1
dsgdb9nsd_019342,0.0,0.9
dsgdb9nsd_019342,0.0,0.9
dsgdb9nsd_019342,0.0,0.9
dsgdb9nsd_052458,1.2,1.9
dsgdb9nsd_052458,1.1,1.9
dsgdb9nsd_052458,1.1,0.0
dsgdb9nsd_052458,0.8,0.0
dsgdb9nsd_052458,1.1,0.0
dsgdb9nsd_052458,1.1,0.0
dsgdb9nsd_052458,1.1,0.7
dsgdb9nsd_052458,0.8,0.0
dsgdb9nsd_052458,0.8,0.0
dsgdb9nsd_052458,1.2,1.9
dsgdb9nsd_052458,1.1,1.4
dsgdb9nsd_052458,1.1,1.9
dsgdb9nsd_052458,0.9,1.8
dsgdb9nsd_052458,1.1,0.0
dsgdb9nsd_052458,1.1,1.9
dsgdb9nsd_052458,0.8,0.0
dsgdb9nsd_052458,1.1,1.9
dsgdb9nsd_052458,1.1,0.6
dsgdb9nsd_009947,0.0,1.5
dsgdb9nsd_007921,0.0,1.1
dsgdb9nsd_007921,0.0,0.9
dsgdb9nsd_007921,0.0,1.1
dsgdb9nsd_007921,0.0,1.1
dsgdb9nsd_007921,0.0,1.1
dsgdb9nsd_007921,0.0,1.1
dsgdb9nsd_007921,0.0,1.1
dsgdb9nsd_086065,0.8,1.1
dsgdb9nsd_086065,0.8,1.1
dsgdb9nsd_086065,0.8,1.1
dsgdb9nsd_095550,0.0,1.3
dsgdb9nsd_095550,0.0,1.3
dsgdb9nsd_001343,0.1,1.9
dsgdb9nsd_001343,0.0,1.1
dsgdb9nsd_001343,0.0,1.1
dsgdb9nsd_001343,0.0,1.1
dsgdb9nsd_001343,0.0,1.1
dsgdb9nsd_001343,0.0,1.2
dsgdb9nsd_001343,0.0,1.1
dsgdb9nsd_001343,0.0,1.1
dsgdb9nsd_001343,0.0,1.1
dsgdb9nsd_019703,0.6,0.0
dsgdb9nsd_019703,0.6,0.0
dsgdb9nsd_019703,0.6,0.0
dsgdb9nsd_019703,0.6,0.0
dsgdb9nsd_019703,0.6,0.0
dsgdb9nsd_046744,1.1,0.6
dsgdb9nsd_046744,1.1,1.2
dsgdb9nsd_046744,1.1,1.2
dsgdb9nsd_046744,1.1,0.6
dsgdb9nsd_046744,1.1,1.2
dsgdb9nsd_046744,1.1,1.2
dsgdb9nsd_046744,0.9,0.5
dsgdb9nsd_046744,0.9,0.5
dsgdb9nsd_046744,1.1,1.2
dsgdb9nsd_046744,1.1,0.0
dsgdb9nsd_046744,1.2,1.9
dsgdb9nsd_046744,1.1,1.2
dsgdb9nsd_046744,0.9,1.4
dsgdb9nsd_046744,0.9,0.1
dsgdb9nsd_010348,0.0,1.2
dsgdb9nsd_010348,0.0,1.5
dsgdb9nsd_010348,0.0,1.2
dsgdb9nsd_010348,0.0,1.1
dsgdb9nsd_010348,0.0,1.1
dsgdb9nsd_012872,0.0,1.5
dsgdb9nsd_012872,0.0,1.5
dsgdb9nsd_012872,0.0,1.5
dsgdb9nsd_012872,0.0,1.8
dsgdb9nsd_012872,0.0,1.5
dsgdb9nsd_012872,0.0,1.8
dsgdb9nsd_088850,0.0,0.7
dsgdb9nsd_088850,0.0,0.7
dsgdb9nsd_088850,0.0,0.7
dsgdb9nsd_088850,0.0,0.7
dsgdb9nsd_039254,0.1,2.0
dsgdb9nsd_039254,0.1,2.0
dsgdb9nsd_039254,0.1,2.0
dsgdb9nsd_010321,0.0,1.5
dsgdb9nsd_010321,0.0,1.8
dsgdb9nsd_010321,0.0,1.8
dsgdb9nsd_014161,0.0,0.5
dsgdb9nsd_024835,0.9,0.8
dsgdb9nsd_024835,1.3,1.4
dsgdb9nsd_024835,1.4,0.3
dsgdb9nsd_024835,1.0,0.7
dsgdb9nsd_024835,1.3,0.2
dsgdb9nsd_024835,1.0,0.0
dsgdb9nsd_024835,0.9,0.8
dsgdb9nsd_024835,0.9,0.4
dsgdb9nsd_024835,1.3,0.1
dsgdb9nsd_024835,1.3,0.2
dsgdb9nsd_024835,1.5,0.2
dsgdb9nsd_024835,1.0,0.8
dsgdb9nsd_024835,0.9,0.8
dsgdb9nsd_024835,1.0,0.8
dsgdb9nsd_024835,1.3,0.2
dsgdb9nsd_024835,0.9,1.7
dsgdb9nsd_086604,0.0,0.9
dsgdb9nsd_086604,0.0,1.1
dsgdb9nsd_086604,0.0,0.9
dsgdb9nsd_086604,0.0,1.2
dsgdb9nsd_086604,0.0,0.9
dsgdb9nsd_086604,0.0,0.9
dsgdb9nsd_086604,0.0,0.9
dsgdb9nsd_086604,0.0,1.4
dsgdb9nsd_086604,0.0,1.2
dsgdb9nsd_018585,0.0,1.9
dsgdb9nsd_018585,0.0,1.9
dsgdb9nsd_018585,0.0,1.9
dsgdb9nsd_093912,0.0,0.3
dsgdb9nsd_093912,0.0,0.3
dsgdb9nsd_093912,0.0,0.3
dsgdb9nsd_093912,0.0,0.7
dsgdb9nsd_113087,0.0,0.7
dsgdb9nsd_113087,0.0,0.7
dsgdb9nsd_113087,0.0,0.7
dsgdb9nsd_113087,0.0,0.7
dsgdb9nsd_113087,0.0,0.7
dsgdb9nsd_013372,0.0,1.2
dsgdb9nsd_013372,0.0,1.2
dsgdb9nsd_013372,0.0,1.2
dsgdb9nsd_013372,0.0,1.2
dsgdb9nsd_013372,0.0,1.2
dsgdb9nsd_020794,1.1,0.7
dsgdb9nsd_020794,1.1,0.4
dsgdb9nsd_020794,1.1,0.7
dsgdb9nsd_020794,1.1,0.4
dsgdb9nsd_020794,1.1,0.4
dsgdb9nsd_020794,1.1,0.7
dsgdb9nsd_020794,1.1,0.4
dsgdb9nsd_020794,1.1,0.4
dsgdb9nsd_012470,0.0,1.9
dsgdb9nsd_012470,0.0,1.9
dsgdb9nsd_012470,0.0,2.0
dsgdb9nsd_011728,0.0,1.4
dsgdb9nsd_011728,0.0,1.4
dsgdb9nsd_011728,0.0,1.4
dsgdb9nsd_011728,0.0,1.4
dsgdb9nsd_011728,0.0,1.4
dsgdb9nsd_011728,0.0,1.6
dsgdb9nsd_011728,0.0,1.4
dsgdb9nsd_000288,0.0,0.5
dsgdb9nsd_000288,0.0,0.5
dsgdb9nsd_000288,0.0,0.5
dsgdb9nsd_000288,0.0,0.5
dsgdb9nsd_000288,0.0,0.5
dsgdb9nsd_000288,0.0,0.5
dsgdb9nsd_000288,0.0,0.5
dsgdb9nsd_041824,0.0,1.0
dsgdb9nsd_041824,0.0,1.1
dsgdb9nsd_041824,0.0,1.1
dsgdb9nsd_041824,0.0,1.1
dsgdb9nsd_041824,0.0,1.1
dsgdb9nsd_041824,0.0,1.2
dsgdb9nsd_041824,0.0,1.1
dsgdb9nsd_012260,0.0,0.7
dsgdb9nsd_012260,0.0,0.7
dsgdb9nsd_012260,0.0,0.7
dsgdb9nsd_000669,0.0,0.9
dsgdb9nsd_000669,0.0,0.9
dsgdb9nsd_000669,0.0,0.9
dsgdb9nsd_000669,0.0,0.9
dsgdb9nsd_000669,0.0,0.9
dsgdb9nsd_000669,0.0,0.9
dsgdb9nsd_000669,0.0,0.9
dsgdb9nsd_000669,0.0,1.2
dsgdb9nsd_000669,0.0,1.2
dsgdb9nsd_000669,0.0,1.2
dsgdb9nsd_005846,0.0,0.8
dsgdb9nsd_005846,0.0,0.7
dsgdb9nsd_005846,0.0,1.1
dsgdb9nsd_005846,0.0,0.8
dsgdb9nsd_005846,0.0,0.8
dsgdb9nsd_005846,0.0,1.1
dsgdb9nsd_007000,0.0,1.3
dsgdb9nsd_007000,0.0,1.1
dsgdb9nsd_007000,0.0,1.2
dsgdb9nsd_007000,0.0,1.1
dsgdb9nsd_007000,0.0,1.2
dsgdb9nsd_007000,0.0,1.2
dsgdb9nsd_007000,0.0,1.2
dsgdb9nsd_007000,0.0,1.3
dsgdb9nsd_129684,0.0,1.6
dsgdb9nsd_129684,0.0,1.7
dsgdb9nsd_129684,0.0,1.7
dsgdb9nsd_003143,0.0,0.8
dsgdb9nsd_003143,0.0,0.7
dsgdb9nsd_003143,0.0,0.7
dsgdb9nsd_003143,0.0,0.7
dsgdb9nsd_003143,0.0,0.8
dsgdb9nsd_003143,0.0,0.7
dsgdb9nsd_011279,0.0,0.7
dsgdb9nsd_011279,0.5,1.5
dsgdb9nsd_011279,0.3,0.0
dsgdb9nsd_011279,0.3,1.7
dsgdb9nsd_011279,0.5,1.3
dsgdb9nsd_011279,0.3,0.0
dsgdb9nsd_011279,0.2,0.0
dsgdb9nsd_011279,0.2,0.7
dsgdb9nsd_011279,0.5,1.7
dsgdb9nsd_011279,0.3,0.2
dsgdb9nsd_011279,0.4,0.2
dsgdb9nsd_011279,0.5,1.7
dsgdb9nsd_011279,0.2,0.0
dsgdb9nsd_017913,0.0,0.4
dsgdb9nsd_119198,0.0,1.1
dsgdb9nsd_119198,0.0,1.1
dsgdb9nsd_119198,0.0,1.1
dsgdb9nsd_119198,0.0,1.1
dsgdb9nsd_119198,0.0,1.1
dsgdb9nsd_010874,0.0,1.2
dsgdb9nsd_010874,0.0,1.1
dsgdb9nsd_010874,0.0,1.2
dsgdb9nsd_010874,0.0,1.2
dsgdb9nsd_010874,0.0,1.2
dsgdb9nsd_010874,0.0,1.3
dsgdb9nsd_010874,0.0,1.1
dsgdb9nsd_102045,0.0,0.3
dsgdb9nsd_102045,0.0,0.3
dsgdb9nsd_102045,0.0,0.3
dsgdb9nsd_102045,0.0,0.5
dsgdb9nsd_102045,0.0,0.3
dsgdb9nsd_102045,0.0,0.4
dsgdb9nsd_102045,0.0,0.3
dsgdb9nsd_019418,0.8,2.0
dsgdb9nsd_019418,0.7,1.3
dsgdb9nsd_019418,0.7,1.3
dsgdb9nsd_019418,0.9,1.8
dsgdb9nsd_019418,0.7,1.3
dsgdb9nsd_019418,0.7,1.3
dsgdb9nsd_019418,0.7,1.3
dsgdb9nsd_019418,0.8,0.5
dsgdb9nsd_019418,0.8,0.5
dsgdb9nsd_020197,0.8,1.1
dsgdb9nsd_020197,0.8,1.1
dsgdb9nsd_002881,0.2,2.0
dsgdb9nsd_002881,0.2,2.0
dsgdb9nsd_002881,0.1,1.9
dsgdb9nsd_002881,0.2,2.0
dsgdb9nsd_002881,0.1,1.9
dsgdb9nsd_002881,0.1,1.9
dsgdb9nsd_002881,0.2,2.0
dsgdb9nsd_002881,0.2,2.0
dsgdb9nsd_002881,0.2,1.9
dsgdb9nsd_049486,0.2,0.7
dsgdb9nsd_049486,0.2,0.7
dsgdb9nsd_049486,0.2,0.7
dsgdb9nsd_049486,0.2,0.5
dsgdb9nsd_049486,0.2,0.7
dsgdb9nsd_049486,0.2,0.9
dsgdb9nsd_049486,0.2,0.0
dsgdb9nsd_049486,0.2,0.7
dsgdb9nsd_049486,0.2,0.0
dsgdb9nsd_063296,1.0,0.5
dsgdb9nsd_063296,1.1,0.6
dsgdb9nsd_063296,1.1,1.0
dsgdb9nsd_063296,1.0,0.5
dsgdb9nsd_063296,1.1,0.6
dsgdb9nsd_063296,1.1,0.6
dsgdb9nsd_063296,1.0,0.5
dsgdb9nsd_012340,0.0,1.1
dsgdb9nsd_012340,0.0,0.9
dsgdb9nsd_012340,0.0,1.1
dsgdb9nsd_012340,0.0,0.9
dsgdb9nsd_012340,0.0,1.1
dsgdb9nsd_012340,0.0,1.1
dsgdb9nsd_109499,0.0,0.7
dsgdb9nsd_109499,0.0,0.7
dsgdb9nsd_109499,0.0,0.7
dsgdb9nsd_109499,0.0,0.7
dsgdb9nsd_109499,0.0,0.7
dsgdb9nsd_045092,1.3,0.2
dsgdb9nsd_045092,0.9,1.8
dsgdb9nsd_045092,0.9,1.8
dsgdb9nsd_045092,1.0,1.8
dsgdb9nsd_045092,0.9,1.8
dsgdb9nsd_045092,0.9,1.7
dsgdb9nsd_045092,0.9,0.3
dsgdb9nsd_045092,0.8,0.1
dsgdb9nsd_045092,0.8,2.0
dsgdb9nsd_045092,0.9,1.1
dsgdb9nsd_045092,0.9,1.8
dsgdb9nsd_014313,0.0,0.9
dsgdb9nsd_014313,0.0,0.9
dsgdb9nsd_014313,0.0,0.9
dsgdb9nsd_007951,0.0,1.2
dsgdb9nsd_007951,0.0,1.2
dsgdb9nsd_007951,0.0,1.1
dsgdb9nsd_007951,0.0,1.2
dsgdb9nsd_007951,0.0,0.9
dsgdb9nsd_007951,0.0,1.2
dsgdb9nsd_007951,0.0,1.4
dsgdb9nsd_019204,0.0,1.0
dsgdb9nsd_019204,0.0,1.2
dsgdb9nsd_019204,0.0,1.1
dsgdb9nsd_019204,0.0,1.1
dsgdb9nsd_019204,0.0,0.9
dsgdb9nsd_019204,0.0,1.1
dsgdb9nsd_019204,0.0,1.1
dsgdb9nsd_020544,0.0,0.3
dsgdb9nsd_020544,0.0,0.3
dsgdb9nsd_020544,0.0,0.3
dsgdb9nsd_021189,0.0,2.0
dsgdb9nsd_021189,0.0,2.0
dsgdb9nsd_021189,0.0,2.0
dsgdb9nsd_014250,0.0,0.8
dsgdb9nsd_014250,0.0,0.7
dsgdb9nsd_014250,0.0,0.7
dsgdb9nsd_014250,0.0,0.9
dsgdb9nsd_008142,0.0,1.7
dsgdb9nsd_008142,0.0,1.7
dsgdb9nsd_008142,0.0,1.7
dsgdb9nsd_002998,0.0,0.7
dsgdb9nsd_002998,0.0,0.7
dsgdb9nsd_002998,0.0,0.7
dsgdb9nsd_002998,0.0,0.7
dsgdb9nsd_002998,0.0,0.8
dsgdb9nsd_002998,0.0,0.7
dsgdb9nsd_006583,0.0,1.1
dsgdb9nsd_006583,0.0,1.1
dsgdb9nsd_006583,0.0,0.7
